oid,test,train_fold1,val_fold1,train_fold2,val_fold2,train_fold3,val_fold3,train_fold4,val_fold4,train_fold5,val_fold5
ZTF17aaaeqms,0,1,0,1,0,0,1,1,0,1,0
ZTF17aaaeucx,0,1,0,1,0,1,0,1,0,0,1
ZTF17aaakbyl,0,1,0,1,0,1,0,0,1,1,0
ZTF17aaakyau,0,1,0,1,0,1,0,1,0,0,1
ZTF17aaapmss,1,0,0,0,0,0,0,0,0,0,0
ZTF17aabqcyh,1,0,0,0,0,0,0,0,0,0,0
ZTF17aabvong,1,0,0,0,0,0,0,0,0,0,0
ZTF17aacldgo,1,0,0,0,0,0,0,0,0,0,0
ZTF17aacnhue,0,1,0,1,0,1,0,0,1,1,0
ZTF17aacpbmv,0,0,1,1,0,1,0,1,0,1,0
ZTF17aadcedu,0,1,0,1,0,1,0,1,0,0,1
ZTF17aadtxay,0,1,0,1,0,1,0,0,1,1,0
ZTF18aaahyvk,0,1,0,0,1,1,0,1,0,1,0
ZTF18aaaiziz,1,0,0,0,0,0,0,0,0,0,0
ZTF18aaamrfa,1,0,0,0,0,0,0,0,0,0,0
ZTF18aaanaev,0,1,0,1,0,1,0,1,0,0,1
ZTF18aaanafv,0,1,0,1,0,1,0,0,1,1,0
ZTF18aaaokpa,0,1,0,1,0,1,0,0,1,1,0
ZTF18aaapzdr,0,1,0,1,0,1,0,0,1,1,0
ZTF18aaaqbhp,0,1,0,1,0,1,0,0,1,1,0
ZTF18aaaqeiu,0,1,0,1,0,1,0,0,1,1,0
ZTF18aabkknh,0,1,0,1,0,1,0,0,1,1,0
ZTF18aabklmk,0,1,0,0,1,1,0,1,0,1,0
ZTF18aabkrky,0,1,0,1,0,1,0,1,0,0,1
ZTF18aabnceq,0,1,0,1,0,1,0,0,1,1,0
ZTF18aabvwhq,0,1,0,1,0,0,1,1,0,1,0
ZTF18aacdebj,0,0,1,1,0,1,0,1,0,1,0
ZTF18aacdgek,0,1,0,1,0,1,0,1,0,0,1
ZTF18aaceepu,1,0,0,0,0,0,0,0,0,0,0
ZTF18aacihcb,1,0,0,0,0,0,0,0,0,0,0
ZTF18aacjuxk,0,1,0,1,0,1,0,1,0,0,1
ZTF18aacmwsq,0,1,0,1,0,0,1,1,0,1,0
ZTF18aacoqxu,0,1,0,0,1,1,0,1,0,1,0
ZTF18aacovhl,0,1,0,1,0,0,1,1,0,1,0
ZTF18aacoyaq,0,1,0,0,1,1,0,1,0,1,0
ZTF18aacrrez,0,1,0,1,0,0,1,1,0,1,0
ZTF18aacsznp,0,1,0,0,1,1,0,1,0,1,0
ZTF18aacxoin,0,1,0,1,0,0,1,1,0,1,0
ZTF18aaczmob,0,1,0,1,0,1,0,0,1,1,0
ZTF18aaddctp,0,1,0,1,0,0,1,1,0,1,0
ZTF18aaddnfu,0,1,0,1,0,1,0,1,0,0,1
ZTF18aadqirh,0,0,1,1,0,1,0,1,0,1,0
ZTF18aadsdvf,0,1,0,1,0,1,0,0,1,1,0
ZTF18aadsjbk,0,1,0,0,1,1,0,1,0,1,0
ZTF18aadsyhc,0,0,1,1,0,1,0,1,0,1,0
ZTF18aadwgzb,0,1,0,1,0,1,0,1,0,0,1
ZTF18aadwhqi,0,1,0,0,1,1,0,1,0,1,0
ZTF18aadxzti,0,1,0,1,0,0,1,1,0,1,0
ZTF18aaebiks,1,0,0,0,0,0,0,0,0,0,0
ZTF18aaebojt,0,1,0,1,0,1,0,1,0,0,1
ZTF18aaeeedp,0,1,0,1,0,0,1,1,0,1,0
ZTF18aaehuyr,0,1,0,1,0,0,1,1,0,1,0
ZTF18aaelskj,0,1,0,1,0,1,0,1,0,0,1
ZTF18aaeopbs,0,0,1,1,0,1,0,1,0,1,0
ZTF18aaescqn,0,1,0,0,1,1,0,1,0,1,0
ZTF18aaetbho,0,1,0,1,0,1,0,1,0,0,1
ZTF18aaetymf,0,1,0,1,0,0,1,1,0,1,0
ZTF18aaewrjs,0,1,0,1,0,1,0,1,0,0,1
ZTF18aaewypg,0,1,0,1,0,1,0,0,1,1,0
ZTF18aaeztug,0,0,1,1,0,1,0,1,0,1,0
ZTF18aaezzww,0,1,0,1,0,0,1,1,0,1,0
ZTF18aafctgp,0,1,0,0,1,1,0,1,0,1,0
ZTF18aafdigb,0,1,0,1,0,0,1,1,0,1,0
ZTF18aafgmet,0,1,0,1,0,0,1,1,0,1,0
ZTF18aafilvc,0,1,0,1,0,1,0,1,0,0,1
ZTF18aafoevl,1,0,0,0,0,0,0,0,0,0,0
ZTF18aafrbxo,0,1,0,1,0,0,1,1,0,1,0
ZTF18aaftmdy,0,1,0,1,0,0,1,1,0,1,0
ZTF18aafvxaw,0,0,1,1,0,1,0,1,0,1,0
ZTF18aafymbz,0,0,1,1,0,1,0,1,0,1,0
ZTF18aagaypc,0,1,0,1,0,1,0,0,1,1,0
ZTF18aagbswm,0,0,1,1,0,1,0,1,0,1,0
ZTF18aagensc,1,0,0,0,0,0,0,0,0,0,0
ZTF18aagfngu,0,0,1,1,0,1,0,1,0,1,0
ZTF18aagkwgz,0,0,1,1,0,1,0,1,0,1,0
ZTF18aaglgid,0,0,1,1,0,1,0,1,0,1,0
ZTF18aagnlqf,1,0,0,0,0,0,0,0,0,0,0
ZTF18aagzlqf,1,0,0,0,0,0,0,0,0,0,0
ZTF18aahfnbl,0,0,1,1,0,1,0,1,0,1,0
ZTF18aahpouv,0,1,0,1,0,0,1,1,0,1,0
ZTF18aahppeb,0,1,0,1,0,1,0,0,1,1,0
ZTF18aahqbgb,0,1,0,1,0,1,0,0,1,1,0
ZTF18aahsvxa,0,0,1,1,0,1,0,1,0,1,0
ZTF18aahsxpj,0,1,0,1,0,1,0,1,0,0,1
ZTF18aahvlhc,0,1,0,1,0,1,0,0,1,1,0
ZTF18aaiijbb,0,1,0,1,0,1,0,0,1,1,0
ZTF18aailctq,0,1,0,1,0,0,1,1,0,1,0
ZTF18aailtum,0,1,0,1,0,0,1,1,0,1,0
ZTF18aaiualk,0,1,0,1,0,1,0,1,0,0,1
ZTF18aaiubas,0,0,1,1,0,1,0,1,0,1,0
ZTF18aaiujdm,1,0,0,0,0,0,0,0,0,0,0
ZTF18aaiulxh,0,1,0,1,0,1,0,1,0,0,1
ZTF18aaiurth,1,0,0,0,0,0,0,0,0,0,0
ZTF18aaivcct,0,1,0,1,0,1,0,0,1,1,0
ZTF18aaivnak,0,0,1,1,0,1,0,1,0,1,0
ZTF18aaiwsua,0,1,0,1,0,1,0,1,0,0,1
ZTF18aaiwzie,1,0,0,0,0,0,0,0,0,0,0
ZTF18aaiyebq,0,1,0,0,1,1,0,1,0,1,0
ZTF18aaizfkm,0,1,0,1,0,0,1,1,0,1,0
ZTF18aaizpod,0,1,0,0,1,1,0,1,0,1,0
ZTF18aaiztdl,0,1,0,1,0,1,0,0,1,1,0
ZTF18aaiztpr,1,0,0,0,0,0,0,0,0,0,0
ZTF18aajapma,0,1,0,1,0,1,0,0,1,1,0
ZTF18aajauyi,0,0,1,1,0,1,0,1,0,1,0
ZTF18aajcsqi,0,1,0,0,1,1,0,1,0,1,0
ZTF18aajdcfy,0,1,0,1,0,0,1,1,0,1,0
ZTF18aajdpdf,0,0,1,1,0,1,0,1,0,1,0
ZTF18aajfezy,0,1,0,0,1,1,0,1,0,1,0
ZTF18aajgiii,0,1,0,1,0,0,1,1,0,1,0
ZTF18aajgkyt,0,1,0,1,0,1,0,1,0,0,1
ZTF18aajhant,1,0,0,0,0,0,0,0,0,0,0
ZTF18aajhlxa,0,1,0,1,0,0,1,1,0,1,0
ZTF18aajhzkn,0,1,0,1,0,1,0,0,1,1,0
ZTF18aajifvt,0,1,0,1,0,1,0,0,1,1,0
ZTF18aajjoko,0,1,0,1,0,1,0,0,1,1,0
ZTF18aajkaql,0,1,0,1,0,1,0,0,1,1,0
ZTF18aajkevi,0,1,0,1,0,1,0,0,1,1,0
ZTF18aajkxyt,0,1,0,0,1,1,0,1,0,1,0
ZTF18aajleme,0,1,0,1,0,1,0,0,1,1,0
ZTF18aajlgoa,0,0,1,1,0,1,0,1,0,1,0
ZTF18aajlilg,0,1,0,1,0,1,0,1,0,0,1
ZTF18aajlorc,0,1,0,1,0,0,1,1,0,1,0
ZTF18aajvqye,0,1,0,1,0,1,0,0,1,1,0
ZTF18aajyqbx,0,1,0,1,0,0,1,1,0,1,0
ZTF18aajzyfb,0,1,0,1,0,0,1,1,0,1,0
ZTF18aakdxos,0,1,0,1,0,1,0,0,1,1,0
ZTF18aakeayh,0,1,0,1,0,1,0,1,0,0,1
ZTF18aakeoie,0,1,0,1,0,0,1,1,0,1,0
ZTF18aakipwm,0,1,0,0,1,1,0,1,0,1,0
ZTF18aakitiq,0,0,1,1,0,1,0,1,0,1,0
ZTF18aakiwxp,0,0,1,1,0,1,0,1,0,1,0
ZTF18aaklnny,0,1,0,1,0,1,0,0,1,1,0
ZTF18aakqshl,0,1,0,1,0,0,1,1,0,1,0
ZTF18aakyddg,0,1,0,1,0,1,0,1,0,0,1
ZTF18aakyear,0,1,0,1,0,1,0,0,1,1,0
ZTF18aaltgfy,0,0,1,1,0,1,0,1,0,1,0
ZTF18aaluzmq,0,1,0,1,0,0,1,1,0,1,0
ZTF18aaluzrx,1,0,0,0,0,0,0,0,0,0,0
ZTF18aalvakd,0,1,0,1,0,0,1,1,0,1,0
ZTF18aalvhsj,0,1,0,1,0,1,0,0,1,1,0
ZTF18aalxmdx,0,1,0,1,0,1,0,0,1,1,0
ZTF18aalxncv,0,1,0,1,0,0,1,1,0,1,0
ZTF18aamcwzy,0,1,0,1,0,1,0,0,1,1,0
ZTF18aamfybf,0,1,0,0,1,1,0,1,0,1,0
ZTF18aamqzlv,0,1,0,1,0,0,1,1,0,1,0
ZTF18aamrbiv,1,0,0,0,0,0,0,0,0,0,0
ZTF18aamrgbq,0,0,1,1,0,1,0,1,0,1,0
ZTF18aamsmzm,0,1,0,1,0,1,0,1,0,0,1
ZTF18aamuarr,1,0,0,0,0,0,0,0,0,0,0
ZTF18aamupuo,0,1,0,1,0,0,1,1,0,1,0
ZTF18aamvanq,0,1,0,1,0,1,0,0,1,1,0
ZTF18aamwhib,0,0,1,1,0,1,0,1,0,1,0
ZTF18aamwjan,0,1,0,1,0,0,1,1,0,1,0
ZTF18aamxlmm,0,1,0,0,1,1,0,1,0,1,0
ZTF18aamykhr,0,1,0,1,0,0,1,1,0,1,0
ZTF18aamykyz,0,1,0,1,0,1,0,0,1,1,0
ZTF18aamzcjo,0,1,0,0,1,1,0,1,0,1,0
ZTF18aamzved,0,0,1,1,0,1,0,1,0,1,0
ZTF18aanabqp,0,1,0,1,0,1,0,0,1,1,0
ZTF18aancege,0,1,0,1,0,1,0,0,1,1,0
ZTF18aanhsbt,0,1,0,1,0,0,1,1,0,1,0
ZTF18aanizbd,0,1,0,1,0,0,1,1,0,1,0
ZTF18aankjav,0,0,1,1,0,1,0,1,0,1,0
ZTF18aanlycz,0,1,0,1,0,0,1,1,0,1,0
ZTF18aanmaam,0,1,0,0,1,1,0,1,0,1,0
ZTF18aanmpvk,0,1,0,1,0,1,0,0,1,1,0
ZTF18aanmuwn,0,0,1,1,0,1,0,1,0,1,0
ZTF18aanskfx,1,0,0,0,0,0,0,0,0,0,0
ZTF18aanxlcr,0,1,0,1,0,1,0,1,0,0,1
ZTF18aanyhfb,1,0,0,0,0,0,0,0,0,0,0
ZTF18aaobcvl,1,0,0,0,0,0,0,0,0,0,0
ZTF18aaodlik,0,1,0,0,1,1,0,1,0,1,0
ZTF18aaogavr,1,0,0,0,0,0,0,0,0,0,0
ZTF18aaotzun,0,1,0,1,0,1,0,1,0,0,1
ZTF18aaoucqf,0,1,0,1,0,1,0,0,1,1,0
ZTF18aaouksq,0,1,0,0,1,1,0,1,0,1,0
ZTF18aaouqmw,0,1,0,1,0,0,1,1,0,1,0
ZTF18aaowtgn,0,1,0,0,1,1,0,1,0,1,0
ZTF18aaoytaz,0,1,0,1,0,0,1,1,0,1,0
ZTF18aapatdu,0,1,0,1,0,0,1,1,0,1,0
ZTF18aapbhra,1,0,0,0,0,0,0,0,0,0,0
ZTF18aaqcdjz,1,0,0,0,0,0,0,0,0,0,0
ZTF18aaqcdms,1,0,0,0,0,0,0,0,0,0,0
ZTF18aaqcfzh,0,1,0,0,1,1,0,1,0,1,0
ZTF18aaqclsd,0,1,0,1,0,1,0,0,1,1,0
ZTF18aaqdwsw,0,0,1,1,0,1,0,1,0,1,0
ZTF18aaqjqqc,1,0,0,0,0,0,0,0,0,0,0
ZTF18aaqklis,0,0,1,1,0,1,0,1,0,1,0
ZTF18aaqkrxj,0,1,0,1,0,0,1,1,0,1,0
ZTF18aaqktbt,1,0,0,0,0,0,0,0,0,0,0
ZTF18aaqkvco,0,1,0,1,0,0,1,1,0,1,0
ZTF18aaqkyas,0,1,0,0,1,1,0,1,0,1,0
ZTF18aaqljfc,0,1,0,1,0,1,0,1,0,0,1
ZTF18aaqlndu,1,0,0,0,0,0,0,0,0,0,0
ZTF18aaqpowv,0,0,1,1,0,1,0,1,0,1,0
ZTF18aaqrcml,0,1,0,1,0,1,0,0,1,1,0
ZTF18aaquvvq,0,1,0,1,0,1,0,0,1,1,0
ZTF18aaquwqi,1,0,0,0,0,0,0,0,0,0,0
ZTF18aaqwboe,0,0,1,1,0,1,0,1,0,1,0
ZTF18aararjr,0,0,1,1,0,1,0,1,0,1,0
ZTF18aarbzgt,1,0,0,0,0,0,0,0,0,0,0
ZTF18aarbzgy,0,1,0,1,0,1,0,1,0,0,1
ZTF18aarcpem,0,1,0,1,0,1,0,0,1,1,0
ZTF18aarcqdj,0,1,0,1,0,0,1,1,0,1,0
ZTF18aarfobn,1,0,0,0,0,0,0,0,0,0,0
ZTF18aariqrj,0,1,0,1,0,1,0,1,0,0,1
ZTF18aarkztv,0,1,0,1,0,1,0,0,1,1,0
ZTF18aarlhfw,1,0,0,0,0,0,0,0,0,0,0
ZTF18aarlnzb,0,1,0,1,0,0,1,1,0,1,0
ZTF18aarltsj,0,1,0,1,0,1,0,1,0,0,1
ZTF18aarmnnd,0,1,0,1,0,1,0,1,0,0,1
ZTF18aarmttj,0,1,0,0,1,1,0,1,0,1,0
ZTF18aarnbhk,0,0,1,1,0,1,0,1,0,1,0
ZTF18aarndye,0,0,1,1,0,1,0,1,0,1,0
ZTF18aarneoz,0,1,0,1,0,0,1,1,0,1,0
ZTF18aarobdw,1,0,0,0,0,0,0,0,0,0,0
ZTF18aarummj,0,1,0,0,1,1,0,1,0,1,0
ZTF18aarunfu,0,1,0,1,0,0,1,1,0,1,0
ZTF18aarusgg,0,1,0,0,1,1,0,1,0,1,0
ZTF18aarvfan,1,0,0,0,0,0,0,0,0,0,0
ZTF18aarvqai,1,0,0,0,0,0,0,0,0,0,0
ZTF18aarvsqh,0,1,0,0,1,1,0,1,0,1,0
ZTF18aarwjli,1,0,0,0,0,0,0,0,0,0,0
ZTF18aarwmyr,0,1,0,1,0,1,0,1,0,0,1
ZTF18aarzbkh,1,0,0,0,0,0,0,0,0,0,0
ZTF18aasaqao,0,1,0,1,0,1,0,1,0,0,1
ZTF18aasauch,0,1,0,1,0,1,0,1,0,0,1
ZTF18aaspvnw,0,1,0,0,1,1,0,1,0,1,0
ZTF18aasrovh,0,1,0,1,0,1,0,1,0,0,1
ZTF18aasvtqi,0,1,0,1,0,1,0,1,0,0,1
ZTF18aasvvct,0,1,0,1,0,1,0,0,1,1,0
ZTF18aasvydn,0,1,0,1,0,0,1,1,0,1,0
ZTF18aaswdzr,1,0,0,0,0,0,0,0,0,0,0
ZTF18aaswqcv,0,1,0,1,0,1,0,0,1,1,0
ZTF18aaswrap,0,1,0,1,0,0,1,1,0,1,0
ZTF18aasyldf,1,0,0,0,0,0,0,0,0,0,0
ZTF18aasyoet,0,1,0,1,0,1,0,1,0,0,1
ZTF18aasyrit,1,0,0,0,0,0,0,0,0,0,0
ZTF18aasywuv,1,0,0,0,0,0,0,0,0,0,0
ZTF18aasyxcd,0,0,1,1,0,1,0,1,0,1,0
ZTF18aaszoxf,0,1,0,1,0,1,0,0,1,1,0
ZTF18aaszvbn,1,0,0,0,0,0,0,0,0,0,0
ZTF18aaszxzj,0,1,0,1,0,0,1,1,0,1,0
ZTF18aatable,0,0,1,1,0,1,0,1,0,1,0
ZTF18aatezfu,0,0,1,1,0,1,0,1,0,1,0
ZTF18aatfxtd,1,0,0,0,0,0,0,0,0,0,0
ZTF18aathnkk,0,1,0,1,0,0,1,1,0,1,0
ZTF18aathose,0,1,0,1,0,1,0,1,0,0,1
ZTF18aathpjh,0,1,0,1,0,0,1,1,0,1,0
ZTF18aatiffa,0,1,0,1,0,1,0,0,1,1,0
ZTF18aatiudp,0,1,0,1,0,0,1,1,0,1,0
ZTF18aatiyvg,0,1,0,1,0,1,0,1,0,0,1
ZTF18aatjwcm,0,1,0,0,1,1,0,1,0,1,0
ZTF18aatmoka,0,1,0,0,1,1,0,1,0,1,0
ZTF18aatmvib,0,1,0,1,0,1,0,0,1,1,0
ZTF18aatonqc,0,1,0,1,0,0,1,1,0,1,0
ZTF18aatoohj,0,1,0,1,0,1,0,0,1,1,0
ZTF18aatpfus,0,1,0,1,0,1,0,1,0,0,1
ZTF18aatpqxq,0,0,1,1,0,1,0,1,0,1,0
ZTF18aatquwd,0,1,0,1,0,1,0,0,1,1,0
ZTF18aatrzec,0,1,0,0,1,1,0,1,0,1,0
ZTF18aatvjwr,0,1,0,1,0,1,0,0,1,1,0
ZTF18aatwqed,0,1,0,0,1,1,0,1,0,1,0
ZTF18aatwzfc,1,0,0,0,0,0,0,0,0,0,0
ZTF18aauotcv,0,1,0,0,1,1,0,1,0,1,0
ZTF18aaurykp,0,1,0,0,1,1,0,1,0,1,0
ZTF18aauuzmf,0,1,0,1,0,0,1,1,0,1,0
ZTF18aauxxea,0,1,0,1,0,1,0,0,1,1,0
ZTF18aauyafm,0,1,0,0,1,1,0,1,0,1,0
ZTF18aauyxxt,0,1,0,1,0,0,1,1,0,1,0
ZTF18aauyyds,0,0,1,1,0,1,0,1,0,1,0
ZTF18aauyyhe,0,0,1,1,0,1,0,1,0,1,0
ZTF18aauyzxg,0,1,0,1,0,1,0,1,0,0,1
ZTF18aauzolk,0,0,1,1,0,1,0,1,0,1,0
ZTF18aavabkh,0,0,1,1,0,1,0,1,0,1,0
ZTF18aavaxdv,0,1,0,1,0,1,0,1,0,0,1
ZTF18aavpets,0,1,0,1,0,0,1,1,0,1,0
ZTF18aavuvqs,0,1,0,1,0,1,0,0,1,1,0
ZTF18aavuzhe,0,1,0,1,0,1,0,1,0,0,1
ZTF18aavvtyx,0,1,0,0,1,1,0,1,0,1,0
ZTF18aavwuxk,0,1,0,1,0,0,1,1,0,1,0
ZTF18aavxdrz,0,1,0,1,0,1,0,1,0,0,1
ZTF18aavydnh,0,1,0,1,0,1,0,0,1,1,0
ZTF18aavygjv,0,1,0,1,0,0,1,1,0,1,0
ZTF18aavynfd,0,1,0,0,1,1,0,1,0,1,0
ZTF18aavyzyt,1,0,0,0,0,0,0,0,0,0,0
ZTF18aavzawy,0,1,0,1,0,0,1,1,0,1,0
ZTF18aawbhdn,1,0,0,0,0,0,0,0,0,0,0
ZTF18aawcura,0,0,1,1,0,1,0,1,0,1,0
ZTF18aawdqbc,0,1,0,1,0,1,0,0,1,1,0
ZTF18aawehma,0,1,0,1,0,0,1,1,0,1,0
ZTF18aawetwo,0,1,0,1,0,1,0,1,0,0,1
ZTF18aawfcsu,0,1,0,1,0,1,0,1,0,0,1
ZTF18aawfeyg,0,1,0,0,1,1,0,1,0,1,0
ZTF18aawfezw,1,0,0,0,0,0,0,0,0,0,0
ZTF18aawfqax,0,1,0,1,0,1,0,1,0,0,1
ZTF18aawgiuu,0,1,0,0,1,1,0,1,0,1,0
ZTF18aawglif,1,0,0,0,0,0,0,0,0,0,0
ZTF18aawhgpt,1,0,0,0,0,0,0,0,0,0,0
ZTF18aawhrjb,0,1,0,1,0,1,0,1,0,0,1
ZTF18aawhsgh,0,1,0,0,1,1,0,1,0,1,0
ZTF18aawibig,0,1,0,1,0,1,0,1,0,0,1
ZTF18aawjfam,0,1,0,0,1,1,0,1,0,1,0
ZTF18aawjnky,0,1,0,1,0,1,0,1,0,0,1
ZTF18aawkdyg,1,0,0,0,0,0,0,0,0,0,0
ZTF18aawldxu,0,1,0,1,0,1,0,0,1,1,0
ZTF18aawlfnj,1,0,0,0,0,0,0,0,0,0,0
ZTF18aawmeiw,1,0,0,0,0,0,0,0,0,0,0
ZTF18aawnaje,0,1,0,1,0,0,1,1,0,1,0
ZTF18aawnawj,0,0,1,1,0,1,0,1,0,1,0
ZTF18aawncdo,0,0,1,1,0,1,0,1,0,1,0
ZTF18aawnlba,1,0,0,0,0,0,0,0,0,0,0
ZTF18aawnnns,1,0,0,0,0,0,0,0,0,0,0
ZTF18aawnvkm,0,1,0,1,0,1,0,0,1,1,0
ZTF18aawnylr,0,1,0,0,1,1,0,1,0,1,0
ZTF18aawokdx,0,1,0,1,0,1,0,1,0,0,1
ZTF18aawourc,0,1,0,1,0,1,0,0,1,1,0
ZTF18aawppyt,0,1,0,1,0,1,0,0,1,1,0
ZTF18aawpsnj,0,1,0,1,0,1,0,1,0,0,1
ZTF18aawpzkf,0,1,0,1,0,1,0,0,1,1,0
ZTF18aawqhda,0,1,0,1,0,1,0,0,1,1,0
ZTF18aawqjjj,0,1,0,1,0,0,1,1,0,1,0
ZTF18aawqnqp,0,0,1,1,0,1,0,1,0,1,0
ZTF18aawqxce,0,1,0,1,0,0,1,1,0,1,0
ZTF18aawqzwc,0,1,0,1,0,1,0,1,0,0,1
ZTF18aawrfci,0,1,0,1,0,1,0,1,0,0,1
ZTF18aawrotg,0,1,0,0,1,1,0,1,0,1,0
ZTF18aawrskb,0,1,0,0,1,1,0,1,0,1,0
ZTF18aawrujb,0,0,1,1,0,1,0,1,0,1,0
ZTF18aawseij,0,1,0,1,0,0,1,1,0,1,0
ZTF18aawsekm,0,1,0,0,1,1,0,1,0,1,0
ZTF18aawsmrt,0,1,0,1,0,1,0,0,1,1,0
ZTF18aawtklf,0,0,1,1,0,1,0,1,0,1,0
ZTF18aawwjzq,0,1,0,1,0,0,1,1,0,1,0
ZTF18aawxjvh,0,1,0,1,0,1,0,0,1,1,0
ZTF18aawxkcj,0,0,1,1,0,1,0,1,0,1,0
ZTF18aawxpzs,0,1,0,1,0,1,0,0,1,1,0
ZTF18aawxxyy,0,1,0,1,0,1,0,1,0,0,1
ZTF18aawycyr,1,0,0,0,0,0,0,0,0,0,0
ZTF18aawzdzt,1,0,0,0,0,0,0,0,0,0,0
ZTF18aawzens,1,0,0,0,0,0,0,0,0,0,0
ZTF18aaxerrt,0,1,0,1,0,1,0,0,1,1,0
ZTF18aaxkdwo,0,1,0,1,0,1,0,1,0,0,1
ZTF18aayiast,0,1,0,0,1,1,0,1,0,1,0
ZTF18aayilun,0,1,0,1,0,0,1,1,0,1,0
ZTF18aayyngj,0,1,0,0,1,1,0,1,0,1,0
ZTF18aazwplo,0,1,0,1,0,1,0,1,0,0,1
ZTF18abaulsu,0,1,0,1,0,1,0,1,0,0,1
ZTF18abawkok,1,0,0,0,0,0,0,0,0,0,0
ZTF18abbrksm,0,1,0,1,0,1,0,0,1,1,0
ZTF18abbxvqm,0,1,0,1,0,0,1,1,0,1,0
ZTF18abcgict,0,1,0,1,0,0,1,1,0,1,0
ZTF18abdnqzy,1,0,0,0,0,0,0,0,0,0,0
ZTF18abesxbk,0,0,1,1,0,1,0,1,0,1,0
ZTF18abesxbv,0,0,1,1,0,1,0,1,0,1,0
ZTF18abfapgm,0,1,0,0,1,1,0,1,0,1,0
ZTF18abfapzy,1,0,0,0,0,0,0,0,0,0,0
ZTF18abfaqpu,0,1,0,1,0,1,0,0,1,1,0
ZTF18abfaulo,0,1,0,1,0,0,1,1,0,1,0
ZTF18abfawvl,0,1,0,1,0,0,1,1,0,1,0
ZTF18abfbbyh,0,1,0,1,0,1,0,1,0,0,1
ZTF18abfblpv,1,0,0,0,0,0,0,0,0,0,0
ZTF18abfbltl,1,0,0,0,0,0,0,0,0,0,0
ZTF18abfbtgk,0,0,1,1,0,1,0,1,0,1,0
ZTF18abfbuog,0,1,0,1,0,1,0,0,1,1,0
ZTF18abfbwke,0,1,0,1,0,1,0,0,1,1,0
ZTF18abfcepu,0,1,0,1,0,1,0,0,1,1,0
ZTF18abfchzq,1,0,0,0,0,0,0,0,0,0,0
ZTF18abfdclf,0,1,0,0,1,1,0,1,0,1,0
ZTF18abfdgtz,0,1,0,1,0,1,0,1,0,0,1
ZTF18abfdguq,1,0,0,0,0,0,0,0,0,0,0
ZTF18abfdkes,0,1,0,1,0,0,1,1,0,1,0
ZTF18abfdrin,0,0,1,1,0,1,0,1,0,1,0
ZTF18abfduqh,0,1,0,1,0,0,1,1,0,1,0
ZTF18abfdvkj,0,1,0,1,0,0,1,1,0,1,0
ZTF18abfdysn,1,0,0,0,0,0,0,0,0,0,0
ZTF18abffetb,0,1,0,0,1,1,0,1,0,1,0
ZTF18abgxkzx,1,0,0,0,0,0,0,0,0,0,0
ZTF18abhbcea,0,1,0,1,0,0,1,1,0,1,0
ZTF18abhbcrz,1,0,0,0,0,0,0,0,0,0,0
ZTF18abhbgtf,0,1,0,1,0,1,0,0,1,1,0
ZTF18abhbjet,0,0,1,1,0,1,0,1,0,1,0
ZTF18abhbjfd,0,0,1,1,0,1,0,1,0,1,0
ZTF18abhbjfi,0,1,0,1,0,1,0,0,1,1,0
ZTF18abhbjfw,0,1,0,1,0,0,1,1,0,1,0
ZTF18abhgths,1,0,0,0,0,0,0,0,0,0,0
ZTF18abhgvcy,0,0,1,1,0,1,0,1,0,1,0
ZTF18abhgvss,1,0,0,0,0,0,0,0,0,0,0
ZTF18abhgxja,0,0,1,1,0,1,0,1,0,1,0
ZTF18abhhfvv,0,1,0,1,0,1,0,0,1,1,0
ZTF18abhwmpa,0,1,0,1,0,1,0,1,0,0,1
ZTF18abihhyj,0,0,1,1,0,1,0,1,0,1,0
ZTF18abjilot,0,1,0,1,0,1,0,0,1,1,0
ZTF18abjinfz,0,1,0,0,1,1,0,1,0,1,0
ZTF18abjjgwy,0,1,0,0,1,1,0,1,0,1,0
ZTF18abjjops,0,1,0,1,0,1,0,1,0,0,1
ZTF18abjjpnj,0,1,0,1,0,1,0,0,1,1,0
ZTF18abjjpnn,0,1,0,1,0,1,0,0,1,1,0
ZTF18abjjppb,0,1,0,0,1,1,0,1,0,1,0
ZTF18abjjpqi,0,0,1,1,0,1,0,1,0,1,0
ZTF18abjkakt,0,1,0,1,0,0,1,1,0,1,0
ZTF18abjzpxo,0,1,0,1,0,0,1,1,0,1,0
ZTF18abkmyiw,0,0,1,1,0,1,0,1,0,1,0
ZTF18ablwpkm,0,1,0,1,0,1,0,1,0,0,1
ZTF18abobqat,0,0,1,1,0,1,0,1,0,1,0
ZTF18abqbxrn,0,1,0,1,0,1,0,0,1,1,0
ZTF18abqjmgb,0,1,0,1,0,0,1,1,0,1,0
ZTF18abqjyxy,0,1,0,1,0,1,0,0,1,1,0
ZTF18abqkbkc,0,1,0,1,0,1,0,1,0,0,1
ZTF18abqkbnb,0,1,0,0,1,1,0,1,0,1,0
ZTF18abqkbof,0,1,0,0,1,1,0,1,0,1,0
ZTF18abqkfsf,1,0,0,0,0,0,0,0,0,0,0
ZTF18abqklam,0,1,0,1,0,0,1,1,0,1,0
ZTF18abqklca,0,1,0,1,0,0,1,1,0,1,0
ZTF18abqlwgk,0,0,1,1,0,1,0,1,0,1,0
ZTF18abqmcdk,0,1,0,1,0,1,0,1,0,0,1
ZTF18abqnfcd,0,0,1,1,0,1,0,1,0,1,0
ZTF18abqpmjw,0,1,0,0,1,1,0,1,0,1,0
ZTF18abqptpf,0,1,0,1,0,0,1,1,0,1,0
ZTF18abqqvdz,0,1,0,0,1,1,0,1,0,1,0
ZTF18abqqzxj,1,0,0,0,0,0,0,0,0,0,0
ZTF18abqrarw,0,1,0,1,0,0,1,1,0,1,0
ZTF18abqrhgx,0,1,0,1,0,1,0,1,0,0,1
ZTF18abqshrl,0,1,0,0,1,1,0,1,0,1,0
ZTF18abqsqzc,0,0,1,1,0,1,0,1,0,1,0
ZTF18abqsuoo,0,1,0,1,0,1,0,0,1,1,0
ZTF18abqtnbk,0,1,0,1,0,1,0,0,1,1,0
ZTF18abqtusp,0,1,0,0,1,1,0,1,0,1,0
ZTF18abqvwgc,0,1,0,1,0,1,0,0,1,1,0
ZTF18abqwter,0,1,0,1,0,1,0,0,1,1,0
ZTF18abqxaqe,0,1,0,1,0,1,0,0,1,1,0
ZTF18abqxaqq,1,0,0,0,0,0,0,0,0,0,0
ZTF18abqxxgb,0,1,0,0,1,1,0,1,0,1,0
ZTF18abqyluf,0,0,1,1,0,1,0,1,0,1,0
ZTF18abqypnf,0,1,0,0,1,1,0,1,0,1,0
ZTF18abqywln,0,1,0,0,1,1,0,1,0,1,0
ZTF18abqznlw,0,1,0,0,1,1,0,1,0,1,0
ZTF18abratmn,0,1,0,1,0,0,1,1,0,1,0
ZTF18abrcmfk,0,0,1,1,0,1,0,1,0,1,0
ZTF18abrcvbu,0,1,0,1,0,0,1,1,0,1,0
ZTF18abrdcuf,0,1,0,0,1,1,0,1,0,1,0
ZTF18abredfa,0,1,0,1,0,0,1,1,0,1,0
ZTF18abredgd,0,1,0,0,1,1,0,1,0,1,0
ZTF18abrzypn,1,0,0,0,0,0,0,0,0,0,0
ZTF18absxmlr,1,0,0,0,0,0,0,0,0,0,0
ZTF18abszmpl,1,0,0,0,0,0,0,0,0,0,0
ZTF18abtthss,1,0,0,0,0,0,0,0,0,0,0
ZTF18abttwvn,0,1,0,0,1,1,0,1,0,1,0
ZTF18abtxqud,0,1,0,1,0,1,0,0,1,1,0
ZTF18abufohw,0,1,0,1,0,1,0,0,1,1,0
ZTF18abufuhg,0,1,0,1,0,0,1,1,0,1,0
ZTF18abuxiwj,0,1,0,0,1,1,0,1,0,1,0
ZTF18abuxvmf,0,1,0,1,0,0,1,1,0,1,0
ZTF18abvudab,0,1,0,0,1,1,0,1,0,1,0
ZTF18abvzrro,0,1,0,1,0,1,0,1,0,0,1
ZTF18abxmpgo,0,1,0,1,0,0,1,1,0,1,0
ZTF18abxmxbh,0,1,0,1,0,1,0,0,1,1,0
ZTF18abxneub,1,0,0,0,0,0,0,0,0,0,0
ZTF18abxnijb,0,1,0,1,0,1,0,1,0,0,1
ZTF18abxnkml,0,1,0,1,0,1,0,1,0,0,1
ZTF18abxnvoz,0,1,0,1,0,1,0,0,1,1,0
ZTF18abxpaby,0,1,0,1,0,1,0,1,0,0,1
ZTF18abxpifp,0,1,0,1,0,1,0,1,0,0,1
ZTF18abxsssn,0,1,0,0,1,1,0,1,0,1,0
ZTF18abxuwca,0,1,0,1,0,1,0,1,0,0,1
ZTF18abyfsqz,0,1,0,1,0,0,1,1,0,1,0
ZTF18abyuhmr,0,1,0,1,0,0,1,1,0,1,0
ZTF18abzqsxk,0,1,0,1,0,0,1,1,0,1,0
ZTF18abzqsxy,1,0,0,0,0,0,0,0,0,0,0
ZTF18acacslr,0,1,0,0,1,1,0,1,0,1,0
ZTF18acaezsx,0,1,0,1,0,1,0,1,0,0,1
ZTF18acaijpx,0,1,0,1,0,0,1,1,0,1,0
ZTF18acbycde,1,0,0,0,0,0,0,0,0,0,0
ZTF18acbzobz,0,1,0,1,0,0,1,1,0,1,0
ZTF18accamkt,0,1,0,1,0,1,0,1,0,0,1
ZTF18accdrak,0,1,0,0,1,1,0,1,0,1,0
ZTF18acdwpvi,1,0,0,0,0,0,0,0,0,0,0
ZTF18acdywfv,0,1,0,1,0,1,0,0,1,1,0
ZTF18acefpej,0,0,1,1,0,1,0,1,0,1,0
ZTF18aceqmsl,0,1,0,1,0,0,1,1,0,1,0
ZTF18acesbqs,0,1,0,0,1,1,0,1,0,1,0
ZTF18aceshmj,0,1,0,0,1,1,0,1,0,1,0
ZTF18aceshod,0,1,0,1,0,1,0,0,1,1,0
ZTF18aciaubw,1,0,0,0,0,0,0,0,0,0,0
ZTF18acispdi,0,1,0,1,0,1,0,1,0,0,1
ZTF18ackwclx,0,0,1,1,0,1,0,1,0,1,0
ZTF18ackwerw,0,1,0,1,0,1,0,0,1,1,0
ZTF18aclieva,0,1,0,1,0,1,0,0,1,1,0
ZTF18aclycyg,1,0,0,0,0,0,0,0,0,0,0
ZTF18acpjzoi,0,1,0,1,0,1,0,1,0,0,1
ZTF18acqgrtp,1,0,0,0,0,0,0,0,0,0,0
ZTF18acsugtc,0,0,1,1,0,1,0,1,0,1,0
ZTF18acuewaf,0,1,0,0,1,1,0,1,0,1,0
ZTF18acvdece,0,1,0,0,1,1,0,1,0,1,0
ZTF18acvjtnr,1,0,0,0,0,0,0,0,0,0,0
ZTF18acvxomn,0,1,0,1,0,1,0,1,0,0,1
ZTF18acxcwsq,0,1,0,1,0,1,0,1,0,0,1
ZTF18acxtbxl,1,0,0,0,0,0,0,0,0,0,0
ZTF18acyyhgf,0,1,0,0,1,1,0,1,0,1,0
ZTF18adbkpqv,1,0,0,0,0,0,0,0,0,0,0
ZTF18adgnrge,1,0,0,0,0,0,0,0,0,0,0
ZTF18adgsfty,0,1,0,1,0,1,0,1,0,0,1
ZTF18adhbjkn,0,0,1,1,0,1,0,1,0,1,0
ZTF18adiirfi,1,0,0,0,0,0,0,0,0,0,0
ZTF18adiqshy,0,1,0,1,0,1,0,1,0,0,1
ZTF18aditoqz,0,0,1,1,0,1,0,1,0,1,0
ZTF18adivljo,0,1,0,0,1,1,0,1,0,1,0
ZTF18adiwdoy,0,1,0,1,0,1,0,0,1,1,0
ZTF18adiwsiw,0,1,0,0,1,1,0,1,0,1,0
ZTF18adjgvhi,0,1,0,0,1,1,0,1,0,1,0
ZTF18adjhyey,0,1,0,1,0,1,0,0,1,1,0
ZTF18adjqcfc,0,1,0,1,0,0,1,1,0,1,0
ZTF18adjqctb,0,1,0,1,0,0,1,1,0,1,0
ZTF18adjsxsk,0,0,1,1,0,1,0,1,0,1,0
ZTF18adjwvod,0,1,0,1,0,0,1,1,0,1,0
ZTF18adjxxki,1,0,0,0,0,0,0,0,0,0,0
ZTF18adjyamu,0,1,0,1,0,1,0,0,1,1,0
ZTF18adkaeae,0,1,0,0,1,1,0,1,0,1,0
ZTF18adkoetz,0,1,0,0,1,1,0,1,0,1,0
ZTF18adkrjlp,0,1,0,1,0,1,0,1,0,0,1
ZTF18adkurjj,1,0,0,0,0,0,0,0,0,0,0
ZTF18adkwgbn,0,1,0,1,0,1,0,1,0,0,1
ZTF18adkxrut,0,1,0,0,1,1,0,1,0,1,0
ZTF18adkyrgj,1,0,0,0,0,0,0,0,0,0,0
ZTF18adkyzfj,0,1,0,1,0,1,0,0,1,1,0
ZTF18adlalkd,0,1,0,1,0,1,0,1,0,0,1
ZTF18adlalzq,0,1,0,1,0,1,0,1,0,0,1
ZTF18adlgqmp,0,1,0,1,0,1,0,1,0,0,1
ZTF18adlhgpo,0,1,0,1,0,1,0,1,0,0,1
ZTF18adlilmt,0,0,1,1,0,1,0,1,0,1,0
ZTF18adllrhm,0,1,0,1,0,1,0,0,1,1,0
ZTF18adltwnr,0,0,1,1,0,1,0,1,0,1,0
ZTF18adlvnko,1,0,0,0,0,0,0,0,0,0,0
ZTF18adlyjwz,0,1,0,1,0,1,0,1,0,0,1
ZTF18adlzzzq,1,0,0,0,0,0,0,0,0,0,0
ZTF18admaciv,0,1,0,1,0,0,1,1,0,1,0
ZTF18admacyl,0,1,0,1,0,0,1,1,0,1,0
ZTF18admadhn,0,1,0,0,1,1,0,1,0,1,0
ZTF18admafun,0,1,0,1,0,0,1,1,0,1,0
ZTF18admafuo,1,0,0,0,0,0,0,0,0,0,0
ZTF18admbhdx,0,1,0,1,0,1,0,0,1,1,0
ZTF18admbnck,0,1,0,1,0,1,0,0,1,1,0
ZTF18admdvwb,0,1,0,1,0,1,0,1,0,0,1
ZTF18admfltx,0,0,1,1,0,1,0,1,0,1,0
ZTF18admkwza,0,1,0,1,0,1,0,1,0,0,1
ZTF18admobbt,0,1,0,1,0,1,0,0,1,1,0
ZTF18admogtv,0,1,0,1,0,1,0,0,1,1,0
ZTF18admoxqu,0,1,0,1,0,0,1,1,0,1,0
ZTF18admpvgm,0,1,0,1,0,1,0,1,0,0,1
ZTF18admrgez,0,1,0,0,1,1,0,1,0,1,0
ZTF18admrnps,1,0,0,0,0,0,0,0,0,0,0
ZTF18admylqw,0,1,0,1,0,1,0,1,0,0,1
ZTF18admzvtu,1,0,0,0,0,0,0,0,0,0,0
ZTF18adncmqk,0,1,0,1,0,1,0,1,0,0,1
ZTF18adncsuc,0,1,0,1,0,1,0,1,0,0,1
ZTF18adnfcvi,0,1,0,1,0,0,1,1,0,1,0
ZTF18adngbfy,1,0,0,0,0,0,0,0,0,0,0
ZTF18adnglzm,0,1,0,1,0,1,0,1,0,0,1
ZTF18adngpyc,0,1,0,0,1,1,0,1,0,1,0
ZTF18adnhltq,0,0,1,1,0,1,0,1,0,1,0
ZTF18adnhxdg,0,1,0,0,1,1,0,1,0,1,0
ZTF18adnlhdu,0,0,1,1,0,1,0,1,0,1,0
ZTF18adnwroe,1,0,0,0,0,0,0,0,0,0,0
ZTF18adobkfg,1,0,0,0,0,0,0,0,0,0,0
ZTF18adoemxo,0,1,0,1,0,0,1,1,0,1,0
ZTF18adojedm,0,1,0,1,0,1,0,1,0,0,1
ZTF18adokcmq,1,0,0,0,0,0,0,0,0,0,0
ZTF18adolaxz,0,1,0,1,0,0,1,1,0,1,0
ZTF18adolkpr,1,0,0,0,0,0,0,0,0,0,0
ZTF18adonvwm,0,1,0,1,0,1,0,1,0,0,1
ZTF18adopmsv,0,1,0,0,1,1,0,1,0,1,0
ZTF18adoprry,1,0,0,0,0,0,0,0,0,0,0
ZTF18adotmte,0,1,0,0,1,1,0,1,0,1,0
ZTF18adpnwoz,0,1,0,1,0,0,1,1,0,1,0
ZTF18adptmcx,0,0,1,1,0,1,0,1,0,1,0
ZTF18adpxsxx,0,1,0,1,0,1,0,1,0,0,1
ZTF18adqevpn,1,0,0,0,0,0,0,0,0,0,0
ZTF18adqfsqz,0,1,0,1,0,1,0,0,1,1,0
ZTF18adqqeae,0,0,1,1,0,1,0,1,0,1,0
ZTF18adqxemz,0,1,0,1,0,1,0,1,0,0,1
ZTF18adqztvf,0,1,0,1,0,1,0,1,0,0,1
ZTF18adrbsub,0,0,1,1,0,1,0,1,0,1,0
ZTF18adrmtfj,0,1,0,0,1,1,0,1,0,1,0
ZTF18adsbgsp,0,1,0,1,0,0,1,1,0,1,0
ZTF18adsbmsj,0,1,0,1,0,1,0,1,0,0,1
ZTF19aadcywl,0,1,0,0,1,1,0,1,0,1,0
ZTF19aaeyoiw,0,1,0,1,0,0,1,1,0,1,0
ZTF19aafelis,0,1,0,1,0,0,1,1,0,1,0
ZTF19aagcnfy,0,1,0,1,0,1,0,1,0,0,1
ZTF19aagjtxj,0,1,0,1,0,0,1,1,0,1,0
ZTF19aagpbha,0,1,0,1,0,1,0,0,1,1,0
ZTF19aahfevh,0,1,0,1,0,0,1,1,0,1,0
ZTF19aaiauvd,0,1,0,1,0,1,0,1,0,0,1
ZTF19aaiuoqg,1,0,0,0,0,0,0,0,0,0,0
ZTF19aalpewl,0,1,0,1,0,1,0,1,0,0,1
ZTF19aambkep,0,1,0,1,0,0,1,1,0,1,0
ZTF19aamhdtf,0,0,1,1,0,1,0,1,0,1,0
ZTF19aamqfxq,1,0,0,0,0,0,0,0,0,0,0
ZTF19aannnzj,0,0,1,1,0,1,0,1,0,1,0
ZTF19aannvls,0,1,0,0,1,1,0,1,0,1,0
ZTF19aaobzws,0,1,0,0,1,1,0,1,0,1,0
ZTF19aaoozzi,0,0,1,1,0,1,0,1,0,1,0
ZTF19aapgcba,1,0,0,0,0,0,0,0,0,0,0
ZTF19aapnrcm,1,0,0,0,0,0,0,0,0,0,0
ZTF19aapsxxg,0,1,0,1,0,0,1,1,0,1,0
ZTF19aaqebbp,1,0,0,0,0,0,0,0,0,0,0
ZTF19aarqhaa,0,1,0,1,0,1,0,1,0,0,1
ZTF19aascvjj,0,1,0,1,0,1,0,0,1,1,0
ZTF19aasdoet,1,0,0,0,0,0,0,0,0,0,0
ZTF19aasfapp,0,1,0,1,0,0,1,1,0,1,0
ZTF19aaskptj,0,1,0,0,1,1,0,1,0,1,0
ZTF19aasljej,1,0,0,0,0,0,0,0,0,0,0
ZTF19aatcgkl,0,1,0,1,0,1,0,1,0,0,1
ZTF19aatfbui,0,1,0,1,0,1,0,0,1,1,0
ZTF19aatviqk,1,0,0,0,0,0,0,0,0,0,0
ZTF19aavnssv,0,1,0,1,0,0,1,1,0,1,0
ZTF19aawhzsh,0,0,1,1,0,1,0,1,0,1,0
ZTF19aayocuc,0,1,0,1,0,0,1,1,0,1,0
ZTF19abbwzwx,0,1,0,1,0,1,0,0,1,1,0
ZTF19abcffnb,0,1,0,1,0,1,0,0,1,1,0
ZTF19abcucqz,0,1,0,1,0,1,0,1,0,0,1
ZTF19abcuctd,0,1,0,1,0,0,1,1,0,1,0
ZTF19abdjvqh,0,1,0,1,0,1,0,0,1,1,0
ZTF19abeifar,0,1,0,0,1,1,0,1,0,1,0
ZTF19abeijrs,0,1,0,1,0,1,0,1,0,0,1
ZTF19abfaldd,1,0,0,0,0,0,0,0,0,0,0
ZTF19abhuuso,0,1,0,1,0,1,0,1,0,0,1
ZTF19abiaaih,0,1,0,0,1,1,0,1,0,1,0
ZTF19abjarlo,0,1,0,0,1,1,0,1,0,1,0
ZTF19abkhnrd,0,1,0,0,1,1,0,1,0,1,0
ZTF19abkjbur,0,1,0,0,1,1,0,1,0,1,0
ZTF19abldfwv,0,1,0,1,0,0,1,1,0,1,0
ZTF19abmugyh,0,1,0,0,1,1,0,1,0,1,0
ZTF19abpnbrb,0,1,0,0,1,1,0,1,0,1,0
ZTF19abrddpz,0,1,0,1,0,1,0,1,0,0,1
ZTF19abrjobk,0,1,0,1,0,1,0,1,0,0,1
ZTF19absoivt,0,0,1,1,0,1,0,1,0,1,0
ZTF19absymnz,1,0,0,0,0,0,0,0,0,0,0
ZTF19abtdosz,0,0,1,1,0,1,0,1,0,1,0
ZTF19abtdulo,0,1,0,1,0,0,1,1,0,1,0
ZTF19abtonmn,0,1,0,1,0,1,0,1,0,0,1
ZTF19abtqmyp,0,0,1,1,0,1,0,1,0,1,0
ZTF19abvpeqh,0,0,1,1,0,1,0,1,0,1,0
ZTF19abvqtkz,0,1,0,0,1,1,0,1,0,1,0
ZTF19abvwzbl,0,1,0,1,0,1,0,0,1,1,0
ZTF19abwvdwm,0,1,0,1,0,1,0,1,0,0,1
ZTF19abyxant,0,1,0,1,0,1,0,1,0,0,1
ZTF19abzifrq,0,1,0,0,1,1,0,1,0,1,0
ZTF19acaabsr,0,0,1,1,0,1,0,1,0,1,0
ZTF19acbpxtp,0,1,0,0,1,1,0,1,0,1,0
ZTF19acbxapq,0,1,0,1,0,1,0,0,1,1,0
ZTF19accouzk,0,1,0,1,0,1,0,1,0,0,1
ZTF19acgmpdz,0,1,0,1,0,1,0,0,1,1,0
ZTF19achqzdy,1,0,0,0,0,0,0,0,0,0,0
ZTF19acijigw,0,0,1,1,0,1,0,1,0,1,0
ZTF19aciwewg,0,1,0,1,0,1,0,1,0,0,1
ZTF19acljjkf,0,0,1,1,0,1,0,1,0,1,0
ZTF19acnpmtt,0,0,1,1,0,1,0,1,0,1,0
ZTF19acprlbl,0,1,0,1,0,0,1,1,0,1,0
ZTF19acqddgs,1,0,0,0,0,0,0,0,0,0,0
ZTF19acqeqrq,0,0,1,1,0,1,0,1,0,1,0
ZTF19acqfwpi,0,1,0,1,0,1,0,0,1,1,0
ZTF19acsdafk,1,0,0,0,0,0,0,0,0,0,0
ZTF19actojtk,0,1,0,0,1,1,0,1,0,1,0
ZTF19acvevgj,0,1,0,1,0,0,1,1,0,1,0
ZTF19acvtery,0,1,0,1,0,0,1,1,0,1,0
ZTF19aczsrjp,0,1,0,1,0,1,0,1,0,0,1
ZTF19adbzuiz,1,0,0,0,0,0,0,0,0,0,0
ZTF19adcxkym,0,0,1,1,0,1,0,1,0,1,0
ZTF19adcyfka,0,1,0,1,0,0,1,1,0,1,0
ZTF19addbmep,0,1,0,1,0,1,0,0,1,1,0
ZTF19adddldm,0,0,1,1,0,1,0,1,0,1,0
ZTF19addvlml,0,1,0,1,0,0,1,1,0,1,0
ZTF19addwjjy,0,1,0,1,0,0,1,1,0,1,0
ZTF19addwrbn,1,0,0,0,0,0,0,0,0,0,0
ZTF19addxgal,0,1,0,0,1,1,0,1,0,1,0
ZTF19adeagka,0,0,1,1,0,1,0,1,0,1,0
ZTF19adebrow,0,0,1,1,0,1,0,1,0,1,0
ZTF19adecfwi,0,1,0,1,0,1,0,1,0,0,1
ZTF19adedajq,0,1,0,1,0,0,1,1,0,1,0
ZTF19adedhue,0,1,0,0,1,1,0,1,0,1,0
ZTF19adefics,0,1,0,0,1,1,0,1,0,1,0
ZTF19adefooi,0,1,0,1,0,0,1,1,0,1,0
ZTF19adfbmsn,0,0,1,1,0,1,0,1,0,1,0
ZTF19adfcalv,0,1,0,0,1,1,0,1,0,1,0
ZTF19adggilm,1,0,0,0,0,0,0,0,0,0,0
ZTF19adgqhgp,1,0,0,0,0,0,0,0,0,0,0
ZTF19adgunku,0,1,0,1,0,1,0,1,0,0,1
ZTF19adguxmv,0,0,1,1,0,1,0,1,0,1,0
ZTF19adgzptr,0,1,0,0,1,1,0,1,0,1,0
ZTF19adhbjct,0,1,0,1,0,1,0,0,1,1,0
ZTF19adhhzfr,1,0,0,0,0,0,0,0,0,0,0
ZTF19adhpgyv,1,0,0,0,0,0,0,0,0,0,0
ZTF19adhzguo,0,1,0,1,0,1,0,1,0,0,1
ZTF19adinllh,0,1,0,1,0,1,0,0,1,1,0
ZTF19adiofhy,1,0,0,0,0,0,0,0,0,0,0
ZTF19adisvqc,0,1,0,1,0,1,0,0,1,1,0
ZTF19adivyhj,0,1,0,1,0,1,0,0,1,1,0
ZTF19adjlfxd,0,1,0,0,1,1,0,1,0,1,0
ZTF19adjmeag,1,0,0,0,0,0,0,0,0,0,0
ZTF19adjqynj,0,1,0,1,0,1,0,0,1,1,0
ZTF19adktnnn,0,1,0,1,0,1,0,0,1,1,0
ZTF19adkxnjg,0,0,1,1,0,1,0,1,0,1,0
ZTF19adlcbsf,0,1,0,1,0,0,1,1,0,1,0
ZTF19adljdpm,1,0,0,0,0,0,0,0,0,0,0
ZTF19adlqtra,0,1,0,0,1,1,0,1,0,1,0
ZTF19adlxjrj,0,1,0,1,0,1,0,1,0,0,1
ZTF19adlxpcc,0,1,0,1,0,1,0,1,0,0,1
ZTF19adlyjne,0,1,0,0,1,1,0,1,0,1,0
ZTF19adlymwq,1,0,0,0,0,0,0,0,0,0,0
ZTF19admmzjr,1,0,0,0,0,0,0,0,0,0,0
ZTF19admnqab,0,1,0,1,0,1,0,0,1,1,0
ZTF19adnstdn,0,1,0,0,1,1,0,1,0,1,0
ZTF20aaborkn,0,1,0,1,0,1,0,1,0,0,1
ZTF20aacedmi,0,1,0,1,0,1,0,1,0,0,1
ZTF20aafdxwd,0,0,1,1,0,1,0,1,0,1,0
ZTF20aaglhfb,0,0,1,1,0,1,0,1,0,1,0
ZTF20aaispgr,0,0,1,1,0,1,0,1,0,1,0
ZTF20aaixszi,0,0,1,1,0,1,0,1,0,1,0
ZTF20aajyuet,1,0,0,0,0,0,0,0,0,0,0
ZTF20aakxwgy,0,1,0,1,0,1,0,0,1,1,0
ZTF20aakyqlh,1,0,0,0,0,0,0,0,0,0,0
ZTF20aanaobb,0,1,0,1,0,1,0,1,0,0,1
ZTF20aanaobv,1,0,0,0,0,0,0,0,0,0,0
ZTF20aaolusw,1,0,0,0,0,0,0,0,0,0,0
ZTF20aaoserp,0,1,0,0,1,1,0,1,0,1,0
ZTF20aaosxtu,0,1,0,1,0,1,0,0,1,1,0
ZTF20aaounoj,0,1,0,1,0,1,0,1,0,0,1
ZTF20aaoyzqy,1,0,0,0,0,0,0,0,0,0,0
ZTF20aaqvgbm,0,1,0,1,0,1,0,1,0,0,1
ZTF20aaqwejj,0,1,0,0,1,1,0,1,0,1,0
ZTF20aarsymb,0,1,0,1,0,0,1,1,0,1,0
ZTF20aavgwhc,0,1,0,1,0,1,0,1,0,0,1
ZTF20aazazlz,0,0,1,1,0,1,0,1,0,1,0
ZTF20aazppbn,0,0,1,1,0,1,0,1,0,1,0
ZTF20aazqmid,0,0,1,1,0,1,0,1,0,1,0
ZTF20aazqnpc,1,0,0,0,0,0,0,0,0,0,0
ZTF20aballva,0,1,0,1,0,1,0,0,1,1,0
ZTF20abayrnv,1,0,0,0,0,0,0,0,0,0,0
ZTF20abbvrpa,0,0,1,1,0,1,0,1,0,1,0
ZTF20abcjefu,0,1,0,1,0,1,0,1,0,0,1
ZTF20abdkpcg,0,1,0,0,1,1,0,1,0,1,0
ZTF20abdniwn,1,0,0,0,0,0,0,0,0,0,0
ZTF20abevtlr,0,1,0,0,1,1,0,1,0,1,0
ZTF20abhxdht,1,0,0,0,0,0,0,0,0,0,0
ZTF20abjlzsz,0,0,1,1,0,1,0,1,0,1,0
ZTF20abkheql,1,0,0,0,0,0,0,0,0,0,0
ZTF20abkilwc,0,1,0,1,0,0,1,1,0,1,0
ZTF20abkqrfh,0,0,1,1,0,1,0,1,0,1,0
ZTF20abkqtcq,0,1,0,1,0,1,0,0,1,1,0
ZTF20ablqloy,0,0,1,1,0,1,0,1,0,1,0
ZTF20ablyetd,0,1,0,0,1,1,0,1,0,1,0
ZTF20ablynos,0,1,0,1,0,1,0,0,1,1,0
ZTF20abmconj,0,1,0,1,0,1,0,1,0,0,1
ZTF20abnmbmj,1,0,0,0,0,0,0,0,0,0,0
ZTF20aboctmy,0,1,0,0,1,1,0,1,0,1,0
ZTF20abozymg,0,1,0,1,0,1,0,0,1,1,0
ZTF20abptrwq,0,1,0,0,1,1,0,1,0,1,0
ZTF20abqedcx,0,0,1,1,0,1,0,1,0,1,0
ZTF20abrqezs,1,0,0,0,0,0,0,0,0,0,0
ZTF20abshhiu,0,1,0,1,0,0,1,1,0,1,0
ZTF20absvyhv,0,0,1,1,0,1,0,1,0,1,0
ZTF20abuhhub,1,0,0,0,0,0,0,0,0,0,0
ZTF20abuxctv,0,1,0,0,1,1,0,1,0,1,0
ZTF20abvdflm,1,0,0,0,0,0,0,0,0,0,0
ZTF20abvpzpi,0,1,0,1,0,1,0,0,1,1,0
ZTF20abwywtv,0,0,1,1,0,1,0,1,0,1,0
ZTF20abwywwi,1,0,0,0,0,0,0,0,0,0,0
ZTF20abxoyti,0,1,0,0,1,1,0,1,0,1,0
ZTF20abxpukq,0,1,0,0,1,1,0,1,0,1,0
ZTF20abyumih,0,1,0,1,0,1,0,0,1,1,0
ZTF20acfcxtk,0,1,0,0,1,1,0,1,0,1,0
ZTF20acgvabm,0,1,0,1,0,0,1,1,0,1,0
ZTF20achvbae,0,1,0,1,0,1,0,0,1,1,0
ZTF20ackdviy,0,1,0,1,0,1,0,1,0,0,1
ZTF20ackgoqs,0,1,0,1,0,1,0,1,0,0,1
ZTF20acldpjk,0,1,0,1,0,0,1,1,0,1,0
ZTF20aclmmjc,0,1,0,0,1,1,0,1,0,1,0
ZTF20aclnecu,0,1,0,1,0,1,0,0,1,1,0
ZTF20aclnpjd,1,0,0,0,0,0,0,0,0,0,0
ZTF20acmppyf,0,1,0,0,1,1,0,1,0,1,0
ZTF20acofuli,0,1,0,1,0,0,1,1,0,1,0
ZTF20acojbmw,0,1,0,1,0,1,0,0,1,1,0
ZTF20acqsqdb,0,1,0,0,1,1,0,1,0,1,0
ZTF20acrlncq,0,1,0,0,1,1,0,1,0,1,0
ZTF20acsdpsg,0,1,0,1,0,1,0,1,0,0,1
ZTF20actvwjc,0,1,0,0,1,1,0,1,0,1,0
ZTF20acwclpk,0,0,1,1,0,1,0,1,0,1,0
ZTF20acwhryw,0,1,0,1,0,1,0,0,1,1,0
ZTF20acwqgrj,1,0,0,0,0,0,0,0,0,0,0
ZTF20acxdept,1,0,0,0,0,0,0,0,0,0,0
ZTF20acxpmus,0,1,0,1,0,0,1,1,0,1,0
ZTF20acycypo,1,0,0,0,0,0,0,0,0,0,0
ZTF20adapzxp,0,1,0,1,0,0,1,1,0,1,0
ZTF20adceatn,0,1,0,1,0,0,1,1,0,1,0
ZTF20adestjh,0,1,0,1,0,1,0,0,1,1,0
ZTF20adewbtd,0,1,0,1,0,1,0,0,1,1,0
ZTF20adfqlgf,0,1,0,0,1,1,0,1,0,1,0
ZTF20adfuzgk,0,1,0,1,0,1,0,0,1,1,0
ZTF20adgiumu,1,0,0,0,0,0,0,0,0,0,0
ZTF20adinugd,0,0,1,1,0,1,0,1,0,1,0
ZTF21aaacggu,0,1,0,1,0,1,0,1,0,0,1
ZTF21aaaoray,0,1,0,1,0,1,0,1,0,0,1
ZTF21aaasjct,0,1,0,1,0,1,0,0,1,1,0
ZTF21aacllgm,0,1,0,1,0,1,0,1,0,0,1
ZTF21aaekvbn,0,1,0,1,0,1,0,0,1,1,0
ZTF21aagejvr,0,1,0,1,0,1,0,1,0,0,1
ZTF21aagjqjt,0,1,0,1,0,1,0,0,1,1,0
ZTF21aajbvgw,0,1,0,1,0,1,0,1,0,0,1
ZTF21aajcbid,0,0,1,1,0,1,0,1,0,1,0
ZTF21aakndzd,0,1,0,1,0,1,0,1,0,0,1
ZTF21aalnugz,0,1,0,1,0,1,0,0,1,1,0
ZTF21aanjejr,0,1,0,1,0,1,0,0,1,1,0
ZTF21aaqmnba,1,0,0,0,0,0,0,0,0,0,0
ZTF21aarqevh,1,0,0,0,0,0,0,0,0,0,0
ZTF21aasodhy,0,1,0,1,0,0,1,1,0,1,0
ZTF21aaurofh,1,0,0,0,0,0,0,0,0,0,0
ZTF21aaycvix,0,0,1,1,0,1,0,1,0,1,0
ZTF21abasbwt,1,0,0,0,0,0,0,0,0,0,0
ZTF21abasely,0,0,1,1,0,1,0,1,0,1,0
ZTF21abasmct,0,1,0,0,1,1,0,1,0,1,0
ZTF21abbegja,0,0,1,1,0,1,0,1,0,1,0
ZTF21abhbptf,0,1,0,0,1,1,0,1,0,1,0
ZTF21abjnamw,0,1,0,1,0,0,1,1,0,1,0
ZTF21abkawbj,0,1,0,1,0,1,0,0,1,1,0
ZTF21abkgwwg,0,0,1,1,0,1,0,1,0,1,0
ZTF21abkxpjy,0,1,0,0,1,1,0,1,0,1,0
ZTF21abllnzo,0,0,1,1,0,1,0,1,0,1,0
ZTF21ablxqtj,0,1,0,1,0,0,1,1,0,1,0
ZTF21abmzmhn,0,1,0,1,0,0,1,1,0,1,0
ZTF21abqsuoi,0,1,0,1,0,0,1,1,0,1,0
ZTF21abrjvhz,0,1,0,1,0,1,0,1,0,0,1
ZTF21absmjot,0,0,1,1,0,1,0,1,0,1,0
ZTF21absszwk,0,1,0,1,0,1,0,1,0,0,1
ZTF21abvewhk,0,1,0,0,1,1,0,1,0,1,0
ZTF21abvfunj,0,1,0,1,0,0,1,1,0,1,0
ZTF21abxaxoo,0,0,1,1,0,1,0,1,0,1,0
ZTF21abxotnb,0,1,0,0,1,1,0,1,0,1,0
ZTF21abzcotp,0,1,0,1,0,0,1,1,0,1,0
ZTF21acagnnx,0,1,0,1,0,1,0,0,1,1,0
ZTF21accgame,0,1,0,1,0,1,0,0,1,1,0
ZTF21accpyju,1,0,0,0,0,0,0,0,0,0,0
ZTF21acdqrqk,0,1,0,1,0,1,0,1,0,0,1
ZTF21acdvvck,0,1,0,1,0,1,0,1,0,0,1
ZTF21acdvvmr,1,0,0,0,0,0,0,0,0,0,0
ZTF21acfmsiq,1,0,0,0,0,0,0,0,0,0,0
ZTF21acfmxeu,0,0,1,1,0,1,0,1,0,1,0
ZTF21acfrvys,0,1,0,1,0,0,1,1,0,1,0
ZTF21acgospy,0,1,0,1,0,1,0,0,1,1,0
ZTF21acgpalc,0,1,0,1,0,1,0,0,1,1,0
ZTF21acjsvms,0,1,0,1,0,1,0,0,1,1,0
ZTF21ackzkbu,1,0,0,0,0,0,0,0,0,0,0
ZTF21acmtupz,1,0,0,0,0,0,0,0,0,0,0
ZTF21acnrbmw,0,1,0,0,1,1,0,1,0,1,0
ZTF21acqkqad,1,0,0,0,0,0,0,0,0,0,0
ZTF21acqwbsn,0,0,1,1,0,1,0,1,0,1,0
ZTF21acrdiji,0,1,0,1,0,0,1,1,0,1,0
ZTF21acrwunc,0,1,0,1,0,1,0,0,1,1,0
ZTF21actkbtw,0,0,1,1,0,1,0,1,0,1,0
ZTF21acudpir,0,0,1,1,0,1,0,1,0,1,0
ZTF21acvkcqq,0,1,0,1,0,0,1,1,0,1,0
ZTF22aaaagqp,1,0,0,0,0,0,0,0,0,0,0
ZTF22aaaahby,0,1,0,1,0,1,0,0,1,1,0
ZTF22aaakran,0,1,0,1,0,1,0,1,0,0,1
ZTF22aaattqp,0,0,1,1,0,1,0,1,0,1,0
ZTF22aabgomo,0,1,0,0,1,1,0,1,0,1,0
ZTF22aabkgqp,0,1,0,1,0,0,1,1,0,1,0
ZTF22aacecqb,0,1,0,1,0,1,0,1,0,0,1
ZTF22aadamcl,0,1,0,1,0,0,1,1,0,1,0
ZTF22aaeaorc,0,1,0,1,0,1,0,1,0,0,1
ZTF22aaffyof,0,1,0,0,1,1,0,1,0,1,0
ZTF22aafubvf,0,1,0,1,0,1,0,0,1,1,0
ZTF22aafxwhw,0,1,0,1,0,1,0,1,0,0,1
ZTF22aagcspe,1,0,0,0,0,0,0,0,0,0,0
ZTF22aagmiyb,0,1,0,0,1,1,0,1,0,1,0
ZTF22aahhgzn,0,1,0,1,0,1,0,0,1,1,0
ZTF22aahjboa,0,0,1,1,0,1,0,1,0,1,0
ZTF22aahvona,0,1,0,0,1,1,0,1,0,1,0
ZTF22aaifllz,1,0,0,0,0,0,0,0,0,0,0
ZTF22aaigqsr,0,1,0,1,0,1,0,0,1,1,0
ZTF22aairkoo,0,0,1,1,0,1,0,1,0,1,0
ZTF22aajamaa,0,1,0,0,1,1,0,1,0,1,0
ZTF22aajbgqf,0,1,0,0,1,1,0,1,0,1,0
ZTF22aajbnzk,0,1,0,1,0,0,1,1,0,1,0
ZTF22aajwlvn,0,0,1,1,0,1,0,1,0,1,0
ZTF22aakdacw,0,0,1,1,0,1,0,1,0,1,0
ZTF22aakjgkd,0,1,0,1,0,1,0,0,1,1,0
ZTF22aakjgru,0,1,0,1,0,1,0,0,1,1,0
ZTF22aaksejt,0,1,0,1,0,1,0,1,0,0,1
ZTF22aakseka,0,1,0,1,0,0,1,1,0,1,0
ZTF22aakselz,0,1,0,0,1,1,0,1,0,1,0
ZTF22aaksnrm,0,1,0,0,1,1,0,1,0,1,0
ZTF22aalgtwf,1,0,0,0,0,0,0,0,0,0,0
ZTF22aalguot,0,1,0,1,0,1,0,0,1,1,0
ZTF22aallbjd,0,1,0,1,0,1,0,1,0,0,1
ZTF22aallsqz,0,1,0,1,0,1,0,1,0,0,1
ZTF22aalnrly,0,1,0,1,0,1,0,0,1,1,0
ZTF22aalomqt,0,1,0,1,0,0,1,1,0,1,0
ZTF22aalwnco,1,0,0,0,0,0,0,0,0,0,0
ZTF22aalwner,0,1,0,1,0,0,1,1,0,1,0
ZTF22aalwzbe,0,1,0,1,0,1,0,0,1,1,0
ZTF22aalxlzg,0,1,0,1,0,1,0,1,0,0,1
ZTF22aalxtor,0,1,0,1,0,0,1,1,0,1,0
ZTF22aalxyqn,0,1,0,1,0,1,0,0,1,1,0
ZTF22aalzpzx,0,1,0,0,1,1,0,1,0,1,0
ZTF22aamaacu,0,1,0,0,1,1,0,1,0,1,0
ZTF22aamabcj,0,0,1,1,0,1,0,1,0,1,0
ZTF22aambuap,0,1,0,1,0,1,0,0,1,1,0
ZTF22aambvfy,1,0,0,0,0,0,0,0,0,0,0
ZTF22aambxqz,0,0,1,1,0,1,0,1,0,1,0
ZTF22aambzvw,0,1,0,1,0,0,1,1,0,1,0
ZTF22aamfjun,0,1,0,1,0,1,0,1,0,0,1
ZTF22aamgcot,1,0,0,0,0,0,0,0,0,0,0
ZTF22aamhaqg,1,0,0,0,0,0,0,0,0,0,0
ZTF22aamhssl,0,0,1,1,0,1,0,1,0,1,0
ZTF22aamiomf,0,0,1,1,0,1,0,1,0,1,0
ZTF22aamjndl,1,0,0,0,0,0,0,0,0,0,0
ZTF22aamjqvc,0,1,0,1,0,1,0,1,0,0,1
ZTF22aamjutx,0,1,0,1,0,1,0,1,0,0,1
ZTF22aamjxdn,0,1,0,0,1,1,0,1,0,1,0
ZTF22aamjxvf,1,0,0,0,0,0,0,0,0,0,0
ZTF22aamkixd,0,1,0,0,1,1,0,1,0,1,0
ZTF22aamltvi,0,1,0,1,0,1,0,1,0,0,1
ZTF22aammscg,1,0,0,0,0,0,0,0,0,0,0
ZTF22aammzex,1,0,0,0,0,0,0,0,0,0,0
ZTF22aamndbq,0,1,0,1,0,0,1,1,0,1,0
ZTF22aamndym,0,1,0,1,0,1,0,1,0,0,1
ZTF22aamnfmf,1,0,0,0,0,0,0,0,0,0,0
ZTF22aamnfst,0,0,1,1,0,1,0,1,0,1,0
ZTF22aamnkmg,0,1,0,1,0,1,0,0,1,1,0
ZTF22aamnlwq,0,0,1,1,0,1,0,1,0,1,0
ZTF22aamnpxi,1,0,0,0,0,0,0,0,0,0,0
ZTF22aamnrbf,0,1,0,1,0,1,0,1,0,0,1
ZTF22aamnwyr,1,0,0,0,0,0,0,0,0,0,0
ZTF22aamnzzi,0,1,0,0,1,1,0,1,0,1,0
ZTF22aamprpf,0,0,1,1,0,1,0,1,0,1,0
ZTF22aamptba,0,1,0,0,1,1,0,1,0,1,0
ZTF22aampufw,0,1,0,0,1,1,0,1,0,1,0
ZTF22aampytc,0,1,0,1,0,1,0,0,1,1,0
ZTF22aamrgvu,0,1,0,1,0,0,1,1,0,1,0
ZTF22aamrlrr,0,1,0,1,0,1,0,1,0,0,1
ZTF22aamrnix,0,1,0,0,1,1,0,1,0,1,0
ZTF22aamrnpm,0,1,0,0,1,1,0,1,0,1,0
ZTF22aamrufr,0,1,0,1,0,0,1,1,0,1,0
ZTF22aamrwts,1,0,0,0,0,0,0,0,0,0,0
ZTF22aamryka,0,1,0,1,0,1,0,0,1,1,0
ZTF22aamryyj,0,1,0,1,0,1,0,0,1,1,0
ZTF22aamrznf,1,0,0,0,0,0,0,0,0,0,0
ZTF22aamrztm,0,0,1,1,0,1,0,1,0,1,0
ZTF22aamslxz,1,0,0,0,0,0,0,0,0,0,0
ZTF22aamsolm,0,0,1,1,0,1,0,1,0,1,0
ZTF22aamsosj,0,1,0,1,0,1,0,1,0,0,1
ZTF22aamsosw,0,1,0,1,0,1,0,1,0,0,1
ZTF22aamspco,0,1,0,0,1,1,0,1,0,1,0
ZTF22aamspko,0,0,1,1,0,1,0,1,0,1,0
ZTF22aamsrfj,0,1,0,1,0,0,1,1,0,1,0
ZTF22aamsrjn,0,1,0,1,0,1,0,1,0,0,1
ZTF22aamsrxb,0,0,1,1,0,1,0,1,0,1,0
ZTF22aamssfp,0,1,0,0,1,1,0,1,0,1,0
ZTF22aamsths,1,0,0,0,0,0,0,0,0,0,0
ZTF22aamsuco,0,0,1,1,0,1,0,1,0,1,0
ZTF22aamtomc,0,1,0,1,0,1,0,0,1,1,0
ZTF22aamuefn,1,0,0,0,0,0,0,0,0,0,0
ZTF22aamuksg,0,0,1,1,0,1,0,1,0,1,0
ZTF22aamuneh,0,1,0,1,0,1,0,1,0,0,1
ZTF22aamunwr,0,1,0,1,0,1,0,0,1,1,0
ZTF22aamuocu,0,1,0,1,0,1,0,1,0,0,1
ZTF22aamupup,0,1,0,1,0,1,0,0,1,1,0
ZTF22aamuuez,0,1,0,1,0,1,0,1,0,0,1
ZTF22aamuugi,1,0,0,0,0,0,0,0,0,0,0
ZTF22aamuvjn,0,1,0,1,0,1,0,1,0,0,1
ZTF22aamuvkl,0,0,1,1,0,1,0,1,0,1,0
ZTF22aamuzwj,0,0,1,1,0,1,0,1,0,1,0
ZTF22aamwohg,0,0,1,1,0,1,0,1,0,1,0
ZTF22aamwval,1,0,0,0,0,0,0,0,0,0,0
ZTF22aamwwkg,0,1,0,1,0,1,0,0,1,1,0
ZTF22aamxfkm,1,0,0,0,0,0,0,0,0,0,0
ZTF22aamxfrw,0,1,0,1,0,1,0,0,1,1,0
ZTF22aamxmno,0,1,0,1,0,1,0,0,1,1,0
ZTF22aamxqxb,0,0,1,1,0,1,0,1,0,1,0
ZTF22aamxszf,0,1,0,1,0,1,0,0,1,1,0
ZTF22aamydif,0,1,0,1,0,1,0,0,1,1,0
ZTF22aamyewz,0,1,0,1,0,1,0,1,0,0,1
ZTF22aamyist,0,1,0,1,0,1,0,0,1,1,0
ZTF22aamzzjw,0,0,1,1,0,1,0,1,0,1,0
ZTF22aanabjd,1,0,0,0,0,0,0,0,0,0,0
ZTF22aanadpd,0,1,0,1,0,1,0,0,1,1,0
ZTF22aanamrm,0,0,1,1,0,1,0,1,0,1,0
ZTF22aananmc,0,1,0,1,0,1,0,1,0,0,1
ZTF22aanarbr,1,0,0,0,0,0,0,0,0,0,0
ZTF22aanauak,1,0,0,0,0,0,0,0,0,0,0
ZTF22aanaxeq,0,1,0,1,0,0,1,1,0,1,0
ZTF22aanbarx,0,1,0,1,0,0,1,1,0,1,0
ZTF22aanbbhw,0,1,0,1,0,1,0,0,1,1,0
ZTF22aanbknk,0,1,0,1,0,1,0,1,0,0,1
ZTF22aanbknv,1,0,0,0,0,0,0,0,0,0,0
ZTF22aanblft,0,1,0,0,1,1,0,1,0,1,0
ZTF22aanbtgn,0,1,0,1,0,1,0,0,1,1,0
ZTF22aanbxiz,1,0,0,0,0,0,0,0,0,0,0
ZTF22aancejx,0,0,1,1,0,1,0,1,0,1,0
ZTF22aancekz,0,1,0,1,0,0,1,1,0,1,0
ZTF22aancfgx,0,1,0,1,0,1,0,0,1,1,0
ZTF22aanckie,0,1,0,0,1,1,0,1,0,1,0
ZTF22aanclke,0,1,0,1,0,1,0,0,1,1,0
ZTF22aanclxd,0,0,1,1,0,1,0,1,0,1,0
ZTF22aancqdf,0,0,1,1,0,1,0,1,0,1,0
ZTF22aancqto,0,1,0,1,0,1,0,1,0,0,1
ZTF22aancshn,0,1,0,1,0,1,0,1,0,0,1
ZTF22aanczjk,0,1,0,1,0,0,1,1,0,1,0
ZTF22aandfus,0,1,0,1,0,0,1,1,0,1,0
ZTF22aandial,1,0,0,0,0,0,0,0,0,0,0
ZTF22aandihp,0,0,1,1,0,1,0,1,0,1,0
ZTF22aandild,0,1,0,1,0,1,0,1,0,0,1
ZTF22aandowy,0,1,0,1,0,0,1,1,0,1,0
ZTF22aandsnk,1,0,0,0,0,0,0,0,0,0,0
ZTF22aanduqj,0,0,1,1,0,1,0,1,0,1,0
ZTF22aandusv,0,1,0,1,0,1,0,1,0,0,1
ZTF22aanemjb,0,1,0,1,0,0,1,1,0,1,0
ZTF22aaneoux,0,1,0,1,0,0,1,1,0,1,0
ZTF22aaneraa,0,1,0,1,0,1,0,0,1,1,0
ZTF22aanesux,0,1,0,1,0,1,0,0,1,1,0
ZTF22aaneudj,1,0,0,0,0,0,0,0,0,0,0
ZTF22aangsdn,1,0,0,0,0,0,0,0,0,0,0
ZTF22aangxck,0,1,0,0,1,1,0,1,0,1,0
ZTF22aangynj,0,1,0,0,1,1,0,1,0,1,0
ZTF22aanhbre,0,1,0,0,1,1,0,1,0,1,0
ZTF22aanhjxj,0,0,1,1,0,1,0,1,0,1,0
ZTF22aanhpid,0,1,0,1,0,1,0,1,0,0,1
ZTF22aanjimh,1,0,0,0,0,0,0,0,0,0,0
ZTF22aanjovk,0,0,1,1,0,1,0,1,0,1,0
ZTF22aanjxpb,0,1,0,1,0,0,1,1,0,1,0
ZTF22aanjyae,0,1,0,1,0,0,1,1,0,1,0
ZTF22aanjzef,1,0,0,0,0,0,0,0,0,0,0
ZTF22aanjzfb,0,1,0,1,0,0,1,1,0,1,0
ZTF22aanjzos,0,1,0,1,0,0,1,1,0,1,0
ZTF22aankjwy,1,0,0,0,0,0,0,0,0,0,0
ZTF22aankogz,0,1,0,0,1,1,0,1,0,1,0
ZTF22aankqdu,1,0,0,0,0,0,0,0,0,0,0
ZTF22aanktfq,0,1,0,1,0,1,0,1,0,0,1
ZTF22aankxcq,0,0,1,1,0,1,0,1,0,1,0
ZTF22aankxky,0,1,0,1,0,1,0,0,1,1,0
ZTF22aankxmt,0,1,0,0,1,1,0,1,0,1,0
ZTF22aankxrd,0,1,0,0,1,1,0,1,0,1,0
ZTF22aankyer,0,1,0,1,0,1,0,1,0,0,1
ZTF22aankyfi,0,1,0,1,0,1,0,1,0,0,1
ZTF22aankyqi,0,1,0,0,1,1,0,1,0,1,0
ZTF22aankyqj,1,0,0,0,0,0,0,0,0,0,0
ZTF22aankzby,1,0,0,0,0,0,0,0,0,0,0
ZTF22aanlaci,0,1,0,1,0,0,1,1,0,1,0
ZTF22aanlajm,1,0,0,0,0,0,0,0,0,0,0
ZTF22aanlazr,1,0,0,0,0,0,0,0,0,0,0
ZTF22aanldvo,0,1,0,1,0,1,0,1,0,0,1
ZTF22aanleir,1,0,0,0,0,0,0,0,0,0,0
ZTF22aanllgz,0,1,0,1,0,1,0,1,0,0,1
ZTF22aanlnen,0,1,0,1,0,0,1,1,0,1,0
ZTF22aanlnua,0,1,0,1,0,1,0,0,1,1,0
ZTF22aanlpln,0,1,0,1,0,1,0,1,0,0,1
ZTF22aanlqvj,0,1,0,1,0,1,0,0,1,1,0
ZTF22aanlrji,0,0,1,1,0,1,0,1,0,1,0
ZTF22aanlsaz,0,1,0,0,1,1,0,1,0,1,0
ZTF22aanlsgt,0,1,0,1,0,1,0,1,0,0,1
ZTF22aanlsrp,0,1,0,1,0,1,0,0,1,1,0
ZTF22aanlswv,0,1,0,0,1,1,0,1,0,1,0
ZTF22aanlsyc,0,1,0,1,0,1,0,1,0,0,1
ZTF22aanltwq,0,1,0,1,0,1,0,1,0,0,1
ZTF22aanlvhg,0,1,0,1,0,1,0,0,1,1,0
ZTF22aanlxus,0,1,0,1,0,0,1,1,0,1,0
ZTF22aanlyiu,0,1,0,1,0,1,0,1,0,0,1
ZTF22aanmacr,0,0,1,1,0,1,0,1,0,1,0
ZTF22aanmbsd,0,0,1,1,0,1,0,1,0,1,0
ZTF22aanmcur,0,0,1,1,0,1,0,1,0,1,0
ZTF22aanmhsi,0,1,0,1,0,1,0,0,1,1,0
ZTF22aanmhyb,0,1,0,0,1,1,0,1,0,1,0
ZTF22aanmjkh,1,0,0,0,0,0,0,0,0,0,0
ZTF22aanmkbq,0,1,0,1,0,1,0,0,1,1,0
ZTF22aanmmww,0,1,0,1,0,1,0,0,1,1,0
ZTF22aannbyz,0,1,0,0,1,1,0,1,0,1,0
ZTF22aannfff,0,0,1,1,0,1,0,1,0,1,0
ZTF22aanpfmt,0,1,0,1,0,1,0,1,0,0,1
ZTF22aanpfor,0,1,0,1,0,1,0,1,0,0,1
ZTF22aanppxd,0,1,0,0,1,1,0,1,0,1,0
ZTF22aanptcx,0,1,0,1,0,0,1,1,0,1,0
ZTF22aanpyve,0,1,0,0,1,1,0,1,0,1,0
ZTF22aanpyxl,0,1,0,1,0,1,0,1,0,0,1
ZTF22aanpyzd,0,1,0,1,0,1,0,1,0,0,1
ZTF22aanpzzs,0,1,0,0,1,1,0,1,0,1,0
ZTF22aanqvyn,0,1,0,1,0,0,1,1,0,1,0
ZTF22aanrqje,0,1,0,1,0,1,0,0,1,1,0
ZTF22aanrsaa,0,1,0,1,0,1,0,0,1,1,0
ZTF22aanscam,0,1,0,0,1,1,0,1,0,1,0
ZTF22aansgra,1,0,0,0,0,0,0,0,0,0,0
ZTF22aansjuu,0,0,1,1,0,1,0,1,0,1,0
ZTF22aantrtp,0,1,0,1,0,1,0,1,0,0,1
ZTF22aantzda,0,1,0,0,1,1,0,1,0,1,0
ZTF22aanudmg,0,1,0,1,0,1,0,0,1,1,0
ZTF22aanukvr,0,0,1,1,0,1,0,1,0,1,0
ZTF22aanumcx,0,1,0,1,0,0,1,1,0,1,0
ZTF22aanumqi,0,1,0,1,0,1,0,1,0,0,1
ZTF22aanumrq,0,1,0,1,0,0,1,1,0,1,0
ZTF22aanumsh,1,0,0,0,0,0,0,0,0,0,0
ZTF22aanupap,0,1,0,1,0,1,0,0,1,1,0
ZTF22aanuwqf,1,0,0,0,0,0,0,0,0,0,0
ZTF22aanvalk,0,0,1,1,0,1,0,1,0,1,0
ZTF22aanvcxz,0,1,0,1,0,0,1,1,0,1,0
ZTF22aanvjgo,0,1,0,1,0,0,1,1,0,1,0
ZTF22aanvkaf,0,0,1,1,0,1,0,1,0,1,0
ZTF22aanvmbg,0,1,0,1,0,1,0,0,1,1,0
ZTF22aanvmeo,1,0,0,0,0,0,0,0,0,0,0
ZTF22aanvost,0,1,0,0,1,1,0,1,0,1,0
ZTF22aanvpjq,0,1,0,1,0,1,0,0,1,1,0
ZTF22aanvpoi,0,1,0,1,0,1,0,0,1,1,0
ZTF22aanvqbv,0,1,0,1,0,1,0,0,1,1,0
ZTF22aanvqdg,1,0,0,0,0,0,0,0,0,0,0
ZTF22aanvqie,1,0,0,0,0,0,0,0,0,0,0
ZTF22aanvqsb,0,1,0,0,1,1,0,1,0,1,0
ZTF22aanvruj,1,0,0,0,0,0,0,0,0,0,0
ZTF22aanvspo,0,1,0,1,0,0,1,1,0,1,0
ZTF22aanvtjd,0,1,0,1,0,1,0,1,0,0,1
ZTF22aanvtya,0,1,0,0,1,1,0,1,0,1,0
ZTF22aanvumu,0,1,0,0,1,1,0,1,0,1,0
ZTF22aanvuvq,0,1,0,1,0,1,0,0,1,1,0
ZTF22aanvwxz,0,1,0,1,0,1,0,0,1,1,0
ZTF22aanvxtw,0,0,1,1,0,1,0,1,0,1,0
ZTF22aanwcut,1,0,0,0,0,0,0,0,0,0,0
ZTF22aanwddb,1,0,0,0,0,0,0,0,0,0,0
ZTF22aanweuf,0,1,0,1,0,1,0,1,0,0,1
ZTF22aanwfmo,1,0,0,0,0,0,0,0,0,0,0
ZTF22aanwhrd,1,0,0,0,0,0,0,0,0,0,0
ZTF22aanwibf,0,0,1,1,0,1,0,1,0,1,0
ZTF22aanxfnr,0,1,0,0,1,1,0,1,0,1,0
ZTF22aanxwlv,0,1,0,1,0,0,1,1,0,1,0
ZTF22aanybeq,0,1,0,0,1,1,0,1,0,1,0
ZTF22aanybxw,1,0,0,0,0,0,0,0,0,0,0
ZTF22aanyfjl,0,1,0,1,0,1,0,1,0,0,1
ZTF22aanyfyb,0,0,1,1,0,1,0,1,0,1,0
ZTF22aanyggd,0,0,1,1,0,1,0,1,0,1,0
ZTF22aanygke,0,1,0,0,1,1,0,1,0,1,0
ZTF22aanyhsd,0,1,0,1,0,1,0,1,0,0,1
ZTF22aanyhvq,0,1,0,1,0,0,1,1,0,1,0
ZTF22aanymlx,0,1,0,0,1,1,0,1,0,1,0
ZTF22aanynls,1,0,0,0,0,0,0,0,0,0,0
ZTF22aanywoq,0,0,1,1,0,1,0,1,0,1,0
ZTF22aanyxmg,0,0,1,1,0,1,0,1,0,1,0
ZTF22aanyxnw,0,1,0,1,0,0,1,1,0,1,0
ZTF22aanyxts,0,1,0,0,1,1,0,1,0,1,0
ZTF22aanzbru,0,1,0,1,0,1,0,1,0,0,1
ZTF22aanzdqa,0,0,1,1,0,1,0,1,0,1,0
ZTF22aanzpet,0,1,0,0,1,1,0,1,0,1,0
ZTF22aanzrlh,0,0,1,1,0,1,0,1,0,1,0
ZTF22aaoactr,0,1,0,1,0,1,0,0,1,1,0
ZTF22aaoahnj,0,1,0,0,1,1,0,1,0,1,0
ZTF22aaoardp,0,1,0,0,1,1,0,1,0,1,0
ZTF22aaoaxmc,0,1,0,0,1,1,0,1,0,1,0
ZTF22aaobgsy,0,1,0,1,0,1,0,0,1,1,0
ZTF22aaobnru,0,1,0,1,0,1,0,0,1,1,0
ZTF22aaocfhx,1,0,0,0,0,0,0,0,0,0,0
ZTF22aaocgcg,1,0,0,0,0,0,0,0,0,0,0
ZTF22aaochut,0,1,0,0,1,1,0,1,0,1,0
ZTF22aaochzj,0,1,0,1,0,1,0,0,1,1,0
ZTF22aaocjgr,0,1,0,1,0,0,1,1,0,1,0
ZTF22aaodbpy,0,1,0,1,0,1,0,1,0,0,1
ZTF22aaodbqn,0,1,0,0,1,1,0,1,0,1,0
ZTF22aaodelu,0,1,0,0,1,1,0,1,0,1,0
ZTF22aaodgop,0,1,0,0,1,1,0,1,0,1,0
ZTF22aaodvoj,1,0,0,0,0,0,0,0,0,0,0
ZTF22aaodvsc,0,1,0,0,1,1,0,1,0,1,0
ZTF22aaoelte,0,1,0,1,0,0,1,1,0,1,0
ZTF22aaoelug,0,0,1,1,0,1,0,1,0,1,0
ZTF22aaoemhs,0,1,0,1,0,0,1,1,0,1,0
ZTF22aaoewrn,0,1,0,1,0,0,1,1,0,1,0
ZTF22aaofpts,0,1,0,0,1,1,0,1,0,1,0
ZTF22aaogkzb,0,1,0,1,0,1,0,1,0,0,1
ZTF22aaoglxd,0,1,0,1,0,1,0,0,1,1,0
ZTF22aaogojm,0,1,0,1,0,1,0,0,1,1,0
ZTF22aaogojr,0,0,1,1,0,1,0,1,0,1,0
ZTF22aaogrih,0,1,0,1,0,1,0,0,1,1,0
ZTF22aaogvsn,0,1,0,1,0,1,0,0,1,1,0
ZTF22aaogwdx,0,1,0,1,0,1,0,1,0,0,1
ZTF22aaogwme,0,1,0,1,0,1,0,0,1,1,0
ZTF22aaogyhz,0,1,0,1,0,1,0,1,0,0,1
ZTF22aaohdsj,0,1,0,1,0,0,1,1,0,1,0
ZTF22aaohecw,0,0,1,1,0,1,0,1,0,1,0
ZTF22aaohgkf,1,0,0,0,0,0,0,0,0,0,0
ZTF22aaohhqo,0,1,0,1,0,0,1,1,0,1,0
ZTF22aaohibs,0,1,0,0,1,1,0,1,0,1,0
ZTF22aaohidu,0,1,0,0,1,1,0,1,0,1,0
ZTF22aaohilj,0,1,0,1,0,1,0,0,1,1,0
ZTF22aaohipd,0,0,1,1,0,1,0,1,0,1,0
ZTF22aaohjpi,0,0,1,1,0,1,0,1,0,1,0
ZTF22aaohkps,1,0,0,0,0,0,0,0,0,0,0
ZTF22aaohkqz,0,1,0,1,0,1,0,0,1,1,0
ZTF22aaohlic,0,1,0,1,0,0,1,1,0,1,0
ZTF22aaohmcv,0,1,0,1,0,0,1,1,0,1,0
ZTF22aaohmdv,0,0,1,1,0,1,0,1,0,1,0
ZTF22aaohojc,0,0,1,1,0,1,0,1,0,1,0
ZTF22aaohonv,1,0,0,0,0,0,0,0,0,0,0
ZTF22aaohorr,0,1,0,1,0,0,1,1,0,1,0
ZTF22aaohpmz,0,1,0,1,0,1,0,1,0,0,1
ZTF22aaohppx,1,0,0,0,0,0,0,0,0,0,0
ZTF22aaohqfr,0,1,0,0,1,1,0,1,0,1,0
ZTF22aaohrki,1,0,0,0,0,0,0,0,0,0,0
ZTF22aaohryi,0,1,0,1,0,1,0,1,0,0,1
ZTF22aaohtnk,0,0,1,1,0,1,0,1,0,1,0
ZTF22aaohudn,0,1,0,0,1,1,0,1,0,1,0
ZTF22aaohulo,0,0,1,1,0,1,0,1,0,1,0
ZTF22aaohvay,1,0,0,0,0,0,0,0,0,0,0
ZTF22aaohvbt,0,0,1,1,0,1,0,1,0,1,0
ZTF22aaohvmj,0,1,0,1,0,1,0,1,0,0,1
ZTF22aaohwcy,0,1,0,1,0,0,1,1,0,1,0
ZTF22aaohzok,1,0,0,0,0,0,0,0,0,0,0
ZTF22aaoiddx,0,1,0,1,0,1,0,0,1,1,0
ZTF22aaoidkm,0,1,0,1,0,1,0,1,0,0,1
ZTF22aaoikag,0,0,1,1,0,1,0,1,0,1,0
ZTF22aaojclr,0,1,0,0,1,1,0,1,0,1,0
ZTF22aaokdtm,1,0,0,0,0,0,0,0,0,0,0
ZTF22aaokdxp,0,1,0,1,0,1,0,0,1,1,0
ZTF22aaokebo,0,0,1,1,0,1,0,1,0,1,0
ZTF22aaokitb,0,1,0,1,0,0,1,1,0,1,0
ZTF22aaokiud,1,0,0,0,0,0,0,0,0,0,0
ZTF22aaokiwd,0,0,1,1,0,1,0,1,0,1,0
ZTF22aaokiwo,0,1,0,1,0,0,1,1,0,1,0
ZTF22aaokpbg,0,1,0,1,0,1,0,1,0,0,1
ZTF22aaokzfi,0,1,0,1,0,0,1,1,0,1,0
ZTF22aaokzik,0,1,0,0,1,1,0,1,0,1,0
ZTF22aaokzim,0,1,0,0,1,1,0,1,0,1,0
ZTF22aaokzjv,0,0,1,1,0,1,0,1,0,1,0
ZTF22aaokzxw,0,1,0,1,0,1,0,0,1,1,0
ZTF22aaokzzb,1,0,0,0,0,0,0,0,0,0,0
ZTF22aaolacg,1,0,0,0,0,0,0,0,0,0,0
ZTF22aaolaem,0,1,0,0,1,1,0,1,0,1,0
ZTF22aaolahi,0,1,0,1,0,1,0,0,1,1,0
ZTF22aaolbat,0,1,0,0,1,1,0,1,0,1,0
ZTF22aaolbaw,0,0,1,1,0,1,0,1,0,1,0
ZTF22aaolbbe,0,1,0,1,0,1,0,0,1,1,0
ZTF22aaolbtk,0,1,0,1,0,0,1,1,0,1,0
ZTF22aaolcan,0,1,0,1,0,1,0,1,0,0,1
ZTF22aaolchg,0,0,1,1,0,1,0,1,0,1,0
ZTF22aaolcie,0,1,0,1,0,1,0,1,0,0,1
ZTF22aaolcrx,0,1,0,0,1,1,0,1,0,1,0
ZTF22aaolczz,0,1,0,1,0,1,0,0,1,1,0
ZTF22aaolden,0,0,1,1,0,1,0,1,0,1,0
ZTF22aaoldhb,0,0,1,1,0,1,0,1,0,1,0
ZTF22aaolelx,1,0,0,0,0,0,0,0,0,0,0
ZTF22aaolepp,0,1,0,1,0,0,1,1,0,1,0
ZTF22aaoleqc,0,1,0,0,1,1,0,1,0,1,0
ZTF22aaoleva,1,0,0,0,0,0,0,0,0,0,0
ZTF22aaolfwc,0,0,1,1,0,1,0,1,0,1,0
ZTF22aaolhhl,0,1,0,1,0,1,0,0,1,1,0
ZTF22aaolqzi,0,1,0,1,0,0,1,1,0,1,0
ZTF22aaolxwp,0,1,0,0,1,1,0,1,0,1,0
ZTF22aaolybe,0,1,0,1,0,1,0,0,1,1,0
ZTF22aaombjf,0,1,0,1,0,0,1,1,0,1,0
ZTF22aaomcji,1,0,0,0,0,0,0,0,0,0,0
ZTF22aaomcpn,0,1,0,0,1,1,0,1,0,1,0
ZTF22aaomhlx,0,1,0,0,1,1,0,1,0,1,0
ZTF22aaomhnb,1,0,0,0,0,0,0,0,0,0,0
ZTF22aaomhoe,0,0,1,1,0,1,0,1,0,1,0
ZTF22aaomjed,1,0,0,0,0,0,0,0,0,0,0
ZTF22aaomlvr,0,1,0,1,0,1,0,1,0,0,1
ZTF22aaomlyj,0,0,1,1,0,1,0,1,0,1,0
ZTF22aaomnka,1,0,0,0,0,0,0,0,0,0,0
ZTF22aaomqej,1,0,0,0,0,0,0,0,0,0,0
ZTF22aaomqkp,1,0,0,0,0,0,0,0,0,0,0
ZTF22aaomrcv,1,0,0,0,0,0,0,0,0,0,0
ZTF22aaomsmk,1,0,0,0,0,0,0,0,0,0,0
ZTF22aaomtfm,0,1,0,1,0,1,0,0,1,1,0
ZTF22aaomvmc,1,0,0,0,0,0,0,0,0,0,0
ZTF22aaomwea,0,1,0,1,0,1,0,0,1,1,0
ZTF22aaomxpa,1,0,0,0,0,0,0,0,0,0,0
ZTF22aaonarw,1,0,0,0,0,0,0,0,0,0,0
ZTF22aaonavj,0,1,0,1,0,1,0,0,1,1,0
ZTF22aaoncel,0,1,0,0,1,1,0,1,0,1,0
ZTF22aaondva,0,1,0,0,1,1,0,1,0,1,0
ZTF22aaonegs,0,1,0,1,0,1,0,0,1,1,0
ZTF22aaonelf,0,1,0,1,0,1,0,1,0,0,1
ZTF22aaonhaa,1,0,0,0,0,0,0,0,0,0,0
ZTF22aaonhdd,1,0,0,0,0,0,0,0,0,0,0
ZTF22aaonhif,0,1,0,1,0,0,1,1,0,1,0
ZTF22aaonpjx,0,1,0,1,0,1,0,1,0,0,1
ZTF22aaonpvo,0,1,0,1,0,0,1,1,0,1,0
ZTF22aaonqcc,0,1,0,1,0,1,0,1,0,0,1
ZTF22aaookol,0,1,0,1,0,0,1,1,0,1,0
ZTF22aaoolrn,1,0,0,0,0,0,0,0,0,0,0
ZTF22aaoolua,0,1,0,1,0,1,0,0,1,1,0
ZTF22aaooolf,1,0,0,0,0,0,0,0,0,0,0
ZTF22aaooykn,1,0,0,0,0,0,0,0,0,0,0
ZTF22aaopawk,0,0,1,1,0,1,0,1,0,1,0
ZTF22aaopbpk,0,1,0,1,0,1,0,0,1,1,0
ZTF22aaopczw,1,0,0,0,0,0,0,0,0,0,0
ZTF22aaopwuj,0,0,1,1,0,1,0,1,0,1,0
ZTF22aaopxjn,0,0,1,1,0,1,0,1,0,1,0
ZTF22aaopzqq,0,1,0,1,0,1,0,0,1,1,0
ZTF22aaoqbir,0,1,0,1,0,0,1,1,0,1,0
ZTF22aaoqbyb,0,1,0,1,0,1,0,0,1,1,0
ZTF22aaoqcaf,0,1,0,0,1,1,0,1,0,1,0
ZTF22aaoqcqf,0,1,0,1,0,0,1,1,0,1,0
ZTF22aaoqfas,1,0,0,0,0,0,0,0,0,0,0
ZTF22aaoqfsm,0,1,0,0,1,1,0,1,0,1,0
ZTF22aaoqghe,0,1,0,1,0,0,1,1,0,1,0
ZTF22aaoqhja,1,0,0,0,0,0,0,0,0,0,0
ZTF22aaoqizx,0,1,0,1,0,1,0,0,1,1,0
ZTF22aaoqjus,0,0,1,1,0,1,0,1,0,1,0
ZTF22aaoqlgl,1,0,0,0,0,0,0,0,0,0,0
ZTF22aaoqxqv,1,0,0,0,0,0,0,0,0,0,0
ZTF22aaorbox,0,1,0,1,0,0,1,1,0,1,0
ZTF22aaorbxb,0,1,0,0,1,1,0,1,0,1,0
ZTF22aaorcsg,0,1,0,0,1,1,0,1,0,1,0
ZTF22aaorcxp,0,1,0,1,0,0,1,1,0,1,0
ZTF22aaoreoz,1,0,0,0,0,0,0,0,0,0,0
ZTF22aaorjov,0,1,0,0,1,1,0,1,0,1,0
ZTF22aaorkwk,0,1,0,1,0,1,0,0,1,1,0
ZTF22aaosbde,0,0,1,1,0,1,0,1,0,1,0
ZTF22aaosdhh,0,1,0,1,0,1,0,1,0,0,1
ZTF22aaosevz,0,0,1,1,0,1,0,1,0,1,0
ZTF22aaosfzo,0,0,1,1,0,1,0,1,0,1,0
ZTF22aaosgke,0,0,1,1,0,1,0,1,0,1,0
ZTF22aaosgpr,1,0,0,0,0,0,0,0,0,0,0
ZTF22aaoshcy,0,1,0,1,0,0,1,1,0,1,0
ZTF22aaoshfw,0,1,0,1,0,1,0,1,0,0,1
ZTF22aaosjja,0,1,0,0,1,1,0,1,0,1,0
ZTF22aaosjnc,0,1,0,1,0,0,1,1,0,1,0
ZTF22aaoskpr,1,0,0,0,0,0,0,0,0,0,0
ZTF22aaoskwd,0,1,0,1,0,1,0,1,0,0,1
ZTF22aaoslbt,0,1,0,0,1,1,0,1,0,1,0
ZTF22aaotcsw,0,1,0,1,0,0,1,1,0,1,0
ZTF22aaotdur,0,1,0,1,0,1,0,1,0,0,1
ZTF22aaotdwb,0,1,0,1,0,0,1,1,0,1,0
ZTF22aaoteng,0,1,0,0,1,1,0,1,0,1,0
ZTF22aaotexo,0,0,1,1,0,1,0,1,0,1,0
ZTF22aaotgrc,0,0,1,1,0,1,0,1,0,1,0
ZTF22aaotqss,1,0,0,0,0,0,0,0,0,0,0
ZTF22aaotrax,0,1,0,1,0,0,1,1,0,1,0
ZTF22aaotrtf,1,0,0,0,0,0,0,0,0,0,0
ZTF22aaotsfa,0,1,0,1,0,1,0,0,1,1,0
ZTF22aaottwr,0,1,0,1,0,1,0,0,1,1,0
ZTF22aaotwbv,0,1,0,1,0,0,1,1,0,1,0
ZTF22aaouefy,0,1,0,1,0,0,1,1,0,1,0
ZTF22aaouiln,1,0,0,0,0,0,0,0,0,0,0
ZTF22aaouvtg,0,0,1,1,0,1,0,1,0,1,0
ZTF22aaouvwr,0,1,0,1,0,1,0,0,1,1,0
ZTF22aaovbhq,0,1,0,1,0,1,0,1,0,0,1
ZTF22aaovccs,1,0,0,0,0,0,0,0,0,0,0
ZTF22aaovdpp,0,0,1,1,0,1,0,1,0,1,0
ZTF22aaovdqh,0,1,0,1,0,0,1,1,0,1,0
ZTF22aaovdur,0,1,0,1,0,1,0,0,1,1,0
ZTF22aaovgam,0,1,0,0,1,1,0,1,0,1,0
ZTF22aaovhce,0,1,0,0,1,1,0,1,0,1,0
ZTF22aaovhyf,0,1,0,0,1,1,0,1,0,1,0
ZTF22aaovixi,0,1,0,0,1,1,0,1,0,1,0
ZTF22aaovnry,0,1,0,1,0,1,0,1,0,0,1
ZTF22aaovpni,0,1,0,1,0,1,0,0,1,1,0
ZTF22aaovqbb,0,1,0,1,0,1,0,1,0,0,1
ZTF22aaovsee,0,1,0,0,1,1,0,1,0,1,0
ZTF22aaovvnd,0,1,0,1,0,1,0,0,1,1,0
ZTF22aaovwfb,0,0,1,1,0,1,0,1,0,1,0
ZTF22aaowhti,1,0,0,0,0,0,0,0,0,0,0
ZTF22aaowkts,1,0,0,0,0,0,0,0,0,0,0
ZTF22aaownzz,0,1,0,0,1,1,0,1,0,1,0
ZTF22aaowxdy,1,0,0,0,0,0,0,0,0,0,0
ZTF22aaoxbke,1,0,0,0,0,0,0,0,0,0,0
ZTF22aaoxfgq,0,1,0,0,1,1,0,1,0,1,0
ZTF22aaoxfjb,0,0,1,1,0,1,0,1,0,1,0
ZTF22aaoxhuh,0,1,0,0,1,1,0,1,0,1,0
ZTF22aaoxiux,1,0,0,0,0,0,0,0,0,0,0
ZTF22aaoxkon,0,1,0,0,1,1,0,1,0,1,0
ZTF22aaoxpwf,0,1,0,1,0,1,0,1,0,0,1
ZTF22aaoxven,0,1,0,1,0,1,0,0,1,1,0
ZTF22aaoxwdo,0,0,1,1,0,1,0,1,0,1,0
ZTF22aaoxxdy,0,1,0,1,0,1,0,0,1,1,0
ZTF22aaoybri,0,1,0,1,0,1,0,0,1,1,0
ZTF22aaoyefu,0,1,0,0,1,1,0,1,0,1,0
ZTF22aaoyeyw,0,1,0,1,0,1,0,1,0,0,1
ZTF22aaoysqc,0,1,0,1,0,0,1,1,0,1,0
ZTF22aaoyvqz,0,1,0,1,0,1,0,0,1,1,0
ZTF22aaoywgv,0,1,0,1,0,1,0,0,1,1,0
ZTF22aaozcpt,0,1,0,1,0,0,1,1,0,1,0
ZTF22aaozixt,0,1,0,0,1,1,0,1,0,1,0
ZTF22aaozpnn,0,1,0,1,0,1,0,1,0,0,1
ZTF22aaozpun,0,0,1,1,0,1,0,1,0,1,0
ZTF22aaoztef,0,1,0,1,0,1,0,1,0,0,1
ZTF22aaozvac,0,1,0,1,0,1,0,0,1,1,0
ZTF22aaozvqp,0,1,0,0,1,1,0,1,0,1,0
ZTF22aaozxmx,0,0,1,1,0,1,0,1,0,1,0
ZTF22aapaauv,0,0,1,1,0,1,0,1,0,1,0
ZTF22aapaavr,0,1,0,0,1,1,0,1,0,1,0
ZTF22aapacwy,0,1,0,1,0,1,0,0,1,1,0
ZTF22aapakaa,0,1,0,1,0,1,0,0,1,1,0
ZTF22aapaknb,0,0,1,1,0,1,0,1,0,1,0
ZTF22aapaqqw,1,0,0,0,0,0,0,0,0,0,0
ZTF22aapaqug,0,1,0,1,0,1,0,1,0,0,1
ZTF22aapargp,1,0,0,0,0,0,0,0,0,0,0
ZTF22aaparmh,0,1,0,0,1,1,0,1,0,1,0
ZTF22aaparwk,0,0,1,1,0,1,0,1,0,1,0
ZTF22aaparxg,0,1,0,1,0,1,0,0,1,1,0
ZTF22aapasdr,0,1,0,0,1,1,0,1,0,1,0
ZTF22aapavnl,0,0,1,1,0,1,0,1,0,1,0
ZTF22aapbaow,0,1,0,1,0,1,0,1,0,0,1
ZTF22aapbaxd,0,0,1,1,0,1,0,1,0,1,0
ZTF22aapbest,0,1,0,1,0,0,1,1,0,1,0
ZTF22aapbewv,1,0,0,0,0,0,0,0,0,0,0
ZTF22aapcaym,0,0,1,1,0,1,0,1,0,1,0
ZTF22aapcayr,0,1,0,1,0,0,1,1,0,1,0
ZTF22aapcglh,1,0,0,0,0,0,0,0,0,0,0
ZTF22aapculi,0,0,1,1,0,1,0,1,0,1,0
ZTF22aapdmld,0,1,0,1,0,1,0,0,1,1,0
ZTF22aapdwal,0,1,0,1,0,1,0,1,0,0,1
ZTF22aapdwsy,0,0,1,1,0,1,0,1,0,1,0
ZTF22aapdyss,0,1,0,1,0,1,0,1,0,0,1
ZTF22aapedvd,0,1,0,0,1,1,0,1,0,1,0
ZTF22aapehze,0,1,0,1,0,1,0,1,0,0,1
ZTF22aapejlk,0,1,0,1,0,1,0,1,0,0,1
ZTF22aapejoa,0,1,0,1,0,0,1,1,0,1,0
ZTF22aapejuu,0,1,0,0,1,1,0,1,0,1,0
ZTF22aapejzd,0,1,0,1,0,0,1,1,0,1,0
ZTF22aapenmy,1,0,0,0,0,0,0,0,0,0,0
ZTF22aapesbi,0,1,0,1,0,0,1,1,0,1,0
ZTF22aapesui,1,0,0,0,0,0,0,0,0,0,0
ZTF22aapeuyw,0,1,0,0,1,1,0,1,0,1,0
ZTF22aapextz,0,1,0,1,0,1,0,0,1,1,0
ZTF22aapeytu,0,0,1,1,0,1,0,1,0,1,0
ZTF22aapfffz,0,1,0,1,0,1,0,1,0,0,1
ZTF22aapfnwh,0,1,0,1,0,0,1,1,0,1,0
ZTF22aapfqdz,0,1,0,1,0,0,1,1,0,1,0
ZTF22aapfrho,1,0,0,0,0,0,0,0,0,0,0
ZTF22aapftxr,0,0,1,1,0,1,0,1,0,1,0
ZTF22aapfuql,0,0,1,1,0,1,0,1,0,1,0
ZTF22aapfxoy,0,1,0,0,1,1,0,1,0,1,0
ZTF22aaphbqa,0,0,1,1,0,1,0,1,0,1,0
ZTF22aaphcfg,0,1,0,1,0,1,0,1,0,0,1
ZTF22aaphcwi,0,1,0,1,0,1,0,0,1,1,0
ZTF22aaphdch,0,1,0,1,0,1,0,1,0,0,1
ZTF22aaphder,0,0,1,1,0,1,0,1,0,1,0
ZTF22aaphdzl,1,0,0,0,0,0,0,0,0,0,0
ZTF22aaphgjr,0,0,1,1,0,1,0,1,0,1,0
ZTF22aaphhud,0,1,0,1,0,0,1,1,0,1,0
ZTF22aaphkty,0,1,0,1,0,1,0,0,1,1,0
ZTF22aaphpqt,0,0,1,1,0,1,0,1,0,1,0
ZTF22aaphtyz,0,0,1,1,0,1,0,1,0,1,0
ZTF22aaphvfy,1,0,0,0,0,0,0,0,0,0,0
ZTF22aapiguo,0,0,1,1,0,1,0,1,0,1,0
ZTF22aapiikb,1,0,0,0,0,0,0,0,0,0,0
ZTF22aapijey,1,0,0,0,0,0,0,0,0,0,0
ZTF22aapinrz,1,0,0,0,0,0,0,0,0,0,0
ZTF22aapipxk,0,1,0,0,1,1,0,1,0,1,0
ZTF22aapjbpb,0,1,0,0,1,1,0,1,0,1,0
ZTF22aapjjgl,0,1,0,1,0,1,0,1,0,0,1
ZTF22aapjjsx,0,1,0,1,0,1,0,1,0,0,1
ZTF22aapjkfc,0,1,0,1,0,0,1,1,0,1,0
ZTF22aapjlry,1,0,0,0,0,0,0,0,0,0,0
ZTF22aapjlth,1,0,0,0,0,0,0,0,0,0,0
ZTF22aapjmtk,0,0,1,1,0,1,0,1,0,1,0
ZTF22aapjmyf,0,1,0,0,1,1,0,1,0,1,0
ZTF22aapjpax,0,1,0,1,0,1,0,1,0,0,1
ZTF22aapjqif,0,1,0,1,0,1,0,1,0,0,1
ZTF22aapjqsm,0,1,0,1,0,1,0,0,1,1,0
ZTF22aapjqye,1,0,0,0,0,0,0,0,0,0,0
ZTF22aapjqyg,0,1,0,1,0,1,0,0,1,1,0
ZTF22aapjrry,1,0,0,0,0,0,0,0,0,0,0
ZTF22aapjrva,0,1,0,1,0,0,1,1,0,1,0
ZTF22aapjrvw,0,1,0,1,0,1,0,0,1,1,0
ZTF22aapjrvz,0,1,0,0,1,1,0,1,0,1,0
ZTF22aapjuai,1,0,0,0,0,0,0,0,0,0,0
ZTF22aapjyfi,0,0,1,1,0,1,0,1,0,1,0
ZTF22aapjzcj,0,1,0,1,0,0,1,1,0,1,0
ZTF22aapjzvn,0,1,0,1,0,0,1,1,0,1,0
ZTF22aapkasl,0,1,0,1,0,0,1,1,0,1,0
ZTF22aapkbdr,0,1,0,1,0,1,0,1,0,0,1
ZTF22aapkbhg,1,0,0,0,0,0,0,0,0,0,0
ZTF22aapkbkl,0,1,0,0,1,1,0,1,0,1,0
ZTF22aapkblc,0,0,1,1,0,1,0,1,0,1,0
ZTF22aapkbpv,0,1,0,1,0,0,1,1,0,1,0
ZTF22aapkctx,0,1,0,1,0,0,1,1,0,1,0
ZTF22aapkent,0,1,0,0,1,1,0,1,0,1,0
ZTF22aapkhgt,0,1,0,1,0,1,0,1,0,0,1
ZTF22aapkhhg,0,1,0,1,0,1,0,1,0,0,1
ZTF22aapkhtv,0,1,0,1,0,1,0,1,0,0,1
ZTF22aapkhyz,1,0,0,0,0,0,0,0,0,0,0
ZTF22aapkifv,0,1,0,1,0,1,0,0,1,1,0
ZTF22aapkisy,0,1,0,1,0,0,1,1,0,1,0
ZTF22aapkiwn,0,0,1,1,0,1,0,1,0,1,0
ZTF22aapkjef,0,1,0,1,0,1,0,1,0,0,1
ZTF22aapkjpz,0,1,0,1,0,0,1,1,0,1,0
ZTF22aapklqp,0,1,0,1,0,0,1,1,0,1,0
ZTF22aapkyyk,0,1,0,1,0,0,1,1,0,1,0
ZTF22aaplbfi,0,1,0,1,0,1,0,1,0,0,1
ZTF22aaplfkj,0,1,0,1,0,0,1,1,0,1,0
ZTF22aaplfwk,1,0,0,0,0,0,0,0,0,0,0
ZTF22aapljgh,1,0,0,0,0,0,0,0,0,0,0
ZTF22aaplmdl,0,1,0,0,1,1,0,1,0,1,0
ZTF22aapltmt,0,1,0,1,0,0,1,1,0,1,0
ZTF22aaplvwm,0,1,0,0,1,1,0,1,0,1,0
ZTF22aaplxkp,0,1,0,0,1,1,0,1,0,1,0
ZTF22aapmasc,0,0,1,1,0,1,0,1,0,1,0
ZTF22aapmdpc,0,1,0,1,0,1,0,0,1,1,0
ZTF22aapmdrl,0,1,0,1,0,1,0,0,1,1,0
ZTF22aapmdwe,0,1,0,1,0,1,0,0,1,1,0
ZTF22aapmmlf,0,0,1,1,0,1,0,1,0,1,0
ZTF22aapmnbq,1,0,0,0,0,0,0,0,0,0,0
ZTF22aapnryk,0,1,0,1,0,1,0,1,0,0,1
ZTF22aapnsrx,0,0,1,1,0,1,0,1,0,1,0
ZTF22aapntra,0,0,1,1,0,1,0,1,0,1,0
ZTF22aapnvds,1,0,0,0,0,0,0,0,0,0,0
ZTF22aapnzid,0,1,0,0,1,1,0,1,0,1,0
ZTF22aapobwr,0,1,0,1,0,1,0,1,0,0,1
ZTF22aapoidb,0,1,0,0,1,1,0,1,0,1,0
ZTF22aapoiuj,0,0,1,1,0,1,0,1,0,1,0
ZTF22aapojdu,1,0,0,0,0,0,0,0,0,0,0
ZTF22aapojjg,0,1,0,1,0,1,0,0,1,1,0
ZTF22aappxcg,0,0,1,1,0,1,0,1,0,1,0
ZTF22aappymg,0,1,0,1,0,1,0,0,1,1,0
ZTF22aappztc,1,0,0,0,0,0,0,0,0,0,0
ZTF22aapqaqe,0,1,0,1,0,1,0,1,0,0,1
ZTF22aapqdvh,1,0,0,0,0,0,0,0,0,0,0
ZTF22aapqefn,0,1,0,1,0,0,1,1,0,1,0
ZTF22aapqgio,0,1,0,1,0,1,0,0,1,1,0
ZTF22aapqizs,0,0,1,1,0,1,0,1,0,1,0
ZTF22aapqpaw,0,1,0,1,0,0,1,1,0,1,0
ZTF22aapqqys,0,1,0,1,0,0,1,1,0,1,0
ZTF22aaprasj,0,1,0,0,1,1,0,1,0,1,0
ZTF22aaprfdw,0,0,1,1,0,1,0,1,0,1,0
ZTF22aaprjhl,0,1,0,1,0,1,0,1,0,0,1
ZTF22aaprjsu,0,1,0,0,1,1,0,1,0,1,0
ZTF22aaprose,1,0,0,0,0,0,0,0,0,0,0
ZTF22aaprsqg,0,0,1,1,0,1,0,1,0,1,0
ZTF22aaprwnw,0,1,0,1,0,0,1,1,0,1,0
ZTF22aaprzcy,0,1,0,1,0,1,0,0,1,1,0
ZTF22aapscub,1,0,0,0,0,0,0,0,0,0,0
ZTF22aapsdax,1,0,0,0,0,0,0,0,0,0,0
ZTF22aapsmdv,1,0,0,0,0,0,0,0,0,0,0
ZTF22aapssgc,0,1,0,1,0,0,1,1,0,1,0
ZTF22aapsszs,0,1,0,1,0,1,0,1,0,0,1
ZTF22aapswhj,0,1,0,0,1,1,0,1,0,1,0
ZTF22aaptaks,0,1,0,1,0,1,0,0,1,1,0
ZTF22aaptaqz,0,1,0,1,0,1,0,0,1,1,0
ZTF22aaptmuk,0,1,0,1,0,1,0,1,0,0,1
ZTF22aaptpxt,0,1,0,0,1,1,0,1,0,1,0
ZTF22aaptrec,1,0,0,0,0,0,0,0,0,0,0
ZTF22aaptrir,0,1,0,1,0,0,1,1,0,1,0
ZTF22aaptrit,0,1,0,0,1,1,0,1,0,1,0
ZTF22aaptrwc,1,0,0,0,0,0,0,0,0,0,0
ZTF22aaptsvu,0,1,0,1,0,0,1,1,0,1,0
ZTF22aapttph,0,1,0,1,0,1,0,1,0,0,1
ZTF22aaptvuc,0,0,1,1,0,1,0,1,0,1,0
ZTF22aaptwzn,0,1,0,1,0,1,0,0,1,1,0
ZTF22aaptyed,0,1,0,0,1,1,0,1,0,1,0
ZTF22aaptyqc,1,0,0,0,0,0,0,0,0,0,0
ZTF22aaptzai,1,0,0,0,0,0,0,0,0,0,0
ZTF22aaptzap,1,0,0,0,0,0,0,0,0,0,0
ZTF22aaptzfe,0,1,0,0,1,1,0,1,0,1,0
ZTF22aaptzsd,0,1,0,1,0,1,0,1,0,0,1
ZTF22aaptzuz,0,1,0,1,0,0,1,1,0,1,0
ZTF22aapuahx,1,0,0,0,0,0,0,0,0,0,0
ZTF22aapuazu,0,1,0,0,1,1,0,1,0,1,0
ZTF22aapubaf,0,1,0,1,0,1,0,0,1,1,0
ZTF22aapubai,0,1,0,1,0,1,0,1,0,0,1
ZTF22aapubgg,1,0,0,0,0,0,0,0,0,0,0
ZTF22aapubhw,0,1,0,0,1,1,0,1,0,1,0
ZTF22aapubjx,0,1,0,1,0,0,1,1,0,1,0
ZTF22aapubsf,1,0,0,0,0,0,0,0,0,0,0
ZTF22aapubvf,0,1,0,0,1,1,0,1,0,1,0
ZTF22aapubvk,0,1,0,1,0,1,0,1,0,0,1
ZTF22aapubvv,0,1,0,1,0,0,1,1,0,1,0
ZTF22aapucak,0,1,0,1,0,1,0,1,0,0,1
ZTF22aapucap,0,1,0,1,0,0,1,1,0,1,0
ZTF22aapucdl,0,1,0,1,0,0,1,1,0,1,0
ZTF22aapucey,0,1,0,1,0,1,0,0,1,1,0
ZTF22aapuchk,0,1,0,1,0,1,0,1,0,0,1
ZTF22aapucla,0,0,1,1,0,1,0,1,0,1,0
ZTF22aapudrp,0,1,0,1,0,1,0,1,0,0,1
ZTF22aapuvtv,0,1,0,0,1,1,0,1,0,1,0
ZTF22aapuvuc,1,0,0,0,0,0,0,0,0,0,0
ZTF22aapvgvc,0,1,0,1,0,0,1,1,0,1,0
ZTF22aapvsmy,0,1,0,1,0,1,0,0,1,1,0
ZTF22aapwhic,1,0,0,0,0,0,0,0,0,0,0
ZTF22aapwlwb,1,0,0,0,0,0,0,0,0,0,0
ZTF22aapwntl,0,1,0,0,1,1,0,1,0,1,0
ZTF22aapwtzi,1,0,0,0,0,0,0,0,0,0,0
ZTF22aapxbca,0,0,1,1,0,1,0,1,0,1,0
ZTF22aapxnor,0,1,0,1,0,0,1,1,0,1,0
ZTF22aapxrol,1,0,0,0,0,0,0,0,0,0,0
ZTF22aapymep,0,0,1,1,0,1,0,1,0,1,0
ZTF22aapyumv,1,0,0,0,0,0,0,0,0,0,0
ZTF22aapyzmo,0,0,1,1,0,1,0,1,0,1,0
ZTF22aapzraz,0,0,1,1,0,1,0,1,0,1,0
ZTF22aapzsmd,1,0,0,0,0,0,0,0,0,0,0
ZTF22aapzvax,0,1,0,1,0,0,1,1,0,1,0
ZTF22aaqabif,1,0,0,0,0,0,0,0,0,0,0
ZTF22aaqaeeb,0,1,0,0,1,1,0,1,0,1,0
ZTF22aaqairr,1,0,0,0,0,0,0,0,0,0,0
ZTF22aaqanxh,0,1,0,0,1,1,0,1,0,1,0
ZTF22aaqaoam,0,1,0,0,1,1,0,1,0,1,0
ZTF22aaqaogn,0,1,0,0,1,1,0,1,0,1,0
ZTF22aaqaonu,1,0,0,0,0,0,0,0,0,0,0
ZTF22aaqasyb,0,1,0,0,1,1,0,1,0,1,0
ZTF22aaqbbtm,0,1,0,1,0,1,0,0,1,1,0
ZTF22aaqbhik,0,1,0,0,1,1,0,1,0,1,0
ZTF22aaqbjhu,0,1,0,1,0,0,1,1,0,1,0
ZTF22aaqcera,0,1,0,1,0,0,1,1,0,1,0
ZTF22aaqclvg,0,1,0,0,1,1,0,1,0,1,0
ZTF22aaqdaag,0,1,0,1,0,1,0,1,0,0,1
ZTF22aaqdfyk,0,0,1,1,0,1,0,1,0,1,0
ZTF22aaqdikn,1,0,0,0,0,0,0,0,0,0,0
ZTF22aaqefhd,0,1,0,1,0,1,0,0,1,1,0
ZTF22aaqehfr,0,1,0,1,0,1,0,1,0,0,1
ZTF22aaqexpx,0,1,0,0,1,1,0,1,0,1,0
ZTF22aaqfezx,0,1,0,1,0,1,0,0,1,1,0
ZTF22aaqfrca,0,1,0,0,1,1,0,1,0,1,0
ZTF22aaqfuhm,0,1,0,1,0,1,0,1,0,0,1
ZTF22aaqfyac,0,0,1,1,0,1,0,1,0,1,0
ZTF22aaqhgpu,0,1,0,1,0,0,1,1,0,1,0
ZTF22aaqhiov,0,1,0,0,1,1,0,1,0,1,0
ZTF22aaqhirm,1,0,0,0,0,0,0,0,0,0,0
ZTF22aaqhyuv,0,0,1,1,0,1,0,1,0,1,0
ZTF22aaqiizy,0,1,0,1,0,1,0,0,1,1,0
ZTF22aaqipud,1,0,0,0,0,0,0,0,0,0,0
ZTF22aaqiuem,0,0,1,1,0,1,0,1,0,1,0
ZTF22aaqiysm,1,0,0,0,0,0,0,0,0,0,0
ZTF22aaqjakh,0,1,0,1,0,0,1,1,0,1,0
ZTF22aaqjbsk,0,1,0,1,0,1,0,0,1,1,0
ZTF22aaqjday,0,1,0,1,0,0,1,1,0,1,0
ZTF22aaqjnks,1,0,0,0,0,0,0,0,0,0,0
ZTF22aaqjprj,1,0,0,0,0,0,0,0,0,0,0
ZTF22aaqjsgc,0,1,0,1,0,1,0,0,1,1,0
ZTF22aaqkrfp,0,1,0,1,0,0,1,1,0,1,0
ZTF22aaqkvvm,0,1,0,0,1,1,0,1,0,1,0
ZTF22aaqlcqm,1,0,0,0,0,0,0,0,0,0,0
ZTF22aaqlefl,0,1,0,0,1,1,0,1,0,1,0
ZTF22aaqlfwe,1,0,0,0,0,0,0,0,0,0,0
ZTF22aaqlgbx,0,1,0,1,0,1,0,1,0,0,1
ZTF22aaqlmle,0,1,0,1,0,1,0,1,0,0,1
ZTF22aaqmajk,0,0,1,1,0,1,0,1,0,1,0
ZTF22aaqmwiu,0,1,0,1,0,1,0,1,0,0,1
ZTF22aaqnlpp,0,0,1,1,0,1,0,1,0,1,0
ZTF22aaqnmdo,1,0,0,0,0,0,0,0,0,0,0
ZTF22aaqogmf,1,0,0,0,0,0,0,0,0,0,0
ZTF22aaqpbeq,0,1,0,0,1,1,0,1,0,1,0
ZTF22aaqpcmk,0,1,0,0,1,1,0,1,0,1,0
ZTF22aaqphgx,0,1,0,1,0,0,1,1,0,1,0
ZTF22aaqpnbj,0,1,0,1,0,1,0,0,1,1,0
ZTF22aaqqovs,0,1,0,1,0,1,0,1,0,0,1
ZTF22aaqqxdt,0,1,0,0,1,1,0,1,0,1,0
ZTF22aaqrflg,0,1,0,1,0,1,0,1,0,0,1
ZTF22aaqrguw,1,0,0,0,0,0,0,0,0,0,0
ZTF22aaqrszt,0,1,0,0,1,1,0,1,0,1,0
ZTF22aaqslhk,0,1,0,0,1,1,0,1,0,1,0
ZTF22aaqtuop,0,1,0,0,1,1,0,1,0,1,0
ZTF22aaqueet,0,1,0,1,0,1,0,1,0,0,1
ZTF22aaquosm,0,0,1,1,0,1,0,1,0,1,0
ZTF22aaquqgt,1,0,0,0,0,0,0,0,0,0,0
ZTF22aaqvalk,0,1,0,1,0,0,1,1,0,1,0
ZTF22aaqvwtv,0,1,0,0,1,1,0,1,0,1,0
ZTF22aaqwamw,0,1,0,1,0,1,0,1,0,0,1
ZTF22aaqwdjw,0,0,1,1,0,1,0,1,0,1,0
ZTF22aaqwfgp,0,1,0,1,0,1,0,1,0,0,1
ZTF22aaqxgso,0,0,1,1,0,1,0,1,0,1,0
ZTF22aaqxklv,1,0,0,0,0,0,0,0,0,0,0
ZTF22aaqyiqm,0,1,0,1,0,0,1,1,0,1,0
ZTF22aaqyknj,1,0,0,0,0,0,0,0,0,0,0
ZTF22aaqzqzk,1,0,0,0,0,0,0,0,0,0,0
ZTF22aaqzykp,0,1,0,0,1,1,0,1,0,1,0
ZTF22aaragxr,0,1,0,1,0,1,0,1,0,0,1
ZTF22aarbxoh,1,0,0,0,0,0,0,0,0,0,0
ZTF22aarcchq,0,1,0,1,0,1,0,1,0,0,1
ZTF22aareknz,1,0,0,0,0,0,0,0,0,0,0
ZTF22aarfazj,0,0,1,1,0,1,0,1,0,1,0
ZTF22aarfcoh,0,1,0,1,0,0,1,1,0,1,0
ZTF22aarfetm,0,1,0,1,0,0,1,1,0,1,0
ZTF22aarfewf,1,0,0,0,0,0,0,0,0,0,0
ZTF22aarffhi,0,0,1,1,0,1,0,1,0,1,0
ZTF22aarflnx,1,0,0,0,0,0,0,0,0,0,0
ZTF22aarfmvs,0,1,0,1,0,1,0,0,1,1,0
ZTF22aarfuso,0,1,0,1,0,1,0,0,1,1,0
ZTF22aargbsa,0,1,0,1,0,0,1,1,0,1,0
ZTF22aarggzl,1,0,0,0,0,0,0,0,0,0,0
ZTF22aarghuw,0,1,0,1,0,0,1,1,0,1,0
ZTF22aargiwc,0,1,0,0,1,1,0,1,0,1,0
ZTF22aargnjh,0,1,0,0,1,1,0,1,0,1,0
ZTF22aargnql,0,1,0,0,1,1,0,1,0,1,0
ZTF22aargpop,0,1,0,1,0,1,0,1,0,0,1
ZTF22aargrax,0,1,0,1,0,1,0,1,0,0,1
ZTF22aargvjg,0,1,0,1,0,0,1,1,0,1,0
ZTF22aarhdun,0,1,0,1,0,0,1,1,0,1,0
ZTF22aarhzcm,0,1,0,1,0,0,1,1,0,1,0
ZTF22aarjurg,0,1,0,0,1,1,0,1,0,1,0
ZTF22aarkdai,0,1,0,1,0,0,1,1,0,1,0
ZTF22aarkgkq,0,1,0,1,0,0,1,1,0,1,0
ZTF22aarkhek,0,1,0,0,1,1,0,1,0,1,0
ZTF22aarkyub,0,1,0,0,1,1,0,1,0,1,0
ZTF22aarkzmj,0,0,1,1,0,1,0,1,0,1,0
ZTF22aarlcsr,1,0,0,0,0,0,0,0,0,0,0
ZTF22aarlezn,1,0,0,0,0,0,0,0,0,0,0
ZTF22aarlppe,0,1,0,0,1,1,0,1,0,1,0
ZTF22aarlyhq,0,1,0,1,0,1,0,1,0,0,1
ZTF22aarmagc,0,1,0,1,0,1,0,0,1,1,0
ZTF22aarmfke,1,0,0,0,0,0,0,0,0,0,0
ZTF22aarmggw,0,1,0,0,1,1,0,1,0,1,0
ZTF22aarmnmt,0,0,1,1,0,1,0,1,0,1,0
ZTF22aarmnxk,0,1,0,1,0,1,0,0,1,1,0
ZTF22aarmnzc,0,1,0,1,0,0,1,1,0,1,0
ZTF22aarmprs,0,1,0,1,0,1,0,0,1,1,0
ZTF22aarmqow,1,0,0,0,0,0,0,0,0,0,0
ZTF22aarmrfp,0,1,0,1,0,0,1,1,0,1,0
ZTF22aarmyca,0,1,0,1,0,0,1,1,0,1,0
ZTF22aarpdmy,0,1,0,0,1,1,0,1,0,1,0
ZTF22aarpskd,0,1,0,1,0,1,0,1,0,0,1
ZTF22aarqawb,1,0,0,0,0,0,0,0,0,0,0
ZTF22aarqrzt,1,0,0,0,0,0,0,0,0,0,0
ZTF22aarqvtd,0,1,0,1,0,0,1,1,0,1,0
ZTF22aarqvwq,0,1,0,1,0,0,1,1,0,1,0
ZTF22aarqyde,0,1,0,0,1,1,0,1,0,1,0
ZTF22aarqzls,0,1,0,0,1,1,0,1,0,1,0
ZTF22aarraqd,0,0,1,1,0,1,0,1,0,1,0
ZTF22aarrawv,1,0,0,0,0,0,0,0,0,0,0
ZTF22aarrbne,0,1,0,0,1,1,0,1,0,1,0
ZTF22aarrcli,0,1,0,0,1,1,0,1,0,1,0
ZTF22aarrpmy,1,0,0,0,0,0,0,0,0,0,0
ZTF22aarrrhq,0,1,0,1,0,1,0,0,1,1,0
ZTF22aarscew,0,1,0,1,0,1,0,0,1,1,0
ZTF22aarsghr,0,0,1,1,0,1,0,1,0,1,0
ZTF22aarskhm,0,1,0,1,0,0,1,1,0,1,0
ZTF22aarspvo,0,0,1,1,0,1,0,1,0,1,0
ZTF22aarswdk,0,0,1,1,0,1,0,1,0,1,0
ZTF22aarswnx,1,0,0,0,0,0,0,0,0,0,0
ZTF22aarsxru,0,1,0,0,1,1,0,1,0,1,0
ZTF22aarsyra,0,1,0,0,1,1,0,1,0,1,0
ZTF22aarsywc,1,0,0,0,0,0,0,0,0,0,0
ZTF22aarszhd,0,1,0,1,0,1,0,1,0,0,1
ZTF22aartbhd,0,1,0,1,0,1,0,1,0,0,1
ZTF22aartbwl,0,1,0,1,0,1,0,0,1,1,0
ZTF22aartckw,0,1,0,0,1,1,0,1,0,1,0
ZTF22aartcsf,0,1,0,0,1,1,0,1,0,1,0
ZTF22aartcvl,0,1,0,1,0,1,0,1,0,0,1
ZTF22aartdmc,0,1,0,0,1,1,0,1,0,1,0
ZTF22aartgwb,0,1,0,1,0,1,0,1,0,0,1
ZTF22aartmnk,0,1,0,1,0,1,0,1,0,0,1
ZTF22aartmuz,1,0,0,0,0,0,0,0,0,0,0
ZTF22aartoft,0,1,0,1,0,1,0,0,1,1,0
ZTF22aartvjs,0,1,0,1,0,0,1,1,0,1,0
ZTF22aarufbv,1,0,0,0,0,0,0,0,0,0,0
ZTF22aaruhig,0,0,1,1,0,1,0,1,0,1,0
ZTF22aaruhkx,1,0,0,0,0,0,0,0,0,0,0
ZTF22aaruhpv,0,1,0,1,0,1,0,0,1,1,0
ZTF22aaruhrn,0,0,1,1,0,1,0,1,0,1,0
ZTF22aarujcp,0,1,0,1,0,0,1,1,0,1,0
ZTF22aarukma,0,1,0,0,1,1,0,1,0,1,0
ZTF22aarupyu,0,1,0,1,0,0,1,1,0,1,0
ZTF22aarurtt,0,1,0,0,1,1,0,1,0,1,0
ZTF22aarvefl,0,1,0,1,0,1,0,0,1,1,0
ZTF22aarvssw,0,0,1,1,0,1,0,1,0,1,0
ZTF22aarvtbb,0,1,0,0,1,1,0,1,0,1,0
ZTF22aarwbin,0,1,0,1,0,1,0,0,1,1,0
ZTF22aarwcju,1,0,0,0,0,0,0,0,0,0,0
ZTF22aarwclv,0,1,0,0,1,1,0,1,0,1,0
ZTF22aarwiti,1,0,0,0,0,0,0,0,0,0,0
ZTF22aarwjbp,1,0,0,0,0,0,0,0,0,0,0
ZTF22aarwkjp,1,0,0,0,0,0,0,0,0,0,0
ZTF22aarwsir,0,1,0,1,0,0,1,1,0,1,0
ZTF22aarwtjh,0,1,0,0,1,1,0,1,0,1,0
ZTF22aarwtqp,0,1,0,1,0,0,1,1,0,1,0
ZTF22aarwule,1,0,0,0,0,0,0,0,0,0,0
ZTF22aarwwyy,0,1,0,1,0,0,1,1,0,1,0
ZTF22aarwyqq,0,1,0,1,0,1,0,0,1,1,0
ZTF22aarwyra,0,1,0,1,0,0,1,1,0,1,0
ZTF22aarwysh,0,1,0,1,0,1,0,1,0,0,1
ZTF22aarwzao,0,1,0,1,0,1,0,1,0,0,1
ZTF22aarwzif,1,0,0,0,0,0,0,0,0,0,0
ZTF22aarxdqr,0,1,0,0,1,1,0,1,0,1,0
ZTF22aarxhnw,0,1,0,1,0,0,1,1,0,1,0
ZTF22aarxiuo,0,0,1,1,0,1,0,1,0,1,0
ZTF22aarxixu,1,0,0,0,0,0,0,0,0,0,0
ZTF22aarxpxg,1,0,0,0,0,0,0,0,0,0,0
ZTF22aarxsbi,0,1,0,1,0,0,1,1,0,1,0
ZTF22aarxslk,0,0,1,1,0,1,0,1,0,1,0
ZTF22aarxtke,1,0,0,0,0,0,0,0,0,0,0
ZTF22aarxzxw,1,0,0,0,0,0,0,0,0,0,0
ZTF22aarycqo,0,1,0,1,0,1,0,0,1,1,0
ZTF22aarynrs,0,1,0,1,0,1,0,1,0,0,1
ZTF22aaryody,0,1,0,1,0,0,1,1,0,1,0
ZTF22aaryroz,0,1,0,0,1,1,0,1,0,1,0
ZTF22aarysna,0,1,0,1,0,1,0,0,1,1,0
ZTF22aarzbxb,0,1,0,1,0,1,0,0,1,1,0
ZTF22aasakqa,0,0,1,1,0,1,0,1,0,1,0
ZTF22aasalch,0,1,0,1,0,1,0,0,1,1,0
ZTF22aasbgyo,0,0,1,1,0,1,0,1,0,1,0
ZTF22aasbxui,0,0,1,1,0,1,0,1,0,1,0
ZTF22aaschcc,0,0,1,1,0,1,0,1,0,1,0
ZTF22aasctgh,1,0,0,0,0,0,0,0,0,0,0
ZTF22aasctow,0,0,1,1,0,1,0,1,0,1,0
ZTF22aascvpv,1,0,0,0,0,0,0,0,0,0,0
ZTF22aasdfoc,0,1,0,1,0,1,0,1,0,0,1
ZTF22aasdkkb,0,1,0,1,0,1,0,1,0,0,1
ZTF22aasdksz,0,1,0,0,1,1,0,1,0,1,0
ZTF22aasdrns,0,1,0,1,0,0,1,1,0,1,0
ZTF22aasdtcq,0,0,1,1,0,1,0,1,0,1,0
ZTF22aasdulp,0,1,0,1,0,0,1,1,0,1,0
ZTF22aasdxbi,0,1,0,1,0,0,1,1,0,1,0
ZTF22aasdxre,0,0,1,1,0,1,0,1,0,1,0
ZTF22aasdyhn,0,0,1,1,0,1,0,1,0,1,0
ZTF22aasdywj,0,1,0,1,0,0,1,1,0,1,0
ZTF22aasdzop,0,0,1,1,0,1,0,1,0,1,0
ZTF22aasdzql,0,0,1,1,0,1,0,1,0,1,0
ZTF22aasedqc,1,0,0,0,0,0,0,0,0,0,0
ZTF22aasepdf,0,1,0,1,0,0,1,1,0,1,0
ZTF22aasesve,1,0,0,0,0,0,0,0,0,0,0
ZTF22aaseupy,0,1,0,0,1,1,0,1,0,1,0
ZTF22aasevhd,0,1,0,1,0,1,0,0,1,1,0
ZTF22aasevho,0,1,0,1,0,0,1,1,0,1,0
ZTF22aasewad,0,0,1,1,0,1,0,1,0,1,0
ZTF22aasfear,1,0,0,0,0,0,0,0,0,0,0
ZTF22aasfven,0,1,0,0,1,1,0,1,0,1,0
ZTF22aasgcgo,0,1,0,0,1,1,0,1,0,1,0
ZTF22aasgfxz,0,0,1,1,0,1,0,1,0,1,0
ZTF22aasgqut,0,1,0,1,0,1,0,0,1,1,0
ZTF22aasgzho,0,1,0,0,1,1,0,1,0,1,0
ZTF22aashaiz,0,1,0,1,0,1,0,0,1,1,0
ZTF22aashjkz,0,1,0,1,0,1,0,0,1,1,0
ZTF22aashqrd,1,0,0,0,0,0,0,0,0,0,0
ZTF22aasinqk,0,1,0,1,0,1,0,1,0,0,1
ZTF22aasisls,0,0,1,1,0,1,0,1,0,1,0
ZTF22aasivum,0,1,0,1,0,1,0,0,1,1,0
ZTF22aasjpel,1,0,0,0,0,0,0,0,0,0,0
ZTF22aasjrma,0,1,0,1,0,1,0,1,0,0,1
ZTF22aasjvul,0,1,0,0,1,1,0,1,0,1,0
ZTF22aasjwfs,1,0,0,0,0,0,0,0,0,0,0
ZTF22aasjwqv,0,0,1,1,0,1,0,1,0,1,0
ZTF22aaskerq,0,0,1,1,0,1,0,1,0,1,0
ZTF22aaskiqh,0,1,0,1,0,1,0,0,1,1,0
ZTF22aaskkki,0,1,0,0,1,1,0,1,0,1,0
ZTF22aaskomq,1,0,0,0,0,0,0,0,0,0,0
ZTF22aaskqie,1,0,0,0,0,0,0,0,0,0,0
ZTF22aaskrhs,0,1,0,0,1,1,0,1,0,1,0
ZTF22aaskruf,0,0,1,1,0,1,0,1,0,1,0
ZTF22aasllmq,0,0,1,1,0,1,0,1,0,1,0
ZTF22aaslyzj,1,0,0,0,0,0,0,0,0,0,0
ZTF22aasmgbb,0,1,0,0,1,1,0,1,0,1,0
ZTF22aasmhbv,0,1,0,1,0,1,0,1,0,0,1
ZTF22aasmjxf,0,0,1,1,0,1,0,1,0,1,0
ZTF22aasmlyn,0,1,0,1,0,0,1,1,0,1,0
ZTF22aasmzvw,1,0,0,0,0,0,0,0,0,0,0
ZTF22aasnhaa,0,1,0,1,0,0,1,1,0,1,0
ZTF22aasnmow,0,1,0,1,0,1,0,0,1,1,0
ZTF22aasnpnf,0,1,0,0,1,1,0,1,0,1,0
ZTF22aasntuz,1,0,0,0,0,0,0,0,0,0,0
ZTF22aasocnn,0,0,1,1,0,1,0,1,0,1,0
ZTF22aasokbn,0,1,0,1,0,0,1,1,0,1,0
ZTF22aasokev,1,0,0,0,0,0,0,0,0,0,0
ZTF22aasolop,0,1,0,0,1,1,0,1,0,1,0
ZTF22aasoozy,0,1,0,1,0,1,0,0,1,1,0
ZTF22aasoucj,1,0,0,0,0,0,0,0,0,0,0
ZTF22aasousd,0,1,0,1,0,1,0,0,1,1,0
ZTF22aasowkb,0,0,1,1,0,1,0,1,0,1,0
ZTF22aasowsr,1,0,0,0,0,0,0,0,0,0,0
ZTF22aasoxcl,1,0,0,0,0,0,0,0,0,0,0
ZTF22aasoxgf,0,1,0,1,0,1,0,0,1,1,0
ZTF22aasoxlc,1,0,0,0,0,0,0,0,0,0,0
ZTF22aasoxwu,0,1,0,1,0,1,0,1,0,0,1
ZTF22aaspesx,0,1,0,1,0,1,0,0,1,1,0
ZTF22aaspijs,0,1,0,1,0,1,0,1,0,0,1
ZTF22aaspnlr,0,1,0,1,0,1,0,1,0,0,1
ZTF22aasppdz,0,1,0,0,1,1,0,1,0,1,0
ZTF22aaspplh,1,0,0,0,0,0,0,0,0,0,0
ZTF22aaspqvf,1,0,0,0,0,0,0,0,0,0,0
ZTF22aaspwuh,0,0,1,1,0,1,0,1,0,1,0
ZTF22aaspwva,0,1,0,1,0,1,0,1,0,0,1
ZTF22aaspyjw,0,1,0,1,0,1,0,1,0,0,1
ZTF22aaspymb,0,1,0,1,0,0,1,1,0,1,0
ZTF22aasqbzq,0,0,1,1,0,1,0,1,0,1,0
ZTF22aasrmim,0,1,0,1,0,1,0,1,0,0,1
ZTF22aasrvgr,0,1,0,1,0,1,0,1,0,0,1
ZTF22aasthfu,0,1,0,1,0,1,0,1,0,0,1
ZTF22aasthjc,0,1,0,0,1,1,0,1,0,1,0
ZTF22aasthma,0,0,1,1,0,1,0,1,0,1,0
ZTF22aasthmi,0,1,0,1,0,1,0,1,0,0,1
ZTF22aastjqs,0,1,0,1,0,1,0,1,0,0,1
ZTF22aastlic,0,1,0,1,0,1,0,0,1,1,0
ZTF22aastopo,0,1,0,1,0,0,1,1,0,1,0
ZTF22aastqlf,0,1,0,1,0,1,0,1,0,0,1
ZTF22aastuit,0,0,1,1,0,1,0,1,0,1,0
ZTF22aastyrc,1,0,0,0,0,0,0,0,0,0,0
ZTF22aasuqme,0,1,0,1,0,1,0,1,0,0,1
ZTF22aasusrp,1,0,0,0,0,0,0,0,0,0,0
ZTF22aasvdfr,0,1,0,1,0,1,0,1,0,0,1
ZTF22aasvuof,1,0,0,0,0,0,0,0,0,0,0
ZTF22aasvzwl,0,0,1,1,0,1,0,1,0,1,0
ZTF22aaswalk,0,1,0,1,0,1,0,1,0,0,1
ZTF22aaswbwy,0,0,1,1,0,1,0,1,0,1,0
ZTF22aaswche,0,1,0,1,0,0,1,1,0,1,0
ZTF22aasweuc,0,0,1,1,0,1,0,1,0,1,0
ZTF22aaswpww,1,0,0,0,0,0,0,0,0,0,0
ZTF22aaswqfs,0,1,0,1,0,1,0,0,1,1,0
ZTF22aaswrys,1,0,0,0,0,0,0,0,0,0,0
ZTF22aaswusn,1,0,0,0,0,0,0,0,0,0,0
ZTF22aaswwdj,1,0,0,0,0,0,0,0,0,0,0
ZTF22aaswwep,0,1,0,1,0,0,1,1,0,1,0
ZTF22aaswwwh,0,1,0,1,0,0,1,1,0,1,0
ZTF22aaswzql,0,1,0,1,0,0,1,1,0,1,0
ZTF22aasxcmk,0,0,1,1,0,1,0,1,0,1,0
ZTF22aasxgjp,1,0,0,0,0,0,0,0,0,0,0
ZTF22aasxnjm,1,0,0,0,0,0,0,0,0,0,0
ZTF22aasygdq,0,1,0,1,0,1,0,0,1,1,0
ZTF22aasyitj,1,0,0,0,0,0,0,0,0,0,0
ZTF22aasytpm,0,1,0,1,0,1,0,0,1,1,0
ZTF22aasytqd,0,1,0,1,0,0,1,1,0,1,0
ZTF22aasyttl,0,1,0,1,0,0,1,1,0,1,0
ZTF22aasyvma,0,0,1,1,0,1,0,1,0,1,0
ZTF22aaszhgm,0,1,0,1,0,0,1,1,0,1,0
ZTF22aaszjkd,0,1,0,1,0,0,1,1,0,1,0
ZTF22aaszmbs,0,1,0,1,0,0,1,1,0,1,0
ZTF22aasznwd,0,1,0,1,0,0,1,1,0,1,0
ZTF22aaszpsv,0,1,0,1,0,0,1,1,0,1,0
ZTF22aaszufs,0,1,0,1,0,1,0,1,0,0,1
ZTF22aataizc,0,1,0,1,0,1,0,0,1,1,0
ZTF22aatbnch,0,1,0,1,0,1,0,0,1,1,0
ZTF22aatdmdn,0,1,0,1,0,1,0,0,1,1,0
ZTF22aatdxgz,0,1,0,1,0,1,0,0,1,1,0
ZTF22aatebwy,1,0,0,0,0,0,0,0,0,0,0
ZTF22aatemqx,0,1,0,1,0,0,1,1,0,1,0
ZTF22aatghyo,0,1,0,1,0,1,0,1,0,0,1
ZTF22aatgiuw,0,1,0,0,1,1,0,1,0,1,0
ZTF22aatgjnu,0,1,0,0,1,1,0,1,0,1,0
ZTF22aatgsdo,1,0,0,0,0,0,0,0,0,0,0
ZTF22aathlim,0,1,0,0,1,1,0,1,0,1,0
ZTF22aathxyj,1,0,0,0,0,0,0,0,0,0,0
ZTF22aathzpd,0,1,0,0,1,1,0,1,0,1,0
ZTF22aatihoz,1,0,0,0,0,0,0,0,0,0,0
ZTF22aatireo,1,0,0,0,0,0,0,0,0,0,0
ZTF22aatjzkb,0,1,0,1,0,1,0,1,0,0,1
ZTF22aatkecj,0,0,1,1,0,1,0,1,0,1,0
ZTF22aatkeyf,0,0,1,1,0,1,0,1,0,1,0
ZTF22aatlhve,0,0,1,1,0,1,0,1,0,1,0
ZTF22aatlqxr,1,0,0,0,0,0,0,0,0,0,0
ZTF22aatmqtq,0,1,0,1,0,0,1,1,0,1,0
ZTF22aatndrt,1,0,0,0,0,0,0,0,0,0,0
ZTF22aatndru,0,1,0,1,0,0,1,1,0,1,0
ZTF22aatndsc,0,1,0,1,0,1,0,1,0,0,1
ZTF22aatnllr,0,0,1,1,0,1,0,1,0,1,0
ZTF22aatntkz,0,1,0,1,0,0,1,1,0,1,0
ZTF22aatntwh,0,1,0,0,1,1,0,1,0,1,0
ZTF22aatnyqk,0,1,0,0,1,1,0,1,0,1,0
ZTF22aatojlw,0,1,0,1,0,0,1,1,0,1,0
ZTF22aatompb,0,0,1,1,0,1,0,1,0,1,0
ZTF22aatonif,0,1,0,1,0,1,0,1,0,0,1
ZTF22aatonqa,1,0,0,0,0,0,0,0,0,0,0
ZTF22aatovmt,0,1,0,0,1,1,0,1,0,1,0
ZTF22aatpwfw,0,1,0,1,0,0,1,1,0,1,0
ZTF22aatqioj,0,0,1,1,0,1,0,1,0,1,0
ZTF22aatrbvj,0,0,1,1,0,1,0,1,0,1,0
ZTF22aatrnbl,0,1,0,0,1,1,0,1,0,1,0
ZTF22aatrpse,0,1,0,1,0,1,0,1,0,0,1
ZTF22aatrrjy,1,0,0,0,0,0,0,0,0,0,0
ZTF22aatrujl,0,1,0,1,0,1,0,0,1,1,0
ZTF22aatrusq,0,1,0,1,0,1,0,0,1,1,0
ZTF22aatrzyq,0,1,0,1,0,1,0,1,0,0,1
ZTF22aatsbjo,0,0,1,1,0,1,0,1,0,1,0
ZTF22aatsdnz,1,0,0,0,0,0,0,0,0,0,0
ZTF22aatsdyx,0,1,0,1,0,0,1,1,0,1,0
ZTF22aatsfly,0,1,0,1,0,1,0,1,0,0,1
ZTF22aatsfnq,0,1,0,1,0,1,0,1,0,0,1
ZTF22aatsgal,1,0,0,0,0,0,0,0,0,0,0
ZTF22aatsnzo,1,0,0,0,0,0,0,0,0,0,0
ZTF22aattadv,0,1,0,0,1,1,0,1,0,1,0
ZTF22aattdar,1,0,0,0,0,0,0,0,0,0,0
ZTF22aatteay,1,0,0,0,0,0,0,0,0,0,0
ZTF22aattfmb,0,1,0,1,0,0,1,1,0,1,0
ZTF22aattndh,0,1,0,1,0,1,0,0,1,1,0
ZTF22aattwsv,0,1,0,1,0,0,1,1,0,1,0
ZTF22aattzza,0,1,0,1,0,0,1,1,0,1,0
ZTF22aatuatn,1,0,0,0,0,0,0,0,0,0,0
ZTF22aatugdq,0,1,0,0,1,1,0,1,0,1,0
ZTF22aatunnt,0,1,0,0,1,1,0,1,0,1,0
ZTF22aatuxjc,0,1,0,1,0,0,1,1,0,1,0
ZTF22aatuxpc,0,1,0,1,0,1,0,1,0,0,1
ZTF22aatuzht,0,1,0,0,1,1,0,1,0,1,0
ZTF22aatvbyz,0,1,0,1,0,1,0,1,0,0,1
ZTF22aatvkqs,0,1,0,1,0,0,1,1,0,1,0
ZTF22aatvqrj,0,0,1,1,0,1,0,1,0,1,0
ZTF22aatwmtt,0,1,0,1,0,1,0,1,0,0,1
ZTF22aatwsqt,0,0,1,1,0,1,0,1,0,1,0
ZTF22aatwvso,0,1,0,1,0,1,0,1,0,0,1
ZTF22aatwxhk,0,1,0,1,0,1,0,1,0,0,1
ZTF22aatwxrl,0,1,0,1,0,1,0,0,1,1,0
ZTF22aatwyok,0,1,0,1,0,1,0,1,0,0,1
ZTF22aatwysl,1,0,0,0,0,0,0,0,0,0,0
ZTF22aatwyzn,0,1,0,0,1,1,0,1,0,1,0
ZTF22aatwzez,0,1,0,1,0,1,0,0,1,1,0
ZTF22aatxatc,0,0,1,1,0,1,0,1,0,1,0
ZTF22aatxaxs,0,1,0,1,0,0,1,1,0,1,0
ZTF22aatxbzp,0,1,0,1,0,1,0,1,0,0,1
ZTF22aatxcar,0,1,0,1,0,1,0,1,0,0,1
ZTF22aatxcej,0,1,0,0,1,1,0,1,0,1,0
ZTF22aatxcgy,0,1,0,1,0,0,1,1,0,1,0
ZTF22aatxctj,1,0,0,0,0,0,0,0,0,0,0
ZTF22aatxemo,1,0,0,0,0,0,0,0,0,0,0
ZTF22aatxfnb,0,1,0,0,1,1,0,1,0,1,0
ZTF22aatxgbe,0,1,0,1,0,0,1,1,0,1,0
ZTF22aatxmkk,1,0,0,0,0,0,0,0,0,0,0
ZTF22aatxnbd,0,1,0,1,0,1,0,0,1,1,0
ZTF22aatxslc,0,1,0,1,0,1,0,0,1,1,0
ZTF22aatxwjn,0,1,0,1,0,1,0,0,1,1,0
ZTF22aatxwlk,1,0,0,0,0,0,0,0,0,0,0
ZTF22aatxwrz,0,0,1,1,0,1,0,1,0,1,0
ZTF22aatylyb,1,0,0,0,0,0,0,0,0,0,0
ZTF22aatymow,0,1,0,0,1,1,0,1,0,1,0
ZTF22aatzhto,0,1,0,1,0,1,0,1,0,0,1
ZTF22aatzhyq,0,1,0,0,1,1,0,1,0,1,0
ZTF22aatzijf,0,1,0,0,1,1,0,1,0,1,0
ZTF22aaubgiq,0,0,1,1,0,1,0,1,0,1,0
ZTF22aaucozn,0,0,1,1,0,1,0,1,0,1,0
ZTF22aaudeny,0,1,0,1,0,1,0,1,0,0,1
ZTF22aaudftc,0,1,0,1,0,0,1,1,0,1,0
ZTF22aaudjgc,0,1,0,1,0,1,0,0,1,1,0
ZTF22aaufros,0,1,0,1,0,1,0,1,0,0,1
ZTF22aaufzqa,1,0,0,0,0,0,0,0,0,0,0
ZTF22aaugbtn,1,0,0,0,0,0,0,0,0,0,0
ZTF22aaugcgl,1,0,0,0,0,0,0,0,0,0,0
ZTF22aaugeyg,0,1,0,0,1,1,0,1,0,1,0
ZTF22aauggpa,0,1,0,1,0,1,0,1,0,0,1
ZTF22aauglkp,0,1,0,0,1,1,0,1,0,1,0
ZTF22aaugpcv,0,1,0,1,0,1,0,0,1,1,0
ZTF22aaugphu,0,1,0,0,1,1,0,1,0,1,0
ZTF22aaugrdr,1,0,0,0,0,0,0,0,0,0,0
ZTF22aaugsyx,0,1,0,1,0,1,0,1,0,0,1
ZTF22aaugvkz,0,1,0,1,0,1,0,1,0,0,1
ZTF22aaugvnu,0,1,0,1,0,1,0,1,0,0,1
ZTF22aaugxso,1,0,0,0,0,0,0,0,0,0,0
ZTF22aauhbhr,0,1,0,1,0,1,0,0,1,1,0
ZTF22aauhght,0,1,0,1,0,1,0,0,1,1,0
ZTF22aauhism,1,0,0,0,0,0,0,0,0,0,0
ZTF22aauhiwk,0,1,0,1,0,1,0,1,0,0,1
ZTF22aauhjop,0,1,0,1,0,1,0,1,0,0,1
ZTF22aauhpts,0,0,1,1,0,1,0,1,0,1,0
ZTF22aauhqsi,0,0,1,1,0,1,0,1,0,1,0
ZTF22aauhudo,0,1,0,1,0,1,0,1,0,0,1
ZTF22aauhvqw,1,0,0,0,0,0,0,0,0,0,0
ZTF22aauhyzf,0,0,1,1,0,1,0,1,0,1,0
ZTF22aauhzrz,0,1,0,1,0,1,0,0,1,1,0
ZTF22aauihjc,0,1,0,0,1,1,0,1,0,1,0
ZTF22aauihou,0,1,0,1,0,1,0,1,0,0,1
ZTF22aauiscf,0,1,0,1,0,1,0,1,0,0,1
ZTF22aauizen,0,1,0,1,0,1,0,0,1,1,0
ZTF22aaujiec,0,1,0,1,0,0,1,1,0,1,0
ZTF22aaujkdb,0,1,0,1,0,0,1,1,0,1,0
ZTF22aaujonx,0,1,0,1,0,0,1,1,0,1,0
ZTF22aaujplr,0,1,0,1,0,0,1,1,0,1,0
ZTF22aaujpuh,1,0,0,0,0,0,0,0,0,0,0
ZTF22aaujpvv,0,1,0,0,1,1,0,1,0,1,0
ZTF22aaujqlh,1,0,0,0,0,0,0,0,0,0,0
ZTF22aaujqll,0,1,0,1,0,1,0,0,1,1,0
ZTF22aaujwwe,1,0,0,0,0,0,0,0,0,0,0
ZTF22aaukglv,0,1,0,0,1,1,0,1,0,1,0
ZTF22aauknta,0,1,0,1,0,1,0,1,0,0,1
ZTF22aaulbwn,0,1,0,1,0,1,0,1,0,0,1
ZTF22aaulrjd,1,0,0,0,0,0,0,0,0,0,0
ZTF22aaumstz,0,1,0,1,0,0,1,1,0,1,0
ZTF22aaumvmm,0,1,0,1,0,1,0,1,0,0,1
ZTF22aauncmo,1,0,0,0,0,0,0,0,0,0,0
ZTF22aauncmw,0,0,1,1,0,1,0,1,0,1,0
ZTF22aauncri,0,0,1,1,0,1,0,1,0,1,0
ZTF22aaundhw,1,0,0,0,0,0,0,0,0,0,0
ZTF22aaungem,0,1,0,1,0,1,0,1,0,0,1
ZTF22aaunglk,0,0,1,1,0,1,0,1,0,1,0
ZTF22aaunhfh,0,1,0,1,0,0,1,1,0,1,0
ZTF22aaunkiu,0,1,0,1,0,0,1,1,0,1,0
ZTF22aaunonv,0,1,0,1,0,1,0,1,0,0,1
ZTF22aaunsga,1,0,0,0,0,0,0,0,0,0,0
ZTF22aaupeys,0,1,0,1,0,0,1,1,0,1,0
ZTF22aaupsnr,1,0,0,0,0,0,0,0,0,0,0
ZTF22aaupxkb,0,0,1,1,0,1,0,1,0,1,0
ZTF22aaurcfi,1,0,0,0,0,0,0,0,0,0,0
ZTF22aausgkx,0,0,1,1,0,1,0,1,0,1,0
ZTF22aauskml,0,1,0,1,0,1,0,1,0,0,1
ZTF22aautjto,0,0,1,1,0,1,0,1,0,1,0
ZTF22aautmvt,0,1,0,1,0,1,0,1,0,0,1
ZTF22aautnrr,0,1,0,1,0,1,0,0,1,1,0
ZTF22aautntp,0,1,0,1,0,1,0,0,1,1,0
ZTF22aautpdb,0,1,0,1,0,1,0,1,0,0,1
ZTF22aautqcw,0,1,0,1,0,0,1,1,0,1,0
ZTF22aautrcf,0,1,0,1,0,1,0,1,0,0,1
ZTF22aautrxf,0,1,0,1,0,1,0,1,0,0,1
ZTF22aautvgp,0,1,0,1,0,0,1,1,0,1,0
ZTF22aautxlb,0,1,0,1,0,0,1,1,0,1,0
ZTF22aautyra,0,1,0,1,0,1,0,0,1,1,0
ZTF22aautzmr,0,1,0,1,0,1,0,1,0,0,1
ZTF22aauufwi,0,1,0,1,0,0,1,1,0,1,0
ZTF22aauugtl,0,1,0,1,0,1,0,1,0,0,1
ZTF22aauuokl,0,1,0,1,0,0,1,1,0,1,0
ZTF22aauusxf,0,1,0,0,1,1,0,1,0,1,0
ZTF22aauuvby,0,1,0,0,1,1,0,1,0,1,0
ZTF22aauuxul,0,0,1,1,0,1,0,1,0,1,0
ZTF22aauuznh,0,0,1,1,0,1,0,1,0,1,0
ZTF22aauvfay,0,0,1,1,0,1,0,1,0,1,0
ZTF22aauvfml,0,1,0,0,1,1,0,1,0,1,0
ZTF22aauvhhv,0,1,0,1,0,1,0,0,1,1,0
ZTF22aauvidu,0,1,0,1,0,1,0,1,0,0,1
ZTF22aauvinb,1,0,0,0,0,0,0,0,0,0,0
ZTF22aauvseh,0,0,1,1,0,1,0,1,0,1,0
ZTF22aauvtsu,1,0,0,0,0,0,0,0,0,0,0
ZTF22aauvvbc,0,1,0,1,0,1,0,1,0,0,1
ZTF22aauvvtu,0,1,0,1,0,0,1,1,0,1,0
ZTF22aauwbjc,0,1,0,1,0,1,0,1,0,0,1
ZTF22aauwwsf,0,1,0,1,0,1,0,0,1,1,0
ZTF22aauwyex,1,0,0,0,0,0,0,0,0,0,0
ZTF22aauwylz,0,1,0,0,1,1,0,1,0,1,0
ZTF22aauxkqi,0,0,1,1,0,1,0,1,0,1,0
ZTF22aauxltc,0,1,0,1,0,1,0,1,0,0,1
ZTF22aauxmqm,1,0,0,0,0,0,0,0,0,0,0
ZTF22aauxsyt,1,0,0,0,0,0,0,0,0,0,0
ZTF22aauxvkz,0,1,0,0,1,1,0,1,0,1,0
ZTF22aauxxub,0,1,0,1,0,1,0,0,1,1,0
ZTF22aauxzaj,0,1,0,1,0,1,0,1,0,0,1
ZTF22aauxznw,0,1,0,0,1,1,0,1,0,1,0
ZTF22aauybzg,0,1,0,0,1,1,0,1,0,1,0
ZTF22aauygsj,1,0,0,0,0,0,0,0,0,0,0
ZTF22aauykdn,0,0,1,1,0,1,0,1,0,1,0
ZTF22aauyyyp,0,1,0,1,0,0,1,1,0,1,0
ZTF22aauyzad,0,1,0,0,1,1,0,1,0,1,0
ZTF22aauzdrn,0,1,0,1,0,1,0,0,1,1,0
ZTF22aauzzhz,0,1,0,1,0,0,1,1,0,1,0
ZTF22aavacry,0,1,0,1,0,1,0,1,0,0,1
ZTF22aavacwp,0,0,1,1,0,1,0,1,0,1,0
ZTF22aavapgq,0,1,0,1,0,0,1,1,0,1,0
ZTF22aavaphw,0,1,0,0,1,1,0,1,0,1,0
ZTF22aavawaj,0,1,0,1,0,0,1,1,0,1,0
ZTF22aavawoj,0,1,0,1,0,0,1,1,0,1,0
ZTF22aavayyr,0,1,0,1,0,0,1,1,0,1,0
ZTF22aavbcky,0,1,0,0,1,1,0,1,0,1,0
ZTF22aavbdfn,0,0,1,1,0,1,0,1,0,1,0
ZTF22aavbezc,0,1,0,1,0,1,0,1,0,0,1
ZTF22aavbfhz,0,1,0,1,0,0,1,1,0,1,0
ZTF22aavbrab,1,0,0,0,0,0,0,0,0,0,0
ZTF22aavcccu,0,1,0,0,1,1,0,1,0,1,0
ZTF22aavclih,1,0,0,0,0,0,0,0,0,0,0
ZTF22aavcrgy,1,0,0,0,0,0,0,0,0,0,0
ZTF22aavctvq,0,1,0,0,1,1,0,1,0,1,0
ZTF22aavcuil,0,1,0,1,0,1,0,0,1,1,0
ZTF22aavcvgd,0,1,0,1,0,1,0,0,1,1,0
ZTF22aavcvtr,1,0,0,0,0,0,0,0,0,0,0
ZTF22aavcyir,1,0,0,0,0,0,0,0,0,0,0
ZTF22aavczfb,0,0,1,1,0,1,0,1,0,1,0
ZTF22aavdcsu,1,0,0,0,0,0,0,0,0,0,0
ZTF22aavdicl,0,1,0,1,0,1,0,1,0,0,1
ZTF22aavdjfo,0,1,0,0,1,1,0,1,0,1,0
ZTF22aavdrbx,1,0,0,0,0,0,0,0,0,0,0
ZTF22aavdrdz,0,1,0,1,0,1,0,1,0,0,1
ZTF22aavdscs,0,0,1,1,0,1,0,1,0,1,0
ZTF22aavdttv,0,1,0,1,0,1,0,0,1,1,0
ZTF22aavdubl,1,0,0,0,0,0,0,0,0,0,0
ZTF22aavdzpf,1,0,0,0,0,0,0,0,0,0,0
ZTF22aaveaqo,0,1,0,1,0,1,0,1,0,0,1
ZTF22aavebae,0,1,0,1,0,1,0,0,1,1,0
ZTF22aavecme,0,1,0,0,1,1,0,1,0,1,0
ZTF22aavecoa,0,1,0,1,0,0,1,1,0,1,0
ZTF22aaveghe,0,1,0,1,0,1,0,0,1,1,0
ZTF22aavepvd,0,0,1,1,0,1,0,1,0,1,0
ZTF22aaveqbx,0,0,1,1,0,1,0,1,0,1,0
ZTF22aavezxp,0,1,0,1,0,1,0,0,1,1,0
ZTF22aavfgyf,0,1,0,1,0,0,1,1,0,1,0
ZTF22aavfliu,0,1,0,1,0,0,1,1,0,1,0
ZTF22aavgebn,0,1,0,1,0,1,0,1,0,0,1
ZTF22aavgiis,0,1,0,0,1,1,0,1,0,1,0
ZTF22aavglud,0,1,0,1,0,1,0,1,0,0,1
ZTF22aavglzr,0,1,0,1,0,1,0,0,1,1,0
ZTF22aavglzu,0,1,0,1,0,0,1,1,0,1,0
ZTF22aavgwyb,0,1,0,0,1,1,0,1,0,1,0
ZTF22aavgzjc,0,0,1,1,0,1,0,1,0,1,0
ZTF22aaviamk,0,1,0,0,1,1,0,1,0,1,0
ZTF22aavicyh,0,1,0,0,1,1,0,1,0,1,0
ZTF22aavidwc,1,0,0,0,0,0,0,0,0,0,0
ZTF22aavirve,0,1,0,1,0,1,0,0,1,1,0
ZTF22aavjrjj,0,1,0,1,0,1,0,1,0,0,1
ZTF22aavjwht,0,1,0,1,0,1,0,0,1,1,0
ZTF22aavjzei,0,1,0,1,0,1,0,1,0,0,1
ZTF22aavklii,0,0,1,1,0,1,0,1,0,1,0
ZTF22aavllhx,0,1,0,1,0,0,1,1,0,1,0
ZTF22aavmguc,0,1,0,0,1,1,0,1,0,1,0
ZTF22aavmncw,0,1,0,0,1,1,0,1,0,1,0
ZTF22aavnycn,1,0,0,0,0,0,0,0,0,0,0
ZTF22aavotix,0,1,0,1,0,1,0,1,0,0,1
ZTF22aavpkwo,0,1,0,1,0,0,1,1,0,1,0
ZTF22aavpmia,1,0,0,0,0,0,0,0,0,0,0
ZTF22aavqemw,1,0,0,0,0,0,0,0,0,0,0
ZTF22aavqfvc,0,0,1,1,0,1,0,1,0,1,0
ZTF22aavqlzi,0,1,0,1,0,1,0,1,0,0,1
ZTF22aavqpkr,0,0,1,1,0,1,0,1,0,1,0
ZTF22aavqtax,1,0,0,0,0,0,0,0,0,0,0
ZTF22aavrawl,1,0,0,0,0,0,0,0,0,0,0
ZTF22aavrfhk,1,0,0,0,0,0,0,0,0,0,0
ZTF22aavrfke,0,1,0,1,0,0,1,1,0,1,0
ZTF22aavrloc,0,1,0,1,0,1,0,1,0,0,1
ZTF22aavrqkx,0,0,1,1,0,1,0,1,0,1,0
ZTF22aavrrtw,0,1,0,1,0,0,1,1,0,1,0
ZTF22aavsgiy,0,0,1,1,0,1,0,1,0,1,0
ZTF22aavskaa,0,0,1,1,0,1,0,1,0,1,0
ZTF22aavsnmf,0,0,1,1,0,1,0,1,0,1,0
ZTF22aavsyft,1,0,0,0,0,0,0,0,0,0,0
ZTF22aavtadl,0,1,0,1,0,1,0,0,1,1,0
ZTF22aavtmzw,0,1,0,1,0,1,0,1,0,0,1
ZTF22aavtozs,0,1,0,0,1,1,0,1,0,1,0
ZTF22aavtqdq,0,1,0,1,0,1,0,1,0,0,1
ZTF22aavuccp,0,0,1,1,0,1,0,1,0,1,0
ZTF22aavueha,0,1,0,1,0,1,0,1,0,0,1
ZTF22aavuelk,0,0,1,1,0,1,0,1,0,1,0
ZTF22aavuiul,0,1,0,0,1,1,0,1,0,1,0
ZTF22aavulsx,0,0,1,1,0,1,0,1,0,1,0
ZTF22aavunle,0,1,0,1,0,1,0,1,0,0,1
ZTF22aavuona,0,0,1,1,0,1,0,1,0,1,0
ZTF22aavuqgd,0,1,0,0,1,1,0,1,0,1,0
ZTF22aavuqkd,0,1,0,1,0,1,0,1,0,0,1
ZTF22aavurqh,0,0,1,1,0,1,0,1,0,1,0
ZTF22aavusuw,0,1,0,1,0,1,0,0,1,1,0
ZTF22aavuuhx,0,1,0,1,0,1,0,1,0,0,1
ZTF22aavuujm,0,1,0,1,0,1,0,0,1,1,0
ZTF22aavuuqt,0,0,1,1,0,1,0,1,0,1,0
ZTF22aavuxcr,0,1,0,1,0,1,0,0,1,1,0
ZTF22aavvogz,0,1,0,1,0,1,0,1,0,0,1
ZTF22aavvops,0,1,0,1,0,1,0,1,0,0,1
ZTF22aavvpgf,0,1,0,1,0,0,1,1,0,1,0
ZTF22aavvqyh,0,0,1,1,0,1,0,1,0,1,0
ZTF22aavxcww,0,1,0,1,0,1,0,0,1,1,0
ZTF22aavxlly,0,0,1,1,0,1,0,1,0,1,0
ZTF22aavxojb,0,0,1,1,0,1,0,1,0,1,0
ZTF22aavxrbn,0,1,0,1,0,0,1,1,0,1,0
ZTF22aavxrsq,1,0,0,0,0,0,0,0,0,0,0
ZTF22aavyadz,0,0,1,1,0,1,0,1,0,1,0
ZTF22aavzfwp,0,0,1,1,0,1,0,1,0,1,0
ZTF22aawaczw,0,0,1,1,0,1,0,1,0,1,0
ZTF22aawakbw,1,0,0,0,0,0,0,0,0,0,0
ZTF22aawaokh,1,0,0,0,0,0,0,0,0,0,0
ZTF22aawavon,1,0,0,0,0,0,0,0,0,0,0
ZTF22aawcmcr,0,1,0,1,0,1,0,0,1,1,0
ZTF22aawdqfp,1,0,0,0,0,0,0,0,0,0,0
ZTF22aawdrpp,0,1,0,0,1,1,0,1,0,1,0
ZTF22aawdsyk,0,1,0,1,0,0,1,1,0,1,0
ZTF22aawetbp,1,0,0,0,0,0,0,0,0,0,0
ZTF22aawetmt,1,0,0,0,0,0,0,0,0,0,0
ZTF22aaweukv,0,1,0,1,0,0,1,1,0,1,0
ZTF22aawevbd,0,1,0,1,0,1,0,0,1,1,0
ZTF22aaweygx,1,0,0,0,0,0,0,0,0,0,0
ZTF22aawfeov,1,0,0,0,0,0,0,0,0,0,0
ZTF22aawfggy,1,0,0,0,0,0,0,0,0,0,0
ZTF22aawfjgd,1,0,0,0,0,0,0,0,0,0,0
ZTF22aawfjnt,0,1,0,1,0,1,0,0,1,1,0
ZTF22aawfjuc,1,0,0,0,0,0,0,0,0,0,0
ZTF22aawfjvl,1,0,0,0,0,0,0,0,0,0,0
ZTF22aawflkt,0,1,0,1,0,1,0,0,1,1,0
ZTF22aawfrhf,0,0,1,1,0,1,0,1,0,1,0
ZTF22aawfzgq,0,1,0,0,1,1,0,1,0,1,0
ZTF22aawhkek,0,1,0,1,0,1,0,1,0,0,1
ZTF22aawhpju,0,1,0,0,1,1,0,1,0,1,0
ZTF22aawibke,0,1,0,0,1,1,0,1,0,1,0
ZTF22aawidia,0,1,0,0,1,1,0,1,0,1,0
ZTF22aawigwq,0,1,0,1,0,1,0,0,1,1,0
ZTF22aawjqfd,0,1,0,0,1,1,0,1,0,1,0
ZTF22aawkhmt,0,1,0,1,0,1,0,0,1,1,0
ZTF22aawkpfx,1,0,0,0,0,0,0,0,0,0,0
ZTF22aawkxqs,0,0,1,1,0,1,0,1,0,1,0
ZTF22aawltue,0,1,0,1,0,1,0,1,0,0,1
ZTF22aawlxbq,0,1,0,0,1,1,0,1,0,1,0
ZTF22aawmgry,0,1,0,1,0,1,0,1,0,0,1
ZTF22aawmrzj,0,0,1,1,0,1,0,1,0,1,0
ZTF22aawmxwg,0,1,0,1,0,1,0,0,1,1,0
ZTF22aawnchs,0,1,0,1,0,1,0,1,0,0,1
ZTF22aawngdq,0,1,0,1,0,1,0,1,0,0,1
ZTF22aawnxnz,0,1,0,0,1,1,0,1,0,1,0
ZTF22aawodgn,1,0,0,0,0,0,0,0,0,0,0
ZTF22aawofum,0,1,0,1,0,0,1,1,0,1,0
ZTF22aawoied,0,1,0,0,1,1,0,1,0,1,0
ZTF22aawokbh,1,0,0,0,0,0,0,0,0,0,0
ZTF22aawqcxq,1,0,0,0,0,0,0,0,0,0,0
ZTF22aawqdhv,1,0,0,0,0,0,0,0,0,0,0
ZTF22aawqdla,0,1,0,0,1,1,0,1,0,1,0
ZTF22aawqjqk,0,1,0,1,0,1,0,1,0,0,1
ZTF22aawtunt,0,1,0,1,0,1,0,0,1,1,0
ZTF22aawuaje,1,0,0,0,0,0,0,0,0,0,0
ZTF22aawutlv,1,0,0,0,0,0,0,0,0,0,0
ZTF22aawuujj,0,0,1,1,0,1,0,1,0,1,0
ZTF22aawuvqq,0,1,0,0,1,1,0,1,0,1,0
ZTF22aawvlku,0,1,0,1,0,0,1,1,0,1,0
ZTF22aawweaj,0,1,0,1,0,1,0,1,0,0,1
ZTF22aawwqyv,0,0,1,1,0,1,0,1,0,1,0
ZTF22aawzdti,0,1,0,1,0,1,0,0,1,1,0
ZTF22aawzemj,1,0,0,0,0,0,0,0,0,0,0
ZTF22aawzgcx,0,1,0,0,1,1,0,1,0,1,0
ZTF22aawzpvc,0,0,1,1,0,1,0,1,0,1,0
ZTF22aawzvko,0,1,0,1,0,1,0,0,1,1,0
ZTF22aaxabok,0,1,0,1,0,1,0,0,1,1,0
ZTF22aaxaduq,0,1,0,1,0,1,0,1,0,0,1
ZTF22aaxaeik,0,1,0,1,0,0,1,1,0,1,0
ZTF22aaxaeit,0,1,0,0,1,1,0,1,0,1,0
ZTF22aaxaezo,0,1,0,1,0,1,0,1,0,0,1
ZTF22aaxafaz,0,1,0,1,0,1,0,1,0,0,1
ZTF22aaxafin,1,0,0,0,0,0,0,0,0,0,0
ZTF22aaxahnk,0,1,0,0,1,1,0,1,0,1,0
ZTF22aaxaiau,1,0,0,0,0,0,0,0,0,0,0
ZTF22aaxaivj,0,1,0,1,0,1,0,1,0,0,1
ZTF22aaxakaz,0,1,0,0,1,1,0,1,0,1,0
ZTF22aaxaklk,0,1,0,0,1,1,0,1,0,1,0
ZTF22aaxartm,0,1,0,1,0,1,0,0,1,1,0
ZTF22aaxauin,0,1,0,1,0,0,1,1,0,1,0
ZTF22aaxausj,0,1,0,1,0,1,0,1,0,0,1
ZTF22aaxavjm,0,1,0,0,1,1,0,1,0,1,0
ZTF22aaxbape,0,1,0,1,0,1,0,0,1,1,0
ZTF22aaxbhrr,0,1,0,1,0,1,0,1,0,0,1
ZTF22aaxcxty,0,1,0,1,0,1,0,1,0,0,1
ZTF22aaxdbol,1,0,0,0,0,0,0,0,0,0,0
ZTF22aaxddal,0,1,0,0,1,1,0,1,0,1,0
ZTF22aaxdjny,0,1,0,1,0,1,0,0,1,1,0
ZTF22aaxedwm,0,1,0,1,0,1,0,1,0,0,1
ZTF22aaxfikm,0,1,0,1,0,0,1,1,0,1,0
ZTF22aaxfqka,0,1,0,0,1,1,0,1,0,1,0
ZTF22aaxftuo,0,1,0,1,0,1,0,1,0,0,1
ZTF22aaxhfmd,0,1,0,1,0,1,0,1,0,0,1
ZTF22aaxhvfe,1,0,0,0,0,0,0,0,0,0,0
ZTF22aaxinql,1,0,0,0,0,0,0,0,0,0,0
ZTF22aaxipne,0,1,0,1,0,1,0,1,0,0,1
ZTF22aaxisfx,0,1,0,0,1,1,0,1,0,1,0
ZTF22aaxitfx,0,1,0,1,0,0,1,1,0,1,0
ZTF22aaxjgid,0,1,0,1,0,0,1,1,0,1,0
ZTF22aaxjlmo,1,0,0,0,0,0,0,0,0,0,0
ZTF22aaxkcus,0,0,1,1,0,1,0,1,0,1,0
ZTF22aaxkewq,0,1,0,1,0,1,0,0,1,1,0
ZTF22aaxklbk,0,0,1,1,0,1,0,1,0,1,0
ZTF22aaxkvxf,0,1,0,1,0,0,1,1,0,1,0
ZTF22aaxkwka,0,1,0,1,0,1,0,1,0,0,1
ZTF22aaxkzha,0,0,1,1,0,1,0,1,0,1,0
ZTF22aaxlacp,0,1,0,1,0,0,1,1,0,1,0
ZTF22aaxlagl,1,0,0,0,0,0,0,0,0,0,0
ZTF22aaxlbfe,1,0,0,0,0,0,0,0,0,0,0
ZTF22aaxldep,1,0,0,0,0,0,0,0,0,0,0
ZTF22aaxmfak,0,1,0,0,1,1,0,1,0,1,0
ZTF22aaxmoho,0,1,0,0,1,1,0,1,0,1,0
ZTF22aaxnsox,1,0,0,0,0,0,0,0,0,0,0
ZTF22aaxntji,0,1,0,1,0,0,1,1,0,1,0
ZTF22aaxodne,0,0,1,1,0,1,0,1,0,1,0
ZTF22aaxoluk,0,1,0,1,0,0,1,1,0,1,0
ZTF22aaxsbfg,0,0,1,1,0,1,0,1,0,1,0
ZTF22aaxsikb,0,1,0,1,0,0,1,1,0,1,0
ZTF22aaxsiwp,0,1,0,1,0,1,0,0,1,1,0
ZTF22aaxsoxq,0,1,0,1,0,0,1,1,0,1,0
ZTF22aaxstzl,0,1,0,1,0,1,0,1,0,0,1
ZTF22aaxsuec,1,0,0,0,0,0,0,0,0,0,0
ZTF22aaxtias,0,1,0,1,0,1,0,0,1,1,0
ZTF22aaxtjdz,0,0,1,1,0,1,0,1,0,1,0
ZTF22aaxtysg,0,1,0,1,0,1,0,1,0,0,1
ZTF22aaxtzmk,0,1,0,1,0,1,0,0,1,1,0
ZTF22aaxuqep,0,1,0,1,0,1,0,1,0,0,1
ZTF22aaxvwev,0,1,0,1,0,0,1,1,0,1,0
ZTF22aaxwjrs,1,0,0,0,0,0,0,0,0,0,0
ZTF22aaxxeta,0,1,0,1,0,1,0,0,1,1,0
ZTF22aaxxpwa,0,1,0,1,0,1,0,1,0,0,1
ZTF22aaxxvll,0,1,0,1,0,1,0,1,0,0,1
ZTF22aaxypdx,0,1,0,1,0,0,1,1,0,1,0
ZTF22aaxytpi,0,1,0,0,1,1,0,1,0,1,0
ZTF22aaxzedi,1,0,0,0,0,0,0,0,0,0,0
ZTF22aaxzetu,0,1,0,1,0,1,0,1,0,0,1
ZTF22aaxzgzb,0,1,0,1,0,0,1,1,0,1,0
ZTF22aaxzzoc,0,1,0,1,0,1,0,1,0,0,1
ZTF22aayaemx,0,0,1,1,0,1,0,1,0,1,0
ZTF22aayayyc,0,1,0,1,0,1,0,0,1,1,0
ZTF22aayazjy,1,0,0,0,0,0,0,0,0,0,0
ZTF22aaybkkh,0,1,0,1,0,0,1,1,0,1,0
ZTF22aaycwbi,0,1,0,0,1,1,0,1,0,1,0
ZTF22aaycyfd,0,1,0,1,0,1,0,0,1,1,0
ZTF22aaydbpg,1,0,0,0,0,0,0,0,0,0,0
ZTF22aaydwbh,0,1,0,1,0,0,1,1,0,1,0
ZTF22aayehdv,0,1,0,1,0,1,0,0,1,1,0
ZTF22aayehud,0,1,0,1,0,0,1,1,0,1,0
ZTF22aayesnn,0,1,0,1,0,1,0,1,0,0,1
ZTF22aayfqbs,0,0,1,1,0,1,0,1,0,1,0
ZTF22aayfqjq,1,0,0,0,0,0,0,0,0,0,0
ZTF22aayfrxg,0,0,1,1,0,1,0,1,0,1,0
ZTF22aayfrxu,1,0,0,0,0,0,0,0,0,0,0
ZTF22aaygjhv,0,1,0,0,1,1,0,1,0,1,0
ZTF22aaygscd,0,1,0,1,0,1,0,1,0,0,1
ZTF22aayguuw,0,1,0,0,1,1,0,1,0,1,0
ZTF22aaygzdb,0,1,0,1,0,0,1,1,0,1,0
ZTF22aayhczh,0,1,0,1,0,1,0,0,1,1,0
ZTF22aayhevb,0,1,0,1,0,1,0,0,1,1,0
ZTF22aayhfbz,0,0,1,1,0,1,0,1,0,1,0
ZTF22aayhjsd,0,1,0,1,0,1,0,0,1,1,0
ZTF22aayhkjd,0,1,0,1,0,0,1,1,0,1,0
ZTF22aayhrbm,0,1,0,0,1,1,0,1,0,1,0
ZTF22aayhrpv,0,1,0,1,0,0,1,1,0,1,0
ZTF22aayhurh,0,1,0,1,0,0,1,1,0,1,0
ZTF22aayhzfy,0,1,0,1,0,1,0,0,1,1,0
ZTF22aayibem,0,1,0,1,0,1,0,0,1,1,0
ZTF22aayibvq,0,1,0,1,0,1,0,0,1,1,0
ZTF22aayjein,0,0,1,1,0,1,0,1,0,1,0
ZTF22aayjemy,0,1,0,0,1,1,0,1,0,1,0
ZTF22aayjpkl,0,0,1,1,0,1,0,1,0,1,0
ZTF22aayjqah,0,1,0,1,0,0,1,1,0,1,0
ZTF22aayjqwa,1,0,0,0,0,0,0,0,0,0,0
ZTF22aayjqyo,0,1,0,1,0,1,0,1,0,0,1
ZTF22aayjrxs,0,1,0,0,1,1,0,1,0,1,0
ZTF22aayjury,0,1,0,0,1,1,0,1,0,1,0
ZTF22aayjutc,0,1,0,1,0,1,0,1,0,0,1
ZTF22aayjuvc,0,0,1,1,0,1,0,1,0,1,0
ZTF22aayjuys,0,1,0,1,0,1,0,1,0,0,1
ZTF22aayjven,0,1,0,0,1,1,0,1,0,1,0
ZTF22aayjybz,0,1,0,1,0,0,1,1,0,1,0
ZTF22aayjyhs,0,1,0,0,1,1,0,1,0,1,0
ZTF22aayjytp,0,1,0,1,0,1,0,0,1,1,0
ZTF22aayjzmc,0,1,0,0,1,1,0,1,0,1,0
ZTF22aayjzmq,0,1,0,0,1,1,0,1,0,1,0
ZTF22aayjzmu,0,1,0,0,1,1,0,1,0,1,0
ZTF22aaykaur,0,0,1,1,0,1,0,1,0,1,0
ZTF22aaykpuw,0,1,0,1,0,0,1,1,0,1,0
ZTF22aaylhqv,0,1,0,1,0,1,0,0,1,1,0
ZTF22aaylkvi,1,0,0,0,0,0,0,0,0,0,0
ZTF22aayllpy,0,0,1,1,0,1,0,1,0,1,0
ZTF22aayllqx,1,0,0,0,0,0,0,0,0,0,0
ZTF22aaylmey,0,1,0,0,1,1,0,1,0,1,0
ZTF22aaylmkv,0,1,0,1,0,1,0,0,1,1,0
ZTF22aaylmmh,0,1,0,0,1,1,0,1,0,1,0
ZTF22aaylnhq,1,0,0,0,0,0,0,0,0,0,0
ZTF22aaylrqq,0,1,0,0,1,1,0,1,0,1,0
ZTF22aaylsyw,0,1,0,0,1,1,0,1,0,1,0
ZTF22aayltas,0,1,0,1,0,1,0,0,1,1,0
ZTF22aaylygr,0,1,0,1,0,1,0,1,0,0,1
ZTF22aaymefn,0,1,0,1,0,0,1,1,0,1,0
ZTF22aaymhlh,0,1,0,1,0,0,1,1,0,1,0
ZTF22aaymjam,1,0,0,0,0,0,0,0,0,0,0
ZTF22aaynpda,0,1,0,1,0,1,0,1,0,0,1
ZTF22aaynrna,0,1,0,0,1,1,0,1,0,1,0
ZTF22aaynvgi,0,1,0,1,0,1,0,1,0,0,1
ZTF22aaynvqo,0,1,0,1,0,1,0,1,0,0,1
ZTF22aaynyij,0,1,0,0,1,1,0,1,0,1,0
ZTF22aaynzul,0,1,0,1,0,1,0,0,1,1,0
ZTF22aayobas,1,0,0,0,0,0,0,0,0,0,0
ZTF22aayprcr,0,1,0,1,0,1,0,0,1,1,0
ZTF22aayprmb,0,0,1,1,0,1,0,1,0,1,0
ZTF22aaypvnw,0,1,0,1,0,1,0,0,1,1,0
ZTF22aaypvrx,0,1,0,1,0,1,0,0,1,1,0
ZTF22aayqden,1,0,0,0,0,0,0,0,0,0,0
ZTF22aayqfqj,0,0,1,1,0,1,0,1,0,1,0
ZTF22aayqisi,0,1,0,1,0,1,0,0,1,1,0
ZTF22aayqkme,0,1,0,1,0,0,1,1,0,1,0
ZTF22aayqpdj,0,1,0,1,0,1,0,0,1,1,0
ZTF22aayresz,0,1,0,1,0,0,1,1,0,1,0
ZTF22aayrgfa,0,1,0,0,1,1,0,1,0,1,0
ZTF22aayrgru,0,1,0,0,1,1,0,1,0,1,0
ZTF22aayrhvp,0,1,0,1,0,0,1,1,0,1,0
ZTF22aayrifo,0,0,1,1,0,1,0,1,0,1,0
ZTF22aayrixx,0,1,0,0,1,1,0,1,0,1,0
ZTF22aayrody,1,0,0,0,0,0,0,0,0,0,0
ZTF22aayrsel,0,0,1,1,0,1,0,1,0,1,0
ZTF22aayrxbb,0,0,1,1,0,1,0,1,0,1,0
ZTF22aaysinn,1,0,0,0,0,0,0,0,0,0,0
ZTF22aaysndy,0,1,0,0,1,1,0,1,0,1,0
ZTF22aaysric,0,1,0,0,1,1,0,1,0,1,0
ZTF22aaysrue,1,0,0,0,0,0,0,0,0,0,0
ZTF22aaysvpp,0,1,0,0,1,1,0,1,0,1,0
ZTF22aaysxte,0,1,0,1,0,1,0,1,0,0,1
ZTF22aaytfey,0,1,0,1,0,1,0,0,1,1,0
ZTF22aaytfmi,1,0,0,0,0,0,0,0,0,0,0
ZTF22aayubka,0,1,0,1,0,0,1,1,0,1,0
ZTF22aayubld,1,0,0,0,0,0,0,0,0,0,0
ZTF22aayubpe,1,0,0,0,0,0,0,0,0,0,0
ZTF22aayubvt,0,1,0,1,0,1,0,1,0,0,1
ZTF22aayufiw,0,1,0,1,0,0,1,1,0,1,0
ZTF22aayugrx,1,0,0,0,0,0,0,0,0,0,0
ZTF22aayugsz,0,1,0,1,0,1,0,1,0,0,1
ZTF22aayukxn,0,1,0,1,0,0,1,1,0,1,0
ZTF22aayullo,0,1,0,1,0,1,0,1,0,0,1
ZTF22aayulmg,1,0,0,0,0,0,0,0,0,0,0
ZTF22aayuuhg,0,1,0,1,0,1,0,0,1,1,0
ZTF22aayvaoa,0,1,0,1,0,0,1,1,0,1,0
ZTF22aayvcwn,0,1,0,1,0,1,0,0,1,1,0
ZTF22aayvddb,0,1,0,1,0,1,0,1,0,0,1
ZTF22aayvosj,0,1,0,0,1,1,0,1,0,1,0
ZTF22aayvulk,0,0,1,1,0,1,0,1,0,1,0
ZTF22aaywkwn,0,1,0,1,0,1,0,1,0,0,1
ZTF22aaywmrl,0,1,0,1,0,0,1,1,0,1,0
ZTF22aaywnyg,0,1,0,1,0,1,0,1,0,0,1
ZTF22aaywoqy,1,0,0,0,0,0,0,0,0,0,0
ZTF22aaywosw,0,1,0,1,0,1,0,1,0,0,1
ZTF22aayxacx,0,0,1,1,0,1,0,1,0,1,0
ZTF22aayxbih,0,0,1,1,0,1,0,1,0,1,0
ZTF22aayxczo,1,0,0,0,0,0,0,0,0,0,0
ZTF22aayxdkd,0,1,0,1,0,1,0,0,1,1,0
ZTF22aayxgws,1,0,0,0,0,0,0,0,0,0,0
ZTF22aayylvj,0,1,0,1,0,1,0,0,1,1,0
ZTF22aayywyf,0,0,1,1,0,1,0,1,0,1,0
ZTF22aayyxns,1,0,0,0,0,0,0,0,0,0,0
ZTF22aayyxyq,1,0,0,0,0,0,0,0,0,0,0
ZTF22aayyycv,1,0,0,0,0,0,0,0,0,0,0
ZTF22aayzane,0,0,1,1,0,1,0,1,0,1,0
ZTF22aayzbcf,0,1,0,1,0,1,0,0,1,1,0
ZTF22aayzibv,0,1,0,1,0,1,0,1,0,0,1
ZTF22aayzixz,0,1,0,0,1,1,0,1,0,1,0
ZTF22aayzwno,0,1,0,1,0,1,0,0,1,1,0
ZTF22aazadci,1,0,0,0,0,0,0,0,0,0,0
ZTF22aazajhz,1,0,0,0,0,0,0,0,0,0,0
ZTF22aazasai,0,1,0,1,0,1,0,1,0,0,1
ZTF22aazaxcu,0,1,0,1,0,0,1,1,0,1,0
ZTF22aazaypq,0,1,0,1,0,1,0,1,0,0,1
ZTF22aazbibf,0,1,0,1,0,0,1,1,0,1,0
ZTF22aazbpfv,0,1,0,1,0,0,1,1,0,1,0
ZTF22aazbpns,1,0,0,0,0,0,0,0,0,0,0
ZTF22aazdkhc,0,1,0,0,1,1,0,1,0,1,0
ZTF22aazdpmc,0,1,0,1,0,0,1,1,0,1,0
ZTF22aazdxtl,0,1,0,0,1,1,0,1,0,1,0
ZTF22aazdxxj,0,1,0,1,0,1,0,1,0,0,1
ZTF22aazeagq,0,1,0,1,0,1,0,1,0,0,1
ZTF22aazeceo,0,1,0,0,1,1,0,1,0,1,0
ZTF22aazeipl,0,1,0,0,1,1,0,1,0,1,0
ZTF22aazfusf,0,1,0,0,1,1,0,1,0,1,0
ZTF22aazgaus,0,1,0,1,0,0,1,1,0,1,0
ZTF22aazgjec,0,1,0,1,0,1,0,0,1,1,0
ZTF22aazgmum,0,1,0,0,1,1,0,1,0,1,0
ZTF22aazhcvm,1,0,0,0,0,0,0,0,0,0,0
ZTF22aazhjwv,1,0,0,0,0,0,0,0,0,0,0
ZTF22aazhlcb,0,0,1,1,0,1,0,1,0,1,0
ZTF22aazhryz,0,0,1,1,0,1,0,1,0,1,0
ZTF22aazhskn,0,1,0,0,1,1,0,1,0,1,0
ZTF22aazhsth,0,0,1,1,0,1,0,1,0,1,0
ZTF22aazhxfo,0,1,0,0,1,1,0,1,0,1,0
ZTF22aazhydc,0,0,1,1,0,1,0,1,0,1,0
ZTF22aazhyho,0,1,0,1,0,1,0,1,0,0,1
ZTF22aazhysn,0,1,0,1,0,1,0,1,0,0,1
ZTF22aazhyww,0,1,0,1,0,0,1,1,0,1,0
ZTF22aazhyxv,0,1,0,1,0,1,0,0,1,1,0
ZTF22aazifgv,1,0,0,0,0,0,0,0,0,0,0
ZTF22aazihmk,0,0,1,1,0,1,0,1,0,1,0
ZTF22aaziljo,0,1,0,1,0,1,0,0,1,1,0
ZTF22aazilvp,0,1,0,1,0,0,1,1,0,1,0
ZTF22aazirkw,0,1,0,1,0,1,0,1,0,0,1
ZTF22aaziryc,0,1,0,0,1,1,0,1,0,1,0
ZTF22aazitlr,1,0,0,0,0,0,0,0,0,0,0
ZTF22aazjbwe,0,1,0,1,0,1,0,0,1,1,0
ZTF22aazjesh,0,0,1,1,0,1,0,1,0,1,0
ZTF22aazjfzv,0,1,0,1,0,1,0,1,0,0,1
ZTF22aazjgoi,0,1,0,0,1,1,0,1,0,1,0
ZTF22aazjhpa,0,1,0,1,0,1,0,1,0,0,1
ZTF22aazjiam,0,1,0,1,0,1,0,1,0,0,1
ZTF22aazjiyn,0,0,1,1,0,1,0,1,0,1,0
ZTF22aazjnut,0,1,0,1,0,1,0,0,1,1,0
ZTF22aazjokn,0,1,0,1,0,1,0,1,0,0,1
ZTF22aazjqam,0,0,1,1,0,1,0,1,0,1,0
ZTF22aazjqie,0,1,0,0,1,1,0,1,0,1,0
ZTF22aazjqmt,0,1,0,1,0,1,0,1,0,0,1
ZTF22aazjqtu,0,1,0,0,1,1,0,1,0,1,0
ZTF22aazjrbj,1,0,0,0,0,0,0,0,0,0,0
ZTF22aazjsqj,0,1,0,1,0,0,1,1,0,1,0
ZTF22aazjsyk,0,1,0,1,0,1,0,1,0,0,1
ZTF22aazjtha,0,1,0,1,0,1,0,1,0,0,1
ZTF22aazjvid,0,1,0,1,0,0,1,1,0,1,0
ZTF22aazjwac,0,1,0,1,0,0,1,1,0,1,0
ZTF22aazjxix,0,0,1,1,0,1,0,1,0,1,0
ZTF22aazjzhc,0,1,0,0,1,1,0,1,0,1,0
ZTF22aazkecf,0,0,1,1,0,1,0,1,0,1,0
ZTF22aazkhnu,1,0,0,0,0,0,0,0,0,0,0
ZTF22aazkiwv,0,1,0,1,0,1,0,0,1,1,0
ZTF22aazkldn,0,1,0,0,1,1,0,1,0,1,0
ZTF22aazkndo,0,1,0,0,1,1,0,1,0,1,0
ZTF22aazlxpy,1,0,0,0,0,0,0,0,0,0,0
ZTF22aazmrpx,1,0,0,0,0,0,0,0,0,0,0
ZTF22aaznbmz,0,1,0,1,0,1,0,0,1,1,0
ZTF22aaznkwj,0,0,1,1,0,1,0,1,0,1,0
ZTF22aaznxqp,0,1,0,1,0,0,1,1,0,1,0
ZTF22aazocgc,0,1,0,0,1,1,0,1,0,1,0
ZTF22aazoejf,0,1,0,1,0,1,0,1,0,0,1
ZTF22aazojhy,0,1,0,1,0,0,1,1,0,1,0
ZTF22aazomrl,0,1,0,1,0,1,0,0,1,1,0
ZTF22aazovrb,0,1,0,1,0,1,0,0,1,1,0
ZTF22aazoxdf,0,1,0,1,0,0,1,1,0,1,0
ZTF22aazpept,1,0,0,0,0,0,0,0,0,0,0
ZTF22aazpgyc,0,0,1,1,0,1,0,1,0,1,0
ZTF22aazpieh,1,0,0,0,0,0,0,0,0,0,0
ZTF22aazpjrh,0,1,0,0,1,1,0,1,0,1,0
ZTF22aazprcq,0,1,0,1,0,1,0,0,1,1,0
ZTF22aazpuos,0,1,0,1,0,1,0,1,0,0,1
ZTF22aazpvzh,0,1,0,1,0,1,0,1,0,0,1
ZTF22aazqjwm,0,1,0,1,0,0,1,1,0,1,0
ZTF22aazrxxg,0,1,0,1,0,1,0,0,1,1,0
ZTF22aazssih,0,1,0,1,0,0,1,1,0,1,0
ZTF22aazuomx,0,1,0,0,1,1,0,1,0,1,0
ZTF22aazuowq,0,1,0,1,0,0,1,1,0,1,0
ZTF22aazuuin,0,1,0,1,0,1,0,1,0,0,1
ZTF22aazuxug,0,1,0,0,1,1,0,1,0,1,0
ZTF22aazviyh,0,0,1,1,0,1,0,1,0,1,0
ZTF22aazvurp,1,0,0,0,0,0,0,0,0,0,0
ZTF22aazvzgk,0,1,0,1,0,0,1,1,0,1,0
ZTF22aazwxlk,0,1,0,1,0,1,0,1,0,0,1
ZTF22aazxsfu,0,0,1,1,0,1,0,1,0,1,0
ZTF22ababewf,0,1,0,0,1,1,0,1,0,1,0
ZTF22ababfug,0,1,0,1,0,0,1,1,0,1,0
ZTF22abacjbd,0,1,0,1,0,1,0,1,0,0,1
ZTF22abadoir,1,0,0,0,0,0,0,0,0,0,0
ZTF22abadzpo,0,0,1,1,0,1,0,1,0,1,0
ZTF22abaedhv,0,0,1,1,0,1,0,1,0,1,0
ZTF22abaeovd,0,0,1,1,0,1,0,1,0,1,0
ZTF22abaetpp,0,1,0,1,0,1,0,0,1,1,0
ZTF22abaette,0,0,1,1,0,1,0,1,0,1,0
ZTF22abaeves,0,1,0,1,0,0,1,1,0,1,0
ZTF22abaexjf,0,1,0,1,0,1,0,1,0,0,1
ZTF22abaffnz,0,1,0,1,0,0,1,1,0,1,0
ZTF22abafmiq,0,1,0,0,1,1,0,1,0,1,0
ZTF22abahkda,1,0,0,0,0,0,0,0,0,0,0
ZTF22abahzeh,1,0,0,0,0,0,0,0,0,0,0
ZTF22abaiyyz,0,1,0,1,0,1,0,0,1,1,0
ZTF22abajepp,1,0,0,0,0,0,0,0,0,0,0
ZTF22abajeww,0,1,0,1,0,1,0,0,1,1,0
ZTF22abajtwj,1,0,0,0,0,0,0,0,0,0,0
ZTF22abajudg,0,1,0,1,0,0,1,1,0,1,0
ZTF22abajudi,1,0,0,0,0,0,0,0,0,0,0
ZTF22abakclt,1,0,0,0,0,0,0,0,0,0,0
ZTF22abakcnf,1,0,0,0,0,0,0,0,0,0,0
ZTF22abakcvz,0,1,0,1,0,1,0,1,0,0,1
ZTF22abakdch,0,1,0,0,1,1,0,1,0,1,0
ZTF22abakdsn,0,1,0,1,0,1,0,0,1,1,0
ZTF22abakdtb,0,0,1,1,0,1,0,1,0,1,0
ZTF22abakdwy,0,1,0,1,0,1,0,1,0,0,1
ZTF22abakeha,1,0,0,0,0,0,0,0,0,0,0
ZTF22abakeys,0,1,0,1,0,1,0,0,1,1,0
ZTF22abakgeg,0,0,1,1,0,1,0,1,0,1,0
ZTF22abakhtk,1,0,0,0,0,0,0,0,0,0,0
ZTF22abakhvs,0,1,0,1,0,1,0,1,0,0,1
ZTF22abakhyl,0,1,0,1,0,1,0,0,1,1,0
ZTF22abakigz,0,1,0,0,1,1,0,1,0,1,0
ZTF22abakwxh,0,1,0,1,0,0,1,1,0,1,0
ZTF22abalbxo,0,1,0,1,0,1,0,1,0,0,1
ZTF22abalhut,0,1,0,1,0,1,0,1,0,0,1
ZTF22abalyxs,0,1,0,1,0,1,0,0,1,1,0
ZTF22abamgic,1,0,0,0,0,0,0,0,0,0,0
ZTF22abanrik,0,1,0,1,0,1,0,0,1,1,0
ZTF22abanroo,0,1,0,1,0,1,0,0,1,1,0
ZTF22abanshu,0,1,0,1,0,0,1,1,0,1,0
ZTF22abansyp,0,1,0,1,0,0,1,1,0,1,0
ZTF22abantpu,0,1,0,1,0,1,0,0,1,1,0
ZTF22abanuzw,0,1,0,0,1,1,0,1,0,1,0
ZTF22abanvzk,0,1,0,1,0,1,0,0,1,1,0
ZTF22abanwqs,0,1,0,1,0,1,0,0,1,1,0
ZTF22abanxam,0,1,0,1,0,1,0,0,1,1,0
ZTF22abanxoe,1,0,0,0,0,0,0,0,0,0,0
ZTF22abanzes,0,1,0,1,0,1,0,0,1,1,0
ZTF22abaoaiz,0,1,0,1,0,0,1,1,0,1,0
ZTF22abaobsx,1,0,0,0,0,0,0,0,0,0,0
ZTF22abaocud,0,1,0,1,0,1,0,0,1,1,0
ZTF22abaofuy,0,1,0,0,1,1,0,1,0,1,0
ZTF22abaogbb,1,0,0,0,0,0,0,0,0,0,0
ZTF22abaogwj,0,1,0,0,1,1,0,1,0,1,0
ZTF22abaohes,0,1,0,1,0,1,0,0,1,1,0
ZTF22abaohvz,0,1,0,1,0,1,0,0,1,1,0
ZTF22abaowca,0,0,1,1,0,1,0,1,0,1,0
ZTF22abaoxyd,1,0,0,0,0,0,0,0,0,0,0
ZTF22abapizd,0,1,0,0,1,1,0,1,0,1,0
ZTF22abapnbz,0,1,0,0,1,1,0,1,0,1,0
ZTF22abaprmr,0,1,0,1,0,0,1,1,0,1,0
ZTF22abapsed,0,1,0,0,1,1,0,1,0,1,0
ZTF22abapwme,0,0,1,1,0,1,0,1,0,1,0
ZTF22abaqcls,0,1,0,0,1,1,0,1,0,1,0
ZTF22abaqdyp,0,1,0,1,0,1,0,1,0,0,1
ZTF22abaqizp,0,1,0,1,0,0,1,1,0,1,0
ZTF22abaqzcm,1,0,0,0,0,0,0,0,0,0,0
ZTF22abarhid,0,0,1,1,0,1,0,1,0,1,0
ZTF22abascmm,0,1,0,0,1,1,0,1,0,1,0
ZTF22abaseoc,1,0,0,0,0,0,0,0,0,0,0
ZTF22abasulj,0,1,0,1,0,0,1,1,0,1,0
ZTF22abatqod,0,1,0,0,1,1,0,1,0,1,0
ZTF22abatsqa,0,0,1,1,0,1,0,1,0,1,0
ZTF22abatsyj,1,0,0,0,0,0,0,0,0,0,0
ZTF22abaucli,0,1,0,1,0,1,0,0,1,1,0
ZTF22abautjv,0,1,0,1,0,0,1,1,0,1,0
ZTF22abawapx,0,0,1,1,0,1,0,1,0,1,0
ZTF22abawdze,0,1,0,1,0,0,1,1,0,1,0
ZTF22abawedu,0,0,1,1,0,1,0,1,0,1,0
ZTF22abawhca,0,1,0,1,0,1,0,0,1,1,0
ZTF22abawkbq,0,1,0,0,1,1,0,1,0,1,0
ZTF22abawpng,0,0,1,1,0,1,0,1,0,1,0
ZTF22abawyul,0,1,0,1,0,1,0,0,1,1,0
ZTF22abaxbcl,0,1,0,1,0,0,1,1,0,1,0
ZTF22abaxcpd,0,0,1,1,0,1,0,1,0,1,0
ZTF22abaxkxr,0,0,1,1,0,1,0,1,0,1,0
ZTF22abaxmks,0,0,1,1,0,1,0,1,0,1,0
ZTF22abaxqlk,0,1,0,1,0,1,0,0,1,1,0
ZTF22abaxqpi,0,1,0,1,0,1,0,1,0,0,1
ZTF22abaxtfy,1,0,0,0,0,0,0,0,0,0,0
ZTF22abaxtqk,0,1,0,1,0,1,0,1,0,0,1
ZTF22abaxwws,0,1,0,0,1,1,0,1,0,1,0
ZTF22abayabn,0,1,0,1,0,0,1,1,0,1,0
ZTF22abayfvm,0,1,0,0,1,1,0,1,0,1,0
ZTF22abaygoh,0,1,0,1,0,1,0,0,1,1,0
ZTF22abaynfc,0,0,1,1,0,1,0,1,0,1,0
ZTF22abayurb,0,1,0,1,0,1,0,1,0,0,1
ZTF22abaywpq,0,1,0,1,0,1,0,1,0,0,1
ZTF22abazigo,0,1,0,1,0,1,0,0,1,1,0
ZTF22abazmfn,0,1,0,0,1,1,0,1,0,1,0
ZTF22abazmqr,0,0,1,1,0,1,0,1,0,1,0
ZTF22abazofn,1,0,0,0,0,0,0,0,0,0,0
ZTF22abazrhp,0,1,0,1,0,1,0,1,0,0,1
ZTF22abaztoy,0,0,1,1,0,1,0,1,0,1,0
ZTF22abbadld,1,0,0,0,0,0,0,0,0,0,0
ZTF22abbadxp,0,1,0,1,0,1,0,1,0,0,1
ZTF22abbaeba,1,0,0,0,0,0,0,0,0,0,0
ZTF22abbaqil,0,1,0,0,1,1,0,1,0,1,0
ZTF22abbausm,0,0,1,1,0,1,0,1,0,1,0
ZTF22abbavka,0,1,0,1,0,1,0,0,1,1,0
ZTF22abbbjmm,0,1,0,0,1,1,0,1,0,1,0
ZTF22abbbwhf,0,0,1,1,0,1,0,1,0,1,0
ZTF22abbbwtl,0,1,0,0,1,1,0,1,0,1,0
ZTF22abbdoro,0,1,0,1,0,1,0,0,1,1,0
ZTF22abbdoui,0,1,0,1,0,0,1,1,0,1,0
ZTF22abbdoxb,0,1,0,0,1,1,0,1,0,1,0
ZTF22abbdoxj,0,1,0,1,0,1,0,1,0,0,1
ZTF22abbdxho,0,0,1,1,0,1,0,1,0,1,0
ZTF22abbebun,1,0,0,0,0,0,0,0,0,0,0
ZTF22abbecpl,0,1,0,1,0,0,1,1,0,1,0
ZTF22abbemao,1,0,0,0,0,0,0,0,0,0,0
ZTF22abbemcv,0,1,0,1,0,1,0,0,1,1,0
ZTF22abbemze,0,1,0,1,0,0,1,1,0,1,0
ZTF22abbfqaj,0,1,0,1,0,0,1,1,0,1,0
ZTF22abbfrzq,1,0,0,0,0,0,0,0,0,0,0
ZTF22abbfysq,0,1,0,1,0,0,1,1,0,1,0
ZTF22abbgeok,0,1,0,1,0,1,0,0,1,1,0
ZTF22abbgyvi,1,0,0,0,0,0,0,0,0,0,0
ZTF22abbgzpw,0,1,0,1,0,0,1,1,0,1,0
ZTF22abbhemq,1,0,0,0,0,0,0,0,0,0,0
ZTF22abbhmmi,1,0,0,0,0,0,0,0,0,0,0
ZTF22abbhygi,0,1,0,1,0,1,0,1,0,0,1
ZTF22abbihcm,1,0,0,0,0,0,0,0,0,0,0
ZTF22abbiqoi,1,0,0,0,0,0,0,0,0,0,0
ZTF22abbirsn,1,0,0,0,0,0,0,0,0,0,0
ZTF22abbisqk,0,0,1,1,0,1,0,1,0,1,0
ZTF22abbivqr,0,1,0,1,0,1,0,0,1,1,0
ZTF22abbivsf,0,1,0,1,0,1,0,1,0,0,1
ZTF22abbjbxi,0,0,1,1,0,1,0,1,0,1,0
ZTF22abbjdoz,0,0,1,1,0,1,0,1,0,1,0
ZTF22abbjjui,0,0,1,1,0,1,0,1,0,1,0
ZTF22abbjxmg,0,1,0,1,0,1,0,1,0,0,1
ZTF22abbjzlm,0,1,0,0,1,1,0,1,0,1,0
ZTF22abbkocu,1,0,0,0,0,0,0,0,0,0,0
ZTF22abbkpvu,0,1,0,1,0,0,1,1,0,1,0
ZTF22abbkvbg,0,1,0,1,0,1,0,1,0,0,1
ZTF22abbkxcm,0,1,0,1,0,1,0,1,0,0,1
ZTF22abbkxor,1,0,0,0,0,0,0,0,0,0,0
ZTF22abbkydp,0,1,0,0,1,1,0,1,0,1,0
ZTF22abbkyzn,0,1,0,1,0,1,0,0,1,1,0
ZTF22abblogu,0,0,1,1,0,1,0,1,0,1,0
ZTF22abblxmr,0,1,0,1,0,1,0,0,1,1,0
ZTF22abbmemk,0,0,1,1,0,1,0,1,0,1,0
ZTF22abbmgdo,0,1,0,0,1,1,0,1,0,1,0
ZTF22abbmmgd,0,1,0,1,0,0,1,1,0,1,0
ZTF22abbmrvv,1,0,0,0,0,0,0,0,0,0,0
ZTF22abbmveu,0,1,0,1,0,1,0,0,1,1,0
ZTF22abbmyuv,1,0,0,0,0,0,0,0,0,0,0
ZTF22abbnfpq,0,0,1,1,0,1,0,1,0,1,0
ZTF22abbniza,1,0,0,0,0,0,0,0,0,0,0
ZTF22abbnjvi,0,1,0,1,0,1,0,0,1,1,0
ZTF22abbnmen,0,1,0,1,0,1,0,1,0,0,1
ZTF22abbnpwy,0,1,0,1,0,0,1,1,0,1,0
ZTF22abboovp,0,0,1,1,0,1,0,1,0,1,0
ZTF22abbosas,0,1,0,1,0,0,1,1,0,1,0
ZTF22abbosiv,0,0,1,1,0,1,0,1,0,1,0
ZTF22abbospi,0,1,0,0,1,1,0,1,0,1,0
ZTF22abbowkh,0,1,0,1,0,1,0,0,1,1,0
ZTF22abbpbtr,0,1,0,1,0,0,1,1,0,1,0
ZTF22abbpfpn,0,1,0,0,1,1,0,1,0,1,0
ZTF22abbpvzk,0,1,0,0,1,1,0,1,0,1,0
ZTF22abbqgwf,0,1,0,1,0,1,0,1,0,0,1
ZTF22abbrceo,0,1,0,1,0,1,0,1,0,0,1
ZTF22abbrkzw,1,0,0,0,0,0,0,0,0,0,0
ZTF22abbrmri,0,0,1,1,0,1,0,1,0,1,0
ZTF22abbrrxc,1,0,0,0,0,0,0,0,0,0,0
ZTF22abbrvxu,0,1,0,1,0,0,1,1,0,1,0
ZTF22abbrxqm,0,1,0,0,1,1,0,1,0,1,0
ZTF22abbryos,1,0,0,0,0,0,0,0,0,0,0
ZTF22abbsaze,0,1,0,1,0,1,0,0,1,1,0
ZTF22abbsbiz,0,1,0,1,0,0,1,1,0,1,0
ZTF22abbsbys,1,0,0,0,0,0,0,0,0,0,0
ZTF22abbsgxh,0,0,1,1,0,1,0,1,0,1,0
ZTF22abbtfzc,0,1,0,1,0,1,0,1,0,0,1
ZTF22abbthkw,0,1,0,1,0,1,0,1,0,0,1
ZTF22abbtime,0,0,1,1,0,1,0,1,0,1,0
ZTF22abbtjep,0,1,0,1,0,1,0,1,0,0,1
ZTF22abbtjlb,0,1,0,1,0,1,0,0,1,1,0
ZTF22abbtjmz,0,0,1,1,0,1,0,1,0,1,0
ZTF22abbtmdv,0,1,0,1,0,0,1,1,0,1,0
ZTF22abbtmdz,1,0,0,0,0,0,0,0,0,0,0
ZTF22abbtqmf,0,1,0,0,1,1,0,1,0,1,0
ZTF22abbtunb,0,1,0,1,0,0,1,1,0,1,0
ZTF22abbtvme,0,1,0,1,0,1,0,1,0,0,1
ZTF22abbufpl,0,0,1,1,0,1,0,1,0,1,0
ZTF22abbujvo,0,1,0,1,0,0,1,1,0,1,0
ZTF22abbusmx,0,1,0,0,1,1,0,1,0,1,0
ZTF22abbuumk,0,1,0,1,0,1,0,1,0,0,1
ZTF22abbuyvl,0,1,0,0,1,1,0,1,0,1,0
ZTF22abbvegn,0,0,1,1,0,1,0,1,0,1,0
ZTF22abbvmsz,1,0,0,0,0,0,0,0,0,0,0
ZTF22abbvtaz,0,1,0,1,0,0,1,1,0,1,0
ZTF22abbvubd,0,1,0,1,0,1,0,1,0,0,1
ZTF22abbvunn,0,1,0,0,1,1,0,1,0,1,0
ZTF22abbwaai,0,1,0,1,0,1,0,1,0,0,1
ZTF22abbwmbl,0,1,0,1,0,0,1,1,0,1,0
ZTF22abbwnva,0,1,0,0,1,1,0,1,0,1,0
ZTF22abbwosk,0,1,0,0,1,1,0,1,0,1,0
ZTF22abbwvgv,0,1,0,1,0,0,1,1,0,1,0
ZTF22abbwvpq,1,0,0,0,0,0,0,0,0,0,0
ZTF22abbwzwm,0,0,1,1,0,1,0,1,0,1,0
ZTF22abbxebi,0,1,0,1,0,0,1,1,0,1,0
ZTF22abbxgmy,0,1,0,1,0,1,0,1,0,0,1
ZTF22abbxhav,0,1,0,0,1,1,0,1,0,1,0
ZTF22abbxipb,1,0,0,0,0,0,0,0,0,0,0
ZTF22abbxltg,0,1,0,0,1,1,0,1,0,1,0
ZTF22abbxmab,0,1,0,1,0,1,0,1,0,0,1
ZTF22abbxxcq,0,0,1,1,0,1,0,1,0,1,0
ZTF22abbyqlq,0,1,0,1,0,1,0,1,0,0,1
ZTF22abbzbcx,0,1,0,1,0,1,0,1,0,0,1
ZTF22abbzibb,1,0,0,0,0,0,0,0,0,0,0
ZTF22abbzjam,0,0,1,1,0,1,0,1,0,1,0
ZTF22abbzucj,1,0,0,0,0,0,0,0,0,0,0
ZTF22abbzxsf,0,1,0,1,0,1,0,1,0,0,1
ZTF22abcabea,0,1,0,1,0,1,0,1,0,0,1
ZTF22abcabij,0,1,0,0,1,1,0,1,0,1,0
ZTF22abcbgnh,1,0,0,0,0,0,0,0,0,0,0
ZTF22abcbrqd,0,1,0,1,0,1,0,1,0,0,1
ZTF22abcbses,0,1,0,1,0,1,0,1,0,0,1
ZTF22abccfni,1,0,0,0,0,0,0,0,0,0,0
ZTF22abcckha,0,1,0,1,0,1,0,0,1,1,0
ZTF22abccklg,1,0,0,0,0,0,0,0,0,0,0
ZTF22abccnue,1,0,0,0,0,0,0,0,0,0,0
ZTF22abccpso,1,0,0,0,0,0,0,0,0,0,0
ZTF22abcdsxd,0,1,0,1,0,1,0,0,1,1,0
ZTF22abcdvwb,0,1,0,1,0,1,0,0,1,1,0
ZTF22abceidw,0,1,0,1,0,0,1,1,0,1,0
ZTF22abcejqh,0,0,1,1,0,1,0,1,0,1,0
ZTF22abcemlb,0,1,0,1,0,1,0,0,1,1,0
ZTF22abcemml,0,1,0,1,0,1,0,0,1,1,0
ZTF22abcendf,0,1,0,1,0,0,1,1,0,1,0
ZTF22abcepts,1,0,0,0,0,0,0,0,0,0,0
ZTF22abceqjl,1,0,0,0,0,0,0,0,0,0,0
ZTF22abceqon,1,0,0,0,0,0,0,0,0,0,0
ZTF22abcfbxf,0,1,0,1,0,1,0,0,1,1,0
ZTF22abcfnqp,1,0,0,0,0,0,0,0,0,0,0
ZTF22abcfocq,1,0,0,0,0,0,0,0,0,0,0
ZTF22abcfvkz,1,0,0,0,0,0,0,0,0,0,0
ZTF22abcgmne,0,1,0,1,0,1,0,0,1,1,0
ZTF22abchldc,0,1,0,1,0,1,0,0,1,1,0
ZTF22abcifik,0,1,0,1,0,1,0,1,0,0,1
ZTF22abcifoz,0,1,0,1,0,1,0,1,0,0,1
ZTF22abciful,0,1,0,1,0,1,0,0,1,1,0
ZTF22abcigui,0,1,0,1,0,0,1,1,0,1,0
ZTF22abciiuc,1,0,0,0,0,0,0,0,0,0,0
ZTF22abcirxd,0,1,0,0,1,1,0,1,0,1,0
ZTF22abciymj,1,0,0,0,0,0,0,0,0,0,0
ZTF22abcizqg,0,1,0,1,0,1,0,0,1,1,0
ZTF22abcjabt,0,1,0,1,0,0,1,1,0,1,0
ZTF22abcjera,1,0,0,0,0,0,0,0,0,0,0
ZTF22abcjmjl,0,1,0,1,0,0,1,1,0,1,0
ZTF22abcjrox,0,1,0,0,1,1,0,1,0,1,0
ZTF22abcjvnk,1,0,0,0,0,0,0,0,0,0,0
ZTF22abcjvxj,0,1,0,1,0,0,1,1,0,1,0
ZTF22abcjyfq,0,1,0,1,0,1,0,1,0,0,1
ZTF22abckjod,1,0,0,0,0,0,0,0,0,0,0
ZTF22abckjon,0,0,1,1,0,1,0,1,0,1,0
ZTF22abckkru,0,0,1,1,0,1,0,1,0,1,0
ZTF22abckmth,0,1,0,1,0,0,1,1,0,1,0
ZTF22abckncn,0,0,1,1,0,1,0,1,0,1,0
ZTF22abcknjm,1,0,0,0,0,0,0,0,0,0,0
ZTF22abckrpq,0,0,1,1,0,1,0,1,0,1,0
ZTF22abckyxf,1,0,0,0,0,0,0,0,0,0,0
ZTF22abclahm,0,1,0,0,1,1,0,1,0,1,0
ZTF22abclamw,0,0,1,1,0,1,0,1,0,1,0
ZTF22abclcse,0,1,0,0,1,1,0,1,0,1,0
ZTF22abcmdlr,0,1,0,1,0,1,0,1,0,0,1
ZTF22abcmmkz,0,1,0,0,1,1,0,1,0,1,0
ZTF22abcmmpc,0,1,0,1,0,0,1,1,0,1,0
ZTF22abcmmwm,0,1,0,1,0,1,0,0,1,1,0
ZTF22abcmtcn,0,1,0,0,1,1,0,1,0,1,0
ZTF22abcnzmv,0,1,0,1,0,1,0,0,1,1,0
ZTF22abcobna,0,1,0,1,0,1,0,0,1,1,0
ZTF22abcorth,0,1,0,0,1,1,0,1,0,1,0
ZTF22abcovpw,1,0,0,0,0,0,0,0,0,0,0
ZTF22abcpmui,0,1,0,1,0,1,0,0,1,1,0
ZTF22abcprvj,0,0,1,1,0,1,0,1,0,1,0
ZTF22abcptio,0,1,0,1,0,0,1,1,0,1,0
ZTF22abcpvay,0,1,0,1,0,0,1,1,0,1,0
ZTF22abcqlyi,0,0,1,1,0,1,0,1,0,1,0
ZTF22abcqnpt,0,1,0,1,0,0,1,1,0,1,0
ZTF22abcqwpt,0,1,0,0,1,1,0,1,0,1,0
ZTF22abcqyqp,1,0,0,0,0,0,0,0,0,0,0
ZTF22abcraja,0,1,0,1,0,1,0,1,0,0,1
ZTF22abcrajm,0,1,0,0,1,1,0,1,0,1,0
ZTF22abcrbrl,0,1,0,1,0,1,0,0,1,1,0
ZTF22abcrsoz,0,1,0,0,1,1,0,1,0,1,0
ZTF22abcrsyf,0,1,0,1,0,0,1,1,0,1,0
ZTF22abcrtzv,0,1,0,1,0,1,0,1,0,0,1
ZTF22abcrzcd,1,0,0,0,0,0,0,0,0,0,0
ZTF22abcscvv,1,0,0,0,0,0,0,0,0,0,0
ZTF22abcsdri,0,0,1,1,0,1,0,1,0,1,0
ZTF22abcsekj,1,0,0,0,0,0,0,0,0,0,0
ZTF22abcsiqk,0,1,0,1,0,1,0,1,0,0,1
ZTF22abcskvr,0,1,0,0,1,1,0,1,0,1,0
ZTF22abcskyz,1,0,0,0,0,0,0,0,0,0,0
ZTF22abcslgu,0,0,1,1,0,1,0,1,0,1,0
ZTF22abcsmvg,0,1,0,1,0,1,0,1,0,0,1
ZTF22abcsmxo,0,1,0,1,0,0,1,1,0,1,0
ZTF22abcsnri,0,0,1,1,0,1,0,1,0,1,0
ZTF22abcsqcr,1,0,0,0,0,0,0,0,0,0,0
ZTF22abcszfi,0,1,0,1,0,1,0,1,0,0,1
ZTF22abctgyb,0,1,0,0,1,1,0,1,0,1,0
ZTF22abctjuq,0,0,1,1,0,1,0,1,0,1,0
ZTF22abctlmd,0,1,0,1,0,0,1,1,0,1,0
ZTF22abctuxo,0,1,0,1,0,0,1,1,0,1,0
ZTF22abcuctb,0,0,1,1,0,1,0,1,0,1,0
ZTF22abcujwu,0,1,0,1,0,1,0,0,1,1,0
ZTF22abcukgf,0,1,0,1,0,0,1,1,0,1,0
ZTF22abcuqee,0,1,0,0,1,1,0,1,0,1,0
ZTF22abcuqga,0,1,0,1,0,1,0,1,0,0,1
ZTF22abcuqhr,0,1,0,1,0,1,0,1,0,0,1
ZTF22abcusqd,0,1,0,0,1,1,0,1,0,1,0
ZTF22abcuvao,0,1,0,1,0,1,0,1,0,0,1
ZTF22abcuxki,0,1,0,1,0,1,0,0,1,1,0
ZTF22abcvsrp,1,0,0,0,0,0,0,0,0,0,0
ZTF22abcxzck,0,0,1,1,0,1,0,1,0,1,0
ZTF22abcyfyz,0,1,0,1,0,0,1,1,0,1,0
ZTF22abcylje,0,1,0,1,0,1,0,1,0,0,1
ZTF22abczbsb,0,0,1,1,0,1,0,1,0,1,0
ZTF22abczsrs,0,1,0,1,0,1,0,0,1,1,0
ZTF22abdafsl,0,0,1,1,0,1,0,1,0,1,0
ZTF22abdarkx,0,1,0,1,0,1,0,0,1,1,0
ZTF22abdatth,0,1,0,1,0,1,0,0,1,1,0
ZTF22abdbggu,0,1,0,1,0,1,0,0,1,1,0
ZTF22abdbpgi,0,1,0,1,0,1,0,0,1,1,0
ZTF22abdbqfk,0,0,1,1,0,1,0,1,0,1,0
ZTF22abdctwe,0,1,0,1,0,1,0,0,1,1,0
ZTF22abddapw,0,1,0,1,0,1,0,0,1,1,0
ZTF22abddojl,0,1,0,1,0,1,0,0,1,1,0
ZTF22abddqqz,0,1,0,1,0,1,0,1,0,0,1
ZTF22abddsdr,0,1,0,1,0,1,0,0,1,1,0
ZTF22abddvec,0,1,0,1,0,1,0,0,1,1,0
ZTF22abdekxt,0,1,0,1,0,0,1,1,0,1,0
ZTF22abdfhcw,0,0,1,1,0,1,0,1,0,1,0
ZTF22abdfjjo,0,1,0,1,0,1,0,1,0,0,1
ZTF22abdfkbj,0,1,0,0,1,1,0,1,0,1,0
ZTF22abdfnyp,0,1,0,1,0,0,1,1,0,1,0
ZTF22abdfpew,0,1,0,1,0,1,0,1,0,0,1
ZTF22abdgbsq,1,0,0,0,0,0,0,0,0,0,0
ZTF22abdgfrn,0,1,0,1,0,1,0,1,0,0,1
ZTF22abdgfst,1,0,0,0,0,0,0,0,0,0,0
ZTF22abdgvqs,0,1,0,1,0,0,1,1,0,1,0
ZTF22abdgzwu,0,1,0,1,0,1,0,0,1,1,0
ZTF22abdhibq,1,0,0,0,0,0,0,0,0,0,0
ZTF22abdipla,0,1,0,0,1,1,0,1,0,1,0
ZTF22abditdw,0,1,0,0,1,1,0,1,0,1,0
ZTF22abditft,0,1,0,1,0,0,1,1,0,1,0
ZTF22abdixyz,0,1,0,1,0,1,0,1,0,0,1
ZTF22abdjdts,1,0,0,0,0,0,0,0,0,0,0
ZTF22abdjqlm,0,1,0,1,0,0,1,1,0,1,0
ZTF22abdjusr,0,1,0,0,1,1,0,1,0,1,0
ZTF22abdljrg,0,1,0,1,0,1,0,1,0,0,1
ZTF22abdlnkm,0,1,0,1,0,1,0,0,1,1,0
ZTF22abdlqkr,0,1,0,1,0,0,1,1,0,1,0
ZTF22abdmhbo,0,1,0,1,0,0,1,1,0,1,0
ZTF22abdmhnr,0,1,0,1,0,1,0,1,0,0,1
ZTF22abdmhte,0,0,1,1,0,1,0,1,0,1,0
ZTF22abdmqzt,0,1,0,1,0,1,0,1,0,0,1
ZTF22abdmwrh,0,0,1,1,0,1,0,1,0,1,0
ZTF22abdmwvf,1,0,0,0,0,0,0,0,0,0,0
ZTF22abdmxnw,1,0,0,0,0,0,0,0,0,0,0
ZTF22abdmyxe,0,1,0,0,1,1,0,1,0,1,0
ZTF22abdnbxc,0,1,0,1,0,1,0,1,0,0,1
ZTF22abdnjoa,0,1,0,1,0,0,1,1,0,1,0
ZTF22abdoehm,0,1,0,0,1,1,0,1,0,1,0
ZTF22abdolmt,0,1,0,0,1,1,0,1,0,1,0
ZTF22abdondo,0,0,1,1,0,1,0,1,0,1,0
ZTF22abdonvw,0,0,1,1,0,1,0,1,0,1,0
ZTF22abdpkyy,0,0,1,1,0,1,0,1,0,1,0
ZTF22abdqfyc,1,0,0,0,0,0,0,0,0,0,0
ZTF22abdqzks,0,1,0,1,0,1,0,0,1,1,0
ZTF22abdrdsz,0,0,1,1,0,1,0,1,0,1,0
ZTF22abdrfyz,0,0,1,1,0,1,0,1,0,1,0
ZTF22abdstgi,0,1,0,1,0,1,0,0,1,1,0
ZTF22abdsthe,1,0,0,0,0,0,0,0,0,0,0
ZTF22abdstms,0,1,0,1,0,1,0,0,1,1,0
ZTF22abdstye,0,1,0,1,0,1,0,1,0,0,1
ZTF22abdtbvk,0,1,0,0,1,1,0,1,0,1,0
ZTF22abdtciy,1,0,0,0,0,0,0,0,0,0,0
ZTF22abdtcki,0,0,1,1,0,1,0,1,0,1,0
ZTF22abdtdnl,0,1,0,0,1,1,0,1,0,1,0
ZTF22abdtnbi,0,1,0,1,0,0,1,1,0,1,0
ZTF22abdtnmu,0,0,1,1,0,1,0,1,0,1,0
ZTF22abdtpbh,0,1,0,1,0,1,0,0,1,1,0
ZTF22abdtpru,1,0,0,0,0,0,0,0,0,0,0
ZTF22abdtqje,0,1,0,0,1,1,0,1,0,1,0
ZTF22abdtqow,0,1,0,1,0,1,0,1,0,0,1
ZTF22abdtues,0,1,0,1,0,1,0,1,0,0,1
ZTF22abdtxya,0,1,0,1,0,0,1,1,0,1,0
ZTF22abdtyda,0,1,0,1,0,1,0,0,1,1,0
ZTF22abduaci,0,1,0,1,0,1,0,0,1,1,0
ZTF22abduiem,0,1,0,1,0,1,0,0,1,1,0
ZTF22abdutbv,1,0,0,0,0,0,0,0,0,0,0
ZTF22abdutoy,0,0,1,1,0,1,0,1,0,1,0
ZTF22abduvmj,0,0,1,1,0,1,0,1,0,1,0
ZTF22abduynw,0,1,0,1,0,1,0,1,0,0,1
ZTF22abduyzk,0,1,0,1,0,1,0,0,1,1,0
ZTF22abdvcsx,0,1,0,1,0,1,0,0,1,1,0
ZTF22abdvejh,0,1,0,1,0,1,0,0,1,1,0
ZTF22abdvqdi,0,0,1,1,0,1,0,1,0,1,0
ZTF22abdwasr,0,1,0,1,0,1,0,0,1,1,0
ZTF22abdwlye,0,1,0,1,0,1,0,0,1,1,0
ZTF22abdxdzf,0,0,1,1,0,1,0,1,0,1,0
ZTF22abdxjhr,0,0,1,1,0,1,0,1,0,1,0
ZTF22abdxpnw,0,1,0,1,0,0,1,1,0,1,0
ZTF22abdxrmp,0,1,0,0,1,1,0,1,0,1,0
ZTF22abdyjqu,1,0,0,0,0,0,0,0,0,0,0
ZTF22abdymze,0,1,0,1,0,0,1,1,0,1,0
ZTF22abdyoxe,0,1,0,1,0,1,0,1,0,0,1
ZTF22abdzawy,0,1,0,1,0,1,0,1,0,0,1
ZTF22abdzsnb,0,1,0,1,0,1,0,1,0,0,1
ZTF22abeabiu,0,1,0,0,1,1,0,1,0,1,0
ZTF22abeajvh,0,0,1,1,0,1,0,1,0,1,0
ZTF22abealcw,1,0,0,0,0,0,0,0,0,0,0
ZTF22abebakc,0,1,0,1,0,0,1,1,0,1,0
ZTF22abebcmq,0,1,0,1,0,1,0,0,1,1,0
ZTF22abebdte,0,1,0,0,1,1,0,1,0,1,0
ZTF22abebeoi,0,0,1,1,0,1,0,1,0,1,0
ZTF22abebmej,1,0,0,0,0,0,0,0,0,0,0
ZTF22abebthq,0,1,0,0,1,1,0,1,0,1,0
ZTF22abebtpi,1,0,0,0,0,0,0,0,0,0,0
ZTF22abebycy,0,1,0,0,1,1,0,1,0,1,0
ZTF22abebzat,1,0,0,0,0,0,0,0,0,0,0
ZTF22abecaok,0,1,0,1,0,1,0,1,0,0,1
ZTF22abeddyq,0,1,0,1,0,0,1,1,0,1,0
ZTF22abedfrc,0,1,0,1,0,0,1,1,0,1,0
ZTF22abedkig,1,0,0,0,0,0,0,0,0,0,0
ZTF22abedonf,0,1,0,1,0,1,0,0,1,1,0
ZTF22abedurs,0,1,0,1,0,0,1,1,0,1,0
ZTF22abeefwv,0,1,0,1,0,1,0,0,1,1,0
ZTF22abeemtq,0,1,0,1,0,1,0,0,1,1,0
ZTF22abeeocq,0,0,1,1,0,1,0,1,0,1,0
ZTF22abefsiq,0,1,0,1,0,0,1,1,0,1,0
ZTF22abegbsi,0,0,1,1,0,1,0,1,0,1,0
ZTF22abegjig,0,1,0,1,0,1,0,0,1,1,0
ZTF22abegmnu,1,0,0,0,0,0,0,0,0,0,0
ZTF22abegpxm,0,1,0,1,0,1,0,1,0,0,1
ZTF22abegrtq,1,0,0,0,0,0,0,0,0,0,0
ZTF22abegrzv,0,1,0,0,1,1,0,1,0,1,0
ZTF22abegslb,0,1,0,1,0,1,0,0,1,1,0
ZTF22abegteh,0,1,0,1,0,0,1,1,0,1,0
ZTF22abeguhu,0,0,1,1,0,1,0,1,0,1,0
ZTF22abegurz,0,0,1,1,0,1,0,1,0,1,0
ZTF22abegzdb,1,0,0,0,0,0,0,0,0,0,0
ZTF22abehipm,0,0,1,1,0,1,0,1,0,1,0
ZTF22abehjtt,0,1,0,0,1,1,0,1,0,1,0
ZTF22abeholy,0,1,0,1,0,1,0,0,1,1,0
ZTF22abehrfc,0,1,0,1,0,0,1,1,0,1,0
ZTF22abehsgt,0,1,0,0,1,1,0,1,0,1,0
ZTF22abehsjg,1,0,0,0,0,0,0,0,0,0,0
ZTF22abeicjo,0,1,0,1,0,0,1,1,0,1,0
ZTF22abeiefs,0,0,1,1,0,1,0,1,0,1,0
ZTF22abeigpo,1,0,0,0,0,0,0,0,0,0,0
ZTF22abeigxz,0,1,0,1,0,1,0,0,1,1,0
ZTF22abeiifh,0,1,0,0,1,1,0,1,0,1,0
ZTF22abeiiqa,0,1,0,1,0,1,0,0,1,1,0
ZTF22abeiiwi,0,1,0,1,0,1,0,1,0,0,1
ZTF22abeijrg,0,1,0,0,1,1,0,1,0,1,0
ZTF22abeijzj,0,0,1,1,0,1,0,1,0,1,0
ZTF22abeikzm,0,1,0,1,0,1,0,0,1,1,0
ZTF22abeindo,0,1,0,1,0,1,0,1,0,0,1
ZTF22abeinqc,0,1,0,1,0,1,0,1,0,0,1
ZTF22abeioig,0,1,0,0,1,1,0,1,0,1,0
ZTF22abeioxu,0,1,0,1,0,1,0,0,1,1,0
ZTF22abeirob,0,1,0,1,0,1,0,1,0,0,1
ZTF22abeirot,0,1,0,1,0,1,0,0,1,1,0
ZTF22abeisdy,1,0,0,0,0,0,0,0,0,0,0
ZTF22abejrrz,1,0,0,0,0,0,0,0,0,0,0
ZTF22abejupy,0,1,0,1,0,0,1,1,0,1,0
ZTF22abejzdr,1,0,0,0,0,0,0,0,0,0,0
ZTF22abekdlz,0,1,0,1,0,1,0,0,1,1,0
ZTF22abekftc,0,0,1,1,0,1,0,1,0,1,0
ZTF22abekgqf,0,1,0,1,0,0,1,1,0,1,0
ZTF22abekkwn,0,0,1,1,0,1,0,1,0,1,0
ZTF22abelwtb,0,1,0,1,0,1,0,1,0,0,1
ZTF22abelzmz,1,0,0,0,0,0,0,0,0,0,0
ZTF22abelzpe,0,1,0,1,0,1,0,0,1,1,0
ZTF22abemcpy,0,1,0,1,0,0,1,1,0,1,0
ZTF22abemgrw,0,1,0,1,0,1,0,1,0,0,1
ZTF22abemhoq,1,0,0,0,0,0,0,0,0,0,0
ZTF22abemhpf,0,1,0,0,1,1,0,1,0,1,0
ZTF22abemhsp,0,1,0,1,0,0,1,1,0,1,0
ZTF22abemikr,0,0,1,1,0,1,0,1,0,1,0
ZTF22abemoro,0,1,0,1,0,1,0,1,0,0,1
ZTF22abemrmw,0,1,0,1,0,0,1,1,0,1,0
ZTF22abemukw,0,1,0,0,1,1,0,1,0,1,0
ZTF22abemwsj,0,1,0,0,1,1,0,1,0,1,0
ZTF22abemxpe,0,1,0,1,0,0,1,1,0,1,0
ZTF22abemyff,0,1,0,0,1,1,0,1,0,1,0
ZTF22abemzeq,0,1,0,1,0,1,0,0,1,1,0
ZTF22abemzvy,0,1,0,0,1,1,0,1,0,1,0
ZTF22abeodtz,1,0,0,0,0,0,0,0,0,0,0
ZTF22abeoohh,0,1,0,1,0,0,1,1,0,1,0
ZTF22abeopmg,0,1,0,1,0,1,0,1,0,0,1
ZTF22abeopmo,0,0,1,1,0,1,0,1,0,1,0
ZTF22abeoqum,1,0,0,0,0,0,0,0,0,0,0
ZTF22abeouul,1,0,0,0,0,0,0,0,0,0,0
ZTF22abeovkx,0,1,0,0,1,1,0,1,0,1,0
ZTF22abepfrd,1,0,0,0,0,0,0,0,0,0,0
ZTF22abepvav,0,0,1,1,0,1,0,1,0,1,0
ZTF22abeqvgy,0,1,0,1,0,1,0,0,1,1,0
ZTF22aberfty,0,1,0,1,0,0,1,1,0,1,0
ZTF22aberiiu,0,1,0,1,0,0,1,1,0,1,0
ZTF22aberlut,0,0,1,1,0,1,0,1,0,1,0
ZTF22aberrdz,0,1,0,0,1,1,0,1,0,1,0
ZTF22abersxl,0,1,0,1,0,0,1,1,0,1,0
ZTF22abervbb,0,1,0,0,1,1,0,1,0,1,0
ZTF22abeshva,0,1,0,0,1,1,0,1,0,1,0
ZTF22abesjts,0,1,0,0,1,1,0,1,0,1,0
ZTF22abesmbq,0,1,0,0,1,1,0,1,0,1,0
ZTF22abesthr,1,0,0,0,0,0,0,0,0,0,0
ZTF22abetnhb,0,1,0,1,0,0,1,1,0,1,0
ZTF22abetnoy,0,1,0,0,1,1,0,1,0,1,0
ZTF22abetpnl,0,0,1,1,0,1,0,1,0,1,0
ZTF22abeubwu,0,1,0,0,1,1,0,1,0,1,0
ZTF22abeuoaz,0,1,0,1,0,1,0,1,0,0,1
ZTF22abeuyoz,0,1,0,0,1,1,0,1,0,1,0
ZTF22abevbll,0,1,0,0,1,1,0,1,0,1,0
ZTF22abevcjl,0,0,1,1,0,1,0,1,0,1,0
ZTF22abevhit,0,0,1,1,0,1,0,1,0,1,0
ZTF22abeviaw,0,1,0,1,0,1,0,0,1,1,0
ZTF22abevpwy,0,1,0,0,1,1,0,1,0,1,0
ZTF22abevzwa,0,0,1,1,0,1,0,1,0,1,0
ZTF22abewbky,0,1,0,1,0,1,0,1,0,0,1
ZTF22abewbzg,1,0,0,0,0,0,0,0,0,0,0
ZTF22abewidk,0,1,0,1,0,1,0,1,0,0,1
ZTF22abewjen,1,0,0,0,0,0,0,0,0,0,0
ZTF22abewovj,0,1,0,1,0,0,1,1,0,1,0
ZTF22abewtck,0,1,0,0,1,1,0,1,0,1,0
ZTF22abewvtv,0,1,0,1,0,1,0,1,0,0,1
ZTF22abexepc,0,1,0,1,0,1,0,1,0,0,1
ZTF22abexgsg,0,1,0,1,0,1,0,1,0,0,1
ZTF22abexkni,0,1,0,1,0,1,0,0,1,1,0
ZTF22abexkqi,1,0,0,0,0,0,0,0,0,0,0
ZTF22abexwro,0,1,0,1,0,1,0,0,1,1,0
ZTF22abeyoje,0,1,0,1,0,1,0,0,1,1,0
ZTF22abeypmh,0,1,0,1,0,0,1,1,0,1,0
ZTF22abeyzte,0,1,0,1,0,1,0,0,1,1,0
ZTF22abezbui,1,0,0,0,0,0,0,0,0,0,0
ZTF22abezkey,1,0,0,0,0,0,0,0,0,0,0
ZTF22abeznvk,0,1,0,0,1,1,0,1,0,1,0
ZTF22abezyjd,0,0,1,1,0,1,0,1,0,1,0
ZTF22abfakdm,0,0,1,1,0,1,0,1,0,1,0
ZTF22abfalen,1,0,0,0,0,0,0,0,0,0,0
ZTF22abfapon,1,0,0,0,0,0,0,0,0,0,0
ZTF22abfauvy,0,1,0,1,0,1,0,1,0,0,1
ZTF22abfavls,0,1,0,1,0,1,0,1,0,0,1
ZTF22abfavzr,0,1,0,1,0,0,1,1,0,1,0
ZTF22abfbnhe,0,1,0,1,0,1,0,0,1,1,0
ZTF22abfbpqy,0,0,1,1,0,1,0,1,0,1,0
ZTF22abfbqae,0,1,0,1,0,1,0,0,1,1,0
ZTF22abfbqgc,0,1,0,1,0,1,0,1,0,0,1
ZTF22abfcfhl,1,0,0,0,0,0,0,0,0,0,0
ZTF22abfdhkb,0,1,0,1,0,1,0,0,1,1,0
ZTF22abfdiwm,1,0,0,0,0,0,0,0,0,0,0
ZTF22abfdjrp,1,0,0,0,0,0,0,0,0,0,0
ZTF22abfdybe,0,1,0,1,0,0,1,1,0,1,0
ZTF22abfefaz,0,1,0,0,1,1,0,1,0,1,0
ZTF22abfehui,0,0,1,1,0,1,0,1,0,1,0
ZTF22abffmdj,1,0,0,0,0,0,0,0,0,0,0
ZTF22abfhtpj,0,1,0,1,0,1,0,0,1,1,0
ZTF22abfhtsg,1,0,0,0,0,0,0,0,0,0,0
ZTF22abfhwxk,0,1,0,0,1,1,0,1,0,1,0
ZTF22abfhzba,0,1,0,1,0,1,0,1,0,0,1
ZTF22abfilcj,0,1,0,1,0,1,0,1,0,0,1
ZTF22abfioti,1,0,0,0,0,0,0,0,0,0,0
ZTF22abfiush,0,1,0,0,1,1,0,1,0,1,0
ZTF22abfivxb,0,0,1,1,0,1,0,1,0,1,0
ZTF22abfivyi,0,1,0,1,0,1,0,0,1,1,0
ZTF22abfjamc,1,0,0,0,0,0,0,0,0,0,0
ZTF22abfjdyk,0,1,0,1,0,0,1,1,0,1,0
ZTF22abfjlmf,1,0,0,0,0,0,0,0,0,0,0
ZTF22abfjlue,0,1,0,0,1,1,0,1,0,1,0
ZTF22abfjsoi,0,1,0,1,0,1,0,1,0,0,1
ZTF22abfmllb,0,1,0,1,0,1,0,0,1,1,0
ZTF22abfmllt,0,0,1,1,0,1,0,1,0,1,0
ZTF22abfmllu,0,1,0,1,0,1,0,0,1,1,0
ZTF22abfmtdy,0,1,0,1,0,1,0,0,1,1,0
ZTF22abfnalx,0,0,1,1,0,1,0,1,0,1,0
ZTF22abfnbtu,0,0,1,1,0,1,0,1,0,1,0
ZTF22abfndpu,0,0,1,1,0,1,0,1,0,1,0
ZTF22abfnfka,0,1,0,1,0,1,0,0,1,1,0
ZTF22abfnkve,0,1,0,0,1,1,0,1,0,1,0
ZTF22abfnpqa,0,1,0,0,1,1,0,1,0,1,0
ZTF22abfodsr,0,1,0,0,1,1,0,1,0,1,0
ZTF22abfoehf,0,1,0,1,0,1,0,0,1,1,0
ZTF22abfoiaa,0,1,0,1,0,1,0,0,1,1,0
ZTF22abfolhr,0,1,0,1,0,0,1,1,0,1,0
ZTF22abfonxl,0,1,0,0,1,1,0,1,0,1,0
ZTF22abfoqid,0,1,0,1,0,1,0,1,0,0,1
ZTF22abfoxwo,0,1,0,1,0,0,1,1,0,1,0
ZTF22abfpcbt,0,1,0,1,0,1,0,1,0,0,1
ZTF22abfpceh,0,1,0,1,0,1,0,1,0,0,1
ZTF22abfpwxn,1,0,0,0,0,0,0,0,0,0,0
ZTF22abfqfjo,0,0,1,1,0,1,0,1,0,1,0
ZTF22abfqxme,0,1,0,1,0,0,1,1,0,1,0
ZTF22abfrkoh,0,1,0,1,0,1,0,1,0,0,1
ZTF22abfrxdq,0,1,0,1,0,1,0,0,1,1,0
ZTF22abfspdz,0,1,0,0,1,1,0,1,0,1,0
ZTF22abfsqit,0,1,0,1,0,0,1,1,0,1,0
ZTF22abfsqls,0,1,0,1,0,0,1,1,0,1,0
ZTF22abfstwn,0,0,1,1,0,1,0,1,0,1,0
ZTF22abftcxz,1,0,0,0,0,0,0,0,0,0,0
ZTF22abftjko,0,1,0,1,0,1,0,0,1,1,0
ZTF22abftnyy,0,1,0,1,0,1,0,0,1,1,0
ZTF22abftrwv,0,1,0,1,0,1,0,0,1,1,0
ZTF22abftxzv,0,1,0,0,1,1,0,1,0,1,0
ZTF22abftyra,1,0,0,0,0,0,0,0,0,0,0
ZTF22abfulti,0,1,0,0,1,1,0,1,0,1,0
ZTF22abfunlb,1,0,0,0,0,0,0,0,0,0,0
ZTF22abfunou,1,0,0,0,0,0,0,0,0,0,0
ZTF22abfunxy,0,1,0,1,0,0,1,1,0,1,0
ZTF22abfunyc,0,1,0,0,1,1,0,1,0,1,0
ZTF22abfuoce,0,1,0,1,0,0,1,1,0,1,0
ZTF22abfuomk,0,1,0,1,0,1,0,1,0,0,1
ZTF22abfuosd,0,0,1,1,0,1,0,1,0,1,0
ZTF22abfuosi,0,1,0,0,1,1,0,1,0,1,0
ZTF22abfuotu,0,0,1,1,0,1,0,1,0,1,0
ZTF22abfuqyz,1,0,0,0,0,0,0,0,0,0,0
ZTF22abfutmm,0,0,1,1,0,1,0,1,0,1,0
ZTF22abfuvcw,0,1,0,0,1,1,0,1,0,1,0
ZTF22abfuvwa,0,1,0,1,0,0,1,1,0,1,0
ZTF22abfuwel,0,1,0,1,0,0,1,1,0,1,0
ZTF22abfuyqr,0,1,0,1,0,1,0,0,1,1,0
ZTF22abfvewa,0,1,0,0,1,1,0,1,0,1,0
ZTF22abfvexb,0,1,0,1,0,1,0,0,1,1,0
ZTF22abfveyr,0,0,1,1,0,1,0,1,0,1,0
ZTF22abfvgto,0,1,0,1,0,1,0,0,1,1,0
ZTF22abfviaz,0,1,0,1,0,1,0,0,1,1,0
ZTF22abfvicl,1,0,0,0,0,0,0,0,0,0,0
ZTF22abfviis,1,0,0,0,0,0,0,0,0,0,0
ZTF22abfvism,0,1,0,1,0,1,0,1,0,0,1
ZTF22abfvjeg,0,0,1,1,0,1,0,1,0,1,0
ZTF22abfvjky,0,1,0,0,1,1,0,1,0,1,0
ZTF22abfvjxv,0,0,1,1,0,1,0,1,0,1,0
ZTF22abfvlje,0,1,0,1,0,1,0,0,1,1,0
ZTF22abfvlmn,0,1,0,1,0,1,0,1,0,0,1
ZTF22abfvmqz,0,0,1,1,0,1,0,1,0,1,0
ZTF22abfvrbq,0,1,0,0,1,1,0,1,0,1,0
ZTF22abfvrcb,1,0,0,0,0,0,0,0,0,0,0
ZTF22abfvrgp,0,1,0,1,0,1,0,1,0,0,1
ZTF22abfvrmo,0,0,1,1,0,1,0,1,0,1,0
ZTF22abfvrtf,1,0,0,0,0,0,0,0,0,0,0
ZTF22abfvrto,0,1,0,1,0,0,1,1,0,1,0
ZTF22abfvrvv,1,0,0,0,0,0,0,0,0,0,0
ZTF22abfvryd,0,1,0,1,0,1,0,1,0,0,1
ZTF22abfvsbt,0,1,0,0,1,1,0,1,0,1,0
ZTF22abfvseg,0,1,0,1,0,1,0,1,0,0,1
ZTF22abfvsgd,0,0,1,1,0,1,0,1,0,1,0
ZTF22abfvsgm,0,1,0,1,0,0,1,1,0,1,0
ZTF22abfvvpv,0,1,0,1,0,1,0,0,1,1,0
ZTF22abfvxfg,0,1,0,1,0,1,0,1,0,0,1
ZTF22abfvxlz,0,1,0,1,0,0,1,1,0,1,0
ZTF22abfvxob,1,0,0,0,0,0,0,0,0,0,0
ZTF22abfvzqg,0,0,1,1,0,1,0,1,0,1,0
ZTF22abfwamf,0,1,0,1,0,1,0,1,0,0,1
ZTF22abfwbcc,1,0,0,0,0,0,0,0,0,0,0
ZTF22abfwbnm,0,1,0,0,1,1,0,1,0,1,0
ZTF22abfwboy,0,0,1,1,0,1,0,1,0,1,0
ZTF22abfwcew,1,0,0,0,0,0,0,0,0,0,0
ZTF22abfwcfr,1,0,0,0,0,0,0,0,0,0,0
ZTF22abfwckf,0,1,0,1,0,1,0,0,1,1,0
ZTF22abfwcxc,0,1,0,1,0,1,0,0,1,1,0
ZTF22abfweew,0,1,0,1,0,0,1,1,0,1,0
ZTF22abfwelj,0,1,0,1,0,0,1,1,0,1,0
ZTF22abfwftx,0,1,0,0,1,1,0,1,0,1,0
ZTF22abfwign,0,1,0,1,0,1,0,1,0,0,1
ZTF22abfwihc,1,0,0,0,0,0,0,0,0,0,0
ZTF22abfwkft,1,0,0,0,0,0,0,0,0,0,0
ZTF22abfwmxx,0,1,0,1,0,0,1,1,0,1,0
ZTF22abfwohk,0,1,0,1,0,1,0,1,0,0,1
ZTF22abfwomr,0,1,0,1,0,1,0,1,0,0,1
ZTF22abfwpmg,0,1,0,0,1,1,0,1,0,1,0
ZTF22abfwryh,1,0,0,0,0,0,0,0,0,0,0
ZTF22abfwsaa,0,0,1,1,0,1,0,1,0,1,0
ZTF22abfwthv,0,1,0,1,0,0,1,1,0,1,0
ZTF22abfwtsc,0,1,0,1,0,0,1,1,0,1,0
ZTF22abfwuit,0,1,0,1,0,0,1,1,0,1,0
ZTF22abfwvjp,0,0,1,1,0,1,0,1,0,1,0
ZTF22abfwvkr,1,0,0,0,0,0,0,0,0,0,0
ZTF22abfwvoc,1,0,0,0,0,0,0,0,0,0,0
ZTF22abfwwog,0,1,0,1,0,1,0,1,0,0,1
ZTF22abfwwrk,0,1,0,1,0,1,0,0,1,1,0
ZTF22abfwwwt,0,0,1,1,0,1,0,1,0,1,0
ZTF22abfwxtr,0,1,0,1,0,1,0,0,1,1,0
ZTF22abfxdvq,0,1,0,0,1,1,0,1,0,1,0
ZTF22abfxfzw,0,1,0,1,0,1,0,0,1,1,0
ZTF22abfxgre,0,1,0,0,1,1,0,1,0,1,0
ZTF22abfxkvt,0,1,0,1,0,1,0,1,0,0,1
ZTF22abfxlfo,0,1,0,1,0,1,0,1,0,0,1
ZTF22abfxlni,0,1,0,0,1,1,0,1,0,1,0
ZTF22abfxlqh,0,0,1,1,0,1,0,1,0,1,0
ZTF22abfxmko,0,1,0,1,0,1,0,0,1,1,0
ZTF22abfxnbl,0,1,0,0,1,1,0,1,0,1,0
ZTF22abfxosl,0,0,1,1,0,1,0,1,0,1,0
ZTF22abfxwkm,1,0,0,0,0,0,0,0,0,0,0
ZTF22abfxwub,0,0,1,1,0,1,0,1,0,1,0
ZTF22abfydpe,0,1,0,1,0,0,1,1,0,1,0
ZTF22abfyege,0,1,0,1,0,0,1,1,0,1,0
ZTF22abfyhso,0,1,0,0,1,1,0,1,0,1,0
ZTF22abfyjgo,0,1,0,1,0,0,1,1,0,1,0
ZTF22abfykfl,0,1,0,1,0,1,0,0,1,1,0
ZTF22abfynfa,1,0,0,0,0,0,0,0,0,0,0
ZTF22abfynid,0,0,1,1,0,1,0,1,0,1,0
ZTF22abfynpz,0,1,0,1,0,1,0,1,0,0,1
ZTF22abfyogh,0,1,0,1,0,0,1,1,0,1,0
ZTF22abfypdd,0,1,0,1,0,1,0,0,1,1,0
ZTF22abfypms,0,1,0,1,0,1,0,1,0,0,1
ZTF22abfypqj,1,0,0,0,0,0,0,0,0,0,0
ZTF22abfyqbc,1,0,0,0,0,0,0,0,0,0,0
ZTF22abfyqmh,0,1,0,0,1,1,0,1,0,1,0
ZTF22abfyqsc,0,1,0,1,0,1,0,1,0,0,1
ZTF22abfyqwi,0,1,0,1,0,1,0,1,0,0,1
ZTF22abfyqxs,0,1,0,0,1,1,0,1,0,1,0
ZTF22abfyqzz,0,0,1,1,0,1,0,1,0,1,0
ZTF22abfyrdm,0,0,1,1,0,1,0,1,0,1,0
ZTF22abfyrnv,0,0,1,1,0,1,0,1,0,1,0
ZTF22abfytlh,0,1,0,0,1,1,0,1,0,1,0
ZTF22abfyvlj,0,1,0,1,0,0,1,1,0,1,0
ZTF22abfyycm,0,1,0,0,1,1,0,1,0,1,0
ZTF22abfyyew,0,1,0,0,1,1,0,1,0,1,0
ZTF22abfyynm,0,1,0,1,0,1,0,0,1,1,0
ZTF22abfzado,0,1,0,1,0,1,0,0,1,1,0
ZTF22abfzaed,1,0,0,0,0,0,0,0,0,0,0
ZTF22abfzaxa,0,1,0,1,0,1,0,1,0,0,1
ZTF22abfzdfb,1,0,0,0,0,0,0,0,0,0,0
ZTF22abfzdjj,0,1,0,1,0,1,0,0,1,1,0
ZTF22abfzfuj,0,0,1,1,0,1,0,1,0,1,0
ZTF22abfzhtq,1,0,0,0,0,0,0,0,0,0,0
ZTF22abfznhz,0,1,0,1,0,0,1,1,0,1,0
ZTF22abfzsun,0,1,0,1,0,0,1,1,0,1,0
ZTF22abfztfc,0,1,0,1,0,1,0,0,1,1,0
ZTF22abfzvai,0,1,0,1,0,1,0,1,0,0,1
ZTF22abfzwed,0,1,0,1,0,1,0,0,1,1,0
ZTF22abfzzmh,0,1,0,1,0,1,0,1,0,0,1
ZTF22abgadoy,0,0,1,1,0,1,0,1,0,1,0
ZTF22abgaghl,0,0,1,1,0,1,0,1,0,1,0
ZTF22abgagrt,0,0,1,1,0,1,0,1,0,1,0
ZTF22abgaqzj,0,1,0,1,0,1,0,1,0,0,1
ZTF22abgaszn,0,0,1,1,0,1,0,1,0,1,0
ZTF22abgatqq,0,1,0,0,1,1,0,1,0,1,0
ZTF22abgauqo,1,0,0,0,0,0,0,0,0,0,0
ZTF22abgawlh,1,0,0,0,0,0,0,0,0,0,0
ZTF22abgaxqd,1,0,0,0,0,0,0,0,0,0,0
ZTF22abgayvg,0,1,0,1,0,1,0,1,0,0,1
ZTF22abgbaal,0,1,0,1,0,1,0,1,0,0,1
ZTF22abgbaut,0,1,0,0,1,1,0,1,0,1,0
ZTF22abgbbal,0,1,0,1,0,1,0,1,0,0,1
ZTF22abgbbgx,0,1,0,1,0,0,1,1,0,1,0
ZTF22abgbbit,0,1,0,1,0,0,1,1,0,1,0
ZTF22abgbbzi,0,1,0,0,1,1,0,1,0,1,0
ZTF22abgbcef,0,1,0,1,0,1,0,1,0,0,1
ZTF22abgbcjb,0,1,0,1,0,1,0,1,0,0,1
ZTF22abgbcjd,0,1,0,1,0,1,0,1,0,0,1
ZTF22abgbdxg,0,1,0,1,0,1,0,0,1,1,0
ZTF22abgbdzs,0,1,0,1,0,0,1,1,0,1,0
ZTF22abgbeed,1,0,0,0,0,0,0,0,0,0,0
ZTF22abgbefa,0,0,1,1,0,1,0,1,0,1,0
ZTF22abgbehq,1,0,0,0,0,0,0,0,0,0,0
ZTF22abgbeul,0,1,0,1,0,1,0,1,0,0,1
ZTF22abgbffy,0,1,0,1,0,1,0,1,0,0,1
ZTF22abgbfgc,0,1,0,1,0,1,0,1,0,0,1
ZTF22abgbhub,0,0,1,1,0,1,0,1,0,1,0
ZTF22abgbiyq,1,0,0,0,0,0,0,0,0,0,0
ZTF22abgblwg,0,0,1,1,0,1,0,1,0,1,0
ZTF22abgbmfa,0,1,0,1,0,1,0,0,1,1,0
ZTF22abgbqvz,0,1,0,1,0,0,1,1,0,1,0
ZTF22abgbtjs,0,1,0,1,0,1,0,0,1,1,0
ZTF22abgbxbq,0,1,0,0,1,1,0,1,0,1,0
ZTF22abgbxgu,0,1,0,1,0,1,0,0,1,1,0
ZTF22abgbybm,0,1,0,1,0,1,0,0,1,1,0
ZTF22abgbygw,0,1,0,1,0,1,0,1,0,0,1
ZTF22abgbyth,1,0,0,0,0,0,0,0,0,0,0
ZTF22abgbywx,0,0,1,1,0,1,0,1,0,1,0
ZTF22abgbyxh,0,1,0,1,0,0,1,1,0,1,0
ZTF22abgcain,0,1,0,1,0,1,0,0,1,1,0
ZTF22abgcbbu,0,1,0,0,1,1,0,1,0,1,0
ZTF22abgcckj,0,1,0,0,1,1,0,1,0,1,0
ZTF22abgcdin,0,1,0,1,0,0,1,1,0,1,0
ZTF22abgcfkt,0,1,0,0,1,1,0,1,0,1,0
ZTF22abgcimj,0,1,0,1,0,0,1,1,0,1,0
ZTF22abgcitc,0,1,0,1,0,1,0,1,0,0,1
ZTF22abgckhp,0,0,1,1,0,1,0,1,0,1,0
ZTF22abgcpaw,0,1,0,1,0,1,0,1,0,0,1
ZTF22abgcqjr,0,1,0,1,0,0,1,1,0,1,0
ZTF22abgcqmg,0,1,0,0,1,1,0,1,0,1,0
ZTF22abgdctk,0,1,0,1,0,1,0,0,1,1,0
ZTF22abgdesh,0,1,0,1,0,1,0,0,1,1,0
ZTF22abgdewz,0,1,0,1,0,1,0,0,1,1,0
ZTF22abgdgfi,0,1,0,1,0,1,0,1,0,0,1
ZTF22abgdjlx,0,1,0,1,0,0,1,1,0,1,0
ZTF22abgdjwt,1,0,0,0,0,0,0,0,0,0,0
ZTF22abgdmri,0,1,0,1,0,1,0,1,0,0,1
ZTF22abgdogh,0,1,0,1,0,1,0,0,1,1,0
ZTF22abgdolw,1,0,0,0,0,0,0,0,0,0,0
ZTF22abgdoom,0,1,0,1,0,1,0,0,1,1,0
ZTF22abgdowr,0,0,1,1,0,1,0,1,0,1,0
ZTF22abgdpdq,0,1,0,1,0,1,0,1,0,0,1
ZTF22abgdqec,0,0,1,1,0,1,0,1,0,1,0
ZTF22abgdrje,0,1,0,1,0,1,0,1,0,0,1
ZTF22abgdrrj,0,1,0,1,0,1,0,0,1,1,0
ZTF22abgdseg,0,1,0,1,0,1,0,1,0,0,1
ZTF22abgdsra,0,0,1,1,0,1,0,1,0,1,0
ZTF22abgdwbc,1,0,0,0,0,0,0,0,0,0,0
ZTF22abgehco,0,1,0,1,0,1,0,1,0,0,1
ZTF22abgeilv,0,1,0,1,0,0,1,1,0,1,0
ZTF22abgejym,0,1,0,1,0,1,0,1,0,0,1
ZTF22abgelpa,0,1,0,1,0,1,0,0,1,1,0
ZTF22abgeluw,0,1,0,0,1,1,0,1,0,1,0
ZTF22abgewws,0,0,1,1,0,1,0,1,0,1,0
ZTF22abgfhkd,0,1,0,1,0,1,0,1,0,0,1
ZTF22abgfjfj,0,1,0,1,0,1,0,0,1,1,0
ZTF22abgfrro,0,1,0,1,0,1,0,1,0,0,1
ZTF22abgfrvi,0,1,0,1,0,1,0,0,1,1,0
ZTF22abgfspx,0,1,0,1,0,0,1,1,0,1,0
ZTF22abgftfg,0,1,0,1,0,1,0,1,0,0,1
ZTF22abggega,0,1,0,1,0,1,0,0,1,1,0
ZTF22abggjho,0,1,0,1,0,0,1,1,0,1,0
ZTF22abggmap,0,1,0,1,0,1,0,0,1,1,0
ZTF22abggmtd,0,1,0,0,1,1,0,1,0,1,0
ZTF22abggraw,0,1,0,1,0,1,0,1,0,0,1
ZTF22abggrfk,0,1,0,1,0,0,1,1,0,1,0
ZTF22abggsiv,0,0,1,1,0,1,0,1,0,1,0
ZTF22abgguyr,0,1,0,0,1,1,0,1,0,1,0
ZTF22abggvny,0,1,0,1,0,1,0,1,0,0,1
ZTF22abggxgt,0,0,1,1,0,1,0,1,0,1,0
ZTF22abggzyh,0,1,0,1,0,1,0,1,0,0,1
ZTF22abghfyi,0,1,0,1,0,1,0,0,1,1,0
ZTF22abghhof,0,1,0,1,0,1,0,1,0,0,1
ZTF22abghjqz,0,1,0,0,1,1,0,1,0,1,0
ZTF22abghptx,0,1,0,1,0,1,0,1,0,0,1
ZTF22abghqen,0,1,0,1,0,0,1,1,0,1,0
ZTF22abghqnj,0,0,1,1,0,1,0,1,0,1,0
ZTF22abghuuo,1,0,0,0,0,0,0,0,0,0,0
ZTF22abghvup,0,1,0,1,0,1,0,1,0,0,1
ZTF22abghvvv,0,0,1,1,0,1,0,1,0,1,0
ZTF22abghyro,0,0,1,1,0,1,0,1,0,1,0
ZTF22abgiapb,0,0,1,1,0,1,0,1,0,1,0
ZTF22abgiayt,0,1,0,1,0,1,0,0,1,1,0
ZTF22abgibib,0,1,0,1,0,1,0,0,1,1,0
ZTF22abgibol,0,0,1,1,0,1,0,1,0,1,0
ZTF22abgijpo,0,0,1,1,0,1,0,1,0,1,0
ZTF22abgiknn,0,1,0,0,1,1,0,1,0,1,0
ZTF22abgilxy,0,1,0,1,0,1,0,0,1,1,0
ZTF22abgiout,0,1,0,1,0,0,1,1,0,1,0
ZTF22abgipdn,0,1,0,1,0,0,1,1,0,1,0
ZTF22abgjhos,0,0,1,1,0,1,0,1,0,1,0
ZTF22abgjlfy,0,1,0,0,1,1,0,1,0,1,0
ZTF22abgjnzc,0,1,0,1,0,1,0,0,1,1,0
ZTF22abgjqax,0,1,0,1,0,1,0,0,1,1,0
ZTF22abgjtlb,0,1,0,0,1,1,0,1,0,1,0
ZTF22abgjudb,1,0,0,0,0,0,0,0,0,0,0
ZTF22abgkcxe,0,1,0,1,0,1,0,1,0,0,1
ZTF22abgkeqz,0,1,0,0,1,1,0,1,0,1,0
ZTF22abgkhel,0,1,0,1,0,0,1,1,0,1,0
ZTF22abgkicb,0,0,1,1,0,1,0,1,0,1,0
ZTF22abgkjyr,1,0,0,0,0,0,0,0,0,0,0
ZTF22abgkvag,0,1,0,1,0,1,0,1,0,0,1
ZTF22abgkxwb,0,1,0,0,1,1,0,1,0,1,0
ZTF22abglbkf,0,0,1,1,0,1,0,1,0,1,0
ZTF22abglflp,0,1,0,0,1,1,0,1,0,1,0
ZTF22abglyhp,0,1,0,1,0,1,0,0,1,1,0
ZTF22abgmgdh,0,1,0,1,0,1,0,0,1,1,0
ZTF22abgmhkj,0,1,0,1,0,0,1,1,0,1,0
ZTF22abgmlfm,1,0,0,0,0,0,0,0,0,0,0
ZTF22abgmlqr,0,1,0,1,0,1,0,1,0,0,1
ZTF22abgmmxi,1,0,0,0,0,0,0,0,0,0,0
ZTF22abgmohb,0,1,0,1,0,1,0,1,0,0,1
ZTF22abgmpik,0,0,1,1,0,1,0,1,0,1,0
ZTF22abgnccz,0,1,0,1,0,1,0,1,0,0,1
ZTF22abgndif,1,0,0,0,0,0,0,0,0,0,0
ZTF22abgngjl,0,0,1,1,0,1,0,1,0,1,0
ZTF22abgnnze,0,1,0,1,0,1,0,1,0,0,1
ZTF22abgnofu,1,0,0,0,0,0,0,0,0,0,0
ZTF22abgnvpk,0,1,0,1,0,1,0,0,1,1,0
ZTF22abgogck,0,1,0,1,0,1,0,0,1,1,0
ZTF22abgohbg,0,1,0,1,0,0,1,1,0,1,0
ZTF22abgojhu,1,0,0,0,0,0,0,0,0,0,0
ZTF22abgonyz,0,1,0,0,1,1,0,1,0,1,0
ZTF22abgooaa,0,1,0,1,0,1,0,1,0,0,1
ZTF22abgowrt,1,0,0,0,0,0,0,0,0,0,0
ZTF22abgoyob,0,1,0,1,0,1,0,0,1,1,0
ZTF22abgoyoj,1,0,0,0,0,0,0,0,0,0,0
ZTF22abgpfwa,1,0,0,0,0,0,0,0,0,0,0
ZTF22abgpgah,0,0,1,1,0,1,0,1,0,1,0
ZTF22abgpixa,0,0,1,1,0,1,0,1,0,1,0
ZTF22abgpjsp,1,0,0,0,0,0,0,0,0,0,0
ZTF22abgpkal,0,1,0,1,0,1,0,0,1,1,0
ZTF22abgpqre,0,1,0,1,0,1,0,0,1,1,0
ZTF22abgprmc,0,0,1,1,0,1,0,1,0,1,0
ZTF22abgptaf,1,0,0,0,0,0,0,0,0,0,0
ZTF22abgptte,0,0,1,1,0,1,0,1,0,1,0
ZTF22abgpxim,0,1,0,1,0,1,0,0,1,1,0
ZTF22abgpxyz,0,0,1,1,0,1,0,1,0,1,0
ZTF22abgqeet,0,1,0,1,0,0,1,1,0,1,0
ZTF22abgqfcx,0,1,0,0,1,1,0,1,0,1,0
ZTF22abgqgss,1,0,0,0,0,0,0,0,0,0,0
ZTF22abgqhbu,0,1,0,0,1,1,0,1,0,1,0
ZTF22abgqveb,0,0,1,1,0,1,0,1,0,1,0
ZTF22abgrdsf,0,1,0,1,0,1,0,0,1,1,0
ZTF22abgrgsl,0,0,1,1,0,1,0,1,0,1,0
ZTF22abgrior,0,1,0,1,0,1,0,0,1,1,0
ZTF22abgroeo,0,1,0,1,0,1,0,0,1,1,0
ZTF22abgroxh,1,0,0,0,0,0,0,0,0,0,0
ZTF22abgtboj,0,1,0,1,0,1,0,0,1,1,0
ZTF22abgtnmd,0,1,0,1,0,1,0,1,0,0,1
ZTF22abgtpgv,0,1,0,1,0,1,0,0,1,1,0
ZTF22abgtphv,0,1,0,0,1,1,0,1,0,1,0
ZTF22abgubsr,1,0,0,0,0,0,0,0,0,0,0
ZTF22abguvmy,0,1,0,1,0,0,1,1,0,1,0
ZTF22abgvdkv,0,1,0,0,1,1,0,1,0,1,0
ZTF22abgvezu,0,1,0,1,0,0,1,1,0,1,0
ZTF22abgwgsv,0,1,0,0,1,1,0,1,0,1,0
ZTF22abgwnmi,0,1,0,0,1,1,0,1,0,1,0
ZTF22abgwtew,0,1,0,0,1,1,0,1,0,1,0
ZTF22abgxayc,1,0,0,0,0,0,0,0,0,0,0
ZTF22abgxglq,0,1,0,1,0,1,0,0,1,1,0
ZTF22abgxhvy,0,1,0,0,1,1,0,1,0,1,0
ZTF22abgxqtp,0,1,0,0,1,1,0,1,0,1,0
ZTF22abgxzer,1,0,0,0,0,0,0,0,0,0,0
ZTF22abgybkc,0,1,0,1,0,1,0,1,0,0,1
ZTF22abgydnw,0,1,0,0,1,1,0,1,0,1,0
ZTF22abgyfnv,0,1,0,1,0,1,0,1,0,0,1
ZTF22abgyoax,0,1,0,0,1,1,0,1,0,1,0
ZTF22abgyuto,0,1,0,1,0,0,1,1,0,1,0
ZTF22abgyvgx,0,1,0,1,0,0,1,1,0,1,0
ZTF22abgyzpm,0,1,0,0,1,1,0,1,0,1,0
ZTF22abgyzwj,0,1,0,0,1,1,0,1,0,1,0
ZTF22abgzgzd,1,0,0,0,0,0,0,0,0,0,0
ZTF22abgzith,0,0,1,1,0,1,0,1,0,1,0
ZTF22abgzpcz,0,1,0,1,0,1,0,1,0,0,1
ZTF22abhaaxc,1,0,0,0,0,0,0,0,0,0,0
ZTF22abhahhk,0,1,0,1,0,1,0,1,0,0,1
ZTF22abharag,0,1,0,1,0,0,1,1,0,1,0
ZTF22abhazbm,0,1,0,0,1,1,0,1,0,1,0
ZTF22abhbdjc,0,1,0,0,1,1,0,1,0,1,0
ZTF22abhbjqy,0,1,0,1,0,1,0,1,0,0,1
ZTF22abhbkdy,0,1,0,1,0,1,0,1,0,0,1
ZTF22abhbmzf,0,1,0,1,0,0,1,1,0,1,0
ZTF22abhbqtx,0,1,0,0,1,1,0,1,0,1,0
ZTF22abhchpg,1,0,0,0,0,0,0,0,0,0,0
ZTF22abhcjkt,0,1,0,0,1,1,0,1,0,1,0
ZTF22abhclyh,1,0,0,0,0,0,0,0,0,0,0
ZTF22abhcnql,0,1,0,1,0,1,0,1,0,0,1
ZTF22abhcpud,0,1,0,0,1,1,0,1,0,1,0
ZTF22abhcrfy,1,0,0,0,0,0,0,0,0,0,0
ZTF22abhcsdl,0,1,0,1,0,1,0,0,1,1,0
ZTF22abhdbec,0,1,0,1,0,0,1,1,0,1,0
ZTF22abhdbrz,0,0,1,1,0,1,0,1,0,1,0
ZTF22abhdmfb,1,0,0,0,0,0,0,0,0,0,0
ZTF22abhdnhd,0,0,1,1,0,1,0,1,0,1,0
ZTF22abhdwhu,0,1,0,0,1,1,0,1,0,1,0
ZTF22abhebtq,0,1,0,1,0,1,0,1,0,0,1
ZTF22abhepza,0,1,0,1,0,1,0,1,0,0,1
ZTF22abhessy,0,1,0,1,0,1,0,0,1,1,0
ZTF22abhewzp,0,1,0,0,1,1,0,1,0,1,0
ZTF22abheykr,0,1,0,0,1,1,0,1,0,1,0
ZTF22abhfdmj,0,0,1,1,0,1,0,1,0,1,0
ZTF22abhfhld,0,1,0,0,1,1,0,1,0,1,0
ZTF22abhfkax,0,1,0,1,0,1,0,1,0,0,1
ZTF22abhfvlt,0,1,0,1,0,1,0,0,1,1,0
ZTF22abhfwmr,0,0,1,1,0,1,0,1,0,1,0
ZTF22abhfwrz,0,1,0,1,0,0,1,1,0,1,0
ZTF22abhfxvh,0,1,0,0,1,1,0,1,0,1,0
ZTF22abhfyxy,0,1,0,1,0,1,0,0,1,1,0
ZTF22abhgcrs,0,0,1,1,0,1,0,1,0,1,0
ZTF22abhglzp,0,1,0,1,0,0,1,1,0,1,0
ZTF22abhguhn,0,1,0,1,0,1,0,1,0,0,1
ZTF22abhgxvf,0,0,1,1,0,1,0,1,0,1,0
ZTF22abhhbbq,0,1,0,1,0,1,0,1,0,0,1
ZTF22abhhlkq,1,0,0,0,0,0,0,0,0,0,0
ZTF22abhhmwh,0,0,1,1,0,1,0,1,0,1,0
ZTF22abhhrum,0,1,0,0,1,1,0,1,0,1,0
ZTF22abhhxuv,0,1,0,1,0,1,0,0,1,1,0
ZTF22abhifds,0,0,1,1,0,1,0,1,0,1,0
ZTF22abhjbkr,1,0,0,0,0,0,0,0,0,0,0
ZTF22abhjdev,1,0,0,0,0,0,0,0,0,0,0
ZTF22abhjdlx,0,1,0,1,0,0,1,1,0,1,0
ZTF22abhjebw,0,1,0,0,1,1,0,1,0,1,0
ZTF22abhjeep,0,1,0,1,0,1,0,1,0,0,1
ZTF22abhjkok,0,1,0,0,1,1,0,1,0,1,0
ZTF22abhjpmc,0,1,0,1,0,0,1,1,0,1,0
ZTF22abhjvmr,0,1,0,1,0,1,0,0,1,1,0
ZTF22abhjzne,0,1,0,1,0,1,0,0,1,1,0
ZTF22abhklzv,0,0,1,1,0,1,0,1,0,1,0
ZTF22abhkqvh,0,1,0,1,0,1,0,1,0,0,1
ZTF22abhkuum,1,0,0,0,0,0,0,0,0,0,0
ZTF22abhlbbr,1,0,0,0,0,0,0,0,0,0,0
ZTF22abhldat,0,1,0,1,0,1,0,1,0,0,1
ZTF22abhlglq,0,1,0,0,1,1,0,1,0,1,0
ZTF22abhmarl,1,0,0,0,0,0,0,0,0,0,0
ZTF22abhnodr,0,0,1,1,0,1,0,1,0,1,0
ZTF22abhnrnd,0,1,0,1,0,1,0,0,1,1,0
ZTF22abhodtl,0,1,0,1,0,0,1,1,0,1,0
ZTF22abhoynt,0,1,0,0,1,1,0,1,0,1,0
ZTF22abhoyte,0,1,0,1,0,1,0,0,1,1,0
ZTF22abhozrn,0,1,0,1,0,1,0,0,1,1,0
ZTF22abhpdpd,0,1,0,1,0,1,0,1,0,0,1
ZTF22abhpiwe,0,1,0,0,1,1,0,1,0,1,0
ZTF22abhptkt,0,1,0,1,0,0,1,1,0,1,0
ZTF22abhpxfp,1,0,0,0,0,0,0,0,0,0,0
ZTF22abhpyqs,1,0,0,0,0,0,0,0,0,0,0
ZTF22abhqakm,0,0,1,1,0,1,0,1,0,1,0
ZTF22abhqmcw,0,1,0,0,1,1,0,1,0,1,0
ZTF22abhsiud,0,1,0,0,1,1,0,1,0,1,0
ZTF22abhsjdf,0,1,0,1,0,1,0,1,0,0,1
ZTF22abhsjgb,0,0,1,1,0,1,0,1,0,1,0
ZTF22abhsrll,0,1,0,1,0,1,0,1,0,0,1
ZTF22abhsvef,0,1,0,1,0,0,1,1,0,1,0
ZTF22abhsxkn,0,1,0,1,0,0,1,1,0,1,0
ZTF22abhsxph,0,1,0,1,0,1,0,1,0,0,1
ZTF22abhtdms,0,1,0,0,1,1,0,1,0,1,0
ZTF22abhtjhj,0,1,0,1,0,0,1,1,0,1,0
ZTF22abhtnqi,0,0,1,1,0,1,0,1,0,1,0
ZTF22abhtskv,0,1,0,1,0,0,1,1,0,1,0
ZTF22abhtsql,0,0,1,1,0,1,0,1,0,1,0
ZTF22abhttuv,0,1,0,1,0,1,0,1,0,0,1
ZTF22abhtuyu,0,0,1,1,0,1,0,1,0,1,0
ZTF22abhtwxu,0,1,0,1,0,1,0,1,0,0,1
ZTF22abhudnw,0,1,0,1,0,0,1,1,0,1,0
ZTF22abhuemx,0,1,0,1,0,1,0,0,1,1,0
ZTF22abhukfn,0,1,0,1,0,1,0,0,1,1,0
ZTF22abhuohx,1,0,0,0,0,0,0,0,0,0,0
ZTF22abhuvug,0,1,0,0,1,1,0,1,0,1,0
ZTF22abhuyly,1,0,0,0,0,0,0,0,0,0,0
ZTF22abhuyyo,1,0,0,0,0,0,0,0,0,0,0
ZTF22abhuzmp,0,1,0,1,0,1,0,1,0,0,1
ZTF22abhuzqx,1,0,0,0,0,0,0,0,0,0,0
ZTF22abhvfio,0,1,0,1,0,1,0,0,1,1,0
ZTF22abhvfmz,0,1,0,1,0,1,0,0,1,1,0
ZTF22abhvfna,0,1,0,1,0,1,0,1,0,0,1
ZTF22abhvgld,0,0,1,1,0,1,0,1,0,1,0
ZTF22abhvgrp,1,0,0,0,0,0,0,0,0,0,0
ZTF22abhvtcj,0,1,0,1,0,1,0,1,0,0,1
ZTF22abhvuhu,0,1,0,1,0,1,0,0,1,1,0
ZTF22abhvvao,0,1,0,1,0,1,0,0,1,1,0
ZTF22abhvzsm,0,1,0,1,0,1,0,1,0,0,1
ZTF22abhvztg,0,1,0,1,0,0,1,1,0,1,0
ZTF22abhwdkk,0,1,0,0,1,1,0,1,0,1,0
ZTF22abhwhtt,0,1,0,1,0,1,0,1,0,0,1
ZTF22abhwhuw,0,1,0,1,0,1,0,1,0,0,1
ZTF22abhwkfc,0,0,1,1,0,1,0,1,0,1,0
ZTF22abhwkoc,0,0,1,1,0,1,0,1,0,1,0
ZTF22abhwlej,1,0,0,0,0,0,0,0,0,0,0
ZTF22abhwsvm,0,1,0,0,1,1,0,1,0,1,0
ZTF22abhwypu,0,1,0,1,0,0,1,1,0,1,0
ZTF22abhxnyb,0,1,0,1,0,1,0,1,0,0,1
ZTF22abhxokh,0,1,0,1,0,1,0,1,0,0,1
ZTF22abhxpns,0,1,0,0,1,1,0,1,0,1,0
ZTF22abhxptj,1,0,0,0,0,0,0,0,0,0,0
ZTF22abhxptt,0,1,0,1,0,1,0,1,0,0,1
ZTF22abhxqgv,0,1,0,1,0,0,1,1,0,1,0
ZTF22abhyvpy,0,1,0,1,0,0,1,1,0,1,0
ZTF22abhyvtn,1,0,0,0,0,0,0,0,0,0,0
ZTF22abhyzjq,0,1,0,1,0,1,0,0,1,1,0
ZTF22abhyzkg,0,1,0,0,1,1,0,1,0,1,0
ZTF22abhzfzg,0,1,0,1,0,1,0,1,0,0,1
ZTF22abhzpyp,0,1,0,1,0,1,0,0,1,1,0
ZTF22abiaeqh,0,1,0,1,0,1,0,0,1,1,0
ZTF22abiaihi,1,0,0,0,0,0,0,0,0,0,0
ZTF22abiajah,0,1,0,1,0,1,0,1,0,0,1
ZTF22abibgsa,0,0,1,1,0,1,0,1,0,1,0
ZTF22abibndr,0,0,1,1,0,1,0,1,0,1,0
ZTF22abibxzt,0,1,0,0,1,1,0,1,0,1,0
ZTF22abibzdd,0,1,0,1,0,1,0,0,1,1,0
ZTF22abicaez,0,1,0,0,1,1,0,1,0,1,0
ZTF22abickzh,1,0,0,0,0,0,0,0,0,0,0
ZTF22abicotn,0,1,0,1,0,1,0,1,0,0,1
ZTF22abicpiu,0,1,0,1,0,1,0,1,0,0,1
ZTF22abicrqq,0,1,0,1,0,1,0,0,1,1,0
ZTF22abiculu,0,0,1,1,0,1,0,1,0,1,0
ZTF22abicusc,0,1,0,1,0,0,1,1,0,1,0
ZTF22abicxpy,0,0,1,1,0,1,0,1,0,1,0
ZTF22abidcdv,0,1,0,1,0,1,0,0,1,1,0
ZTF22abieijj,0,0,1,1,0,1,0,1,0,1,0
ZTF22abiejdn,0,1,0,1,0,1,0,0,1,1,0
ZTF22abiejdu,1,0,0,0,0,0,0,0,0,0,0
ZTF22abieqtx,1,0,0,0,0,0,0,0,0,0,0
ZTF22abieqzx,0,1,0,1,0,0,1,1,0,1,0
ZTF22abieswf,1,0,0,0,0,0,0,0,0,0,0
ZTF22abifgwl,0,1,0,1,0,1,0,0,1,1,0
ZTF22abifwld,0,1,0,1,0,0,1,1,0,1,0
ZTF22abigtie,0,1,0,0,1,1,0,1,0,1,0
ZTF22abigtxs,0,1,0,0,1,1,0,1,0,1,0
ZTF22abihjcl,0,0,1,1,0,1,0,1,0,1,0
ZTF22abihtsn,0,0,1,1,0,1,0,1,0,1,0
ZTF22abiiqiq,0,1,0,1,0,0,1,1,0,1,0
ZTF22abiiton,0,1,0,1,0,1,0,1,0,0,1
ZTF22abiiyet,0,1,0,1,0,1,0,1,0,0,1
ZTF22abijklw,0,1,0,0,1,1,0,1,0,1,0
ZTF22abijqiw,0,1,0,1,0,1,0,1,0,0,1
ZTF22abijskt,0,0,1,1,0,1,0,1,0,1,0
ZTF22abijwih,0,1,0,1,0,0,1,1,0,1,0
ZTF22abikdky,0,1,0,1,0,1,0,1,0,0,1
ZTF22abikqri,1,0,0,0,0,0,0,0,0,0,0
ZTF22abilkdb,0,1,0,1,0,1,0,1,0,0,1
ZTF22abilkvx,0,1,0,1,0,1,0,0,1,1,0
ZTF22abilnml,0,1,0,1,0,1,0,0,1,1,0
ZTF22abilpvr,0,1,0,1,0,1,0,1,0,0,1
ZTF22abimfgm,0,1,0,1,0,1,0,1,0,0,1
ZTF22abimovj,0,0,1,1,0,1,0,1,0,1,0
ZTF22abinhec,0,1,0,1,0,1,0,0,1,1,0
ZTF22abiojom,1,0,0,0,0,0,0,0,0,0,0
ZTF22abiozoc,0,0,1,1,0,1,0,1,0,1,0
ZTF22abipidm,0,1,0,0,1,1,0,1,0,1,0
ZTF22abipihb,0,1,0,0,1,1,0,1,0,1,0
ZTF22abipofz,0,1,0,1,0,0,1,1,0,1,0
ZTF22abipthl,0,1,0,1,0,0,1,1,0,1,0
ZTF22abipvng,1,0,0,0,0,0,0,0,0,0,0
ZTF22abiqbme,0,1,0,0,1,1,0,1,0,1,0
ZTF22abiqeba,0,0,1,1,0,1,0,1,0,1,0
ZTF22abiqxao,0,0,1,1,0,1,0,1,0,1,0
ZTF22abiqxzp,0,1,0,1,0,1,0,0,1,1,0
ZTF22abirmop,0,0,1,1,0,1,0,1,0,1,0
ZTF22abirnij,0,1,0,1,0,0,1,1,0,1,0
ZTF22abiroms,0,1,0,0,1,1,0,1,0,1,0
ZTF22abissuo,1,0,0,0,0,0,0,0,0,0,0
ZTF22abitbcr,0,1,0,1,0,1,0,0,1,1,0
ZTF22abitddb,1,0,0,0,0,0,0,0,0,0,0
ZTF22abitewv,0,1,0,1,0,1,0,0,1,1,0
ZTF22abitweg,0,1,0,1,0,0,1,1,0,1,0
ZTF22abivebe,1,0,0,0,0,0,0,0,0,0,0
ZTF22abivfmg,1,0,0,0,0,0,0,0,0,0,0
ZTF22abivkuq,1,0,0,0,0,0,0,0,0,0,0
ZTF22abivqkc,1,0,0,0,0,0,0,0,0,0,0
ZTF22abivrnq,0,1,0,0,1,1,0,1,0,1,0
ZTF22abiwwyf,0,0,1,1,0,1,0,1,0,1,0
ZTF22abixbfl,1,0,0,0,0,0,0,0,0,0,0
ZTF22abixlli,0,1,0,0,1,1,0,1,0,1,0
ZTF22abixnni,0,1,0,0,1,1,0,1,0,1,0
ZTF22abixvkg,0,1,0,1,0,1,0,0,1,1,0
ZTF22abiyeae,0,1,0,0,1,1,0,1,0,1,0
ZTF22abiyjfk,0,1,0,0,1,1,0,1,0,1,0
ZTF22abiyjlx,1,0,0,0,0,0,0,0,0,0,0
ZTF22abiymsf,0,1,0,1,0,0,1,1,0,1,0
ZTF22abiyrwn,0,1,0,0,1,1,0,1,0,1,0
ZTF22abiysva,0,1,0,0,1,1,0,1,0,1,0
ZTF22abiyukq,0,1,0,1,0,1,0,0,1,1,0
ZTF22abizfod,1,0,0,0,0,0,0,0,0,0,0
ZTF22abizgac,0,1,0,1,0,1,0,0,1,1,0
ZTF22abizuah,0,1,0,1,0,1,0,1,0,0,1
ZTF22abizxkp,1,0,0,0,0,0,0,0,0,0,0
ZTF22abjadxw,0,1,0,1,0,1,0,0,1,1,0
ZTF22abjadzu,0,0,1,1,0,1,0,1,0,1,0
ZTF22abjagjl,1,0,0,0,0,0,0,0,0,0,0
ZTF22abjagqj,0,0,1,1,0,1,0,1,0,1,0
ZTF22abjamhv,0,1,0,0,1,1,0,1,0,1,0
ZTF22abjaqoq,1,0,0,0,0,0,0,0,0,0,0
ZTF22abjbvwz,1,0,0,0,0,0,0,0,0,0,0
ZTF22abjbwda,1,0,0,0,0,0,0,0,0,0,0
ZTF22abjbwdn,0,1,0,1,0,1,0,1,0,0,1
ZTF22abjbyxm,0,1,0,1,0,1,0,0,1,1,0
ZTF22abjcijc,0,1,0,1,0,0,1,1,0,1,0
ZTF22abjcikz,0,1,0,1,0,0,1,1,0,1,0
ZTF22abjcmlu,1,0,0,0,0,0,0,0,0,0,0
ZTF22abjcnak,0,1,0,0,1,1,0,1,0,1,0
ZTF22abjcrao,0,1,0,0,1,1,0,1,0,1,0
ZTF22abjcrmi,0,1,0,1,0,1,0,0,1,1,0
ZTF22abjcsns,0,1,0,1,0,0,1,1,0,1,0
ZTF22abjcxuf,0,1,0,1,0,1,0,0,1,1,0
ZTF22abjcybj,0,0,1,1,0,1,0,1,0,1,0
ZTF22abjcycd,0,1,0,1,0,1,0,1,0,0,1
ZTF22abjczdz,0,1,0,1,0,1,0,0,1,1,0
ZTF22abjdaiy,0,1,0,1,0,1,0,1,0,0,1
ZTF22abjddsq,0,0,1,1,0,1,0,1,0,1,0
ZTF22abjddsr,0,1,0,1,0,1,0,0,1,1,0
ZTF22abjddtt,1,0,0,0,0,0,0,0,0,0,0
ZTF22abjddtz,0,0,1,1,0,1,0,1,0,1,0
ZTF22abjdejf,0,1,0,1,0,1,0,0,1,1,0
ZTF22abjdemi,0,1,0,1,0,1,0,0,1,1,0
ZTF22abjdenr,0,1,0,1,0,0,1,1,0,1,0
ZTF22abjdgto,0,1,0,1,0,1,0,0,1,1,0
ZTF22abjdkpv,0,1,0,1,0,1,0,1,0,0,1
ZTF22abjdpdo,1,0,0,0,0,0,0,0,0,0,0
ZTF22abjdpre,1,0,0,0,0,0,0,0,0,0,0
ZTF22abjdswh,0,1,0,1,0,1,0,0,1,1,0
ZTF22abjdvnb,0,1,0,0,1,1,0,1,0,1,0
ZTF22abjeapa,1,0,0,0,0,0,0,0,0,0,0
ZTF22abjecaf,0,1,0,1,0,1,0,1,0,0,1
ZTF22abjedho,0,1,0,1,0,1,0,0,1,1,0
ZTF22abjeeqt,1,0,0,0,0,0,0,0,0,0,0
ZTF22abjegfb,0,1,0,1,0,0,1,1,0,1,0
ZTF22abjepmh,0,1,0,0,1,1,0,1,0,1,0
ZTF22abjerld,0,1,0,1,0,0,1,1,0,1,0
ZTF22abjevjt,0,1,0,0,1,1,0,1,0,1,0
ZTF22abjfgas,0,1,0,1,0,0,1,1,0,1,0
ZTF22abjfixh,0,1,0,1,0,0,1,1,0,1,0
ZTF22abjfiyj,0,1,0,1,0,1,0,1,0,0,1
ZTF22abjfjsd,1,0,0,0,0,0,0,0,0,0,0
ZTF22abjfkdp,0,1,0,1,0,1,0,0,1,1,0
ZTF22abjfvtb,0,1,0,0,1,1,0,1,0,1,0
ZTF22abjfzoy,0,1,0,0,1,1,0,1,0,1,0
ZTF22abjgawo,0,0,1,1,0,1,0,1,0,1,0
ZTF22abjgpvt,1,0,0,0,0,0,0,0,0,0,0
ZTF22abjhjtx,0,1,0,0,1,1,0,1,0,1,0
ZTF22abjhvdm,0,1,0,1,0,1,0,1,0,0,1
ZTF22abjhwce,0,1,0,1,0,1,0,0,1,1,0
ZTF22abjihgt,0,1,0,0,1,1,0,1,0,1,0
ZTF22abjimpe,0,1,0,1,0,1,0,1,0,0,1
ZTF22abjjftw,0,0,1,1,0,1,0,1,0,1,0
ZTF22abjjihl,0,1,0,1,0,0,1,1,0,1,0
ZTF22abjjkxb,0,1,0,1,0,1,0,0,1,1,0
ZTF22abjjmoz,0,1,0,1,0,1,0,1,0,0,1
ZTF22abjjnkf,0,1,0,1,0,1,0,0,1,1,0
ZTF22abjjooj,0,1,0,1,0,0,1,1,0,1,0
ZTF22abjmcmj,0,1,0,1,0,1,0,1,0,0,1
ZTF22abjmcqz,0,1,0,0,1,1,0,1,0,1,0
ZTF22abjmhty,0,1,0,1,0,0,1,1,0,1,0
ZTF22abjmjvw,0,1,0,1,0,0,1,1,0,1,0
ZTF22abjmjyx,1,0,0,0,0,0,0,0,0,0,0
ZTF22abjmnne,0,1,0,0,1,1,0,1,0,1,0
ZTF22abjmrgx,0,0,1,1,0,1,0,1,0,1,0
ZTF22abjmrid,0,0,1,1,0,1,0,1,0,1,0
ZTF22abjmzuu,0,1,0,1,0,1,0,0,1,1,0
ZTF22abjnfgp,0,1,0,1,0,0,1,1,0,1,0
ZTF22abjnibi,0,1,0,1,0,1,0,1,0,0,1
ZTF22abjnixo,0,1,0,0,1,1,0,1,0,1,0
ZTF22abjnkqh,0,1,0,1,0,1,0,0,1,1,0
ZTF22abjnyve,0,1,0,1,0,1,0,0,1,1,0
ZTF22abjoawa,0,0,1,1,0,1,0,1,0,1,0
ZTF22abjobnk,0,1,0,1,0,1,0,0,1,1,0
ZTF22abjocig,0,1,0,0,1,1,0,1,0,1,0
ZTF22abjolye,0,1,0,1,0,0,1,1,0,1,0
ZTF22abjpcjy,0,1,0,0,1,1,0,1,0,1,0
ZTF22abjpggo,0,1,0,1,0,0,1,1,0,1,0
ZTF22abjpgte,0,1,0,1,0,1,0,1,0,0,1
ZTF22abjpidv,0,1,0,1,0,1,0,0,1,1,0
ZTF22abjpiik,0,1,0,0,1,1,0,1,0,1,0
ZTF22abjpijo,0,0,1,1,0,1,0,1,0,1,0
ZTF22abjpiqv,0,0,1,1,0,1,0,1,0,1,0
ZTF22abjpixj,1,0,0,0,0,0,0,0,0,0,0
ZTF22abjplvd,0,1,0,1,0,1,0,1,0,0,1
ZTF22abjppih,0,1,0,1,0,0,1,1,0,1,0
ZTF22abjptjk,0,1,0,1,0,1,0,0,1,1,0
ZTF22abjqccg,0,1,0,1,0,1,0,0,1,1,0
ZTF22abjqdgj,0,1,0,1,0,1,0,0,1,1,0
ZTF22abjqhec,0,1,0,1,0,0,1,1,0,1,0
ZTF22abjrbmf,0,1,0,0,1,1,0,1,0,1,0
ZTF22abjrbpc,0,1,0,1,0,0,1,1,0,1,0
ZTF22abjrcte,0,1,0,1,0,0,1,1,0,1,0
ZTF22abjrdho,1,0,0,0,0,0,0,0,0,0,0
ZTF22abjrrea,1,0,0,0,0,0,0,0,0,0,0
ZTF22abjrrnx,0,1,0,1,0,1,0,1,0,0,1
ZTF22abjrspq,0,1,0,1,0,1,0,0,1,1,0
ZTF22abjrypb,0,1,0,0,1,1,0,1,0,1,0
ZTF22abjsblq,1,0,0,0,0,0,0,0,0,0,0
ZTF22abjtlfm,0,1,0,1,0,1,0,0,1,1,0
ZTF22abjtlzl,1,0,0,0,0,0,0,0,0,0,0
ZTF22abjtupn,0,0,1,1,0,1,0,1,0,1,0
ZTF22abjtzip,0,1,0,1,0,1,0,1,0,0,1
ZTF22abjtzzj,0,1,0,1,0,1,0,0,1,1,0
ZTF22abjublk,0,1,0,1,0,0,1,1,0,1,0
ZTF22abjuhua,0,0,1,1,0,1,0,1,0,1,0
ZTF22abjurtj,1,0,0,0,0,0,0,0,0,0,0
ZTF22abjuttl,0,1,0,0,1,1,0,1,0,1,0
ZTF22abjuulm,1,0,0,0,0,0,0,0,0,0,0
ZTF22abjuuwb,0,1,0,1,0,1,0,1,0,0,1
ZTF22abjuwco,0,1,0,1,0,1,0,1,0,0,1
ZTF22abjuxjq,1,0,0,0,0,0,0,0,0,0,0
ZTF22abjuxtz,0,1,0,1,0,1,0,1,0,0,1
ZTF22abjvagi,0,1,0,1,0,1,0,1,0,0,1
ZTF22abjvhur,0,1,0,0,1,1,0,1,0,1,0
ZTF22abjvyib,1,0,0,0,0,0,0,0,0,0,0
ZTF22abjwkir,0,1,0,1,0,1,0,1,0,0,1
ZTF22abjwplh,0,0,1,1,0,1,0,1,0,1,0
ZTF22abjwvmk,1,0,0,0,0,0,0,0,0,0,0
ZTF22abjwvtn,0,1,0,1,0,1,0,1,0,0,1
ZTF22abjxtvf,1,0,0,0,0,0,0,0,0,0,0
ZTF22abjxufr,0,1,0,1,0,0,1,1,0,1,0
ZTF22abjzsvv,0,1,0,1,0,0,1,1,0,1,0
ZTF22abjztke,0,1,0,0,1,1,0,1,0,1,0
ZTF22abjztwv,0,1,0,1,0,1,0,0,1,1,0
ZTF22abjztxa,0,1,0,1,0,1,0,1,0,0,1
ZTF22abjzukp,0,1,0,0,1,1,0,1,0,1,0
ZTF22abjzuwk,0,1,0,1,0,0,1,1,0,1,0
ZTF22abjzvkn,0,1,0,1,0,0,1,1,0,1,0
ZTF22abjzweh,1,0,0,0,0,0,0,0,0,0,0
ZTF22abjzwxf,0,0,1,1,0,1,0,1,0,1,0
ZTF22abjzxpr,0,0,1,1,0,1,0,1,0,1,0
ZTF22abjzxxq,0,1,0,1,0,1,0,1,0,0,1
ZTF22abkaaje,0,0,1,1,0,1,0,1,0,1,0
ZTF22abkabeh,0,1,0,1,0,1,0,1,0,0,1
ZTF22abkannw,0,0,1,1,0,1,0,1,0,1,0
ZTF22abkaosy,0,1,0,1,0,1,0,0,1,1,0
ZTF22abkbfxy,1,0,0,0,0,0,0,0,0,0,0
ZTF22abkbgtz,1,0,0,0,0,0,0,0,0,0,0
ZTF22abkdzvi,0,1,0,1,0,1,0,1,0,0,1
ZTF22abkfgrt,0,0,1,1,0,1,0,1,0,1,0
ZTF22abkfhua,0,0,1,1,0,1,0,1,0,1,0
ZTF22abkfxnf,1,0,0,0,0,0,0,0,0,0,0
ZTF22abkgiuc,0,1,0,1,0,1,0,0,1,1,0
ZTF22abkhhza,0,1,0,0,1,1,0,1,0,1,0
ZTF22abkhnxn,1,0,0,0,0,0,0,0,0,0,0
ZTF22abkhopj,0,1,0,0,1,1,0,1,0,1,0
ZTF22abkisoc,1,0,0,0,0,0,0,0,0,0,0
ZTF22abkmnfd,1,0,0,0,0,0,0,0,0,0,0
ZTF22abkndvl,1,0,0,0,0,0,0,0,0,0,0
ZTF22abknnfz,0,1,0,1,0,1,0,0,1,1,0
ZTF22abkolne,0,1,0,1,0,1,0,0,1,1,0
ZTF22abkomeu,0,0,1,1,0,1,0,1,0,1,0
ZTF22abkpkej,0,1,0,1,0,1,0,0,1,1,0
ZTF22abkppsx,0,1,0,1,0,0,1,1,0,1,0
ZTF22abkppta,0,1,0,1,0,1,0,0,1,1,0
ZTF22abkpstm,0,1,0,1,0,0,1,1,0,1,0
ZTF22abkpzjf,0,1,0,1,0,1,0,1,0,0,1
ZTF22abkqajk,0,0,1,1,0,1,0,1,0,1,0
ZTF22abkqnkf,0,1,0,1,0,1,0,1,0,0,1
ZTF22abkruui,0,0,1,1,0,1,0,1,0,1,0
ZTF22abkrzqq,0,1,0,1,0,0,1,1,0,1,0
ZTF22abkseqn,1,0,0,0,0,0,0,0,0,0,0
ZTF22abksiol,0,1,0,1,0,1,0,1,0,0,1
ZTF22abkskzg,0,1,0,1,0,1,0,0,1,1,0
ZTF22abkskzh,1,0,0,0,0,0,0,0,0,0,0
ZTF22abksmqa,0,0,1,1,0,1,0,1,0,1,0
ZTF22abkstbl,0,1,0,0,1,1,0,1,0,1,0
ZTF22abkstza,0,1,0,1,0,0,1,1,0,1,0
ZTF22abksusw,0,1,0,1,0,1,0,1,0,0,1
ZTF22abktqdv,0,1,0,1,0,1,0,1,0,0,1
ZTF22abktrzv,0,1,0,1,0,1,0,1,0,0,1
ZTF22abkwgat,1,0,0,0,0,0,0,0,0,0,0
ZTF22abkwurn,0,1,0,1,0,0,1,1,0,1,0
ZTF22abkxbeo,0,1,0,0,1,1,0,1,0,1,0
ZTF22abkybyq,1,0,0,0,0,0,0,0,0,0,0
ZTF22abkyzjj,1,0,0,0,0,0,0,0,0,0,0
ZTF22abkyznc,0,1,0,1,0,1,0,0,1,1,0
ZTF22abkzawc,0,1,0,1,0,1,0,0,1,1,0
ZTF22abkzogd,0,1,0,1,0,1,0,0,1,1,0
ZTF22abkzsdh,1,0,0,0,0,0,0,0,0,0,0
ZTF22abladrr,1,0,0,0,0,0,0,0,0,0,0
ZTF22ablbajx,1,0,0,0,0,0,0,0,0,0,0
ZTF22ablblxj,0,0,1,1,0,1,0,1,0,1,0
ZTF22ablbnsg,0,1,0,0,1,1,0,1,0,1,0
ZTF22ablbolm,0,0,1,1,0,1,0,1,0,1,0
ZTF22ablbpdb,0,1,0,1,0,1,0,1,0,0,1
ZTF22ablbuig,0,1,0,1,0,1,0,0,1,1,0
ZTF22ablbvag,0,1,0,1,0,1,0,0,1,1,0
ZTF22ablcfaj,0,1,0,1,0,1,0,1,0,0,1
ZTF22ablcxuv,1,0,0,0,0,0,0,0,0,0,0
ZTF22ablgovn,0,1,0,1,0,0,1,1,0,1,0
ZTF22ablhevd,0,1,0,0,1,1,0,1,0,1,0
ZTF22ablicly,0,1,0,0,1,1,0,1,0,1,0
ZTF22ablisaj,0,1,0,1,0,0,1,1,0,1,0
ZTF22abllclb,1,0,0,0,0,0,0,0,0,0,0
ZTF22ablmpga,0,1,0,1,0,0,1,1,0,1,0
ZTF22ablmzqi,1,0,0,0,0,0,0,0,0,0,0
ZTF22ablnrcv,0,0,1,1,0,1,0,1,0,1,0
ZTF22ablnuan,0,1,0,1,0,1,0,0,1,1,0
ZTF22ablozmw,0,1,0,1,0,1,0,0,1,1,0
ZTF22ablpafa,0,1,0,0,1,1,0,1,0,1,0
ZTF22ablrmro,0,1,0,1,0,1,0,1,0,0,1
ZTF22ablrxce,0,1,0,1,0,1,0,0,1,1,0
ZTF22ablshxs,0,1,0,1,0,1,0,1,0,0,1
ZTF22ablufkg,0,1,0,1,0,1,0,0,1,1,0
ZTF22ablugff,0,0,1,1,0,1,0,1,0,1,0
ZTF22ablujnt,0,1,0,1,0,1,0,0,1,1,0
ZTF22abluqwo,1,0,0,0,0,0,0,0,0,0,0
ZTF22ablvnwa,0,0,1,1,0,1,0,1,0,1,0
ZTF22ablwinh,1,0,0,0,0,0,0,0,0,0,0
ZTF22ablwjfs,0,0,1,1,0,1,0,1,0,1,0
ZTF22ablwjgv,1,0,0,0,0,0,0,0,0,0,0
ZTF22ablwvym,1,0,0,0,0,0,0,0,0,0,0
ZTF22ablxcrh,0,1,0,1,0,1,0,1,0,0,1
ZTF22ablxfkb,0,1,0,1,0,1,0,1,0,0,1
ZTF22ablxfsr,0,1,0,0,1,1,0,1,0,1,0
ZTF22abmahse,0,1,0,0,1,1,0,1,0,1,0
ZTF22abmbpil,0,1,0,1,0,0,1,1,0,1,0
ZTF22abmbwrc,1,0,0,0,0,0,0,0,0,0,0
ZTF22abmcnao,1,0,0,0,0,0,0,0,0,0,0
ZTF22abmcnfz,0,1,0,1,0,1,0,0,1,1,0
ZTF22abmcnmz,0,0,1,1,0,1,0,1,0,1,0
ZTF22abmcpbd,0,0,1,1,0,1,0,1,0,1,0
ZTF22abmcpcp,0,1,0,1,0,1,0,0,1,1,0
ZTF22abmcsmf,0,1,0,1,0,1,0,0,1,1,0
ZTF22abmctns,1,0,0,0,0,0,0,0,0,0,0
ZTF22abmcyun,1,0,0,0,0,0,0,0,0,0,0
ZTF22abmdkxk,1,0,0,0,0,0,0,0,0,0,0
ZTF22abmgeuz,0,1,0,0,1,1,0,1,0,1,0
ZTF22abmgkea,0,1,0,1,0,0,1,1,0,1,0
ZTF22abmglcf,0,1,0,0,1,1,0,1,0,1,0
ZTF22abmgmul,0,1,0,1,0,1,0,1,0,0,1
ZTF22abmgtwq,0,1,0,0,1,1,0,1,0,1,0
ZTF22abmibio,0,1,0,1,0,1,0,0,1,1,0
ZTF22abmibox,0,1,0,0,1,1,0,1,0,1,0
ZTF22abmidoh,0,0,1,1,0,1,0,1,0,1,0
ZTF22abmidsk,0,1,0,0,1,1,0,1,0,1,0
ZTF22abmidxq,0,1,0,1,0,0,1,1,0,1,0
ZTF22abmiewv,1,0,0,0,0,0,0,0,0,0,0
ZTF22abmiilh,0,0,1,1,0,1,0,1,0,1,0
ZTF22abmjdrq,0,0,1,1,0,1,0,1,0,1,0
ZTF22abmkmdv,0,0,1,1,0,1,0,1,0,1,0
ZTF22abmkofp,0,1,0,1,0,1,0,0,1,1,0
ZTF22abmkqqu,0,0,1,1,0,1,0,1,0,1,0
ZTF22abmktbt,0,0,1,1,0,1,0,1,0,1,0
ZTF22abmleiq,0,1,0,1,0,1,0,0,1,1,0
ZTF22abmlhwp,0,1,0,1,0,0,1,1,0,1,0
ZTF22abmlruu,0,1,0,1,0,0,1,1,0,1,0
ZTF22abmmvxz,0,1,0,1,0,1,0,0,1,1,0
ZTF22abmncfh,1,0,0,0,0,0,0,0,0,0,0
ZTF22abmnhau,0,1,0,1,0,0,1,1,0,1,0
ZTF22abmnqbp,0,1,0,1,0,1,0,1,0,0,1
ZTF22abmnqvw,0,1,0,0,1,1,0,1,0,1,0
ZTF22abmnyrw,0,1,0,1,0,0,1,1,0,1,0
ZTF22abmnzfh,0,0,1,1,0,1,0,1,0,1,0
ZTF22abmnzls,0,1,0,0,1,1,0,1,0,1,0
ZTF22abmqepk,1,0,0,0,0,0,0,0,0,0,0
ZTF22abmqhdv,0,1,0,0,1,1,0,1,0,1,0
ZTF22abmqlre,0,1,0,1,0,0,1,1,0,1,0
ZTF22abmqxyl,0,0,1,1,0,1,0,1,0,1,0
ZTF22abmrfth,0,1,0,1,0,1,0,0,1,1,0
ZTF22abmruqz,0,1,0,1,0,0,1,1,0,1,0
ZTF22abmtaai,0,1,0,1,0,1,0,0,1,1,0
ZTF22abmtnaw,0,1,0,1,0,1,0,0,1,1,0
ZTF22abmtvkw,0,1,0,1,0,1,0,0,1,1,0
ZTF22abmtzzg,0,1,0,1,0,1,0,0,1,1,0
ZTF22abmuaiu,0,1,0,1,0,1,0,0,1,1,0
ZTF22abmuazu,0,1,0,1,0,1,0,1,0,0,1
ZTF22abmucza,0,1,0,1,0,1,0,0,1,1,0
ZTF22abmufyh,1,0,0,0,0,0,0,0,0,0,0
ZTF22abmulps,0,0,1,1,0,1,0,1,0,1,0
ZTF22abmuvgq,0,1,0,1,0,1,0,1,0,0,1
ZTF22abmuvww,0,1,0,0,1,1,0,1,0,1,0
ZTF22abmvkqp,0,1,0,1,0,1,0,1,0,0,1
ZTF22abmwonm,0,1,0,1,0,0,1,1,0,1,0
ZTF22abmxgzp,0,0,1,1,0,1,0,1,0,1,0
ZTF22abmxivl,0,1,0,1,0,0,1,1,0,1,0
ZTF22abmxsoc,0,0,1,1,0,1,0,1,0,1,0
ZTF22abmxzcx,0,1,0,1,0,1,0,1,0,0,1
ZTF22abmxzxm,1,0,0,0,0,0,0,0,0,0,0
ZTF22abmzdej,0,0,1,1,0,1,0,1,0,1,0
ZTF22abmzdne,0,1,0,1,0,1,0,1,0,0,1
ZTF22abmzdzr,1,0,0,0,0,0,0,0,0,0,0
ZTF22abmzete,0,1,0,1,0,1,0,1,0,0,1
ZTF22abmzfjc,0,1,0,1,0,1,0,0,1,1,0
ZTF22abmzfxl,0,1,0,1,0,0,1,1,0,1,0
ZTF22abmzkma,0,1,0,0,1,1,0,1,0,1,0
ZTF22abmzmyq,0,1,0,1,0,1,0,0,1,1,0
ZTF22abmznde,1,0,0,0,0,0,0,0,0,0,0
ZTF22abmznmg,0,0,1,1,0,1,0,1,0,1,0
ZTF22abmzqdk,0,1,0,1,0,1,0,1,0,0,1
ZTF22abmzqrq,1,0,0,0,0,0,0,0,0,0,0
ZTF22abmzran,0,0,1,1,0,1,0,1,0,1,0
ZTF22abmzrcg,0,1,0,1,0,0,1,1,0,1,0
ZTF22abmztbs,0,1,0,1,0,1,0,1,0,0,1
ZTF22abmztqs,0,1,0,1,0,0,1,1,0,1,0
ZTF22abmzuez,0,1,0,1,0,1,0,0,1,1,0
ZTF22abmzvmi,0,1,0,1,0,1,0,1,0,0,1
ZTF22abmzwam,0,1,0,1,0,1,0,0,1,1,0
ZTF22abnajgl,0,0,1,1,0,1,0,1,0,1,0
ZTF22abnakku,0,1,0,1,0,0,1,1,0,1,0
ZTF22abnakti,0,1,0,1,0,1,0,0,1,1,0
ZTF22abnbfxy,0,1,0,1,0,1,0,1,0,0,1
ZTF22abnbzjw,0,1,0,1,0,0,1,1,0,1,0
ZTF22abnehge,0,1,0,1,0,1,0,0,1,1,0
ZTF22abnehwq,0,1,0,1,0,1,0,0,1,1,0
ZTF22abnemvx,0,1,0,1,0,1,0,0,1,1,0
ZTF22abnenrg,0,1,0,1,0,1,0,1,0,0,1
ZTF22abneuma,0,1,0,1,0,0,1,1,0,1,0
ZTF22abnezom,0,1,0,0,1,1,0,1,0,1,0
ZTF22abnfbik,0,1,0,0,1,1,0,1,0,1,0
ZTF22abnfevq,0,1,0,1,0,1,0,0,1,1,0
ZTF22abnfgcn,0,1,0,1,0,1,0,0,1,1,0
ZTF22abnfgms,0,1,0,1,0,1,0,1,0,0,1
ZTF22abnfjsm,0,1,0,1,0,0,1,1,0,1,0
ZTF22abnfolv,1,0,0,0,0,0,0,0,0,0,0
ZTF22abnfpfb,0,1,0,1,0,1,0,0,1,1,0
ZTF22abnfpvq,0,1,0,1,0,1,0,0,1,1,0
ZTF22abnfstv,0,0,1,1,0,1,0,1,0,1,0
ZTF22abnfvtn,0,1,0,1,0,1,0,1,0,0,1
ZTF22abngbzi,0,1,0,1,0,1,0,0,1,1,0
ZTF22abngchw,0,1,0,1,0,1,0,0,1,1,0
ZTF22abngfgl,0,1,0,1,0,1,0,1,0,0,1
ZTF22abnghnv,1,0,0,0,0,0,0,0,0,0,0
ZTF22abnghqa,0,1,0,1,0,1,0,1,0,0,1
ZTF22abnghxd,0,1,0,1,0,1,0,1,0,0,1
ZTF22abngjlt,0,1,0,1,0,0,1,1,0,1,0
ZTF22abngpcb,1,0,0,0,0,0,0,0,0,0,0
ZTF22abngvpd,0,1,0,1,0,0,1,1,0,1,0
ZTF22abngvrq,0,1,0,1,0,1,0,0,1,1,0
ZTF22abngxbf,0,1,0,0,1,1,0,1,0,1,0
ZTF22abnhaab,0,1,0,1,0,0,1,1,0,1,0
ZTF22abnhaay,0,1,0,1,0,1,0,1,0,0,1
ZTF22abnhbid,0,0,1,1,0,1,0,1,0,1,0
ZTF22abnhdyx,0,1,0,1,0,1,0,0,1,1,0
ZTF22abnhprh,0,1,0,1,0,1,0,0,1,1,0
ZTF22abnhptp,1,0,0,0,0,0,0,0,0,0,0
ZTF22abnhtxu,0,1,0,1,0,0,1,1,0,1,0
ZTF22abniami,1,0,0,0,0,0,0,0,0,0,0
ZTF22abnmmvz,0,1,0,1,0,1,0,1,0,0,1
ZTF22abnmngf,0,1,0,0,1,1,0,1,0,1,0
ZTF22abnmnzh,0,1,0,1,0,1,0,1,0,0,1
ZTF22abnmpfo,0,1,0,0,1,1,0,1,0,1,0
ZTF22abnmpty,0,1,0,0,1,1,0,1,0,1,0
ZTF22abnmpwx,1,0,0,0,0,0,0,0,0,0,0
ZTF22abnmqio,0,1,0,0,1,1,0,1,0,1,0
ZTF22abnmqsv,1,0,0,0,0,0,0,0,0,0,0
ZTF22abnmsgl,0,1,0,1,0,1,0,0,1,1,0
ZTF22abnmstj,1,0,0,0,0,0,0,0,0,0,0
ZTF22abnmxgz,0,1,0,1,0,0,1,1,0,1,0
ZTF22abnmygz,1,0,0,0,0,0,0,0,0,0,0
ZTF22abnnaud,0,1,0,1,0,0,1,1,0,1,0
ZTF22abnoamd,0,1,0,0,1,1,0,1,0,1,0
ZTF22abnocvd,0,1,0,1,0,1,0,0,1,1,0
ZTF22abnoduq,0,1,0,0,1,1,0,1,0,1,0
ZTF22abnogqn,0,1,0,1,0,0,1,1,0,1,0
ZTF22abnoiuz,0,1,0,1,0,0,1,1,0,1,0
ZTF22abnoofs,0,1,0,1,0,1,0,0,1,1,0
ZTF22abnpdkn,0,1,0,1,0,0,1,1,0,1,0
ZTF22abnpdqx,0,1,0,1,0,0,1,1,0,1,0
ZTF22abnpdtf,0,1,0,1,0,1,0,1,0,0,1
ZTF22abnperq,1,0,0,0,0,0,0,0,0,0,0
ZTF22abnpfon,0,1,0,1,0,0,1,1,0,1,0
ZTF22abnpnsf,0,0,1,1,0,1,0,1,0,1,0
ZTF22abnpyxf,0,1,0,1,0,0,1,1,0,1,0
ZTF22abnpzqu,1,0,0,0,0,0,0,0,0,0,0
ZTF22abnqaga,1,0,0,0,0,0,0,0,0,0,0
ZTF22abnqaof,0,0,1,1,0,1,0,1,0,1,0
ZTF22abnqasj,1,0,0,0,0,0,0,0,0,0,0
ZTF22abnqcdc,0,1,0,1,0,0,1,1,0,1,0
ZTF22abnqetk,0,1,0,1,0,0,1,1,0,1,0
ZTF22abnqewy,0,1,0,0,1,1,0,1,0,1,0
ZTF22abnqgdw,0,1,0,1,0,1,0,1,0,0,1
ZTF22abnqiyc,0,1,0,1,0,1,0,0,1,1,0
ZTF22abnqtty,0,0,1,1,0,1,0,1,0,1,0
ZTF22abnqudt,0,1,0,1,0,1,0,1,0,0,1
ZTF22abnqurv,0,1,0,1,0,1,0,0,1,1,0
ZTF22abnqwxk,0,1,0,0,1,1,0,1,0,1,0
ZTF22abnqxjf,0,1,0,1,0,1,0,0,1,1,0
ZTF22abnqzct,0,1,0,0,1,1,0,1,0,1,0
ZTF22abnraoz,0,1,0,1,0,0,1,1,0,1,0
ZTF22abnrmhh,0,1,0,1,0,0,1,1,0,1,0
ZTF22abnrvob,0,1,0,0,1,1,0,1,0,1,0
ZTF22abnrych,0,1,0,1,0,1,0,1,0,0,1
ZTF22abnsgbv,0,0,1,1,0,1,0,1,0,1,0
ZTF22abnskdn,0,0,1,1,0,1,0,1,0,1,0
ZTF22abnsqej,0,1,0,0,1,1,0,1,0,1,0
ZTF22abnsssk,0,1,0,1,0,1,0,0,1,1,0
ZTF22abnstrs,0,1,0,1,0,0,1,1,0,1,0
ZTF22abnsxoj,0,1,0,0,1,1,0,1,0,1,0
ZTF22abnsyef,0,1,0,1,0,1,0,0,1,1,0
ZTF22abntdem,0,1,0,0,1,1,0,1,0,1,0
ZTF22abntesc,0,1,0,1,0,1,0,1,0,0,1
ZTF22abntfai,0,1,0,0,1,1,0,1,0,1,0
ZTF22abntgcm,0,1,0,1,0,1,0,0,1,1,0
ZTF22abnthwo,0,1,0,1,0,0,1,1,0,1,0
ZTF22abntiim,0,1,0,0,1,1,0,1,0,1,0
ZTF22abntvfh,0,1,0,1,0,1,0,0,1,1,0
ZTF22abntvsa,0,1,0,1,0,1,0,1,0,0,1
ZTF22abnuhux,0,1,0,1,0,1,0,0,1,1,0
ZTF22abnujbv,0,0,1,1,0,1,0,1,0,1,0
ZTF22abnuxxa,0,1,0,1,0,1,0,0,1,1,0
ZTF22abnvcja,0,1,0,1,0,1,0,0,1,1,0
ZTF22abnvijp,0,1,0,1,0,0,1,1,0,1,0
ZTF22abnvkhm,0,1,0,1,0,1,0,1,0,0,1
ZTF22abnvktj,0,1,0,1,0,1,0,1,0,0,1
ZTF22abnvlhq,0,1,0,1,0,1,0,0,1,1,0
ZTF22abnvljq,0,1,0,1,0,1,0,0,1,1,0
ZTF22abnvmzz,0,1,0,0,1,1,0,1,0,1,0
ZTF22abnvnhn,0,1,0,1,0,1,0,1,0,0,1
ZTF22abnvnpd,1,0,0,0,0,0,0,0,0,0,0
ZTF22abnvogj,0,1,0,1,0,1,0,1,0,0,1
ZTF22abnvoln,0,1,0,0,1,1,0,1,0,1,0
ZTF22abnvrvw,0,1,0,0,1,1,0,1,0,1,0
ZTF22abnvsfa,0,0,1,1,0,1,0,1,0,1,0
ZTF22abnvtuf,0,1,0,1,0,0,1,1,0,1,0
ZTF22abnvuwi,0,0,1,1,0,1,0,1,0,1,0
ZTF22abnvzhx,0,1,0,1,0,0,1,1,0,1,0
ZTF22abnwidd,1,0,0,0,0,0,0,0,0,0,0
ZTF22abnwjwc,0,1,0,0,1,1,0,1,0,1,0
ZTF22abnwmmf,0,1,0,1,0,1,0,0,1,1,0
ZTF22abnwpdx,0,1,0,1,0,1,0,1,0,0,1
ZTF22abnwpmq,1,0,0,0,0,0,0,0,0,0,0
ZTF22abnwqaz,0,1,0,1,0,1,0,1,0,0,1
ZTF22abnwsmh,1,0,0,0,0,0,0,0,0,0,0
ZTF22abnwtae,0,0,1,1,0,1,0,1,0,1,0
ZTF22abnwudz,1,0,0,0,0,0,0,0,0,0,0
ZTF22abnwyza,0,0,1,1,0,1,0,1,0,1,0
ZTF22abnwzip,0,1,0,1,0,1,0,1,0,0,1
ZTF22abnxbws,1,0,0,0,0,0,0,0,0,0,0
ZTF22abnxebe,0,1,0,1,0,1,0,1,0,0,1
ZTF22abnxgkk,0,1,0,0,1,1,0,1,0,1,0
ZTF22abnxjnn,1,0,0,0,0,0,0,0,0,0,0
ZTF22abnxost,1,0,0,0,0,0,0,0,0,0,0
ZTF22abnxovx,0,1,0,1,0,1,0,0,1,1,0
ZTF22abnxuax,1,0,0,0,0,0,0,0,0,0,0
ZTF22abnyfjw,0,1,0,1,0,1,0,0,1,1,0
ZTF22abnyjut,0,1,0,0,1,1,0,1,0,1,0
ZTF22abnzrjf,0,0,1,1,0,1,0,1,0,1,0
ZTF22abnzuxx,0,1,0,1,0,1,0,0,1,1,0
ZTF22aboabec,0,0,1,1,0,1,0,1,0,1,0
ZTF22aboacbv,0,1,0,1,0,1,0,0,1,1,0
ZTF22aboacet,0,1,0,1,0,0,1,1,0,1,0
ZTF22aboawxv,1,0,0,0,0,0,0,0,0,0,0
ZTF22aboaxhd,0,1,0,1,0,0,1,1,0,1,0
ZTF22aboazlk,1,0,0,0,0,0,0,0,0,0,0
ZTF22abobahz,0,1,0,1,0,1,0,1,0,0,1
ZTF22abobflc,0,1,0,1,0,1,0,0,1,1,0
ZTF22abobgio,0,1,0,1,0,1,0,0,1,1,0
ZTF22abobgtm,0,1,0,1,0,0,1,1,0,1,0
ZTF22abobhhj,0,1,0,0,1,1,0,1,0,1,0
ZTF22abobhmn,0,1,0,1,0,1,0,1,0,0,1
ZTF22abobifm,0,1,0,1,0,1,0,0,1,1,0
ZTF22abobjlm,0,0,1,1,0,1,0,1,0,1,0
ZTF22abobobs,1,0,0,0,0,0,0,0,0,0,0
ZTF22abobtsc,0,0,1,1,0,1,0,1,0,1,0
ZTF22abobtxl,0,1,0,1,0,1,0,1,0,0,1
ZTF22abocasp,1,0,0,0,0,0,0,0,0,0,0
ZTF22abodorx,0,1,0,0,1,1,0,1,0,1,0
ZTF22abodqjf,1,0,0,0,0,0,0,0,0,0,0
ZTF22abodvpx,0,1,0,1,0,0,1,1,0,1,0
ZTF22aboeotz,0,0,1,1,0,1,0,1,0,1,0
ZTF22abofmsc,0,1,0,1,0,1,0,1,0,0,1
ZTF22aboftrh,1,0,0,0,0,0,0,0,0,0,0
ZTF22abofwgs,1,0,0,0,0,0,0,0,0,0,0
ZTF22abogacl,0,1,0,1,0,1,0,1,0,0,1
ZTF22abogbag,0,1,0,1,0,0,1,1,0,1,0
ZTF22abogbdm,0,0,1,1,0,1,0,1,0,1,0
ZTF22aboggdp,1,0,0,0,0,0,0,0,0,0,0
ZTF22abohrft,0,1,0,1,0,0,1,1,0,1,0
ZTF22abohvgn,0,1,0,1,0,0,1,1,0,1,0
ZTF22aboijtw,0,1,0,1,0,0,1,1,0,1,0
ZTF22aboisub,0,1,0,0,1,1,0,1,0,1,0
ZTF22aboiwvb,0,1,0,1,0,1,0,1,0,0,1
ZTF22aboiwvh,0,1,0,0,1,1,0,1,0,1,0
ZTF22aboixkn,0,1,0,1,0,1,0,1,0,0,1
ZTF22aboixkx,1,0,0,0,0,0,0,0,0,0,0
ZTF22aboixlf,0,1,0,1,0,1,0,1,0,0,1
ZTF22abojsix,0,0,1,1,0,1,0,1,0,1,0
ZTF22abojxqa,0,1,0,1,0,0,1,1,0,1,0
ZTF22abojyaa,0,1,0,1,0,0,1,1,0,1,0
ZTF22abojyat,0,1,0,0,1,1,0,1,0,1,0
ZTF22abojynf,0,1,0,1,0,1,0,0,1,1,0
ZTF22abokdoq,0,1,0,1,0,1,0,0,1,1,0
ZTF22abokmby,0,0,1,1,0,1,0,1,0,1,0
ZTF22abokmcf,0,1,0,1,0,1,0,0,1,1,0
ZTF22abokmmz,0,0,1,1,0,1,0,1,0,1,0
ZTF22abokowm,0,1,0,1,0,0,1,1,0,1,0
ZTF22abokpqn,0,1,0,1,0,0,1,1,0,1,0
ZTF22aboktqv,0,1,0,1,0,1,0,0,1,1,0
ZTF22abokyfg,0,1,0,0,1,1,0,1,0,1,0
ZTF22abokyjh,0,1,0,1,0,1,0,1,0,0,1
ZTF22abollhi,0,1,0,1,0,1,0,0,1,1,0
ZTF22abolmlc,0,1,0,0,1,1,0,1,0,1,0
ZTF22aboloxt,0,1,0,1,0,0,1,1,0,1,0
ZTF22abolpqm,0,0,1,1,0,1,0,1,0,1,0
ZTF22abolsys,1,0,0,0,0,0,0,0,0,0,0
ZTF22abomczt,0,1,0,1,0,1,0,0,1,1,0
ZTF22abomdzq,0,1,0,0,1,1,0,1,0,1,0
ZTF22abompig,0,1,0,1,0,1,0,1,0,0,1
ZTF22aboqkoh,0,1,0,1,0,1,0,0,1,1,0
ZTF22aboqkpd,0,1,0,1,0,0,1,1,0,1,0
ZTF22aboqmqd,0,1,0,1,0,0,1,1,0,1,0
ZTF22aboqxjt,0,1,0,0,1,1,0,1,0,1,0
ZTF22aborgxr,0,1,0,0,1,1,0,1,0,1,0
ZTF22abovfhx,0,1,0,1,0,1,0,1,0,0,1
ZTF22aboxazy,0,1,0,1,0,1,0,0,1,1,0
ZTF22aboxvzc,0,0,1,1,0,1,0,1,0,1,0
ZTF22aboyddy,0,1,0,1,0,1,0,1,0,0,1
ZTF22abpcojy,0,0,1,1,0,1,0,1,0,1,0
ZTF22abpdmno,0,1,0,0,1,1,0,1,0,1,0
ZTF22abpekod,0,1,0,0,1,1,0,1,0,1,0
ZTF22abpgbjn,1,0,0,0,0,0,0,0,0,0,0
ZTF22abpgdes,0,1,0,0,1,1,0,1,0,1,0
ZTF22abpgkpp,0,1,0,0,1,1,0,1,0,1,0
ZTF22abphhyh,0,1,0,1,0,1,0,1,0,0,1
ZTF22abpiiha,0,1,0,1,0,1,0,0,1,1,0
ZTF22abpimdj,1,0,0,0,0,0,0,0,0,0,0
ZTF22abpionc,0,1,0,0,1,1,0,1,0,1,0
ZTF22abpiprl,0,1,0,1,0,1,0,1,0,0,1
ZTF22abpkloa,0,1,0,1,0,1,0,1,0,0,1
ZTF22abpknfr,0,1,0,1,0,1,0,0,1,1,0
ZTF22abpknmh,0,1,0,1,0,1,0,0,1,1,0
ZTF22abpknnh,0,1,0,0,1,1,0,1,0,1,0
ZTF22abpknwv,0,1,0,0,1,1,0,1,0,1,0
ZTF22abpknyy,0,1,0,1,0,1,0,0,1,1,0
ZTF22abpkulr,0,1,0,1,0,0,1,1,0,1,0
ZTF22abpkutf,0,1,0,1,0,1,0,0,1,1,0
ZTF22abpkygh,0,1,0,1,0,1,0,1,0,0,1
ZTF22abpkzbq,0,1,0,1,0,1,0,1,0,0,1
ZTF22abpkzpl,0,1,0,0,1,1,0,1,0,1,0
ZTF22abplazd,0,1,0,1,0,1,0,0,1,1,0
ZTF22abplfmz,0,1,0,0,1,1,0,1,0,1,0
ZTF22abplfsr,0,0,1,1,0,1,0,1,0,1,0
ZTF22abpllnf,0,1,0,0,1,1,0,1,0,1,0
ZTF22abpllsm,0,1,0,1,0,1,0,1,0,0,1
ZTF22abplqlp,0,1,0,1,0,0,1,1,0,1,0
ZTF22abpluar,0,0,1,1,0,1,0,1,0,1,0
ZTF22abplwes,1,0,0,0,0,0,0,0,0,0,0
ZTF22abplwtw,0,1,0,1,0,1,0,1,0,0,1
ZTF22abpmbdo,0,0,1,1,0,1,0,1,0,1,0
ZTF22abpmeai,0,1,0,0,1,1,0,1,0,1,0
ZTF22abpmgui,0,1,0,0,1,1,0,1,0,1,0
ZTF22abpmlkx,0,0,1,1,0,1,0,1,0,1,0
ZTF22abpmsdw,1,0,0,0,0,0,0,0,0,0,0
ZTF22abpnjni,0,1,0,0,1,1,0,1,0,1,0
ZTF22abpnlwb,1,0,0,0,0,0,0,0,0,0,0
ZTF22abpnnge,0,0,1,1,0,1,0,1,0,1,0
ZTF22abpnowl,0,1,0,0,1,1,0,1,0,1,0
ZTF22abpooes,0,1,0,1,0,0,1,1,0,1,0
ZTF22abportv,0,1,0,1,0,1,0,1,0,0,1
ZTF22abposlk,0,1,0,1,0,1,0,1,0,0,1
ZTF22abpqcoj,0,0,1,1,0,1,0,1,0,1,0
ZTF22abpqdlq,0,0,1,1,0,1,0,1,0,1,0
ZTF22abprdof,0,1,0,1,0,1,0,0,1,1,0
ZTF22abproes,0,1,0,1,0,1,0,0,1,1,0
ZTF22abprohc,1,0,0,0,0,0,0,0,0,0,0
ZTF22abprpii,0,1,0,1,0,1,0,1,0,0,1
ZTF22abpruwf,0,1,0,0,1,1,0,1,0,1,0
ZTF22abpsksp,0,1,0,1,0,0,1,1,0,1,0
ZTF22abpskwx,0,1,0,1,0,0,1,1,0,1,0
ZTF22abpszzl,0,1,0,1,0,1,0,1,0,0,1
ZTF22abptxbr,1,0,0,0,0,0,0,0,0,0,0
ZTF22abpuany,0,1,0,1,0,1,0,0,1,1,0
ZTF22abpuaxl,0,1,0,1,0,1,0,0,1,1,0
ZTF22abpuhfk,0,1,0,1,0,1,0,0,1,1,0
ZTF22abpuknk,1,0,0,0,0,0,0,0,0,0,0
ZTF22abpulqo,0,1,0,0,1,1,0,1,0,1,0
ZTF22abpusrt,0,1,0,1,0,1,0,1,0,0,1
ZTF22abputaw,0,1,0,1,0,0,1,1,0,1,0
ZTF22abpuuvv,0,0,1,1,0,1,0,1,0,1,0
ZTF22abpvilm,0,1,0,1,0,1,0,0,1,1,0
ZTF22abpvjri,0,1,0,1,0,1,0,0,1,1,0
ZTF22abpvjzl,0,1,0,1,0,0,1,1,0,1,0
ZTF22abpvknd,0,1,0,1,0,0,1,1,0,1,0
ZTF22abpvoco,1,0,0,0,0,0,0,0,0,0,0
ZTF22abpvuzm,0,1,0,1,0,1,0,0,1,1,0
ZTF22abpvvfu,1,0,0,0,0,0,0,0,0,0,0
ZTF22abpvvyk,0,1,0,0,1,1,0,1,0,1,0
ZTF22abpvwsn,0,1,0,1,0,0,1,1,0,1,0
ZTF22abpvyfv,1,0,0,0,0,0,0,0,0,0,0
ZTF22abpvyoz,1,0,0,0,0,0,0,0,0,0,0
ZTF22abpwdmm,0,1,0,0,1,1,0,1,0,1,0
ZTF22abpwdzj,0,1,0,1,0,1,0,0,1,1,0
ZTF22abpwhae,0,1,0,1,0,1,0,0,1,1,0
ZTF22abpyder,0,0,1,1,0,1,0,1,0,1,0
ZTF22abpyemx,0,1,0,1,0,1,0,1,0,0,1
ZTF22abpytin,1,0,0,0,0,0,0,0,0,0,0
ZTF22abpyytc,1,0,0,0,0,0,0,0,0,0,0
ZTF22abqadjj,0,1,0,0,1,1,0,1,0,1,0
ZTF22abqaeac,0,0,1,1,0,1,0,1,0,1,0
ZTF22abqaohu,0,1,0,1,0,1,0,0,1,1,0
ZTF22abqaork,0,0,1,1,0,1,0,1,0,1,0
ZTF22abqaoua,1,0,0,0,0,0,0,0,0,0,0
ZTF22abqaovh,1,0,0,0,0,0,0,0,0,0,0
ZTF22abqaphs,1,0,0,0,0,0,0,0,0,0,0
ZTF22abqaqnn,1,0,0,0,0,0,0,0,0,0,0
ZTF22abqaqqd,0,1,0,1,0,1,0,1,0,0,1
ZTF22abqaxvp,0,1,0,1,0,1,0,1,0,0,1
ZTF22abqazhy,1,0,0,0,0,0,0,0,0,0,0
ZTF22abqbbnt,0,1,0,1,0,1,0,1,0,0,1
ZTF22abqbcwl,0,1,0,0,1,1,0,1,0,1,0
ZTF22abqbfdo,1,0,0,0,0,0,0,0,0,0,0
ZTF22abqbgsx,0,0,1,1,0,1,0,1,0,1,0
ZTF22abqbkcb,0,0,1,1,0,1,0,1,0,1,0
ZTF22abqblcz,0,1,0,1,0,1,0,1,0,0,1
ZTF22abqbnnv,0,1,0,1,0,0,1,1,0,1,0
ZTF22abqbqty,0,1,0,1,0,1,0,0,1,1,0
ZTF22abqcfbv,0,1,0,0,1,1,0,1,0,1,0
ZTF22abqcqfs,1,0,0,0,0,0,0,0,0,0,0
ZTF22abqcruf,0,0,1,1,0,1,0,1,0,1,0
ZTF22abqdmwt,1,0,0,0,0,0,0,0,0,0,0
ZTF22abqdook,0,1,0,1,0,0,1,1,0,1,0
ZTF22abqdybq,0,1,0,1,0,0,1,1,0,1,0
ZTF22abqempf,0,1,0,1,0,0,1,1,0,1,0
ZTF22abqerry,0,1,0,0,1,1,0,1,0,1,0
ZTF22abqeskz,0,1,0,0,1,1,0,1,0,1,0
ZTF22abqgvkn,1,0,0,0,0,0,0,0,0,0,0
ZTF22abqhhnd,1,0,0,0,0,0,0,0,0,0,0
ZTF22abqhkhn,0,1,0,1,0,1,0,0,1,1,0
ZTF22abqhkhx,0,1,0,1,0,1,0,0,1,1,0
ZTF22abqhltx,0,0,1,1,0,1,0,1,0,1,0
ZTF22abqhnns,0,0,1,1,0,1,0,1,0,1,0
ZTF22abqiiom,1,0,0,0,0,0,0,0,0,0,0
ZTF22abqiyhg,0,0,1,1,0,1,0,1,0,1,0
ZTF22abqiyik,0,1,0,1,0,1,0,1,0,0,1
ZTF22abqjhnx,0,1,0,0,1,1,0,1,0,1,0
ZTF22abqjvkz,0,1,0,0,1,1,0,1,0,1,0
ZTF22abqjwhx,1,0,0,0,0,0,0,0,0,0,0
ZTF22abqkzuq,0,0,1,1,0,1,0,1,0,1,0
ZTF22abqkzzd,0,1,0,1,0,0,1,1,0,1,0
ZTF22abqlvwd,0,1,0,1,0,0,1,1,0,1,0
ZTF22abqmcxj,0,1,0,1,0,0,1,1,0,1,0
ZTF22abqmiti,0,0,1,1,0,1,0,1,0,1,0
ZTF22abqmiww,0,1,0,1,0,1,0,0,1,1,0
ZTF22abqmjwd,0,0,1,1,0,1,0,1,0,1,0
ZTF22abqmmkg,0,1,0,1,0,1,0,0,1,1,0
ZTF22abqmovi,0,1,0,1,0,1,0,1,0,0,1
ZTF22abqmucg,0,0,1,1,0,1,0,1,0,1,0
ZTF22abqmuko,0,1,0,0,1,1,0,1,0,1,0
ZTF22abqmvpx,0,0,1,1,0,1,0,1,0,1,0
ZTF22abqmxcx,0,1,0,0,1,1,0,1,0,1,0
ZTF22abqnocd,0,1,0,1,0,1,0,1,0,0,1
ZTF22abqnzhs,1,0,0,0,0,0,0,0,0,0,0
ZTF22abqoubb,0,1,0,0,1,1,0,1,0,1,0
ZTF22abqouwl,1,0,0,0,0,0,0,0,0,0,0
ZTF22abqpclr,0,1,0,1,0,0,1,1,0,1,0
ZTF22abqpcmv,0,1,0,0,1,1,0,1,0,1,0
ZTF22abqpdjt,0,1,0,1,0,1,0,0,1,1,0
ZTF22abqpdon,1,0,0,0,0,0,0,0,0,0,0
ZTF22abqpdwa,1,0,0,0,0,0,0,0,0,0,0
ZTF22abqpflu,0,1,0,0,1,1,0,1,0,1,0
ZTF22abqping,0,0,1,1,0,1,0,1,0,1,0
ZTF22abqpjug,1,0,0,0,0,0,0,0,0,0,0
ZTF22abqpklc,0,0,1,1,0,1,0,1,0,1,0
ZTF22abqppbg,1,0,0,0,0,0,0,0,0,0,0
ZTF22abqpvzg,0,1,0,1,0,1,0,0,1,1,0
ZTF22abqpxyn,0,1,0,0,1,1,0,1,0,1,0
ZTF22abqqdsx,1,0,0,0,0,0,0,0,0,0,0
ZTF22abqqivj,0,1,0,1,0,0,1,1,0,1,0
ZTF22abqqjih,0,1,0,1,0,1,0,0,1,1,0
ZTF22abqqjup,0,1,0,1,0,1,0,1,0,0,1
ZTF22abqqnod,1,0,0,0,0,0,0,0,0,0,0
ZTF22abqqzwa,0,1,0,1,0,1,0,1,0,0,1
ZTF22abqrgyq,1,0,0,0,0,0,0,0,0,0,0
ZTF22abqseiq,1,0,0,0,0,0,0,0,0,0,0
ZTF22abqtdyh,0,0,1,1,0,1,0,1,0,1,0
ZTF22abqteqh,0,0,1,1,0,1,0,1,0,1,0
ZTF22abqtsog,1,0,0,0,0,0,0,0,0,0,0
ZTF22abqudrx,0,1,0,1,0,0,1,1,0,1,0
ZTF22abquuft,0,0,1,1,0,1,0,1,0,1,0
ZTF22abquwiv,0,1,0,1,0,0,1,1,0,1,0
ZTF22abquwus,0,1,0,1,0,1,0,0,1,1,0
ZTF22abqvdte,0,1,0,1,0,1,0,1,0,0,1
ZTF22abqvpcl,0,1,0,1,0,1,0,1,0,0,1
ZTF22abqvzdy,0,1,0,1,0,0,1,1,0,1,0
ZTF22abqwvah,0,1,0,1,0,1,0,0,1,1,0
ZTF22abqwzli,0,0,1,1,0,1,0,1,0,1,0
ZTF22abqxgxo,1,0,0,0,0,0,0,0,0,0,0
ZTF22abqyeru,0,1,0,1,0,1,0,0,1,1,0
ZTF22abqyhkc,0,0,1,1,0,1,0,1,0,1,0
ZTF22abqyiaa,1,0,0,0,0,0,0,0,0,0,0
ZTF22abqyqss,1,0,0,0,0,0,0,0,0,0,0
ZTF22abrahwy,1,0,0,0,0,0,0,0,0,0,0
ZTF22abraieh,0,0,1,1,0,1,0,1,0,1,0
ZTF22abraurg,0,0,1,1,0,1,0,1,0,1,0
ZTF22abrbieq,0,0,1,1,0,1,0,1,0,1,0
ZTF22abrbiya,0,0,1,1,0,1,0,1,0,1,0
ZTF22abrbmea,1,0,0,0,0,0,0,0,0,0,0
ZTF22abrbohu,1,0,0,0,0,0,0,0,0,0,0
ZTF22abrborz,0,1,0,0,1,1,0,1,0,1,0
ZTF22abrboyl,0,1,0,0,1,1,0,1,0,1,0
ZTF22abrbpyh,0,1,0,1,0,0,1,1,0,1,0
ZTF22abrchpn,0,1,0,1,0,1,0,1,0,0,1
ZTF22abrcuza,0,1,0,1,0,1,0,0,1,1,0
ZTF22abrdjly,1,0,0,0,0,0,0,0,0,0,0
ZTF22abrdkbf,0,0,1,1,0,1,0,1,0,1,0
ZTF22abremou,0,1,0,1,0,1,0,1,0,0,1
ZTF22abremov,0,1,0,1,0,0,1,1,0,1,0
ZTF22abremqq,0,1,0,0,1,1,0,1,0,1,0
ZTF22abrephy,0,1,0,0,1,1,0,1,0,1,0
ZTF22abreukn,0,1,0,0,1,1,0,1,0,1,0
ZTF22abreusl,0,1,0,1,0,0,1,1,0,1,0
ZTF22abrevvx,1,0,0,0,0,0,0,0,0,0,0
ZTF22abrexzq,0,0,1,1,0,1,0,1,0,1,0
ZTF22abreygx,0,1,0,1,0,0,1,1,0,1,0
ZTF22abrezqt,0,1,0,1,0,0,1,1,0,1,0
ZTF22abrfdnb,0,1,0,1,0,1,0,0,1,1,0
ZTF22abrfqtz,0,1,0,1,0,0,1,1,0,1,0
ZTF22abrfsba,0,1,0,1,0,1,0,0,1,1,0
ZTF22abrftlp,0,1,0,0,1,1,0,1,0,1,0
ZTF22abrfuul,0,0,1,1,0,1,0,1,0,1,0
ZTF22abrfwhc,0,1,0,1,0,1,0,0,1,1,0
ZTF22abrhdkk,0,1,0,1,0,1,0,0,1,1,0
ZTF22abrhere,0,1,0,1,0,0,1,1,0,1,0
ZTF22abrhppl,0,1,0,1,0,0,1,1,0,1,0
ZTF22abrhqxg,1,0,0,0,0,0,0,0,0,0,0
ZTF22abrhqxu,0,1,0,1,0,1,0,0,1,1,0
ZTF22abrhrbn,0,1,0,1,0,1,0,1,0,0,1
ZTF22abrhrzb,0,1,0,0,1,1,0,1,0,1,0
ZTF22abrhtez,0,0,1,1,0,1,0,1,0,1,0
ZTF22abriakb,1,0,0,0,0,0,0,0,0,0,0
ZTF22abriedm,0,0,1,1,0,1,0,1,0,1,0
ZTF22abrigpi,0,0,1,1,0,1,0,1,0,1,0
ZTF22abrinix,0,1,0,1,0,1,0,0,1,1,0
ZTF22abriohe,0,1,0,1,0,1,0,0,1,1,0
ZTF22abritwa,0,1,0,1,0,1,0,1,0,0,1
ZTF22abrivgl,1,0,0,0,0,0,0,0,0,0,0
ZTF22abrjabr,1,0,0,0,0,0,0,0,0,0,0
ZTF22abrjeth,0,1,0,0,1,1,0,1,0,1,0
ZTF22abrjsoy,0,1,0,1,0,1,0,1,0,0,1
ZTF22abrjszg,0,1,0,1,0,1,0,1,0,0,1
ZTF22abrkarn,0,1,0,1,0,1,0,0,1,1,0
ZTF22abrkzwp,1,0,0,0,0,0,0,0,0,0,0
ZTF22abrlgtl,0,1,0,1,0,1,0,1,0,0,1
ZTF22abrlspq,0,0,1,1,0,1,0,1,0,1,0
ZTF22abrluxs,0,1,0,0,1,1,0,1,0,1,0
ZTF22abrmbdi,0,0,1,1,0,1,0,1,0,1,0
ZTF22abrnfca,0,1,0,1,0,1,0,0,1,1,0
ZTF22abrpbld,0,1,0,1,0,0,1,1,0,1,0
ZTF22abrpgaq,0,1,0,1,0,1,0,1,0,0,1
ZTF22abrpgdc,0,1,0,1,0,0,1,1,0,1,0
ZTF22abrpito,0,1,0,1,0,0,1,1,0,1,0
ZTF22abrpolk,0,1,0,0,1,1,0,1,0,1,0
ZTF22abrppoo,0,1,0,1,0,0,1,1,0,1,0
ZTF22abrpuvy,1,0,0,0,0,0,0,0,0,0,0
ZTF22abrpvui,0,0,1,1,0,1,0,1,0,1,0
ZTF22abrpwsu,0,0,1,1,0,1,0,1,0,1,0
ZTF22abrpyyh,0,1,0,1,0,1,0,0,1,1,0
ZTF22abrqkfw,0,1,0,1,0,1,0,0,1,1,0
ZTF22abrqxiw,1,0,0,0,0,0,0,0,0,0,0
ZTF22abrredj,0,1,0,0,1,1,0,1,0,1,0
ZTF22abrreei,0,1,0,1,0,1,0,1,0,0,1
ZTF22abrrmht,0,1,0,1,0,0,1,1,0,1,0
ZTF22abrsqbi,0,0,1,1,0,1,0,1,0,1,0
ZTF22abrsqbj,0,1,0,1,0,1,0,1,0,0,1
ZTF22abrsrql,0,1,0,1,0,1,0,1,0,0,1
ZTF22abrssck,0,0,1,1,0,1,0,1,0,1,0
ZTF22abrstnw,0,1,0,0,1,1,0,1,0,1,0
ZTF22abrsymr,0,1,0,1,0,1,0,0,1,1,0
ZTF22abrtdjs,0,1,0,1,0,0,1,1,0,1,0
ZTF22abrtmag,0,1,0,1,0,0,1,1,0,1,0
ZTF22abrulad,0,1,0,0,1,1,0,1,0,1,0
ZTF22abrumhw,0,1,0,1,0,0,1,1,0,1,0
ZTF22abrvhba,0,1,0,1,0,1,0,0,1,1,0
ZTF22abrvrit,0,1,0,0,1,1,0,1,0,1,0
ZTF22abrvwin,0,1,0,1,0,0,1,1,0,1,0
ZTF22abryaii,0,1,0,0,1,1,0,1,0,1,0
ZTF22abrysnf,1,0,0,0,0,0,0,0,0,0,0
ZTF22abrzlrf,0,1,0,1,0,1,0,1,0,0,1
ZTF22abrzoij,0,0,1,1,0,1,0,1,0,1,0
ZTF22absajwf,0,1,0,1,0,1,0,1,0,0,1
ZTF22absanmj,0,1,0,1,0,0,1,1,0,1,0
ZTF22absayay,0,0,1,1,0,1,0,1,0,1,0
ZTF22absbbul,0,1,0,1,0,1,0,0,1,1,0
ZTF22absbcdm,0,1,0,1,0,1,0,1,0,0,1
ZTF22absbhcg,1,0,0,0,0,0,0,0,0,0,0
ZTF22absbiyl,0,0,1,1,0,1,0,1,0,1,0
ZTF22absbjzk,0,1,0,1,0,1,0,0,1,1,0
ZTF22abscxuj,1,0,0,0,0,0,0,0,0,0,0
ZTF22absdbnt,0,1,0,1,0,1,0,1,0,0,1
ZTF22absdeqs,0,0,1,1,0,1,0,1,0,1,0
ZTF22absdhpe,0,0,1,1,0,1,0,1,0,1,0
ZTF22absdkag,0,1,0,1,0,1,0,0,1,1,0
ZTF22absdloi,0,1,0,1,0,1,0,0,1,1,0
ZTF22absgukw,1,0,0,0,0,0,0,0,0,0,0
ZTF22absgxbf,0,1,0,0,1,1,0,1,0,1,0
ZTF22absjkjm,0,1,0,1,0,0,1,1,0,1,0
ZTF22abskhif,1,0,0,0,0,0,0,0,0,0,0
ZTF22abskhjj,0,1,0,1,0,1,0,1,0,0,1
ZTF22abslrzx,0,1,0,1,0,0,1,1,0,1,0
ZTF22absluuj,0,1,0,1,0,0,1,1,0,1,0
ZTF22abslxzz,0,1,0,1,0,1,0,1,0,0,1
ZTF22abslyaz,1,0,0,0,0,0,0,0,0,0,0
ZTF22absmdlk,0,1,0,0,1,1,0,1,0,1,0
ZTF22absmdnp,0,1,0,1,0,1,0,0,1,1,0
ZTF22absmdpq,0,1,0,0,1,1,0,1,0,1,0
ZTF22absmdsd,0,1,0,0,1,1,0,1,0,1,0
ZTF22absmdsy,0,0,1,1,0,1,0,1,0,1,0
ZTF22absmeal,1,0,0,0,0,0,0,0,0,0,0
ZTF22absmeqw,0,0,1,1,0,1,0,1,0,1,0
ZTF22absmgxm,1,0,0,0,0,0,0,0,0,0,0
ZTF22absmlex,0,1,0,1,0,1,0,1,0,0,1
ZTF22absopmr,0,1,0,1,0,0,1,1,0,1,0
ZTF22absorqy,0,1,0,1,0,1,0,1,0,0,1
ZTF22absouwj,0,1,0,1,0,0,1,1,0,1,0
ZTF22absqjoo,0,1,0,0,1,1,0,1,0,1,0
ZTF22absqplm,1,0,0,0,0,0,0,0,0,0,0
ZTF22absqpsa,0,0,1,1,0,1,0,1,0,1,0
ZTF22absrwef,0,1,0,1,0,1,0,0,1,1,0
ZTF22absscnn,1,0,0,0,0,0,0,0,0,0,0
ZTF22abssicb,0,1,0,1,0,1,0,1,0,0,1
ZTF22absskbp,0,1,0,1,0,1,0,1,0,0,1
ZTF22absstju,0,0,1,1,0,1,0,1,0,1,0
ZTF22abssvgd,0,1,0,0,1,1,0,1,0,1,0
ZTF22abssxkn,0,1,0,1,0,1,0,1,0,0,1
ZTF22abssxuw,0,1,0,1,0,1,0,0,1,1,0
ZTF22abssydd,0,1,0,1,0,0,1,1,0,1,0
ZTF22abstbym,0,1,0,1,0,1,0,1,0,0,1
ZTF22abstbyn,0,1,0,1,0,1,0,1,0,0,1
ZTF22abstdmf,0,1,0,1,0,1,0,0,1,1,0
ZTF22abswuoz,0,1,0,0,1,1,0,1,0,1,0
ZTF22abswzyp,0,1,0,0,1,1,0,1,0,1,0
ZTF22absxatm,0,0,1,1,0,1,0,1,0,1,0
ZTF22absxaxv,0,1,0,1,0,1,0,1,0,0,1
ZTF22absxcbi,1,0,0,0,0,0,0,0,0,0,0
ZTF22absxcsq,1,0,0,0,0,0,0,0,0,0,0
ZTF22absxfeo,0,1,0,1,0,1,0,1,0,0,1
ZTF22absxjhk,1,0,0,0,0,0,0,0,0,0,0
ZTF22absxxub,0,1,0,1,0,1,0,1,0,0,1
ZTF22absxylt,0,0,1,1,0,1,0,1,0,1,0
ZTF22absygcs,1,0,0,0,0,0,0,0,0,0,0
ZTF22absyhzl,0,1,0,0,1,1,0,1,0,1,0
ZTF22abszkdm,0,1,0,1,0,1,0,0,1,1,0
ZTF22abszkym,0,0,1,1,0,1,0,1,0,1,0
ZTF22abtazfs,1,0,0,0,0,0,0,0,0,0,0
ZTF22abtbapr,0,0,1,1,0,1,0,1,0,1,0
ZTF22abtbizh,1,0,0,0,0,0,0,0,0,0,0
ZTF22abtbkuz,0,1,0,1,0,1,0,0,1,1,0
ZTF22abtbkxi,0,1,0,1,0,0,1,1,0,1,0
ZTF22abtbpah,0,0,1,1,0,1,0,1,0,1,0
ZTF22abtbpfz,0,1,0,0,1,1,0,1,0,1,0
ZTF22abtbrli,1,0,0,0,0,0,0,0,0,0,0
ZTF22abtbsdn,0,1,0,1,0,1,0,1,0,0,1
ZTF22abtbskd,0,0,1,1,0,1,0,1,0,1,0
ZTF22abtbwud,0,1,0,1,0,0,1,1,0,1,0
ZTF22abtbzsh,0,1,0,1,0,1,0,1,0,0,1
ZTF22abtcphd,0,1,0,1,0,1,0,0,1,1,0
ZTF22abtctvo,0,0,1,1,0,1,0,1,0,1,0
ZTF22abtcuac,0,1,0,1,0,1,0,1,0,0,1
ZTF22abtcyin,0,0,1,1,0,1,0,1,0,1,0
ZTF22abtcyiu,0,0,1,1,0,1,0,1,0,1,0
ZTF22abtczqs,0,1,0,1,0,0,1,1,0,1,0
ZTF22abtdacl,0,1,0,1,0,0,1,1,0,1,0
ZTF22abtdafo,0,1,0,0,1,1,0,1,0,1,0
ZTF22abtdarf,0,0,1,1,0,1,0,1,0,1,0
ZTF22abtdbdt,0,1,0,0,1,1,0,1,0,1,0
ZTF22abtdcty,0,1,0,1,0,0,1,1,0,1,0
ZTF22abtddek,0,1,0,0,1,1,0,1,0,1,0
ZTF22abtdlrm,0,0,1,1,0,1,0,1,0,1,0
ZTF22abtdoxf,0,1,0,0,1,1,0,1,0,1,0
ZTF22abtdrqn,0,1,0,1,0,1,0,1,0,0,1
ZTF22abtdstb,1,0,0,0,0,0,0,0,0,0,0
ZTF22abtdtge,1,0,0,0,0,0,0,0,0,0,0
ZTF22abtdula,0,0,1,1,0,1,0,1,0,1,0
ZTF22abtdxyb,0,1,0,1,0,0,1,1,0,1,0
ZTF22abtdzrs,0,1,0,1,0,1,0,1,0,0,1
ZTF22abtdzyw,0,1,0,1,0,1,0,0,1,1,0
ZTF22abtefsl,0,1,0,1,0,1,0,0,1,1,0
ZTF22abtejqc,1,0,0,0,0,0,0,0,0,0,0
ZTF22abtekni,1,0,0,0,0,0,0,0,0,0,0
ZTF22abteqjz,0,1,0,1,0,1,0,1,0,0,1
ZTF22abtetdq,0,1,0,1,0,1,0,1,0,0,1
ZTF22abteujl,1,0,0,0,0,0,0,0,0,0,0
ZTF22abtfbde,1,0,0,0,0,0,0,0,0,0,0
ZTF22abtfczg,0,0,1,1,0,1,0,1,0,1,0
ZTF22abtfvkc,0,0,1,1,0,1,0,1,0,1,0
ZTF22abtfvob,0,1,0,1,0,1,0,1,0,0,1
ZTF22abtfygo,0,1,0,1,0,1,0,0,1,1,0
ZTF22abtfylh,0,1,0,1,0,1,0,0,1,1,0
ZTF22abtfytd,0,1,0,1,0,1,0,0,1,1,0
ZTF22abtfyvf,0,1,0,0,1,1,0,1,0,1,0
ZTF22abtguwe,0,1,0,1,0,1,0,1,0,0,1
ZTF22abtgvbj,0,1,0,0,1,1,0,1,0,1,0
ZTF22abtgvji,0,1,0,1,0,0,1,1,0,1,0
ZTF22abtgwhi,0,1,0,1,0,0,1,1,0,1,0
ZTF22abtgwjr,0,0,1,1,0,1,0,1,0,1,0
ZTF22abtgxnl,0,1,0,1,0,0,1,1,0,1,0
ZTF22abtheyf,0,1,0,1,0,1,0,1,0,0,1
ZTF22abthfpi,0,0,1,1,0,1,0,1,0,1,0
ZTF22abthftk,0,1,0,1,0,1,0,1,0,0,1
ZTF22abthgad,0,1,0,1,0,1,0,0,1,1,0
ZTF22abthhnp,0,1,0,1,0,1,0,1,0,0,1
ZTF22abthhpk,0,1,0,1,0,1,0,0,1,1,0
ZTF22abthndg,0,0,1,1,0,1,0,1,0,1,0
ZTF22abthoha,0,1,0,1,0,1,0,1,0,0,1
ZTF22abthohb,1,0,0,0,0,0,0,0,0,0,0
ZTF22abthtly,0,1,0,0,1,1,0,1,0,1,0
ZTF22abthvif,0,1,0,1,0,1,0,0,1,1,0
ZTF22abthxax,1,0,0,0,0,0,0,0,0,0,0
ZTF22abtjcbg,0,1,0,0,1,1,0,1,0,1,0
ZTF22abtjcnu,1,0,0,0,0,0,0,0,0,0,0
ZTF22abtjcqq,1,0,0,0,0,0,0,0,0,0,0
ZTF22abtjvxv,0,1,0,0,1,1,0,1,0,1,0
ZTF22abtjzwx,0,1,0,0,1,1,0,1,0,1,0
ZTF22abtkkyg,0,1,0,1,0,0,1,1,0,1,0
ZTF22abtklpc,0,0,1,1,0,1,0,1,0,1,0
ZTF22abtklpo,0,1,0,0,1,1,0,1,0,1,0
ZTF22abtklrh,1,0,0,0,0,0,0,0,0,0,0
ZTF22abtkznl,0,0,1,1,0,1,0,1,0,1,0
ZTF22abtkzzo,0,1,0,0,1,1,0,1,0,1,0
ZTF22abtlaew,0,1,0,0,1,1,0,1,0,1,0
ZTF22abtldyu,1,0,0,0,0,0,0,0,0,0,0
ZTF22abtlggc,0,1,0,0,1,1,0,1,0,1,0
ZTF22abtlqbr,0,1,0,1,0,1,0,1,0,0,1
ZTF22abtlsal,1,0,0,0,0,0,0,0,0,0,0
ZTF22abtlsxw,0,1,0,0,1,1,0,1,0,1,0
ZTF22abtlvgh,0,0,1,1,0,1,0,1,0,1,0
ZTF22abtlxfc,0,1,0,1,0,1,0,1,0,0,1
ZTF22abtmfku,0,1,0,0,1,1,0,1,0,1,0
ZTF22abtmvjb,0,1,0,0,1,1,0,1,0,1,0
ZTF22abtncds,0,1,0,1,0,1,0,0,1,1,0
ZTF22abtnflt,0,0,1,1,0,1,0,1,0,1,0
ZTF22abtnhor,1,0,0,0,0,0,0,0,0,0,0
ZTF22abtnuch,1,0,0,0,0,0,0,0,0,0,0
ZTF22abtolya,0,1,0,0,1,1,0,1,0,1,0
ZTF22abtomjf,0,1,0,1,0,0,1,1,0,1,0
ZTF22abtomjq,0,1,0,1,0,1,0,1,0,0,1
ZTF22abtomlk,0,0,1,1,0,1,0,1,0,1,0
ZTF22abtomng,0,1,0,1,0,1,0,1,0,0,1
ZTF22abtomri,0,1,0,1,0,1,0,1,0,0,1
ZTF22abtomsc,0,0,1,1,0,1,0,1,0,1,0
ZTF22abtomyp,0,1,0,1,0,0,1,1,0,1,0
ZTF22abtonhr,0,1,0,1,0,0,1,1,0,1,0
ZTF22abtonlu,0,1,0,1,0,1,0,0,1,1,0
ZTF22abtonmb,1,0,0,0,0,0,0,0,0,0,0
ZTF22abtonok,0,1,0,1,0,1,0,0,1,1,0
ZTF22abtonpn,0,1,0,1,0,1,0,1,0,0,1
ZTF22abtopdn,0,0,1,1,0,1,0,1,0,1,0
ZTF22abtoqfj,0,0,1,1,0,1,0,1,0,1,0
ZTF22abtoqgo,0,1,0,0,1,1,0,1,0,1,0
ZTF22abtorjg,0,0,1,1,0,1,0,1,0,1,0
ZTF22abtosav,1,0,0,0,0,0,0,0,0,0,0
ZTF22abtosde,0,1,0,1,0,1,0,1,0,0,1
ZTF22abtoszk,1,0,0,0,0,0,0,0,0,0,0
ZTF22abtotfn,0,1,0,1,0,0,1,1,0,1,0
ZTF22abtover,0,0,1,1,0,1,0,1,0,1,0
ZTF22abtovgb,0,1,0,0,1,1,0,1,0,1,0
ZTF22abtowei,1,0,0,0,0,0,0,0,0,0,0
ZTF22abtowzj,1,0,0,0,0,0,0,0,0,0,0
ZTF22abtpjep,0,0,1,1,0,1,0,1,0,1,0
ZTF22abtplci,1,0,0,0,0,0,0,0,0,0,0
ZTF22abtpnos,0,1,0,1,0,0,1,1,0,1,0
ZTF22abtpozz,1,0,0,0,0,0,0,0,0,0,0
ZTF22abtppew,0,1,0,0,1,1,0,1,0,1,0
ZTF22abtpqay,1,0,0,0,0,0,0,0,0,0,0
ZTF22abtpqjm,0,0,1,1,0,1,0,1,0,1,0
ZTF22abtpqkp,0,0,1,1,0,1,0,1,0,1,0
ZTF22abtpqks,1,0,0,0,0,0,0,0,0,0,0
ZTF22abtpsco,0,0,1,1,0,1,0,1,0,1,0
ZTF22abtpuiv,0,1,0,1,0,0,1,1,0,1,0
ZTF22abtqjod,0,1,0,0,1,1,0,1,0,1,0
ZTF22abtqthh,0,1,0,1,0,1,0,1,0,0,1
ZTF22abtraub,0,1,0,1,0,1,0,0,1,1,0
ZTF22abtrcdd,0,1,0,1,0,1,0,0,1,1,0
ZTF22abtrwgu,0,1,0,0,1,1,0,1,0,1,0
ZTF22abtslvh,0,0,1,1,0,1,0,1,0,1,0
ZTF22abtsmpy,0,1,0,0,1,1,0,1,0,1,0
ZTF22abtsoyp,0,1,0,1,0,0,1,1,0,1,0
ZTF22abtspcm,0,1,0,1,0,0,1,1,0,1,0
ZTF22abtspwo,0,0,1,1,0,1,0,1,0,1,0
ZTF22abtsqch,0,1,0,1,0,1,0,0,1,1,0
ZTF22abtssvk,0,1,0,1,0,1,0,0,1,1,0
ZTF22abtsttg,0,1,0,1,0,1,0,1,0,0,1
ZTF22abtstuo,0,1,0,1,0,1,0,0,1,1,0
ZTF22abtsuzt,0,1,0,1,0,1,0,0,1,1,0
ZTF22abtswmz,0,1,0,1,0,1,0,0,1,1,0
ZTF22abttboj,1,0,0,0,0,0,0,0,0,0,0
ZTF22abtthsq,0,1,0,1,0,1,0,1,0,0,1
ZTF22abttupc,0,1,0,1,0,0,1,1,0,1,0
ZTF22abttvrg,0,1,0,1,0,1,0,1,0,0,1
ZTF22abttzvv,0,1,0,1,0,1,0,0,1,1,0
ZTF22abtuagp,1,0,0,0,0,0,0,0,0,0,0
ZTF22abtusoj,0,0,1,1,0,1,0,1,0,1,0
ZTF22abtutjt,1,0,0,0,0,0,0,0,0,0,0
ZTF22abtuulw,0,1,0,0,1,1,0,1,0,1,0
ZTF22abtuytl,0,1,0,1,0,1,0,0,1,1,0
ZTF22abtvexk,0,0,1,1,0,1,0,1,0,1,0
ZTF22abtvizq,1,0,0,0,0,0,0,0,0,0,0
ZTF22abtvjsl,1,0,0,0,0,0,0,0,0,0,0
ZTF22abtvkgk,0,1,0,1,0,1,0,1,0,0,1
ZTF22abtvlsi,0,1,0,1,0,0,1,1,0,1,0
ZTF22abtwddp,0,0,1,1,0,1,0,1,0,1,0
ZTF22abtwflm,0,1,0,1,0,1,0,0,1,1,0
ZTF22abtwkfx,0,1,0,1,0,1,0,1,0,0,1
ZTF22abtwllh,0,0,1,1,0,1,0,1,0,1,0
ZTF22abtxixr,0,1,0,1,0,1,0,1,0,0,1
ZTF22abtybkh,0,1,0,1,0,1,0,1,0,0,1
ZTF22abtyjsn,1,0,0,0,0,0,0,0,0,0,0
ZTF22abtzdss,1,0,0,0,0,0,0,0,0,0,0
ZTF22abtzexb,0,1,0,1,0,0,1,1,0,1,0
ZTF22abtzkoz,0,0,1,1,0,1,0,1,0,1,0
ZTF22abtzsks,1,0,0,0,0,0,0,0,0,0,0
ZTF22abtztxv,1,0,0,0,0,0,0,0,0,0,0
ZTF22abtzxaz,0,0,1,1,0,1,0,1,0,1,0
ZTF22abtzypx,1,0,0,0,0,0,0,0,0,0,0
ZTF22abtzysp,0,1,0,1,0,1,0,0,1,1,0
ZTF22abtzzvs,0,1,0,0,1,1,0,1,0,1,0
ZTF22abuafhn,0,0,1,1,0,1,0,1,0,1,0
ZTF22abuafpp,0,1,0,0,1,1,0,1,0,1,0
ZTF22abuaicp,0,1,0,0,1,1,0,1,0,1,0
ZTF22abuaixq,0,1,0,1,0,0,1,1,0,1,0
ZTF22abuajqg,1,0,0,0,0,0,0,0,0,0,0
ZTF22abuakxk,0,1,0,0,1,1,0,1,0,1,0
ZTF22abualsl,0,1,0,1,0,1,0,1,0,0,1
ZTF22abuamlg,1,0,0,0,0,0,0,0,0,0,0
ZTF22abuamwn,0,1,0,1,0,0,1,1,0,1,0
ZTF22abuarzw,0,1,0,1,0,1,0,1,0,0,1
ZTF22abuasis,0,1,0,1,0,0,1,1,0,1,0
ZTF22abuaswn,0,0,1,1,0,1,0,1,0,1,0
ZTF22abuatxj,1,0,0,0,0,0,0,0,0,0,0
ZTF22abubcei,0,1,0,1,0,1,0,1,0,0,1
ZTF22abubdfx,1,0,0,0,0,0,0,0,0,0,0
ZTF22abubfmi,1,0,0,0,0,0,0,0,0,0,0
ZTF22abubnqs,1,0,0,0,0,0,0,0,0,0,0
ZTF22abugigx,0,1,0,0,1,1,0,1,0,1,0
ZTF22abuhfdv,0,1,0,1,0,1,0,0,1,1,0
ZTF22abuhhqn,1,0,0,0,0,0,0,0,0,0,0
ZTF22abuhwxu,0,1,0,0,1,1,0,1,0,1,0
ZTF22abulmbx,0,1,0,1,0,1,0,0,1,1,0
ZTF22abunjts,0,1,0,1,0,1,0,1,0,0,1
ZTF22abunkiw,1,0,0,0,0,0,0,0,0,0,0
ZTF22abunmrt,0,1,0,0,1,1,0,1,0,1,0
ZTF22abunpmy,0,1,0,1,0,0,1,1,0,1,0
ZTF22abunqtv,0,1,0,1,0,0,1,1,0,1,0
ZTF22abunrft,0,1,0,1,0,1,0,0,1,1,0
ZTF22abunrnh,1,0,0,0,0,0,0,0,0,0,0
ZTF22abuotpk,1,0,0,0,0,0,0,0,0,0,0
ZTF22abuppcv,0,1,0,1,0,1,0,1,0,0,1
ZTF22abupqlb,0,1,0,0,1,1,0,1,0,1,0
ZTF22abuqbvk,0,0,1,1,0,1,0,1,0,1,0
ZTF22abuqikl,1,0,0,0,0,0,0,0,0,0,0
ZTF22abuqldu,0,1,0,1,0,1,0,1,0,0,1
ZTF22abuqlst,1,0,0,0,0,0,0,0,0,0,0
ZTF22abuqoar,0,1,0,0,1,1,0,1,0,1,0
ZTF22abuqqxy,0,1,0,0,1,1,0,1,0,1,0
ZTF22aburdjo,0,1,0,1,0,0,1,1,0,1,0
ZTF22aburirf,1,0,0,0,0,0,0,0,0,0,0
ZTF22aburktt,0,1,0,1,0,1,0,0,1,1,0
ZTF22aburqrd,0,1,0,1,0,1,0,1,0,0,1
ZTF22aburwfj,1,0,0,0,0,0,0,0,0,0,0
ZTF22abuslkt,0,1,0,1,0,1,0,1,0,0,1
ZTF22abusqxb,0,1,0,0,1,1,0,1,0,1,0
ZTF22abuszsr,1,0,0,0,0,0,0,0,0,0,0
ZTF22abutbne,1,0,0,0,0,0,0,0,0,0,0
ZTF22abutbvk,1,0,0,0,0,0,0,0,0,0,0
ZTF22abutcsd,0,1,0,1,0,1,0,1,0,0,1
ZTF22abutime,1,0,0,0,0,0,0,0,0,0,0
ZTF22abuwgqi,0,1,0,1,0,1,0,0,1,1,0
ZTF22abuxcyo,0,1,0,1,0,1,0,0,1,1,0
ZTF22abuygtu,0,0,1,1,0,1,0,1,0,1,0
ZTF22abuzwep,0,1,0,1,0,1,0,1,0,0,1
ZTF22abuzwmp,0,1,0,0,1,1,0,1,0,1,0
ZTF22abvabva,0,1,0,1,0,0,1,1,0,1,0
ZTF22abvaetz,1,0,0,0,0,0,0,0,0,0,0
ZTF22abvaffe,0,1,0,1,0,1,0,0,1,1,0
ZTF22abvahrf,1,0,0,0,0,0,0,0,0,0,0
ZTF22abvajeu,0,1,0,1,0,1,0,1,0,0,1
ZTF22abvapet,0,1,0,0,1,1,0,1,0,1,0
ZTF22abvaptu,0,1,0,0,1,1,0,1,0,1,0
ZTF22abvarct,0,0,1,1,0,1,0,1,0,1,0
ZTF22abvarsm,0,1,0,0,1,1,0,1,0,1,0
ZTF22abvarwc,0,1,0,1,0,1,0,1,0,0,1
ZTF22abvasag,0,1,0,0,1,1,0,1,0,1,0
ZTF22abvasfb,0,1,0,1,0,0,1,1,0,1,0
ZTF22abvasus,0,1,0,1,0,1,0,0,1,1,0
ZTF22abvasxc,0,1,0,1,0,1,0,1,0,0,1
ZTF22abvawkk,0,1,0,0,1,1,0,1,0,1,0
ZTF22abvawvh,0,0,1,1,0,1,0,1,0,1,0
ZTF22abvawwj,0,1,0,1,0,1,0,0,1,1,0
ZTF22abvaxqi,1,0,0,0,0,0,0,0,0,0,0
ZTF22abvaxvg,0,1,0,1,0,1,0,0,1,1,0
ZTF22abvbbcg,0,1,0,1,0,1,0,0,1,1,0
ZTF22abvbbuc,0,1,0,0,1,1,0,1,0,1,0
ZTF22abvbccq,0,1,0,0,1,1,0,1,0,1,0
ZTF22abvbegr,0,1,0,0,1,1,0,1,0,1,0
ZTF22abvbgcb,0,1,0,1,0,0,1,1,0,1,0
ZTF22abvbhmb,0,1,0,1,0,1,0,1,0,0,1
ZTF22abvbjkl,0,1,0,1,0,1,0,0,1,1,0
ZTF22abvbzhv,1,0,0,0,0,0,0,0,0,0,0
ZTF22abvcbks,0,1,0,0,1,1,0,1,0,1,0
ZTF22abvcdsd,0,1,0,1,0,1,0,0,1,1,0
ZTF22abvcgop,0,1,0,1,0,0,1,1,0,1,0
ZTF22abvciba,1,0,0,0,0,0,0,0,0,0,0
ZTF22abvcpnb,0,0,1,1,0,1,0,1,0,1,0
ZTF22abvcpwz,0,1,0,1,0,1,0,1,0,0,1
ZTF22abveydv,1,0,0,0,0,0,0,0,0,0,0
ZTF22abvficx,0,1,0,1,0,1,0,0,1,1,0
ZTF22abvftml,0,1,0,1,0,0,1,1,0,1,0
ZTF22abvfvqp,0,1,0,1,0,1,0,0,1,1,0
ZTF22abvgdvs,0,1,0,1,0,1,0,1,0,0,1
ZTF22abvgdzp,0,1,0,1,0,1,0,1,0,0,1
ZTF22abvggfb,0,1,0,1,0,1,0,0,1,1,0
ZTF22abvgibd,0,0,1,1,0,1,0,1,0,1,0
ZTF22abvhavf,0,0,1,1,0,1,0,1,0,1,0
ZTF22abvhdum,0,0,1,1,0,1,0,1,0,1,0
ZTF22abvhilg,1,0,0,0,0,0,0,0,0,0,0
ZTF22abvhjbj,0,1,0,0,1,1,0,1,0,1,0
ZTF22abvhtjm,0,1,0,1,0,1,0,1,0,0,1
ZTF22abvhumy,0,0,1,1,0,1,0,1,0,1,0
ZTF22abvhzah,0,0,1,1,0,1,0,1,0,1,0
ZTF22abviihj,1,0,0,0,0,0,0,0,0,0,0
ZTF22abvivzf,1,0,0,0,0,0,0,0,0,0,0
ZTF22abvjsmy,0,1,0,1,0,1,0,0,1,1,0
ZTF22abvjyyn,0,1,0,0,1,1,0,1,0,1,0
ZTF22abvjzpl,1,0,0,0,0,0,0,0,0,0,0
ZTF22abvjzry,0,1,0,0,1,1,0,1,0,1,0
ZTF22abvkjae,0,0,1,1,0,1,0,1,0,1,0
ZTF22abvllvy,0,0,1,1,0,1,0,1,0,1,0
ZTF22abvlpai,0,1,0,0,1,1,0,1,0,1,0
ZTF22abvlqrg,0,1,0,1,0,1,0,1,0,0,1
ZTF22abvluob,0,0,1,1,0,1,0,1,0,1,0
ZTF22abvlwjy,0,1,0,1,0,0,1,1,0,1,0
ZTF22abvlwkf,0,0,1,1,0,1,0,1,0,1,0
ZTF22abvlwll,1,0,0,0,0,0,0,0,0,0,0
ZTF22abvlxut,0,1,0,1,0,1,0,1,0,0,1
ZTF22abvmcfe,0,1,0,1,0,1,0,0,1,1,0
ZTF22abvmdos,1,0,0,0,0,0,0,0,0,0,0
ZTF22abvmdyi,1,0,0,0,0,0,0,0,0,0,0
ZTF22abvmeme,0,1,0,1,0,1,0,1,0,0,1
ZTF22abvmfpq,0,1,0,1,0,1,0,1,0,0,1
ZTF22abvmfrq,0,0,1,1,0,1,0,1,0,1,0
ZTF22abvmhdw,1,0,0,0,0,0,0,0,0,0,0
ZTF22abvmhju,0,1,0,1,0,0,1,1,0,1,0
ZTF22abvmtut,0,1,0,0,1,1,0,1,0,1,0
ZTF22abvmuef,1,0,0,0,0,0,0,0,0,0,0
ZTF22abvmwpd,0,1,0,0,1,1,0,1,0,1,0
ZTF22abvmyxl,0,0,1,1,0,1,0,1,0,1,0
ZTF22abvmzmp,0,1,0,1,0,0,1,1,0,1,0
ZTF22abvnibg,0,1,0,1,0,1,0,1,0,0,1
ZTF22abvnodm,0,1,0,1,0,1,0,0,1,1,0
ZTF22abvnonf,0,1,0,0,1,1,0,1,0,1,0
ZTF22abvnvmt,0,1,0,0,1,1,0,1,0,1,0
ZTF22abvnvqe,0,1,0,0,1,1,0,1,0,1,0
ZTF22abvnzgo,0,1,0,1,0,1,0,1,0,0,1
ZTF22abvoazp,0,1,0,1,0,1,0,1,0,0,1
ZTF22abvobgi,0,1,0,1,0,0,1,1,0,1,0
ZTF22abvopgg,0,1,0,1,0,1,0,0,1,1,0
ZTF22abvoxia,1,0,0,0,0,0,0,0,0,0,0
ZTF22abvpklt,0,1,0,0,1,1,0,1,0,1,0
ZTF22abvqmaz,0,0,1,1,0,1,0,1,0,1,0
ZTF22abvrxkk,0,1,0,0,1,1,0,1,0,1,0
ZTF22abvtimu,0,1,0,1,0,1,0,1,0,0,1
ZTF22abvttjb,0,1,0,1,0,0,1,1,0,1,0
ZTF22abvuqsx,0,0,1,1,0,1,0,1,0,1,0
ZTF22abvuqzy,0,1,0,1,0,1,0,0,1,1,0
ZTF22abvvceg,0,1,0,1,0,1,0,1,0,0,1
ZTF22abvvecm,0,0,1,1,0,1,0,1,0,1,0
ZTF22abvvgzb,1,0,0,0,0,0,0,0,0,0,0
ZTF22abvvpcm,0,1,0,1,0,1,0,1,0,0,1
ZTF22abvvsie,0,1,0,1,0,1,0,1,0,0,1
ZTF22abvvsjj,1,0,0,0,0,0,0,0,0,0,0
ZTF22abvvwtc,1,0,0,0,0,0,0,0,0,0,0
ZTF22abvvxff,0,1,0,1,0,1,0,0,1,1,0
ZTF22abvvzzw,0,1,0,0,1,1,0,1,0,1,0
ZTF22abvwanf,0,1,0,1,0,1,0,0,1,1,0
ZTF22abvwaqn,0,1,0,0,1,1,0,1,0,1,0
ZTF22abvwbsn,0,1,0,1,0,1,0,0,1,1,0
ZTF22abvxqbh,1,0,0,0,0,0,0,0,0,0,0
ZTF22abvxrrd,0,1,0,0,1,1,0,1,0,1,0
ZTF22abvxtuq,0,1,0,1,0,1,0,1,0,0,1
ZTF22abvybdd,1,0,0,0,0,0,0,0,0,0,0
ZTF22abvyljf,0,1,0,1,0,0,1,1,0,1,0
ZTF22abwlapx,0,1,0,0,1,1,0,1,0,1,0
ZTF22abwliez,0,0,1,1,0,1,0,1,0,1,0
ZTF22abwltfu,0,1,0,1,0,1,0,0,1,1,0
ZTF22abwmcoy,0,1,0,1,0,0,1,1,0,1,0
ZTF22abwmcyu,1,0,0,0,0,0,0,0,0,0,0
ZTF22abwmnow,1,0,0,0,0,0,0,0,0,0,0
ZTF22abworsk,1,0,0,0,0,0,0,0,0,0,0
ZTF22abwrshs,0,1,0,1,0,1,0,0,1,1,0
ZTF22abwrzkm,0,1,0,1,0,1,0,0,1,1,0
ZTF22abwsyud,0,1,0,1,0,1,0,0,1,1,0
ZTF22abwszdf,0,1,0,0,1,1,0,1,0,1,0
ZTF22abwthap,0,0,1,1,0,1,0,1,0,1,0
ZTF22abwtnoq,0,1,0,1,0,1,0,1,0,0,1
ZTF22abwtnqc,0,1,0,1,0,1,0,0,1,1,0
ZTF22abwtntz,0,1,0,1,0,0,1,1,0,1,0
ZTF22abwtopk,0,1,0,1,0,1,0,0,1,1,0
ZTF22abwtopp,0,1,0,1,0,1,0,1,0,0,1
ZTF22abwtqeb,0,1,0,1,0,0,1,1,0,1,0
ZTF22abwtqya,0,0,1,1,0,1,0,1,0,1,0
ZTF22abwttef,1,0,0,0,0,0,0,0,0,0,0
ZTF22abwtxuh,1,0,0,0,0,0,0,0,0,0,0
ZTF22abwtzld,0,1,0,1,0,1,0,0,1,1,0
ZTF22abwuaru,1,0,0,0,0,0,0,0,0,0,0
ZTF22abwucrg,1,0,0,0,0,0,0,0,0,0,0
ZTF22abwuian,0,1,0,0,1,1,0,1,0,1,0
ZTF22abwujbe,1,0,0,0,0,0,0,0,0,0,0
ZTF22abwujpf,1,0,0,0,0,0,0,0,0,0,0
ZTF22abwvaxr,0,0,1,1,0,1,0,1,0,1,0
ZTF22abwvnzf,0,1,0,1,0,0,1,1,0,1,0
ZTF22abxacvm,0,1,0,1,0,1,0,0,1,1,0
ZTF22abxaehs,1,0,0,0,0,0,0,0,0,0,0
ZTF22abxawtj,0,1,0,1,0,0,1,1,0,1,0
ZTF22abxawyb,0,0,1,1,0,1,0,1,0,1,0
ZTF22abxaxlk,0,1,0,1,0,1,0,1,0,0,1
ZTF22abxbewi,0,1,0,1,0,1,0,0,1,1,0
ZTF22abxbgqk,0,1,0,0,1,1,0,1,0,1,0
ZTF22abxdrsl,1,0,0,0,0,0,0,0,0,0,0
ZTF22abxdvql,0,1,0,1,0,0,1,1,0,1,0
ZTF22abxeoye,0,1,0,1,0,1,0,0,1,1,0
ZTF22abxewuu,1,0,0,0,0,0,0,0,0,0,0
ZTF22abxgnre,0,0,1,1,0,1,0,1,0,1,0
ZTF22abxhvfb,0,1,0,1,0,0,1,1,0,1,0
ZTF22abxhwuz,0,1,0,1,0,1,0,0,1,1,0
ZTF22abxjbno,0,1,0,1,0,0,1,1,0,1,0
ZTF22abxjdix,1,0,0,0,0,0,0,0,0,0,0
ZTF22abxjrdj,0,1,0,1,0,1,0,1,0,0,1
ZTF22abxjsnd,0,1,0,1,0,0,1,1,0,1,0
ZTF22abxjvtf,0,0,1,1,0,1,0,1,0,1,0
ZTF22abxkbth,1,0,0,0,0,0,0,0,0,0,0
ZTF22abxkfjy,0,1,0,1,0,0,1,1,0,1,0
ZTF22abxkhup,0,0,1,1,0,1,0,1,0,1,0
ZTF22abxkklp,0,1,0,1,0,0,1,1,0,1,0
ZTF22abxkwbr,1,0,0,0,0,0,0,0,0,0,0
ZTF22abxldzk,0,1,0,1,0,1,0,1,0,0,1
ZTF22abxlexn,1,0,0,0,0,0,0,0,0,0,0
ZTF22abxlfpv,0,0,1,1,0,1,0,1,0,1,0
ZTF22abxlgcn,0,1,0,1,0,0,1,1,0,1,0
ZTF22abxlhpk,0,0,1,1,0,1,0,1,0,1,0
ZTF22abxlkom,1,0,0,0,0,0,0,0,0,0,0
ZTF22abxlnfu,0,1,0,1,0,1,0,1,0,0,1
ZTF22abxlnng,0,1,0,0,1,1,0,1,0,1,0
ZTF22abxlqol,1,0,0,0,0,0,0,0,0,0,0
ZTF22abxlsqt,0,1,0,1,0,1,0,1,0,0,1
ZTF22abxlsun,0,0,1,1,0,1,0,1,0,1,0
ZTF22abxltfq,1,0,0,0,0,0,0,0,0,0,0
ZTF22abxmdek,0,1,0,1,0,1,0,1,0,0,1
ZTF22abxmgru,0,1,0,0,1,1,0,1,0,1,0
ZTF22abxmiyb,0,1,0,1,0,0,1,1,0,1,0
ZTF22abxmjnw,0,0,1,1,0,1,0,1,0,1,0
ZTF22abxmqgl,0,1,0,1,0,1,0,1,0,0,1
ZTF22abxmuux,0,0,1,1,0,1,0,1,0,1,0
ZTF22abxmuzg,0,1,0,1,0,0,1,1,0,1,0
ZTF22abxniov,0,1,0,1,0,0,1,1,0,1,0
ZTF22abxnrfi,0,1,0,1,0,1,0,0,1,1,0
ZTF22abxntlw,0,0,1,1,0,1,0,1,0,1,0
ZTF22abxocdi,1,0,0,0,0,0,0,0,0,0,0
ZTF22abxonqa,1,0,0,0,0,0,0,0,0,0,0
ZTF22abxpykd,0,1,0,1,0,1,0,0,1,1,0
ZTF22abxqggj,0,1,0,1,0,0,1,1,0,1,0
ZTF22abxqldo,0,1,0,0,1,1,0,1,0,1,0
ZTF22abxqybr,0,0,1,1,0,1,0,1,0,1,0
ZTF22abxrlai,0,1,0,1,0,0,1,1,0,1,0
ZTF22abxsocn,0,1,0,0,1,1,0,1,0,1,0
ZTF22abxssff,1,0,0,0,0,0,0,0,0,0,0
ZTF22abxstds,1,0,0,0,0,0,0,0,0,0,0
ZTF22abxweov,0,1,0,1,0,0,1,1,0,1,0
ZTF22abxwepy,0,1,0,1,0,1,0,1,0,0,1
ZTF22abxwjtj,0,1,0,0,1,1,0,1,0,1,0
ZTF22abxwkeu,0,1,0,1,0,1,0,0,1,1,0
ZTF22abxwshr,0,1,0,1,0,1,0,0,1,1,0
ZTF22abxxjan,0,1,0,0,1,1,0,1,0,1,0
ZTF22abxxnwi,1,0,0,0,0,0,0,0,0,0,0
ZTF22abxyymj,0,1,0,1,0,1,0,0,1,1,0
ZTF22abxzitc,1,0,0,0,0,0,0,0,0,0,0
ZTF22abyaidy,1,0,0,0,0,0,0,0,0,0,0
ZTF22abyanxw,0,1,0,1,0,1,0,1,0,0,1
ZTF22abybzpn,0,1,0,0,1,1,0,1,0,1,0
ZTF22abycaxr,1,0,0,0,0,0,0,0,0,0,0
ZTF22abyckou,0,1,0,1,0,1,0,0,1,1,0
ZTF22abycqtr,0,1,0,1,0,1,0,0,1,1,0
ZTF22abycrav,0,0,1,1,0,1,0,1,0,1,0
ZTF22abycswp,0,1,0,1,0,0,1,1,0,1,0
ZTF22abyctal,1,0,0,0,0,0,0,0,0,0,0
ZTF22abycvuz,0,1,0,1,0,1,0,0,1,1,0
ZTF22abycyvn,1,0,0,0,0,0,0,0,0,0,0
ZTF22abyczme,0,1,0,1,0,0,1,1,0,1,0
ZTF22abyczmq,0,1,0,1,0,0,1,1,0,1,0
ZTF22abyczmu,0,1,0,1,0,0,1,1,0,1,0
ZTF22abydtdq,0,0,1,1,0,1,0,1,0,1,0
ZTF22abyeixg,0,1,0,1,0,1,0,1,0,0,1
ZTF22abyelas,0,1,0,0,1,1,0,1,0,1,0
ZTF22abyenxi,0,1,0,1,0,1,0,1,0,0,1
ZTF22abyfndg,1,0,0,0,0,0,0,0,0,0,0
ZTF22abygnom,0,0,1,1,0,1,0,1,0,1,0
ZTF22abygqje,0,1,0,1,0,0,1,1,0,1,0
ZTF22abygrve,0,1,0,1,0,1,0,0,1,1,0
ZTF22abygxur,1,0,0,0,0,0,0,0,0,0,0
ZTF22abyhfld,0,1,0,1,0,0,1,1,0,1,0
ZTF22abyhrrt,0,1,0,1,0,1,0,1,0,0,1
ZTF22abyhuhv,0,1,0,1,0,1,0,1,0,0,1
ZTF22abyhwyx,0,0,1,1,0,1,0,1,0,1,0
ZTF22abyhxkq,0,0,1,1,0,1,0,1,0,1,0
ZTF22abyhxlj,0,1,0,1,0,1,0,0,1,1,0
ZTF22abyhxlt,0,1,0,1,0,1,0,0,1,1,0
ZTF22abyhycf,0,1,0,1,0,1,0,0,1,1,0
ZTF22abyhzgr,0,1,0,0,1,1,0,1,0,1,0
ZTF22abyhzzm,0,1,0,1,0,1,0,1,0,0,1
ZTF22abyiisu,0,1,0,0,1,1,0,1,0,1,0
ZTF22abyirfp,0,1,0,1,0,0,1,1,0,1,0
ZTF22abyivor,0,1,0,0,1,1,0,1,0,1,0
ZTF22abyiwwp,0,1,0,1,0,0,1,1,0,1,0
ZTF22abyjttn,1,0,0,0,0,0,0,0,0,0,0
ZTF22abykahf,0,0,1,1,0,1,0,1,0,1,0
ZTF22abykjhi,0,1,0,1,0,1,0,1,0,0,1
ZTF22abykmbg,0,0,1,1,0,1,0,1,0,1,0
ZTF22abyknqs,0,1,0,1,0,1,0,0,1,1,0
ZTF22abykush,0,1,0,1,0,1,0,0,1,1,0
ZTF22abykwva,0,1,0,1,0,0,1,1,0,1,0
ZTF22abykxza,0,1,0,0,1,1,0,1,0,1,0
ZTF22abykygq,0,1,0,1,0,0,1,1,0,1,0
ZTF22abylkta,0,1,0,1,0,1,0,1,0,0,1
ZTF22abylkux,1,0,0,0,0,0,0,0,0,0,0
ZTF22abylplw,1,0,0,0,0,0,0,0,0,0,0
ZTF22abylptl,0,1,0,1,0,0,1,1,0,1,0
ZTF22abylqyc,0,1,0,1,0,1,0,1,0,0,1
ZTF22abylryw,0,1,0,1,0,1,0,1,0,0,1
ZTF22abyltii,1,0,0,0,0,0,0,0,0,0,0
ZTF22abyltjq,0,1,0,1,0,0,1,1,0,1,0
ZTF22abylwbq,0,1,0,1,0,1,0,0,1,1,0
ZTF22abylzmd,0,0,1,1,0,1,0,1,0,1,0
ZTF22abymaij,0,0,1,1,0,1,0,1,0,1,0
ZTF22abymicz,0,1,0,0,1,1,0,1,0,1,0
ZTF22abymtwq,0,1,0,1,0,1,0,0,1,1,0
ZTF22abyngnw,1,0,0,0,0,0,0,0,0,0,0
ZTF22abynlvk,0,0,1,1,0,1,0,1,0,1,0
ZTF22abynphp,1,0,0,0,0,0,0,0,0,0,0
ZTF22abynxyi,0,1,0,1,0,1,0,1,0,0,1
ZTF22abyocff,0,1,0,0,1,1,0,1,0,1,0
ZTF22abyodaq,0,0,1,1,0,1,0,1,0,1,0
ZTF22abyogzx,0,1,0,1,0,0,1,1,0,1,0
ZTF22abyohff,0,1,0,0,1,1,0,1,0,1,0
ZTF22abyohxs,0,0,1,1,0,1,0,1,0,1,0
ZTF22abyokjo,1,0,0,0,0,0,0,0,0,0,0
ZTF22abyokkf,0,1,0,1,0,1,0,0,1,1,0
ZTF22abyokle,0,1,0,0,1,1,0,1,0,1,0
ZTF22abyoklj,0,1,0,1,0,1,0,1,0,0,1
ZTF22abyoktg,0,1,0,1,0,1,0,0,1,1,0
ZTF22abyoltt,0,1,0,1,0,1,0,1,0,0,1
ZTF22abyomkc,0,1,0,0,1,1,0,1,0,1,0
ZTF22abyomkn,1,0,0,0,0,0,0,0,0,0,0
ZTF22abyomle,0,1,0,1,0,1,0,1,0,0,1
ZTF22abyomoc,0,1,0,1,0,1,0,1,0,0,1
ZTF22abyonkd,0,1,0,1,0,1,0,0,1,1,0
ZTF22abyonnz,0,0,1,1,0,1,0,1,0,1,0
ZTF22abyoomc,0,1,0,1,0,0,1,1,0,1,0
ZTF22abyopkb,0,1,0,1,0,0,1,1,0,1,0
ZTF22abyopkf,0,1,0,1,0,1,0,0,1,1,0
ZTF22abyosof,0,1,0,1,0,1,0,0,1,1,0
ZTF22abyosyy,0,1,0,1,0,1,0,1,0,0,1
ZTF22abypiqc,0,1,0,1,0,1,0,0,1,1,0
ZTF22abypiuq,0,1,0,1,0,1,0,0,1,1,0
ZTF22abypopj,0,1,0,1,0,1,0,0,1,1,0
ZTF22abypouw,0,0,1,1,0,1,0,1,0,1,0
ZTF22abypptn,0,1,0,1,0,0,1,1,0,1,0
ZTF22abyprit,0,0,1,1,0,1,0,1,0,1,0
ZTF22abyprkq,0,1,0,1,0,0,1,1,0,1,0
ZTF22abypujr,1,0,0,0,0,0,0,0,0,0,0
ZTF22abyqwtl,0,1,0,0,1,1,0,1,0,1,0
ZTF22abyqwub,0,1,0,1,0,1,0,1,0,0,1
ZTF22abyrcne,1,0,0,0,0,0,0,0,0,0,0
ZTF22abyrgsw,0,1,0,1,0,1,0,0,1,1,0
ZTF22abyrlaw,0,1,0,0,1,1,0,1,0,1,0
ZTF22abyrmtc,0,0,1,1,0,1,0,1,0,1,0
ZTF22abyrmzs,0,1,0,1,0,0,1,1,0,1,0
ZTF22abyrpdo,1,0,0,0,0,0,0,0,0,0,0
ZTF22abyrqec,0,1,0,0,1,1,0,1,0,1,0
ZTF22abyrvsz,0,1,0,0,1,1,0,1,0,1,0
ZTF22abysady,1,0,0,0,0,0,0,0,0,0,0
ZTF22abysjzw,0,1,0,1,0,1,0,0,1,1,0
ZTF22abyspix,0,1,0,1,0,0,1,1,0,1,0
ZTF22abysqrl,0,1,0,0,1,1,0,1,0,1,0
ZTF22abystlh,0,1,0,1,0,1,0,1,0,0,1
ZTF22abyszwg,0,1,0,1,0,0,1,1,0,1,0
ZTF22abytbcx,0,1,0,0,1,1,0,1,0,1,0
ZTF22abytbpr,0,0,1,1,0,1,0,1,0,1,0
ZTF22abytqji,0,1,0,1,0,1,0,1,0,0,1
ZTF22abyttje,0,1,0,1,0,0,1,1,0,1,0
ZTF22abytulc,0,1,0,0,1,1,0,1,0,1,0
ZTF22abytupz,0,1,0,1,0,0,1,1,0,1,0
ZTF22abytwae,0,1,0,0,1,1,0,1,0,1,0
ZTF22abytwjj,0,1,0,1,0,1,0,0,1,1,0
ZTF22abyuhwt,0,0,1,1,0,1,0,1,0,1,0
ZTF22abyuvus,0,1,0,1,0,0,1,1,0,1,0
ZTF22abyuwcv,1,0,0,0,0,0,0,0,0,0,0
ZTF22abyuwxs,1,0,0,0,0,0,0,0,0,0,0
ZTF22abyuxeg,0,0,1,1,0,1,0,1,0,1,0
ZTF22abyuxkw,1,0,0,0,0,0,0,0,0,0,0
ZTF22abyuxll,0,0,1,1,0,1,0,1,0,1,0
ZTF22abyuxlq,0,1,0,1,0,1,0,1,0,0,1
ZTF22abyuxlw,0,1,0,0,1,1,0,1,0,1,0
ZTF22abyuxoc,0,0,1,1,0,1,0,1,0,1,0
ZTF22abyuxpm,0,0,1,1,0,1,0,1,0,1,0
ZTF22abyuxtg,0,1,0,1,0,0,1,1,0,1,0
ZTF22abyuycr,0,1,0,1,0,1,0,1,0,0,1
ZTF22abyuydt,1,0,0,0,0,0,0,0,0,0,0
ZTF22abyvbem,0,1,0,0,1,1,0,1,0,1,0
ZTF22abyvbfc,0,1,0,0,1,1,0,1,0,1,0
ZTF22abyvbms,0,0,1,1,0,1,0,1,0,1,0
ZTF22abyvglj,0,1,0,0,1,1,0,1,0,1,0
ZTF22abyvitx,0,1,0,1,0,1,0,1,0,0,1
ZTF22abyvjgw,0,1,0,0,1,1,0,1,0,1,0
ZTF22abywcqk,0,1,0,1,0,0,1,1,0,1,0
ZTF22abywivw,0,0,1,1,0,1,0,1,0,1,0
ZTF22abywjrq,0,1,0,0,1,1,0,1,0,1,0
ZTF22abywkap,0,1,0,1,0,1,0,0,1,1,0
ZTF22abywkjn,0,1,0,1,0,1,0,1,0,0,1
ZTF22abywrrb,0,1,0,0,1,1,0,1,0,1,0
ZTF22abywula,0,0,1,1,0,1,0,1,0,1,0
ZTF22abyxcgi,0,0,1,1,0,1,0,1,0,1,0
ZTF22abyxmha,0,1,0,1,0,1,0,0,1,1,0
ZTF22abyxnrr,1,0,0,0,0,0,0,0,0,0,0
ZTF22abyxzww,0,0,1,1,0,1,0,1,0,1,0
ZTF22abyyamy,0,0,1,1,0,1,0,1,0,1,0
ZTF22abyyaqm,1,0,0,0,0,0,0,0,0,0,0
ZTF22abyyaux,0,1,0,0,1,1,0,1,0,1,0
ZTF22abyybnn,0,1,0,0,1,1,0,1,0,1,0
ZTF22abyybqs,0,1,0,1,0,0,1,1,0,1,0
ZTF22abyybth,0,1,0,1,0,1,0,1,0,0,1
ZTF22abyyeke,0,0,1,1,0,1,0,1,0,1,0
ZTF22abyyfmy,1,0,0,0,0,0,0,0,0,0,0
ZTF22abyyftu,1,0,0,0,0,0,0,0,0,0,0
ZTF22abyyirb,0,1,0,1,0,1,0,0,1,1,0
ZTF22abyymbh,0,1,0,1,0,1,0,0,1,1,0
ZTF22abyymgk,0,0,1,1,0,1,0,1,0,1,0
ZTF22abyymku,0,1,0,1,0,1,0,1,0,0,1
ZTF22abyyqra,0,0,1,1,0,1,0,1,0,1,0
ZTF22abyyqul,0,1,0,1,0,1,0,0,1,1,0
ZTF22abyytjo,1,0,0,0,0,0,0,0,0,0,0
ZTF22abyytzh,0,1,0,1,0,0,1,1,0,1,0
ZTF22abyyvav,0,1,0,0,1,1,0,1,0,1,0
ZTF22abyyyjc,0,1,0,0,1,1,0,1,0,1,0
ZTF22abyyyrs,0,1,0,1,0,1,0,0,1,1,0
ZTF22abyyzdw,0,1,0,0,1,1,0,1,0,1,0
ZTF22abyzcaf,0,1,0,1,0,1,0,0,1,1,0
ZTF22abyzedw,0,1,0,1,0,0,1,1,0,1,0
ZTF22abyzgwb,0,1,0,1,0,1,0,1,0,0,1
ZTF22abyzouv,0,1,0,1,0,1,0,0,1,1,0
ZTF22abyzowo,0,1,0,1,0,1,0,1,0,0,1
ZTF22abyztzx,1,0,0,0,0,0,0,0,0,0,0
ZTF22abyzvqi,1,0,0,0,0,0,0,0,0,0,0
ZTF22abyzvyi,0,1,0,1,0,0,1,1,0,1,0
ZTF22abyzzhp,0,1,0,1,0,0,1,1,0,1,0
ZTF22abzadax,0,1,0,0,1,1,0,1,0,1,0
ZTF22abzadkd,0,1,0,0,1,1,0,1,0,1,0
ZTF22abzaelj,1,0,0,0,0,0,0,0,0,0,0
ZTF22abzaeoh,0,1,0,1,0,1,0,1,0,0,1
ZTF22abzafcz,0,1,0,1,0,1,0,0,1,1,0
ZTF22abzafhg,1,0,0,0,0,0,0,0,0,0,0
ZTF22abzaijw,0,1,0,0,1,1,0,1,0,1,0
ZTF22abzaiuz,0,1,0,1,0,1,0,0,1,1,0
ZTF22abzaivm,0,0,1,1,0,1,0,1,0,1,0
ZTF22abzaiys,0,1,0,1,0,0,1,1,0,1,0
ZTF22abzajbe,0,1,0,1,0,1,0,1,0,0,1
ZTF22abzajgo,0,1,0,1,0,0,1,1,0,1,0
ZTF22abzajxf,1,0,0,0,0,0,0,0,0,0,0
ZTF22abzajyr,0,1,0,0,1,1,0,1,0,1,0
ZTF22abzajzf,1,0,0,0,0,0,0,0,0,0,0
ZTF22abzamyn,0,1,0,1,0,1,0,1,0,0,1
ZTF22abzaqmu,0,1,0,1,0,0,1,1,0,1,0
ZTF22abzarca,0,1,0,1,0,1,0,1,0,0,1
ZTF22abzaspl,0,1,0,1,0,1,0,1,0,0,1
ZTF22abzaspt,0,1,0,1,0,1,0,0,1,1,0
ZTF22abzatea,0,1,0,0,1,1,0,1,0,1,0
ZTF22abzauar,0,0,1,1,0,1,0,1,0,1,0
ZTF22abzauci,0,0,1,1,0,1,0,1,0,1,0
ZTF22abzaudk,0,0,1,1,0,1,0,1,0,1,0
ZTF22abzawzq,0,1,0,0,1,1,0,1,0,1,0
ZTF22abzaxag,0,0,1,1,0,1,0,1,0,1,0
ZTF22abzaxfu,1,0,0,0,0,0,0,0,0,0,0
ZTF22abzaxgy,0,1,0,1,0,1,0,0,1,1,0
ZTF22abzbhua,1,0,0,0,0,0,0,0,0,0,0
ZTF22abzbqdh,0,1,0,1,0,0,1,1,0,1,0
ZTF22abzbrsv,0,1,0,0,1,1,0,1,0,1,0
ZTF22abzbruo,0,1,0,0,1,1,0,1,0,1,0
ZTF22abzbrwt,0,1,0,1,0,1,0,1,0,0,1
ZTF22abzbtja,0,1,0,1,0,1,0,0,1,1,0
ZTF22abzbtsl,0,1,0,0,1,1,0,1,0,1,0
ZTF22abzbxlu,1,0,0,0,0,0,0,0,0,0,0
ZTF22abzbypf,0,0,1,1,0,1,0,1,0,1,0
ZTF22abzcafg,0,1,0,1,0,1,0,1,0,0,1
ZTF22abzcawq,1,0,0,0,0,0,0,0,0,0,0
ZTF22abzcbla,0,0,1,1,0,1,0,1,0,1,0
ZTF22abzcddg,1,0,0,0,0,0,0,0,0,0,0
ZTF22abzclmq,1,0,0,0,0,0,0,0,0,0,0
ZTF22abzdcxt,1,0,0,0,0,0,0,0,0,0,0
ZTF22abzdeel,0,1,0,1,0,0,1,1,0,1,0
ZTF22abzdeys,0,1,0,1,0,0,1,1,0,1,0
ZTF22abzdhrz,0,1,0,1,0,0,1,1,0,1,0
ZTF22abzdngl,1,0,0,0,0,0,0,0,0,0,0
ZTF22abzdzed,0,0,1,1,0,1,0,1,0,1,0
ZTF22abzdzek,0,0,1,1,0,1,0,1,0,1,0
ZTF22abzeesq,1,0,0,0,0,0,0,0,0,0,0
ZTF22abzefkd,1,0,0,0,0,0,0,0,0,0,0
ZTF22abzelsw,0,1,0,1,0,1,0,0,1,1,0
ZTF22abzfmws,0,1,0,1,0,1,0,0,1,1,0
ZTF22abzfqvc,0,1,0,1,0,0,1,1,0,1,0
ZTF22abzfwct,0,0,1,1,0,1,0,1,0,1,0
ZTF22abzgdyg,1,0,0,0,0,0,0,0,0,0,0
ZTF22abzgdyp,0,1,0,1,0,1,0,1,0,0,1
ZTF22abzgext,1,0,0,0,0,0,0,0,0,0,0
ZTF22abzgoai,0,1,0,0,1,1,0,1,0,1,0
ZTF22abzhahz,0,1,0,0,1,1,0,1,0,1,0
ZTF22abzhdko,0,1,0,1,0,0,1,1,0,1,0
ZTF22abzhelv,0,0,1,1,0,1,0,1,0,1,0
ZTF22abzhepg,0,1,0,0,1,1,0,1,0,1,0
ZTF22abzhqbt,0,1,0,0,1,1,0,1,0,1,0
ZTF22abzhtaw,0,1,0,1,0,0,1,1,0,1,0
ZTF22abzjcoz,0,1,0,1,0,1,0,1,0,0,1
ZTF22abzjfay,0,1,0,1,0,1,0,1,0,0,1
ZTF22abzjicn,0,1,0,1,0,1,0,0,1,1,0
ZTF22abzjlqy,0,1,0,1,0,0,1,1,0,1,0
ZTF22abzjlwv,0,0,1,1,0,1,0,1,0,1,0
ZTF22abzjmps,0,1,0,1,0,1,0,0,1,1,0
ZTF22abzjvls,0,1,0,1,0,1,0,0,1,1,0
ZTF22abzjwhe,0,1,0,1,0,1,0,0,1,1,0
ZTF22abzjwvb,1,0,0,0,0,0,0,0,0,0,0
ZTF22abzkbav,0,1,0,0,1,1,0,1,0,1,0
ZTF22abzkelx,0,1,0,0,1,1,0,1,0,1,0
ZTF22abzkfmo,1,0,0,0,0,0,0,0,0,0,0
ZTF22abzkgiq,0,1,0,1,0,1,0,1,0,0,1
ZTF22abzkgxc,0,1,0,1,0,0,1,1,0,1,0
ZTF22abzkhaw,0,1,0,1,0,1,0,0,1,1,0
ZTF22abzkhiv,1,0,0,0,0,0,0,0,0,0,0
ZTF22abzkhxd,1,0,0,0,0,0,0,0,0,0,0
ZTF22abzkiql,0,0,1,1,0,1,0,1,0,1,0
ZTF22abzkisi,0,1,0,0,1,1,0,1,0,1,0
ZTF22abzkium,1,0,0,0,0,0,0,0,0,0,0
ZTF22abzlfay,0,1,0,1,0,1,0,0,1,1,0
ZTF22abzlfct,0,0,1,1,0,1,0,1,0,1,0
ZTF22abzlqge,0,1,0,1,0,1,0,0,1,1,0
ZTF22abzmotf,0,1,0,1,0,1,0,0,1,1,0
ZTF22abzmrut,0,0,1,1,0,1,0,1,0,1,0
ZTF22abzmwmc,1,0,0,0,0,0,0,0,0,0,0
ZTF22abznawo,1,0,0,0,0,0,0,0,0,0,0
ZTF22abzoktr,1,0,0,0,0,0,0,0,0,0,0
ZTF22abzqwmp,0,1,0,1,0,1,0,0,1,1,0
ZTF22abzrbju,1,0,0,0,0,0,0,0,0,0,0
ZTF22abzrqvc,0,0,1,1,0,1,0,1,0,1,0
ZTF22abzrrpn,0,1,0,1,0,1,0,0,1,1,0
ZTF22abzryuu,0,1,0,1,0,1,0,1,0,0,1
ZTF22abzscpc,1,0,0,0,0,0,0,0,0,0,0
ZTF22abztbcm,0,0,1,1,0,1,0,1,0,1,0
ZTF22abztfvi,1,0,0,0,0,0,0,0,0,0,0
ZTF22abztgpt,0,1,0,1,0,1,0,0,1,1,0
ZTF22abztnst,0,0,1,1,0,1,0,1,0,1,0
ZTF22abzuqtw,0,1,0,1,0,1,0,0,1,1,0
ZTF22abzuwlv,0,1,0,1,0,1,0,1,0,0,1
ZTF22abzuyxy,0,1,0,0,1,1,0,1,0,1,0
ZTF22abzvfbv,0,0,1,1,0,1,0,1,0,1,0
ZTF22abzvtkr,0,1,0,1,0,1,0,1,0,0,1
ZTF22abzwebp,0,1,0,1,0,0,1,1,0,1,0
ZTF22abzwecs,0,1,0,1,0,0,1,1,0,1,0
ZTF22abzwvui,1,0,0,0,0,0,0,0,0,0,0
ZTF22abzxnod,0,0,1,1,0,1,0,1,0,1,0
ZTF22abzzmxy,0,1,0,1,0,1,0,1,0,0,1
ZTF22abzznmi,0,1,0,1,0,1,0,0,1,1,0
ZTF22abzztdw,1,0,0,0,0,0,0,0,0,0,0
ZTF22abzztrs,0,1,0,1,0,0,1,1,0,1,0
ZTF22abzzvtx,0,1,0,1,0,1,0,0,1,1,0
ZTF22abzzyjf,0,1,0,1,0,1,0,1,0,0,1
ZTF22abzzykw,0,1,0,0,1,1,0,1,0,1,0
ZTF22abzzype,0,1,0,0,1,1,0,1,0,1,0
ZTF22abzzzds,0,1,0,1,0,1,0,0,1,1,0
ZTF22acaaawe,0,1,0,0,1,1,0,1,0,1,0
ZTF22acaabgx,1,0,0,0,0,0,0,0,0,0,0
ZTF22acaacsd,0,1,0,1,0,1,0,1,0,0,1
ZTF22acaadln,0,1,0,1,0,1,0,1,0,0,1
ZTF22acaaqsw,0,1,0,1,0,1,0,0,1,1,0
ZTF22acaaqwx,0,1,0,1,0,1,0,0,1,1,0
ZTF22acaasdf,1,0,0,0,0,0,0,0,0,0,0
ZTF22acaaxhk,1,0,0,0,0,0,0,0,0,0,0
ZTF22acabbgt,0,1,0,0,1,1,0,1,0,1,0
ZTF22acabkcr,0,0,1,1,0,1,0,1,0,1,0
ZTF22acabkkw,1,0,0,0,0,0,0,0,0,0,0
ZTF22acablwr,0,1,0,0,1,1,0,1,0,1,0
ZTF22acabmva,0,1,0,1,0,1,0,1,0,0,1
ZTF22acadlqs,1,0,0,0,0,0,0,0,0,0,0
ZTF22acadztc,0,0,1,1,0,1,0,1,0,1,0
ZTF22acaebuh,0,1,0,1,0,1,0,0,1,1,0
ZTF22acaeetq,0,1,0,0,1,1,0,1,0,1,0
ZTF22acaemvu,0,1,0,1,0,0,1,1,0,1,0
ZTF22acaevap,0,1,0,1,0,1,0,0,1,1,0
ZTF22acaeybk,0,1,0,1,0,1,0,0,1,1,0
ZTF22acagmhh,0,1,0,1,0,1,0,1,0,0,1
ZTF22acagulp,0,1,0,1,0,0,1,1,0,1,0
ZTF22acahbko,1,0,0,0,0,0,0,0,0,0,0
ZTF22acahfeg,1,0,0,0,0,0,0,0,0,0,0
ZTF22acahomp,0,1,0,1,0,1,0,1,0,0,1
ZTF22acahqhn,0,1,0,1,0,0,1,1,0,1,0
ZTF22acahury,1,0,0,0,0,0,0,0,0,0,0
ZTF22acahwtj,0,1,0,1,0,1,0,1,0,0,1
ZTF22acahwzt,0,1,0,0,1,1,0,1,0,1,0
ZTF22acahxbi,0,1,0,1,0,1,0,0,1,1,0
ZTF22acahyrk,0,1,0,0,1,1,0,1,0,1,0
ZTF22acahzks,1,0,0,0,0,0,0,0,0,0,0
ZTF22acaiacp,0,0,1,1,0,1,0,1,0,1,0
ZTF22acaiadd,0,1,0,0,1,1,0,1,0,1,0
ZTF22acaiamg,0,1,0,1,0,1,0,1,0,0,1
ZTF22acaiapy,0,0,1,1,0,1,0,1,0,1,0
ZTF22acaiasl,0,0,1,1,0,1,0,1,0,1,0
ZTF22acaicsb,0,1,0,1,0,1,0,1,0,0,1
ZTF22acaicwl,0,1,0,1,0,0,1,1,0,1,0
ZTF22acaidsm,0,0,1,1,0,1,0,1,0,1,0
ZTF22acaiguw,1,0,0,0,0,0,0,0,0,0,0
ZTF22acaiiky,0,1,0,1,0,0,1,1,0,1,0
ZTF22acaiinp,1,0,0,0,0,0,0,0,0,0,0
ZTF22acailrl,0,1,0,0,1,1,0,1,0,1,0
ZTF22acailrr,1,0,0,0,0,0,0,0,0,0,0
ZTF22acailun,0,1,0,1,0,0,1,1,0,1,0
ZTF22acaimtb,0,1,0,1,0,0,1,1,0,1,0
ZTF22acainye,0,1,0,1,0,0,1,1,0,1,0
ZTF22acaiozk,0,1,0,0,1,1,0,1,0,1,0
ZTF22acaiprw,0,1,0,0,1,1,0,1,0,1,0
ZTF22acaipym,0,1,0,1,0,0,1,1,0,1,0
ZTF22acaiqcc,0,1,0,1,0,0,1,1,0,1,0
ZTF22acakbai,0,0,1,1,0,1,0,1,0,1,0
ZTF22acalffo,0,0,1,1,0,1,0,1,0,1,0
ZTF22acalgpv,0,1,0,1,0,1,0,1,0,0,1
ZTF22acamdvt,0,1,0,1,0,1,0,1,0,0,1
ZTF22acamrdl,0,1,0,1,0,1,0,1,0,0,1
ZTF22acamsbt,1,0,0,0,0,0,0,0,0,0,0
ZTF22acamuer,0,1,0,1,0,1,0,0,1,1,0
ZTF22acancjn,1,0,0,0,0,0,0,0,0,0,0
ZTF22acandlu,0,0,1,1,0,1,0,1,0,1,0
ZTF22acanyah,0,1,0,0,1,1,0,1,0,1,0
ZTF22acaqmfb,1,0,0,0,0,0,0,0,0,0,0
ZTF22acaqxkr,0,1,0,1,0,1,0,0,1,1,0
ZTF22acasxhq,0,1,0,1,0,1,0,1,0,0,1
ZTF22acatbpn,1,0,0,0,0,0,0,0,0,0,0
ZTF22acatnjr,1,0,0,0,0,0,0,0,0,0,0
ZTF22acatpwo,0,1,0,0,1,1,0,1,0,1,0
ZTF22acattrp,0,1,0,1,0,1,0,1,0,0,1
ZTF22acaucqb,0,1,0,0,1,1,0,1,0,1,0
ZTF22acaudxk,1,0,0,0,0,0,0,0,0,0,0
ZTF22acaufzf,0,1,0,1,0,1,0,1,0,0,1
ZTF22acauizm,0,0,1,1,0,1,0,1,0,1,0
ZTF22acaumgl,0,1,0,1,0,1,0,1,0,0,1
ZTF22acaumnq,0,0,1,1,0,1,0,1,0,1,0
ZTF22acaumrm,0,1,0,1,0,0,1,1,0,1,0
ZTF22acaumyt,1,0,0,0,0,0,0,0,0,0,0
ZTF22acaunuu,1,0,0,0,0,0,0,0,0,0,0
ZTF22acaunvs,0,1,0,1,0,0,1,1,0,1,0
ZTF22acaunvv,1,0,0,0,0,0,0,0,0,0,0
ZTF22acauoca,0,1,0,1,0,1,0,0,1,1,0
ZTF22acaupga,1,0,0,0,0,0,0,0,0,0,0
ZTF22acauwpb,1,0,0,0,0,0,0,0,0,0,0
ZTF22acavbmh,0,1,0,0,1,1,0,1,0,1,0
ZTF22acavcud,0,0,1,1,0,1,0,1,0,1,0
ZTF22acavemi,0,0,1,1,0,1,0,1,0,1,0
ZTF22acaveqm,0,1,0,0,1,1,0,1,0,1,0
ZTF22acavrfm,0,1,0,0,1,1,0,1,0,1,0
ZTF22acavwko,1,0,0,0,0,0,0,0,0,0,0
ZTF22acavzbs,0,1,0,1,0,1,0,0,1,1,0
ZTF22acawdcn,1,0,0,0,0,0,0,0,0,0,0
ZTF22acawfgy,0,1,0,1,0,1,0,0,1,1,0
ZTF22acawogb,0,0,1,1,0,1,0,1,0,1,0
ZTF22acawpjp,1,0,0,0,0,0,0,0,0,0,0
ZTF22acawpwx,0,1,0,1,0,1,0,1,0,0,1
ZTF22acaympq,0,1,0,1,0,1,0,1,0,0,1
ZTF22acaynsu,0,1,0,1,0,0,1,1,0,1,0
ZTF22acazqbz,0,0,1,1,0,1,0,1,0,1,0
ZTF22acazqxt,1,0,0,0,0,0,0,0,0,0,0
ZTF22acazrlb,1,0,0,0,0,0,0,0,0,0,0
ZTF22acazuyu,0,1,0,1,0,1,0,0,1,1,0
ZTF22acazvik,1,0,0,0,0,0,0,0,0,0,0
ZTF22acazwel,0,1,0,1,0,1,0,0,1,1,0
ZTF22acazylq,1,0,0,0,0,0,0,0,0,0,0
ZTF22acazyuu,0,1,0,1,0,1,0,0,1,1,0
ZTF22acbaazl,0,1,0,0,1,1,0,1,0,1,0
ZTF22acbaazp,0,1,0,0,1,1,0,1,0,1,0
ZTF22acbabap,0,1,0,1,0,1,0,1,0,0,1
ZTF22acbabcd,0,0,1,1,0,1,0,1,0,1,0
ZTF22acbabnz,0,1,0,1,0,1,0,0,1,1,0
ZTF22acbabvk,0,1,0,1,0,1,0,1,0,0,1
ZTF22acbacdh,1,0,0,0,0,0,0,0,0,0,0
ZTF22acbacvy,0,1,0,1,0,1,0,0,1,1,0
ZTF22acbadky,0,0,1,1,0,1,0,1,0,1,0
ZTF22acbadmp,0,1,0,0,1,1,0,1,0,1,0
ZTF22acbadst,0,1,0,1,0,1,0,0,1,1,0
ZTF22acbaeal,0,1,0,1,0,0,1,1,0,1,0
ZTF22acbaeci,0,1,0,1,0,1,0,1,0,0,1
ZTF22acbajpc,0,1,0,1,0,1,0,1,0,0,1
ZTF22acbejzg,0,1,0,0,1,1,0,1,0,1,0
ZTF23aaaaggy,0,1,0,1,0,1,0,0,1,1,0
ZTF23aaaahln,0,1,0,1,0,0,1,1,0,1,0
ZTF23aaaaiok,0,0,1,1,0,1,0,1,0,1,0
ZTF23aaaaiub,0,1,0,1,0,1,0,0,1,1,0
ZTF23aaaaiuc,0,1,0,1,0,1,0,1,0,0,1
ZTF23aaaakig,1,0,0,0,0,0,0,0,0,0,0
ZTF23aaaakmv,0,0,1,1,0,1,0,1,0,1,0
ZTF23aaaapqa,0,0,1,1,0,1,0,1,0,1,0
ZTF23aaaasfy,0,1,0,1,0,1,0,1,0,0,1
ZTF23aaaasps,1,0,0,0,0,0,0,0,0,0,0
ZTF23aaaavyd,1,0,0,0,0,0,0,0,0,0,0
ZTF23aaaawzj,1,0,0,0,0,0,0,0,0,0,0
ZTF23aaaaxuq,0,1,0,1,0,0,1,1,0,1,0
ZTF23aaaazor,0,1,0,1,0,1,0,1,0,0,1
ZTF23aaabcgx,1,0,0,0,0,0,0,0,0,0,0
ZTF23aaabdqj,0,1,0,1,0,0,1,1,0,1,0
ZTF23aaabewy,0,1,0,1,0,1,0,0,1,1,0
ZTF23aaabeyy,0,1,0,1,0,1,0,1,0,0,1
ZTF23aaabgkh,0,0,1,1,0,1,0,1,0,1,0
ZTF23aaabgzf,1,0,0,0,0,0,0,0,0,0,0
ZTF23aaabhgg,0,1,0,0,1,1,0,1,0,1,0
ZTF23aaabhio,1,0,0,0,0,0,0,0,0,0,0
ZTF23aaaboss,0,1,0,1,0,1,0,1,0,0,1
ZTF23aaabrsb,0,0,1,1,0,1,0,1,0,1,0
ZTF23aaabsqf,1,0,0,0,0,0,0,0,0,0,0
ZTF23aaabtfb,0,1,0,1,0,1,0,0,1,1,0
ZTF23aaabtil,0,1,0,1,0,1,0,0,1,1,0
ZTF23aaabvna,0,0,1,1,0,1,0,1,0,1,0
ZTF23aaabvwv,0,0,1,1,0,1,0,1,0,1,0
ZTF23aaabwwq,1,0,0,0,0,0,0,0,0,0,0
ZTF23aaabyat,1,0,0,0,0,0,0,0,0,0,0
ZTF23aaabzea,0,1,0,1,0,1,0,0,1,1,0
ZTF23aaabzoh,0,1,0,1,0,1,0,1,0,0,1
ZTF23aaabztz,0,1,0,1,0,1,0,1,0,0,1
ZTF23aaabzuu,0,1,0,0,1,1,0,1,0,1,0
ZTF23aaabzux,0,1,0,0,1,1,0,1,0,1,0
ZTF23aaabzxa,0,1,0,1,0,0,1,1,0,1,0
ZTF23aaabzxz,0,1,0,1,0,0,1,1,0,1,0
ZTF23aaabzyf,0,0,1,1,0,1,0,1,0,1,0
ZTF23aaacaod,0,1,0,1,0,1,0,0,1,1,0
ZTF23aaacaou,0,1,0,1,0,0,1,1,0,1,0
ZTF23aaacawh,0,0,1,1,0,1,0,1,0,1,0
ZTF23aaacmai,0,1,0,0,1,1,0,1,0,1,0
ZTF23aaacrxv,1,0,0,0,0,0,0,0,0,0,0
ZTF23aaactys,0,1,0,0,1,1,0,1,0,1,0
ZTF23aaaeppr,0,1,0,1,0,1,0,0,1,1,0
ZTF23aaaepzi,0,0,1,1,0,1,0,1,0,1,0
ZTF23aaaexzn,0,1,0,0,1,1,0,1,0,1,0
ZTF23aaafakq,1,0,0,0,0,0,0,0,0,0,0
ZTF23aaafclb,0,1,0,1,0,0,1,1,0,1,0
ZTF23aaafcsm,0,1,0,0,1,1,0,1,0,1,0
ZTF23aaafcub,0,1,0,1,0,1,0,0,1,1,0
ZTF23aaagecv,0,1,0,1,0,1,0,0,1,1,0
ZTF23aaaghlf,1,0,0,0,0,0,0,0,0,0,0
ZTF23aaagidf,1,0,0,0,0,0,0,0,0,0,0
ZTF23aaagign,1,0,0,0,0,0,0,0,0,0,0
ZTF23aaagkaw,0,0,1,1,0,1,0,1,0,1,0
ZTF23aaaglar,0,1,0,1,0,1,0,1,0,0,1
ZTF23aaaglbc,0,1,0,1,0,1,0,0,1,1,0
ZTF23aaagljl,0,0,1,1,0,1,0,1,0,1,0
ZTF23aaaglzu,0,0,1,1,0,1,0,1,0,1,0
ZTF23aaagmom,0,1,0,1,0,1,0,1,0,0,1
ZTF23aaagmzq,0,1,0,1,0,1,0,0,1,1,0
ZTF23aaagnis,0,1,0,1,0,0,1,1,0,1,0
ZTF23aaagyke,0,1,0,1,0,1,0,0,1,1,0
ZTF23aaahbry,0,1,0,1,0,1,0,0,1,1,0
ZTF23aaahdwg,0,0,1,1,0,1,0,1,0,1,0
ZTF23aaahial,0,1,0,1,0,0,1,1,0,1,0
ZTF23aaahmxp,0,1,0,1,0,1,0,1,0,0,1
ZTF23aaahpkw,0,1,0,1,0,1,0,0,1,1,0
ZTF23aaahqiu,0,1,0,0,1,1,0,1,0,1,0
ZTF23aaahqyt,0,1,0,1,0,1,0,0,1,1,0
ZTF23aaahrjm,0,1,0,1,0,1,0,1,0,0,1
ZTF23aaahrmq,0,1,0,1,0,1,0,0,1,1,0
ZTF23aaahtas,0,1,0,1,0,0,1,1,0,1,0
ZTF23aaahtnj,0,1,0,1,0,0,1,1,0,1,0
ZTF23aaahtsu,0,0,1,1,0,1,0,1,0,1,0
ZTF23aaahume,0,1,0,1,0,0,1,1,0,1,0
ZTF23aaahusd,0,1,0,0,1,1,0,1,0,1,0
ZTF23aaahusn,1,0,0,0,0,0,0,0,0,0,0
ZTF23aaahutd,0,0,1,1,0,1,0,1,0,1,0
ZTF23aaahuzb,1,0,0,0,0,0,0,0,0,0,0
ZTF23aaahuzc,0,1,0,1,0,1,0,1,0,0,1
ZTF23aaahuzs,0,1,0,0,1,1,0,1,0,1,0
ZTF23aaahvar,0,1,0,1,0,1,0,1,0,0,1
ZTF23aaahvbc,0,1,0,1,0,1,0,1,0,0,1
ZTF23aaahvua,1,0,0,0,0,0,0,0,0,0,0
ZTF23aaaihae,0,1,0,1,0,1,0,0,1,1,0
ZTF23aaaikff,0,1,0,1,0,1,0,0,1,1,0
ZTF23aaailwu,0,1,0,0,1,1,0,1,0,1,0
ZTF23aaainxb,0,1,0,1,0,1,0,1,0,0,1
ZTF23aaaivvd,1,0,0,0,0,0,0,0,0,0,0
ZTF23aaajbsz,0,0,1,1,0,1,0,1,0,1,0
ZTF23aaajbwm,0,1,0,1,0,0,1,1,0,1,0
ZTF23aaajcct,0,1,0,1,0,0,1,1,0,1,0
ZTF23aaajcpt,0,0,1,1,0,1,0,1,0,1,0
ZTF23aaajcrx,0,1,0,1,0,1,0,1,0,0,1
ZTF23aaajgbx,0,0,1,1,0,1,0,1,0,1,0
ZTF23aaajjql,0,1,0,1,0,1,0,1,0,0,1
ZTF23aaajsgt,0,1,0,1,0,1,0,0,1,1,0
ZTF23aaajyqz,0,1,0,1,0,0,1,1,0,1,0
ZTF23aaakddp,1,0,0,0,0,0,0,0,0,0,0
ZTF23aaakdjc,0,1,0,1,0,1,0,1,0,0,1
ZTF23aaakdpu,0,1,0,0,1,1,0,1,0,1,0
ZTF23aaakdpz,0,1,0,1,0,1,0,0,1,1,0
ZTF23aaakjrc,0,0,1,1,0,1,0,1,0,1,0
ZTF23aaakknv,0,1,0,0,1,1,0,1,0,1,0
ZTF23aaakmju,0,1,0,1,0,1,0,1,0,0,1
ZTF23aaakmvk,0,1,0,1,0,1,0,0,1,1,0
ZTF23aaakncg,1,0,0,0,0,0,0,0,0,0,0
ZTF23aaaknew,0,0,1,1,0,1,0,1,0,1,0
ZTF23aaaknoj,0,1,0,1,0,1,0,1,0,0,1
ZTF23aaakohr,0,1,0,0,1,1,0,1,0,1,0
ZTF23aaakoyj,0,1,0,1,0,1,0,0,1,1,0
ZTF23aaakutq,0,1,0,0,1,1,0,1,0,1,0
ZTF23aaakvdf,0,1,0,1,0,1,0,0,1,1,0
ZTF23aaakver,0,1,0,1,0,1,0,0,1,1,0
ZTF23aaakvii,1,0,0,0,0,0,0,0,0,0,0
ZTF23aaakvnk,0,1,0,1,0,1,0,1,0,0,1
ZTF23aaalcep,0,1,0,1,0,1,0,1,0,0,1
ZTF23aaaltcm,1,0,0,0,0,0,0,0,0,0,0
ZTF23aaaltfa,0,1,0,1,0,1,0,1,0,0,1
ZTF23aaaltrh,1,0,0,0,0,0,0,0,0,0,0
ZTF23aaalucb,0,0,1,1,0,1,0,1,0,1,0
ZTF23aaalucu,0,1,0,0,1,1,0,1,0,1,0
ZTF23aaaluej,0,1,0,1,0,1,0,1,0,0,1
ZTF23aaalugg,0,1,0,1,0,0,1,1,0,1,0
ZTF23aaalvuh,0,1,0,1,0,0,1,1,0,1,0
ZTF23aaalyua,0,1,0,0,1,1,0,1,0,1,0
ZTF23aaalywy,0,0,1,1,0,1,0,1,0,1,0
ZTF23aaalzqe,0,1,0,1,0,0,1,1,0,1,0
ZTF23aaalzud,0,0,1,1,0,1,0,1,0,1,0
ZTF23aaalzxd,0,1,0,1,0,1,0,0,1,1,0
ZTF23aaambqf,1,0,0,0,0,0,0,0,0,0,0
ZTF23aaamgax,0,1,0,1,0,1,0,0,1,1,0
ZTF23aaamgfd,0,1,0,1,0,1,0,0,1,1,0
ZTF23aaamhel,0,1,0,1,0,1,0,1,0,0,1
ZTF23aaamhfx,1,0,0,0,0,0,0,0,0,0,0
ZTF23aaamhma,0,0,1,1,0,1,0,1,0,1,0
ZTF23aaamihx,0,0,1,1,0,1,0,1,0,1,0
ZTF23aaamiog,0,1,0,1,0,0,1,1,0,1,0
ZTF23aaamipf,0,1,0,1,0,0,1,1,0,1,0
ZTF23aaamknw,0,0,1,1,0,1,0,1,0,1,0
ZTF23aaamlhl,0,1,0,1,0,0,1,1,0,1,0
ZTF23aaamloy,0,1,0,1,0,1,0,0,1,1,0
ZTF23aaammzj,0,1,0,1,0,0,1,1,0,1,0
ZTF23aaamnnv,1,0,0,0,0,0,0,0,0,0,0
ZTF23aaangjy,0,1,0,1,0,0,1,1,0,1,0
ZTF23aaanpwh,0,1,0,1,0,0,1,1,0,1,0
ZTF23aaantgn,1,0,0,0,0,0,0,0,0,0,0
ZTF23aaanyts,0,1,0,1,0,0,1,1,0,1,0
ZTF23aaaogzo,0,1,0,1,0,1,0,1,0,0,1
ZTF23aaaohag,0,1,0,1,0,1,0,1,0,0,1
ZTF23aaaohqe,1,0,0,0,0,0,0,0,0,0,0
ZTF23aaaoiap,0,1,0,1,0,1,0,1,0,0,1
ZTF23aaapfee,0,1,0,1,0,1,0,0,1,1,0
ZTF23aaapjis,1,0,0,0,0,0,0,0,0,0,0
ZTF23aaapkme,0,1,0,0,1,1,0,1,0,1,0
ZTF23aaapldg,0,1,0,1,0,1,0,1,0,0,1
ZTF23aaapmog,0,1,0,1,0,0,1,1,0,1,0
ZTF23aaapocu,0,0,1,1,0,1,0,1,0,1,0
ZTF23aaapokf,0,0,1,1,0,1,0,1,0,1,0
ZTF23aaapoom,0,1,0,1,0,1,0,1,0,0,1
ZTF23aaaposb,0,1,0,1,0,1,0,1,0,0,1
ZTF23aaapozz,1,0,0,0,0,0,0,0,0,0,0
ZTF23aaappdf,0,1,0,1,0,0,1,1,0,1,0
ZTF23aaappqw,0,1,0,0,1,1,0,1,0,1,0
ZTF23aaapqrh,1,0,0,0,0,0,0,0,0,0,0
ZTF23aaaprhz,0,1,0,1,0,1,0,1,0,0,1
ZTF23aaaprku,0,1,0,1,0,1,0,1,0,0,1
ZTF23aaaprxt,0,1,0,1,0,1,0,0,1,1,0
ZTF23aaaptdf,1,0,0,0,0,0,0,0,0,0,0
ZTF23aaapxcy,0,1,0,1,0,0,1,1,0,1,0
ZTF23aaaqdcr,0,1,0,1,0,1,0,1,0,0,1
ZTF23aaaqgyf,0,1,0,1,0,1,0,0,1,1,0
ZTF23aaaqgzt,0,1,0,1,0,1,0,1,0,0,1
ZTF23aaaqhmy,0,1,0,0,1,1,0,1,0,1,0
ZTF23aaarmdg,0,1,0,1,0,0,1,1,0,1,0
ZTF23aaarmha,0,1,0,1,0,1,0,1,0,0,1
ZTF23aaarmhq,1,0,0,0,0,0,0,0,0,0,0
ZTF23aaarmtb,0,1,0,1,0,1,0,1,0,0,1
ZTF23aaarpud,1,0,0,0,0,0,0,0,0,0,0
ZTF23aaarrwn,0,1,0,0,1,1,0,1,0,1,0
ZTF23aaaruha,0,0,1,1,0,1,0,1,0,1,0
ZTF23aaarvgn,0,1,0,1,0,0,1,1,0,1,0
ZTF23aaarwbd,0,0,1,1,0,1,0,1,0,1,0
ZTF23aaarwea,0,1,0,0,1,1,0,1,0,1,0
ZTF23aaarxir,0,1,0,1,0,1,0,1,0,0,1
ZTF23aaarxsf,1,0,0,0,0,0,0,0,0,0,0
ZTF23aaaryab,0,1,0,1,0,1,0,0,1,1,0
ZTF23aaaryph,0,1,0,1,0,0,1,1,0,1,0
ZTF23aaasaqx,0,1,0,1,0,0,1,1,0,1,0
ZTF23aaasbfe,0,1,0,0,1,1,0,1,0,1,0
ZTF23aaasbjb,0,1,0,1,0,1,0,0,1,1,0
ZTF23aaasbrf,0,1,0,1,0,1,0,0,1,1,0
ZTF23aaascud,0,0,1,1,0,1,0,1,0,1,0
ZTF23aaasczn,0,0,1,1,0,1,0,1,0,1,0
ZTF23aaasden,0,0,1,1,0,1,0,1,0,1,0
ZTF23aaasgno,0,0,1,1,0,1,0,1,0,1,0
ZTF23aaasjrg,0,1,0,1,0,1,0,1,0,0,1
ZTF23aaatixf,0,1,0,0,1,1,0,1,0,1,0
ZTF23aaaukyg,1,0,0,0,0,0,0,0,0,0,0
ZTF23aaauqni,0,1,0,1,0,1,0,1,0,0,1
ZTF23aaavnte,0,1,0,1,0,1,0,0,1,1,0
ZTF23aaavscp,0,1,0,0,1,1,0,1,0,1,0
ZTF23aaavsnc,0,1,0,1,0,1,0,0,1,1,0
ZTF23aaavsvc,1,0,0,0,0,0,0,0,0,0,0
ZTF23aaavsyk,0,0,1,1,0,1,0,1,0,1,0
ZTF23aaavwod,0,1,0,1,0,0,1,1,0,1,0
ZTF23aaavxma,0,1,0,0,1,1,0,1,0,1,0
ZTF23aaavxms,0,1,0,1,0,1,0,0,1,1,0
ZTF23aaavxqu,0,1,0,0,1,1,0,1,0,1,0
ZTF23aaavxye,0,1,0,0,1,1,0,1,0,1,0
ZTF23aaavyjf,0,1,0,0,1,1,0,1,0,1,0
ZTF23aaavykk,0,1,0,1,0,1,0,1,0,0,1
ZTF23aaavyrm,0,1,0,1,0,1,0,0,1,1,0
ZTF23aaavzfh,0,1,0,1,0,0,1,1,0,1,0
ZTF23aaavzpp,0,1,0,1,0,1,0,1,0,0,1
ZTF23aaawbmw,0,1,0,0,1,1,0,1,0,1,0
ZTF23aaawbmy,0,1,0,1,0,1,0,0,1,1,0
ZTF23aaawbpp,0,0,1,1,0,1,0,1,0,1,0
ZTF23aaawbqq,0,1,0,1,0,0,1,1,0,1,0
ZTF23aaawbsc,0,1,0,1,0,1,0,1,0,0,1
ZTF23aaawcpz,0,0,1,1,0,1,0,1,0,1,0
ZTF23aaawcwk,0,1,0,0,1,1,0,1,0,1,0
ZTF23aaawcwv,1,0,0,0,0,0,0,0,0,0,0
ZTF23aaawgsl,1,0,0,0,0,0,0,0,0,0,0
ZTF23aaawgyv,0,0,1,1,0,1,0,1,0,1,0
ZTF23aaawhco,0,1,0,1,0,0,1,1,0,1,0
ZTF23aaawlfj,0,1,0,1,0,0,1,1,0,1,0
ZTF23aaawmsx,1,0,0,0,0,0,0,0,0,0,0
ZTF23aaawoho,0,0,1,1,0,1,0,1,0,1,0
ZTF23aaawxyo,0,1,0,1,0,0,1,1,0,1,0
ZTF23aaaxbjz,0,1,0,1,0,1,0,0,1,1,0
ZTF23aaaxglr,1,0,0,0,0,0,0,0,0,0,0
ZTF23aaaxjjo,0,1,0,1,0,1,0,1,0,0,1
ZTF23aaaxjlz,0,1,0,1,0,1,0,0,1,1,0
ZTF23aaaxlyo,1,0,0,0,0,0,0,0,0,0,0
ZTF23aaaxuju,0,1,0,0,1,1,0,1,0,1,0
ZTF23aaaxypa,0,1,0,1,0,0,1,1,0,1,0
ZTF23aaaxznx,1,0,0,0,0,0,0,0,0,0,0
ZTF23aaaxzwk,1,0,0,0,0,0,0,0,0,0,0
ZTF23aaaydnj,0,1,0,1,0,1,0,0,1,1,0
ZTF23aaayekt,0,1,0,1,0,0,1,1,0,1,0
ZTF23aaayelf,0,1,0,1,0,1,0,1,0,0,1
ZTF23aaayish,1,0,0,0,0,0,0,0,0,0,0
ZTF23aaaykiv,0,1,0,0,1,1,0,1,0,1,0
ZTF23aaaykox,0,1,0,1,0,1,0,1,0,0,1
ZTF23aaaylie,0,1,0,1,0,1,0,1,0,0,1
ZTF23aaaylij,0,1,0,0,1,1,0,1,0,1,0
ZTF23aaaymkv,0,1,0,1,0,1,0,0,1,1,0
ZTF23aaaymxr,1,0,0,0,0,0,0,0,0,0,0
ZTF23aaaynwo,0,0,1,1,0,1,0,1,0,1,0
ZTF23aaayolr,0,1,0,1,0,0,1,1,0,1,0
ZTF23aaaypgq,0,1,0,0,1,1,0,1,0,1,0
ZTF23aaaypty,0,1,0,1,0,1,0,0,1,1,0
ZTF23aaaypwj,1,0,0,0,0,0,0,0,0,0,0
ZTF23aaaytvo,1,0,0,0,0,0,0,0,0,0,0
ZTF23aaaytvp,0,1,0,0,1,1,0,1,0,1,0
ZTF23aaayviy,0,1,0,1,0,1,0,0,1,1,0
ZTF23aaayzcw,0,1,0,1,0,1,0,0,1,1,0
ZTF23aaayzzn,0,1,0,0,1,1,0,1,0,1,0
ZTF23aaazbns,0,1,0,1,0,1,0,1,0,0,1
ZTF23aaazbqf,0,1,0,1,0,1,0,1,0,0,1
ZTF23aaazbqj,0,0,1,1,0,1,0,1,0,1,0
ZTF23aaazbsu,0,0,1,1,0,1,0,1,0,1,0
ZTF23aaazdla,0,1,0,1,0,0,1,1,0,1,0
ZTF23aaazegk,0,1,0,1,0,1,0,0,1,1,0
ZTF23aaazemg,0,1,0,1,0,1,0,0,1,1,0
ZTF23aaazett,0,1,0,0,1,1,0,1,0,1,0
ZTF23aaazffe,0,1,0,0,1,1,0,1,0,1,0
ZTF23aaaziou,0,1,0,1,0,0,1,1,0,1,0
ZTF23aaazpvz,0,1,0,1,0,1,0,0,1,1,0
ZTF23aaazssj,1,0,0,0,0,0,0,0,0,0,0
ZTF23aabamtz,0,1,0,1,0,1,0,1,0,0,1
ZTF23aabasoe,0,1,0,1,0,1,0,0,1,1,0
ZTF23aabbaap,0,1,0,1,0,0,1,1,0,1,0
ZTF23aabboyg,0,0,1,1,0,1,0,1,0,1,0
ZTF23aabbpmy,0,1,0,1,0,1,0,1,0,0,1
ZTF23aabbszx,0,1,0,1,0,0,1,1,0,1,0
ZTF23aabbtlp,0,0,1,1,0,1,0,1,0,1,0
ZTF23aabcuxf,0,1,0,1,0,1,0,0,1,1,0
ZTF23aabcvve,0,1,0,1,0,1,0,0,1,1,0
ZTF23aabcxua,1,0,0,0,0,0,0,0,0,0,0
ZTF23aabcyqg,0,1,0,1,0,1,0,1,0,0,1
ZTF23aabdkmn,0,0,1,1,0,1,0,1,0,1,0
ZTF23aabdujs,0,1,0,1,0,0,1,1,0,1,0
ZTF23aabdveg,0,1,0,0,1,1,0,1,0,1,0
ZTF23aabdvhm,1,0,0,0,0,0,0,0,0,0,0
ZTF23aabdwdi,1,0,0,0,0,0,0,0,0,0,0
ZTF23aabdwej,0,0,1,1,0,1,0,1,0,1,0
ZTF23aabdwhv,0,1,0,1,0,1,0,0,1,1,0
ZTF23aabdyve,0,1,0,1,0,0,1,1,0,1,0
ZTF23aabeayr,1,0,0,0,0,0,0,0,0,0,0
ZTF23aabecug,0,1,0,1,0,0,1,1,0,1,0
ZTF23aabeehu,0,0,1,1,0,1,0,1,0,1,0
ZTF23aabejlv,0,1,0,1,0,1,0,1,0,0,1
ZTF23aabekow,0,1,0,1,0,0,1,1,0,1,0
ZTF23aabenoz,0,1,0,1,0,1,0,0,1,1,0
ZTF23aabeoqt,1,0,0,0,0,0,0,0,0,0,0
ZTF23aabetnd,0,1,0,0,1,1,0,1,0,1,0
ZTF23aabeuic,0,0,1,1,0,1,0,1,0,1,0
ZTF23aabeunr,1,0,0,0,0,0,0,0,0,0,0
ZTF23aabeuot,0,1,0,1,0,1,0,1,0,0,1
ZTF23aabeurr,0,1,0,1,0,1,0,1,0,0,1
ZTF23aabeusf,0,1,0,1,0,1,0,1,0,0,1
ZTF23aabeuso,1,0,0,0,0,0,0,0,0,0,0
ZTF23aabeywe,0,1,0,0,1,1,0,1,0,1,0
ZTF23aabfakl,0,1,0,0,1,1,0,1,0,1,0
ZTF23aabfamu,0,1,0,1,0,0,1,1,0,1,0
ZTF23aabfcej,0,1,0,1,0,1,0,0,1,1,0
ZTF23aabfcit,0,1,0,1,0,1,0,1,0,0,1
ZTF23aabfcyk,0,1,0,0,1,1,0,1,0,1,0
ZTF23aabfdca,0,1,0,1,0,1,0,1,0,0,1
ZTF23aabfden,0,1,0,1,0,0,1,1,0,1,0
ZTF23aabfdro,1,0,0,0,0,0,0,0,0,0,0
ZTF23aabfdsc,1,0,0,0,0,0,0,0,0,0,0
ZTF23aabfebi,0,1,0,1,0,0,1,1,0,1,0
ZTF23aabfevl,0,1,0,1,0,1,0,0,1,1,0
ZTF23aabfgua,1,0,0,0,0,0,0,0,0,0,0
ZTF23aabfhdo,0,1,0,1,0,1,0,0,1,1,0
ZTF23aabfhlk,1,0,0,0,0,0,0,0,0,0,0
ZTF23aabfjag,0,1,0,1,0,0,1,1,0,1,0
ZTF23aabfjhs,0,1,0,1,0,0,1,1,0,1,0
ZTF23aabfjzu,1,0,0,0,0,0,0,0,0,0,0
ZTF23aabfosj,0,1,0,0,1,1,0,1,0,1,0
ZTF23aabgaxv,0,0,1,1,0,1,0,1,0,1,0
ZTF23aabidjl,0,1,0,1,0,1,0,0,1,1,0
ZTF23aabjjwn,0,0,1,1,0,1,0,1,0,1,0
ZTF23aabjphb,0,0,1,1,0,1,0,1,0,1,0
ZTF23aabkedz,1,0,0,0,0,0,0,0,0,0,0
ZTF23aabknao,0,1,0,1,0,0,1,1,0,1,0
ZTF23aabknka,0,1,0,1,0,0,1,1,0,1,0
ZTF23aabksje,0,1,0,0,1,1,0,1,0,1,0
ZTF23aabkvyi,0,1,0,1,0,1,0,0,1,1,0
ZTF23aabkyag,0,1,0,0,1,1,0,1,0,1,0
ZTF23aablgzj,0,1,0,1,0,0,1,1,0,1,0
ZTF23aablhfw,1,0,0,0,0,0,0,0,0,0,0
ZTF23aablmbc,0,1,0,1,0,0,1,1,0,1,0
ZTF23aabmadl,0,1,0,1,0,1,0,0,1,1,0
ZTF23aabmbdj,0,1,0,0,1,1,0,1,0,1,0
ZTF23aabmcnv,0,1,0,0,1,1,0,1,0,1,0
ZTF23aabmdnb,0,1,0,1,0,1,0,1,0,0,1
ZTF23aabmjrg,0,1,0,1,0,1,0,1,0,0,1
ZTF23aabmzew,0,0,1,1,0,1,0,1,0,1,0
ZTF23aabmzfr,0,1,0,1,0,0,1,1,0,1,0
ZTF23aabnhvl,0,1,0,1,0,1,0,1,0,0,1
ZTF23aabnyfa,0,1,0,1,0,1,0,1,0,0,1
ZTF23aabpghe,0,1,0,0,1,1,0,1,0,1,0
ZTF23aabppzo,0,1,0,1,0,0,1,1,0,1,0
ZTF23aabpwae,0,1,0,1,0,1,0,1,0,0,1
ZTF23aabpwmb,0,1,0,0,1,1,0,1,0,1,0
ZTF23aabqkhi,0,1,0,1,0,1,0,0,1,1,0
ZTF23aabqmll,0,0,1,1,0,1,0,1,0,1,0
ZTF23aabqqgu,0,1,0,0,1,1,0,1,0,1,0
ZTF23aabqqoi,0,1,0,0,1,1,0,1,0,1,0
ZTF23aabqqot,0,1,0,1,0,1,0,1,0,0,1
ZTF23aabqqrx,1,0,0,0,0,0,0,0,0,0,0
ZTF23aabqqsl,0,1,0,1,0,1,0,0,1,1,0
ZTF23aabqqxe,0,0,1,1,0,1,0,1,0,1,0
ZTF23aabqrda,0,0,1,1,0,1,0,1,0,1,0
ZTF23aabqrqr,0,1,0,0,1,1,0,1,0,1,0
ZTF23aabrcll,0,1,0,1,0,0,1,1,0,1,0
ZTF23aabrftw,0,1,0,1,0,1,0,1,0,0,1
ZTF23aabrgiu,0,0,1,1,0,1,0,1,0,1,0
ZTF23aabrmyx,0,1,0,1,0,0,1,1,0,1,0
ZTF23aabrqjp,0,1,0,0,1,1,0,1,0,1,0
ZTF23aabrsdd,0,0,1,1,0,1,0,1,0,1,0
ZTF23aabrsip,1,0,0,0,0,0,0,0,0,0,0
ZTF23aabrsiv,0,1,0,0,1,1,0,1,0,1,0
ZTF23aabrsjh,0,0,1,1,0,1,0,1,0,1,0
ZTF23aabrsoc,0,1,0,1,0,1,0,0,1,1,0
ZTF23aabrson,0,1,0,1,0,1,0,0,1,1,0
ZTF23aabrsoo,0,0,1,1,0,1,0,1,0,1,0
ZTF23aabrssz,0,0,1,1,0,1,0,1,0,1,0
ZTF23aabrtmn,1,0,0,0,0,0,0,0,0,0,0
ZTF23aabrwfl,0,1,0,1,0,1,0,0,1,1,0
ZTF23aabrwkc,0,1,0,1,0,0,1,1,0,1,0
ZTF23aabsgut,0,0,1,1,0,1,0,1,0,1,0
ZTF23aabsice,0,1,0,0,1,1,0,1,0,1,0
ZTF23aabtarg,0,1,0,0,1,1,0,1,0,1,0
ZTF23aabtjdm,0,1,0,1,0,1,0,1,0,0,1
ZTF23aabtjjc,1,0,0,0,0,0,0,0,0,0,0
ZTF23aabtrno,0,0,1,1,0,1,0,1,0,1,0
ZTF23aaburwq,0,1,0,1,0,1,0,1,0,0,1
ZTF23aabusoc,0,0,1,1,0,1,0,1,0,1,0
ZTF23aabutcv,0,0,1,1,0,1,0,1,0,1,0
ZTF23aabutwh,0,1,0,1,0,0,1,1,0,1,0
ZTF23aabutzu,0,1,0,0,1,1,0,1,0,1,0
ZTF23aabuubl,1,0,0,0,0,0,0,0,0,0,0
ZTF23aabuucu,0,0,1,1,0,1,0,1,0,1,0
ZTF23aabvmul,0,0,1,1,0,1,0,1,0,1,0
ZTF23aabvvch,0,1,0,0,1,1,0,1,0,1,0
ZTF23aabwfkc,1,0,0,0,0,0,0,0,0,0,0
ZTF23aabwmiu,0,0,1,1,0,1,0,1,0,1,0
ZTF23aabwmyo,0,1,0,1,0,0,1,1,0,1,0
ZTF23aabwnxo,0,1,0,1,0,1,0,1,0,0,1
ZTF23aabwutd,0,1,0,1,0,1,0,0,1,1,0
ZTF23aabxdch,0,1,0,1,0,0,1,1,0,1,0
ZTF23aabxfqt,0,1,0,1,0,1,0,0,1,1,0
ZTF23aabxgyd,0,1,0,1,0,1,0,1,0,0,1
ZTF23aabxnvq,0,1,0,1,0,0,1,1,0,1,0
ZTF23aabxqtq,1,0,0,0,0,0,0,0,0,0,0
ZTF23aabxyfm,0,0,1,1,0,1,0,1,0,1,0
ZTF23aabyarp,1,0,0,0,0,0,0,0,0,0,0
ZTF23aabybqj,0,1,0,1,0,1,0,1,0,0,1
ZTF23aabybyu,0,1,0,1,0,1,0,1,0,0,1
ZTF23aabycoe,0,0,1,1,0,1,0,1,0,1,0
ZTF23aabygis,0,1,0,0,1,1,0,1,0,1,0
ZTF23aabykuq,0,1,0,0,1,1,0,1,0,1,0
ZTF23aabzcyy,0,0,1,1,0,1,0,1,0,1,0
ZTF23aabztns,0,1,0,1,0,1,0,0,1,1,0
ZTF23aacafsp,0,1,0,0,1,1,0,1,0,1,0
ZTF23aacbdsc,0,1,0,1,0,0,1,1,0,1,0
ZTF23aacbdvq,0,1,0,1,0,0,1,1,0,1,0
ZTF23aacbepv,0,1,0,0,1,1,0,1,0,1,0
ZTF23aacbkam,0,0,1,1,0,1,0,1,0,1,0
ZTF23aacbpjj,1,0,0,0,0,0,0,0,0,0,0
ZTF23aaccaix,0,1,0,0,1,1,0,1,0,1,0
ZTF23aacceix,0,1,0,0,1,1,0,1,0,1,0
ZTF23aaccjza,0,1,0,1,0,1,0,0,1,1,0
ZTF23aacdgrl,0,0,1,1,0,1,0,1,0,1,0
ZTF23aacdixt,0,0,1,1,0,1,0,1,0,1,0
ZTF23aacdkme,0,1,0,1,0,0,1,1,0,1,0
ZTF23aacdkqy,1,0,0,0,0,0,0,0,0,0,0
ZTF23aacdlkn,0,1,0,1,0,0,1,1,0,1,0
ZTF23aacdlsh,0,1,0,1,0,0,1,1,0,1,0
ZTF23aacdlsq,1,0,0,0,0,0,0,0,0,0,0
ZTF23aacdltn,0,1,0,1,0,0,1,1,0,1,0
ZTF23aacdnmw,0,1,0,1,0,1,0,0,1,1,0
ZTF23aacdybm,1,0,0,0,0,0,0,0,0,0,0
ZTF23aacekkv,0,1,0,1,0,1,0,0,1,1,0
ZTF23aacfeyq,0,1,0,0,1,1,0,1,0,1,0
ZTF23aacfgpu,0,1,0,1,0,0,1,1,0,1,0
ZTF23aacfiuv,0,1,0,1,0,1,0,0,1,1,0
ZTF23aacfzfv,0,1,0,1,0,1,0,1,0,0,1
ZTF23aacgalr,1,0,0,0,0,0,0,0,0,0,0
ZTF23aacgdtl,0,1,0,0,1,1,0,1,0,1,0
ZTF23aacggrh,0,1,0,1,0,1,0,0,1,1,0
ZTF23aacginw,0,1,0,0,1,1,0,1,0,1,0
ZTF23aacgiqo,0,1,0,1,0,1,0,1,0,0,1
ZTF23aachdxb,1,0,0,0,0,0,0,0,0,0,0
ZTF23aachgyu,0,1,0,0,1,1,0,1,0,1,0
ZTF23aachlgo,0,1,0,1,0,0,1,1,0,1,0
ZTF23aachliw,1,0,0,0,0,0,0,0,0,0,0
ZTF23aachlmd,0,1,0,0,1,1,0,1,0,1,0
ZTF23aachqbz,0,1,0,1,0,1,0,1,0,0,1
ZTF23aachrwd,0,1,0,0,1,1,0,1,0,1,0
ZTF23aachsdv,0,1,0,1,0,1,0,1,0,0,1
ZTF23aachsji,1,0,0,0,0,0,0,0,0,0,0
ZTF23aachzzp,0,0,1,1,0,1,0,1,0,1,0
ZTF23aaciarb,0,1,0,0,1,1,0,1,0,1,0
ZTF23aaciauy,0,1,0,0,1,1,0,1,0,1,0
ZTF23aaciavm,0,1,0,1,0,1,0,0,1,1,0
ZTF23aacibgv,0,1,0,1,0,1,0,0,1,1,0
ZTF23aacijfs,0,0,1,1,0,1,0,1,0,1,0
ZTF23aaciosd,0,1,0,0,1,1,0,1,0,1,0
ZTF23aacioyq,0,0,1,1,0,1,0,1,0,1,0
ZTF23aacixpo,0,0,1,1,0,1,0,1,0,1,0
ZTF23aaciyck,1,0,0,0,0,0,0,0,0,0,0
ZTF23aacjcls,1,0,0,0,0,0,0,0,0,0,0
ZTF23aaclhjy,0,0,1,1,0,1,0,1,0,1,0
ZTF23aaclpjs,0,1,0,0,1,1,0,1,0,1,0
ZTF23aaclsrr,0,1,0,0,1,1,0,1,0,1,0
ZTF23aacluge,0,1,0,1,0,1,0,0,1,1,0
ZTF23aaclvpz,0,0,1,1,0,1,0,1,0,1,0
ZTF23aaclwfy,1,0,0,0,0,0,0,0,0,0,0
ZTF23aaclyhm,0,1,0,1,0,1,0,0,1,1,0
ZTF23aaclyrt,0,1,0,0,1,1,0,1,0,1,0
ZTF23aacmdbj,0,1,0,0,1,1,0,1,0,1,0
ZTF23aacmdcv,1,0,0,0,0,0,0,0,0,0,0
ZTF23aacmdji,1,0,0,0,0,0,0,0,0,0,0
ZTF23aacmzsd,0,1,0,1,0,1,0,1,0,0,1
ZTF23aacnayt,1,0,0,0,0,0,0,0,0,0,0
ZTF23aacndzz,0,1,0,1,0,1,0,0,1,1,0
ZTF23aacnfse,0,1,0,1,0,1,0,1,0,0,1
ZTF23aacnjmh,0,1,0,1,0,1,0,1,0,0,1
ZTF23aacnjqh,1,0,0,0,0,0,0,0,0,0,0
ZTF23aacnjqn,0,1,0,1,0,1,0,1,0,0,1
ZTF23aacnksm,0,1,0,0,1,1,0,1,0,1,0
ZTF23aacnlgj,0,1,0,0,1,1,0,1,0,1,0
ZTF23aacnlhe,0,1,0,1,0,0,1,1,0,1,0
ZTF23aacnlkz,0,1,0,1,0,1,0,0,1,1,0
ZTF23aacnlrr,0,1,0,1,0,0,1,1,0,1,0
ZTF23aacnltf,0,1,0,1,0,1,0,1,0,0,1
ZTF23aacnltm,0,1,0,1,0,0,1,1,0,1,0
ZTF23aacnltx,0,1,0,1,0,0,1,1,0,1,0
ZTF23aacnlvs,0,1,0,0,1,1,0,1,0,1,0
ZTF23aacnlwf,0,1,0,1,0,0,1,1,0,1,0
ZTF23aacnmem,1,0,0,0,0,0,0,0,0,0,0
ZTF23aacnmjs,0,0,1,1,0,1,0,1,0,1,0
ZTF23aacntte,1,0,0,0,0,0,0,0,0,0,0
ZTF23aacntzh,0,1,0,0,1,1,0,1,0,1,0
ZTF23aacoeiq,0,0,1,1,0,1,0,1,0,1,0
ZTF23aacoekq,0,1,0,1,0,1,0,1,0,0,1
ZTF23aacogag,0,1,0,1,0,0,1,1,0,1,0
ZTF23aacojzu,0,1,0,1,0,0,1,1,0,1,0
ZTF23aacolaj,0,1,0,1,0,1,0,1,0,0,1
ZTF23aacomxa,1,0,0,0,0,0,0,0,0,0,0
ZTF23aaconfl,1,0,0,0,0,0,0,0,0,0,0
ZTF23aacooxf,0,1,0,1,0,1,0,1,0,0,1
ZTF23aacopzi,0,1,0,1,0,1,0,0,1,1,0
ZTF23aacosic,0,1,0,1,0,0,1,1,0,1,0
ZTF23aacouhk,0,1,0,1,0,1,0,0,1,1,0
ZTF23aacovbo,1,0,0,0,0,0,0,0,0,0,0
ZTF23aacowpq,0,1,0,1,0,1,0,0,1,1,0
ZTF23aacpdgu,0,1,0,1,0,1,0,0,1,1,0
ZTF23aacpidz,0,1,0,1,0,1,0,1,0,0,1
ZTF23aacpnxp,0,1,0,0,1,1,0,1,0,1,0
ZTF23aacpnzm,0,1,0,1,0,1,0,1,0,0,1
ZTF23aacpogr,0,1,0,1,0,1,0,1,0,0,1
ZTF23aacqjjv,0,0,1,1,0,1,0,1,0,1,0
ZTF23aacqpqi,0,1,0,0,1,1,0,1,0,1,0
ZTF23aacqrsu,1,0,0,0,0,0,0,0,0,0,0
ZTF23aacqunt,0,0,1,1,0,1,0,1,0,1,0
ZTF23aacrdxz,0,1,0,1,0,1,0,0,1,1,0
ZTF23aacrjex,0,0,1,1,0,1,0,1,0,1,0
ZTF23aacrnhs,0,1,0,1,0,1,0,0,1,1,0
ZTF23aacrpis,1,0,0,0,0,0,0,0,0,0,0
ZTF23aacrpny,0,1,0,1,0,1,0,1,0,0,1
ZTF23aacrpwk,0,0,1,1,0,1,0,1,0,1,0
ZTF23aacrqfd,0,0,1,1,0,1,0,1,0,1,0
ZTF23aacrqiu,0,1,0,1,0,1,0,0,1,1,0
ZTF23aacrrgu,0,1,0,1,0,1,0,0,1,1,0
ZTF23aacrrng,0,1,0,1,0,0,1,1,0,1,0
ZTF23aacrrpu,0,0,1,1,0,1,0,1,0,1,0
ZTF23aacrsil,1,0,0,0,0,0,0,0,0,0,0
ZTF23aacrslb,0,0,1,1,0,1,0,1,0,1,0
ZTF23aacrslq,0,1,0,1,0,1,0,1,0,0,1
ZTF23aacrule,0,1,0,1,0,0,1,1,0,1,0
ZTF23aacrvfv,0,1,0,1,0,1,0,1,0,0,1
ZTF23aacrvlx,0,1,0,1,0,0,1,1,0,1,0
ZTF23aacrvmw,0,0,1,1,0,1,0,1,0,1,0
ZTF23aacrvqj,0,1,0,1,0,0,1,1,0,1,0
ZTF23aacrvtu,0,1,0,1,0,1,0,0,1,1,0
ZTF23aacrwbw,0,1,0,1,0,0,1,1,0,1,0
ZTF23aacrwhr,0,1,0,1,0,0,1,1,0,1,0
ZTF23aacrwjt,0,1,0,1,0,0,1,1,0,1,0
ZTF23aacrwkw,0,1,0,1,0,1,0,1,0,0,1
ZTF23aacryqx,0,1,0,1,0,0,1,1,0,1,0
ZTF23aactfrv,0,0,1,1,0,1,0,1,0,1,0
ZTF23aactpid,0,1,0,0,1,1,0,1,0,1,0
ZTF23aactqpr,0,1,0,0,1,1,0,1,0,1,0
ZTF23aactrqr,0,1,0,1,0,0,1,1,0,1,0
ZTF23aactsfz,0,1,0,0,1,1,0,1,0,1,0
ZTF23aacttki,0,0,1,1,0,1,0,1,0,1,0
ZTF23aactzit,0,1,0,1,0,1,0,1,0,0,1
ZTF23aacugjm,0,1,0,1,0,0,1,1,0,1,0
ZTF23aacugwg,1,0,0,0,0,0,0,0,0,0,0
ZTF23aacujeb,1,0,0,0,0,0,0,0,0,0,0
ZTF23aaculdm,0,1,0,0,1,1,0,1,0,1,0
ZTF23aacullb,0,1,0,1,0,1,0,0,1,1,0
ZTF23aacuqkg,0,1,0,1,0,0,1,1,0,1,0
ZTF23aacuqol,0,1,0,1,0,1,0,0,1,1,0
ZTF23aacurux,0,0,1,1,0,1,0,1,0,1,0
ZTF23aacutlu,0,0,1,1,0,1,0,1,0,1,0
ZTF23aacuumu,0,1,0,1,0,1,0,1,0,0,1
ZTF23aacuuof,0,1,0,1,0,1,0,0,1,1,0
ZTF23aacuvsx,0,1,0,1,0,1,0,1,0,0,1
ZTF23aacuwmi,0,0,1,1,0,1,0,1,0,1,0
ZTF23aacuwum,0,1,0,1,0,0,1,1,0,1,0
ZTF23aacuylc,0,1,0,1,0,1,0,0,1,1,0
ZTF23aacuyuc,0,1,0,1,0,1,0,1,0,0,1
ZTF23aacuzgb,0,1,0,1,0,1,0,1,0,0,1
ZTF23aacvali,0,1,0,1,0,1,0,1,0,0,1
ZTF23aacvamx,0,1,0,0,1,1,0,1,0,1,0
ZTF23aacvapm,0,0,1,1,0,1,0,1,0,1,0
ZTF23aacvawt,1,0,0,0,0,0,0,0,0,0,0
ZTF23aacvbrz,0,1,0,1,0,1,0,0,1,1,0
ZTF23aacvcun,0,1,0,1,0,1,0,1,0,0,1
ZTF23aacvfop,0,1,0,0,1,1,0,1,0,1,0
ZTF23aacvfrg,0,1,0,1,0,1,0,0,1,1,0
ZTF23aacvftg,0,1,0,1,0,1,0,0,1,1,0
ZTF23aacvfth,0,1,0,1,0,1,0,0,1,1,0
ZTF23aacvhow,1,0,0,0,0,0,0,0,0,0,0
ZTF23aacviey,1,0,0,0,0,0,0,0,0,0,0
ZTF23aacvinp,0,1,0,0,1,1,0,1,0,1,0
ZTF23aacvkra,1,0,0,0,0,0,0,0,0,0,0
ZTF23aacvkvu,1,0,0,0,0,0,0,0,0,0,0
ZTF23aacvlcm,1,0,0,0,0,0,0,0,0,0,0
ZTF23aacvlyx,0,0,1,1,0,1,0,1,0,1,0
ZTF23aacvlzv,1,0,0,0,0,0,0,0,0,0,0
ZTF23aacvmbh,0,1,0,1,0,1,0,0,1,1,0
ZTF23aacvnaz,0,1,0,1,0,1,0,1,0,0,1
ZTF23aacvnhu,0,1,0,0,1,1,0,1,0,1,0
ZTF23aacxhko,0,1,0,0,1,1,0,1,0,1,0
ZTF23aacxhvg,0,0,1,1,0,1,0,1,0,1,0
ZTF23aacxhwu,0,1,0,1,0,1,0,0,1,1,0
ZTF23aacxicb,0,1,0,1,0,1,0,0,1,1,0
ZTF23aacxjhc,0,1,0,1,0,0,1,1,0,1,0
ZTF23aacxjms,0,0,1,1,0,1,0,1,0,1,0
ZTF23aacxlcf,0,1,0,1,0,1,0,1,0,0,1
ZTF23aacxlez,0,0,1,1,0,1,0,1,0,1,0
ZTF23aacxliu,0,1,0,0,1,1,0,1,0,1,0
ZTF23aacxlne,1,0,0,0,0,0,0,0,0,0,0
ZTF23aacxlos,0,0,1,1,0,1,0,1,0,1,0
ZTF23aacxlph,0,1,0,1,0,0,1,1,0,1,0
ZTF23aacxlsq,0,1,0,1,0,1,0,1,0,0,1
ZTF23aacxofz,0,0,1,1,0,1,0,1,0,1,0
ZTF23aacxrnp,1,0,0,0,0,0,0,0,0,0,0
ZTF23aacxsju,0,0,1,1,0,1,0,1,0,1,0
ZTF23aacxtfx,1,0,0,0,0,0,0,0,0,0,0
ZTF23aacxtvs,1,0,0,0,0,0,0,0,0,0,0
ZTF23aacxubh,1,0,0,0,0,0,0,0,0,0,0
ZTF23aacxubz,0,0,1,1,0,1,0,1,0,1,0
ZTF23aacxugx,0,1,0,1,0,0,1,1,0,1,0
ZTF23aacxvwm,1,0,0,0,0,0,0,0,0,0,0
ZTF23aacxyhr,1,0,0,0,0,0,0,0,0,0,0
ZTF23aacxyzw,0,1,0,1,0,0,1,1,0,1,0
ZTF23aacydll,0,0,1,1,0,1,0,1,0,1,0
ZTF23aacydwa,0,1,0,1,0,1,0,0,1,1,0
ZTF23aacyeaq,0,1,0,0,1,1,0,1,0,1,0
ZTF23aacyexp,0,1,0,0,1,1,0,1,0,1,0
ZTF23aacyfsg,0,0,1,1,0,1,0,1,0,1,0
ZTF23aacykai,0,0,1,1,0,1,0,1,0,1,0
ZTF23aacyktv,0,1,0,0,1,1,0,1,0,1,0
ZTF23aacykzz,1,0,0,0,0,0,0,0,0,0,0
ZTF23aacylkq,0,1,0,1,0,1,0,0,1,1,0
ZTF23aacymee,0,1,0,1,0,1,0,1,0,0,1
ZTF23aacynai,0,1,0,0,1,1,0,1,0,1,0
ZTF23aacyqay,0,0,1,1,0,1,0,1,0,1,0
ZTF23aacyqhr,0,1,0,1,0,0,1,1,0,1,0
ZTF23aacyqlz,1,0,0,0,0,0,0,0,0,0,0
ZTF23aacyxdf,0,0,1,1,0,1,0,1,0,1,0
ZTF23aacyxny,0,1,0,1,0,1,0,0,1,1,0
ZTF23aacyxot,0,1,0,1,0,0,1,1,0,1,0
ZTF23aacyylg,0,1,0,1,0,0,1,1,0,1,0
ZTF23aaczjvm,1,0,0,0,0,0,0,0,0,0,0
ZTF23aaczozm,0,0,1,1,0,1,0,1,0,1,0
ZTF23aaczpct,1,0,0,0,0,0,0,0,0,0,0
ZTF23aaczpey,1,0,0,0,0,0,0,0,0,0,0
ZTF23aaczplh,0,1,0,1,0,0,1,1,0,1,0
ZTF23aaczpmh,0,1,0,1,0,1,0,0,1,1,0
ZTF23aaczqhw,0,1,0,1,0,1,0,0,1,1,0
ZTF23aaczrwr,0,1,0,1,0,0,1,1,0,1,0
ZTF23aaczrxe,0,1,0,0,1,1,0,1,0,1,0
ZTF23aaczunw,1,0,0,0,0,0,0,0,0,0,0
ZTF23aaczusy,0,1,0,0,1,1,0,1,0,1,0
ZTF23aaczuwn,0,1,0,1,0,1,0,0,1,1,0
ZTF23aaczvfk,0,1,0,1,0,0,1,1,0,1,0
ZTF23aaczvhf,1,0,0,0,0,0,0,0,0,0,0
ZTF23aaczvzb,0,1,0,0,1,1,0,1,0,1,0
ZTF23aaczxiu,1,0,0,0,0,0,0,0,0,0,0
ZTF23aaczxog,1,0,0,0,0,0,0,0,0,0,0
ZTF23aaczysj,0,0,1,1,0,1,0,1,0,1,0
ZTF23aaczyta,0,1,0,1,0,0,1,1,0,1,0
ZTF23aaczzdi,0,1,0,0,1,1,0,1,0,1,0
ZTF23aaczzti,0,1,0,1,0,0,1,1,0,1,0
ZTF23aadaaml,1,0,0,0,0,0,0,0,0,0,0
ZTF23aadacfg,1,0,0,0,0,0,0,0,0,0,0
ZTF23aadadpt,1,0,0,0,0,0,0,0,0,0,0
ZTF23aadaikl,0,0,1,1,0,1,0,1,0,1,0
ZTF23aadainn,0,1,0,0,1,1,0,1,0,1,0
ZTF23aadaiwi,0,1,0,0,1,1,0,1,0,1,0
ZTF23aadajbh,0,1,0,0,1,1,0,1,0,1,0
ZTF23aadakny,0,1,0,1,0,1,0,0,1,1,0
ZTF23aadakqw,1,0,0,0,0,0,0,0,0,0,0
ZTF23aadamvj,0,1,0,0,1,1,0,1,0,1,0
ZTF23aadapcu,0,1,0,0,1,1,0,1,0,1,0
ZTF23aadaqbf,0,1,0,1,0,1,0,1,0,0,1
ZTF23aadaqdr,0,1,0,1,0,0,1,1,0,1,0
ZTF23aadaqvo,0,1,0,0,1,1,0,1,0,1,0
ZTF23aadaxfn,0,1,0,1,0,0,1,1,0,1,0
ZTF23aadaypx,0,1,0,0,1,1,0,1,0,1,0
ZTF23aadbait,0,1,0,0,1,1,0,1,0,1,0
ZTF23aadbbyl,0,0,1,1,0,1,0,1,0,1,0
ZTF23aadbodr,0,1,0,1,0,1,0,0,1,1,0
ZTF23aadboea,0,0,1,1,0,1,0,1,0,1,0
ZTF23aadbogz,0,1,0,1,0,0,1,1,0,1,0
ZTF23aadbolp,1,0,0,0,0,0,0,0,0,0,0
ZTF23aadbpbh,0,1,0,1,0,0,1,1,0,1,0
ZTF23aadbptg,0,1,0,0,1,1,0,1,0,1,0
ZTF23aadbrci,0,1,0,1,0,1,0,0,1,1,0
ZTF23aadbrtf,0,1,0,1,0,1,0,1,0,0,1
ZTF23aadbsdg,0,1,0,1,0,1,0,0,1,1,0
ZTF23aadbskc,0,1,0,1,0,1,0,0,1,1,0
ZTF23aadbsks,0,1,0,1,0,1,0,0,1,1,0
ZTF23aadbsmv,0,1,0,1,0,1,0,0,1,1,0
ZTF23aadbsnb,0,1,0,1,0,0,1,1,0,1,0
ZTF23aadbsop,0,1,0,0,1,1,0,1,0,1,0
ZTF23aadbspj,0,1,0,1,0,0,1,1,0,1,0
ZTF23aadbsvo,0,1,0,1,0,0,1,1,0,1,0
ZTF23aadbtaw,0,1,0,0,1,1,0,1,0,1,0
ZTF23aadbtbj,1,0,0,0,0,0,0,0,0,0,0
ZTF23aadbtcj,0,1,0,1,0,1,0,1,0,0,1
ZTF23aadbtct,0,1,0,1,0,1,0,0,1,1,0
ZTF23aadbtdr,0,0,1,1,0,1,0,1,0,1,0
ZTF23aadbtdx,0,1,0,1,0,1,0,1,0,0,1
ZTF23aadbtou,1,0,0,0,0,0,0,0,0,0,0
ZTF23aadbtpp,0,1,0,1,0,1,0,1,0,0,1
ZTF23aadbwtw,0,0,1,1,0,1,0,1,0,1,0
ZTF23aadbxsz,0,1,0,1,0,0,1,1,0,1,0
ZTF23aadbxuc,0,0,1,1,0,1,0,1,0,1,0
ZTF23aadbycs,0,1,0,1,0,1,0,1,0,0,1
ZTF23aadbydz,0,1,0,0,1,1,0,1,0,1,0
ZTF23aadbzfq,0,1,0,0,1,1,0,1,0,1,0
ZTF23aadbzqx,0,1,0,0,1,1,0,1,0,1,0
ZTF23aadbzsy,0,1,0,0,1,1,0,1,0,1,0
ZTF23aadcajc,0,0,1,1,0,1,0,1,0,1,0
ZTF23aadcaji,0,1,0,0,1,1,0,1,0,1,0
ZTF23aadcalf,0,0,1,1,0,1,0,1,0,1,0
ZTF23aadcapa,0,0,1,1,0,1,0,1,0,1,0
ZTF23aadcapl,0,0,1,1,0,1,0,1,0,1,0
ZTF23aadcaqo,0,1,0,1,0,1,0,0,1,1,0
ZTF23aadcarp,0,1,0,1,0,0,1,1,0,1,0
ZTF23aadcash,0,1,0,1,0,1,0,1,0,0,1
ZTF23aadcbam,0,1,0,1,0,0,1,1,0,1,0
ZTF23aadcbaq,0,1,0,1,0,0,1,1,0,1,0
ZTF23aadcbay,0,0,1,1,0,1,0,1,0,1,0
ZTF23aadcbbg,1,0,0,0,0,0,0,0,0,0,0
ZTF23aadcbcf,0,1,0,1,0,1,0,1,0,0,1
ZTF23aadcbdn,0,1,0,1,0,1,0,1,0,0,1
ZTF23aadcbfw,1,0,0,0,0,0,0,0,0,0,0
ZTF23aadcbgu,0,0,1,1,0,1,0,1,0,1,0
ZTF23aadcbho,0,0,1,1,0,1,0,1,0,1,0
ZTF23aadccqz,1,0,0,0,0,0,0,0,0,0,0
ZTF23aadccwn,0,0,1,1,0,1,0,1,0,1,0
ZTF23aadcdgl,0,1,0,1,0,0,1,1,0,1,0
ZTF23aadcdhn,0,0,1,1,0,1,0,1,0,1,0
ZTF23aadcdiq,0,0,1,1,0,1,0,1,0,1,0
ZTF23aadcdrn,1,0,0,0,0,0,0,0,0,0,0
ZTF23aadcdtw,0,0,1,1,0,1,0,1,0,1,0
ZTF23aadcdug,0,1,0,0,1,1,0,1,0,1,0
ZTF23aadcepw,0,1,0,1,0,1,0,1,0,0,1
ZTF23aadceqv,0,1,0,1,0,1,0,1,0,0,1
ZTF23aadcezn,0,1,0,1,0,0,1,1,0,1,0
ZTF23aadcffi,1,0,0,0,0,0,0,0,0,0,0
ZTF23aadcfga,0,1,0,1,0,1,0,0,1,1,0
ZTF23aadcfgr,1,0,0,0,0,0,0,0,0,0,0
ZTF23aadcfgu,1,0,0,0,0,0,0,0,0,0,0
ZTF23aadcfgv,0,1,0,1,0,1,0,1,0,0,1
ZTF23aadcfld,1,0,0,0,0,0,0,0,0,0,0
ZTF23aadcgak,0,1,0,0,1,1,0,1,0,1,0
ZTF23aadchee,1,0,0,0,0,0,0,0,0,0,0
ZTF23aadchqd,0,1,0,0,1,1,0,1,0,1,0
ZTF23aadchqe,0,1,0,0,1,1,0,1,0,1,0
ZTF23aadchxg,0,1,0,1,0,1,0,1,0,0,1
ZTF23aadcidf,0,1,0,1,0,1,0,0,1,1,0
ZTF23aadcigg,0,1,0,1,0,0,1,1,0,1,0
ZTF23aadcihw,0,1,0,1,0,1,0,1,0,0,1
ZTF23aadcioq,0,0,1,1,0,1,0,1,0,1,0
ZTF23aadcizn,0,1,0,1,0,1,0,0,1,1,0
ZTF23aadcizu,0,1,0,0,1,1,0,1,0,1,0
ZTF23aadcjll,0,1,0,1,0,1,0,1,0,0,1
ZTF23aadcjzq,0,1,0,1,0,0,1,1,0,1,0
ZTF23aadcluy,1,0,0,0,0,0,0,0,0,0,0
ZTF23aadclzf,0,1,0,1,0,0,1,1,0,1,0
ZTF23aadcthm,0,1,0,1,0,0,1,1,0,1,0
ZTF23aadcuoi,0,1,0,1,0,1,0,1,0,0,1
ZTF23aadcvce,0,0,1,1,0,1,0,1,0,1,0
ZTF23aadcwvp,0,0,1,1,0,1,0,1,0,1,0
ZTF23aadcymf,1,0,0,0,0,0,0,0,0,0,0
ZTF23aadcyub,1,0,0,0,0,0,0,0,0,0,0
ZTF23aadddam,0,1,0,1,0,1,0,1,0,0,1
ZTF23aadddlt,0,1,0,1,0,0,1,1,0,1,0
ZTF23aadddug,0,1,0,1,0,1,0,1,0,0,1
ZTF23aaddgab,0,1,0,1,0,1,0,0,1,1,0
ZTF23aaddhdx,0,0,1,1,0,1,0,1,0,1,0
ZTF23aaddkbd,0,1,0,1,0,1,0,0,1,1,0
ZTF23aaddnyf,0,1,0,1,0,0,1,1,0,1,0
ZTF23aaddovn,0,0,1,1,0,1,0,1,0,1,0
ZTF23aaddpfx,0,0,1,1,0,1,0,1,0,1,0
ZTF23aaddqaa,0,1,0,1,0,1,0,1,0,0,1
ZTF23aaddrnx,0,0,1,1,0,1,0,1,0,1,0
ZTF23aadebbp,0,1,0,1,0,1,0,0,1,1,0
ZTF23aadedhp,0,1,0,1,0,1,0,1,0,0,1
ZTF23aadflno,1,0,0,0,0,0,0,0,0,0,0
ZTF23aadfrhq,0,1,0,0,1,1,0,1,0,1,0
ZTF23aadfrnv,0,1,0,0,1,1,0,1,0,1,0
ZTF23aadfrqa,0,1,0,1,0,0,1,1,0,1,0
ZTF23aadfrry,1,0,0,0,0,0,0,0,0,0,0
ZTF23aadfsou,0,0,1,1,0,1,0,1,0,1,0
ZTF23aadfxve,0,0,1,1,0,1,0,1,0,1,0
ZTF23aadgage,0,0,1,1,0,1,0,1,0,1,0
ZTF23aadgcaf,0,1,0,1,0,1,0,0,1,1,0
ZTF23aadgceb,1,0,0,0,0,0,0,0,0,0,0
ZTF23aadgcff,0,1,0,1,0,0,1,1,0,1,0
ZTF23aadgcfh,0,1,0,1,0,1,0,1,0,0,1
ZTF23aadgcfj,1,0,0,0,0,0,0,0,0,0,0
ZTF23aadgdnk,0,1,0,1,0,0,1,1,0,1,0
ZTF23aadgdnv,1,0,0,0,0,0,0,0,0,0,0
ZTF23aadgelo,0,1,0,1,0,1,0,0,1,1,0
ZTF23aadgfoz,1,0,0,0,0,0,0,0,0,0,0
ZTF23aadgjcc,0,1,0,1,0,1,0,0,1,1,0
ZTF23aadguzs,0,1,0,1,0,1,0,1,0,0,1
ZTF23aadgvaj,1,0,0,0,0,0,0,0,0,0,0
ZTF23aadgvms,0,1,0,1,0,0,1,1,0,1,0
ZTF23aadhelv,0,0,1,1,0,1,0,1,0,1,0
ZTF23aadheuo,0,1,0,0,1,1,0,1,0,1,0
ZTF23aadhgaq,1,0,0,0,0,0,0,0,0,0,0
ZTF23aadhoxk,0,0,1,1,0,1,0,1,0,1,0
ZTF23aadhpwf,0,0,1,1,0,1,0,1,0,1,0
ZTF23aadhuyg,1,0,0,0,0,0,0,0,0,0,0
ZTF23aadhyjb,0,1,0,1,0,0,1,1,0,1,0
ZTF23aadiaxt,0,1,0,1,0,1,0,0,1,1,0
ZTF23aadihvp,0,1,0,1,0,1,0,1,0,0,1
ZTF23aadikdh,0,1,0,0,1,1,0,1,0,1,0
ZTF23aadiscp,0,1,0,1,0,1,0,1,0,0,1
ZTF23aadiumo,0,1,0,1,0,1,0,0,1,1,0
ZTF23aadiwtk,0,0,1,1,0,1,0,1,0,1,0
ZTF23aadjatm,1,0,0,0,0,0,0,0,0,0,0
ZTF23aadjdqy,1,0,0,0,0,0,0,0,0,0,0
ZTF23aadjdrx,0,0,1,1,0,1,0,1,0,1,0
ZTF23aadjefm,0,0,1,1,0,1,0,1,0,1,0
ZTF23aadjfdu,1,0,0,0,0,0,0,0,0,0,0
ZTF23aadjhwn,1,0,0,0,0,0,0,0,0,0,0
ZTF23aadjlqe,0,1,0,1,0,1,0,1,0,0,1
ZTF23aadjmso,1,0,0,0,0,0,0,0,0,0,0
ZTF23aadjnal,0,1,0,1,0,1,0,0,1,1,0
ZTF23aadjnbp,0,1,0,0,1,1,0,1,0,1,0
ZTF23aadjnha,0,1,0,0,1,1,0,1,0,1,0
ZTF23aadjnho,1,0,0,0,0,0,0,0,0,0,0
ZTF23aadjnhr,0,1,0,0,1,1,0,1,0,1,0
ZTF23aadjnit,0,1,0,1,0,0,1,1,0,1,0
ZTF23aadjniz,0,1,0,1,0,0,1,1,0,1,0
ZTF23aadjnjp,0,1,0,1,0,1,0,1,0,0,1
ZTF23aadjnls,1,0,0,0,0,0,0,0,0,0,0
ZTF23aadjoew,0,1,0,0,1,1,0,1,0,1,0
ZTF23aadjoiv,1,0,0,0,0,0,0,0,0,0,0
ZTF23aadjoml,0,0,1,1,0,1,0,1,0,1,0
ZTF23aadjpsn,0,1,0,1,0,1,0,0,1,1,0
ZTF23aadjptg,0,1,0,1,0,0,1,1,0,1,0
ZTF23aadjpub,0,1,0,1,0,0,1,1,0,1,0
ZTF23aadjqgn,0,1,0,0,1,1,0,1,0,1,0
ZTF23aadjrag,1,0,0,0,0,0,0,0,0,0,0
ZTF23aadjrba,0,0,1,1,0,1,0,1,0,1,0
ZTF23aadjrck,1,0,0,0,0,0,0,0,0,0,0
ZTF23aadjrgq,0,0,1,1,0,1,0,1,0,1,0
ZTF23aadjrid,0,1,0,1,0,1,0,0,1,1,0
ZTF23aadjrlz,0,1,0,1,0,1,0,1,0,0,1
ZTF23aadjsey,1,0,0,0,0,0,0,0,0,0,0
ZTF23aadjsoq,0,0,1,1,0,1,0,1,0,1,0
ZTF23aadjsrr,0,1,0,1,0,1,0,1,0,0,1
ZTF23aadjsyj,0,1,0,1,0,0,1,1,0,1,0
ZTF23aadjucs,0,1,0,0,1,1,0,1,0,1,0
ZTF23aadjume,0,1,0,0,1,1,0,1,0,1,0
ZTF23aadjuqh,0,1,0,0,1,1,0,1,0,1,0
ZTF23aadjuwa,0,1,0,1,0,1,0,1,0,0,1
ZTF23aadjvau,0,0,1,1,0,1,0,1,0,1,0
ZTF23aadjvni,0,1,0,1,0,1,0,0,1,1,0
ZTF23aadjvtl,0,1,0,1,0,1,0,1,0,0,1
ZTF23aadjvwl,0,1,0,1,0,0,1,1,0,1,0
ZTF23aadjwvv,0,1,0,1,0,0,1,1,0,1,0
ZTF23aadjyiw,0,1,0,1,0,1,0,0,1,1,0
ZTF23aadkqyp,0,1,0,1,0,1,0,0,1,1,0
ZTF23aadkrkh,1,0,0,0,0,0,0,0,0,0,0
ZTF23aadkvex,0,1,0,1,0,1,0,1,0,0,1
ZTF23aadkvpn,0,1,0,1,0,1,0,1,0,0,1
ZTF23aadohfu,0,1,0,1,0,1,0,1,0,0,1
ZTF23aadohhc,0,1,0,1,0,1,0,1,0,0,1
ZTF23aadozmw,0,1,0,1,0,1,0,0,1,1,0
ZTF23aadozop,0,1,0,1,0,0,1,1,0,1,0
ZTF23aadozpi,0,1,0,1,0,1,0,1,0,0,1
ZTF23aadozvb,0,0,1,1,0,1,0,1,0,1,0
ZTF23aadpboq,0,1,0,1,0,1,0,0,1,1,0
ZTF23aadpbvm,0,0,1,1,0,1,0,1,0,1,0
ZTF23aadpcbj,0,1,0,0,1,1,0,1,0,1,0
ZTF23aadpcky,0,1,0,1,0,1,0,0,1,1,0
ZTF23aadpcof,0,1,0,1,0,1,0,0,1,1,0
ZTF23aadpgcv,0,1,0,0,1,1,0,1,0,1,0
ZTF23aadpgkp,0,1,0,0,1,1,0,1,0,1,0
ZTF23aadpkbr,0,1,0,1,0,1,0,1,0,0,1
ZTF23aadpkoe,1,0,0,0,0,0,0,0,0,0,0
ZTF23aadplat,0,1,0,1,0,1,0,1,0,0,1
ZTF23aadplmh,0,0,1,1,0,1,0,1,0,1,0
ZTF23aadpohs,1,0,0,0,0,0,0,0,0,0,0
ZTF23aadpotm,0,0,1,1,0,1,0,1,0,1,0
ZTF23aadptcy,0,0,1,1,0,1,0,1,0,1,0
ZTF23aadpulk,0,1,0,1,0,1,0,0,1,1,0
ZTF23aadpxms,0,0,1,1,0,1,0,1,0,1,0
ZTF23aadqcax,0,1,0,1,0,1,0,1,0,0,1
ZTF23aadqctr,0,1,0,1,0,1,0,0,1,1,0
ZTF23aadqcvj,0,0,1,1,0,1,0,1,0,1,0
ZTF23aadqdcv,0,0,1,1,0,1,0,1,0,1,0
ZTF23aadqdds,1,0,0,0,0,0,0,0,0,0,0
ZTF23aadqdkb,1,0,0,0,0,0,0,0,0,0,0
ZTF23aadqduf,0,1,0,1,0,1,0,1,0,0,1
ZTF23aadqeqp,0,1,0,0,1,1,0,1,0,1,0
ZTF23aadqfbe,1,0,0,0,0,0,0,0,0,0,0
ZTF23aadqfwb,1,0,0,0,0,0,0,0,0,0,0
ZTF23aadqgyc,0,1,0,1,0,0,1,1,0,1,0
ZTF23aadqhae,0,1,0,1,0,1,0,1,0,0,1
ZTF23aadqhgv,0,1,0,1,0,1,0,0,1,1,0
ZTF23aadqhoo,0,1,0,1,0,1,0,0,1,1,0
ZTF23aadqhvr,0,1,0,0,1,1,0,1,0,1,0
ZTF23aadqiek,0,1,0,1,0,0,1,1,0,1,0
ZTF23aadqifc,0,1,0,0,1,1,0,1,0,1,0
ZTF23aadqigl,0,1,0,1,0,0,1,1,0,1,0
ZTF23aadqjre,1,0,0,0,0,0,0,0,0,0,0
ZTF23aadqkkk,0,1,0,0,1,1,0,1,0,1,0
ZTF23aadqldn,1,0,0,0,0,0,0,0,0,0,0
ZTF23aadqldo,1,0,0,0,0,0,0,0,0,0,0
ZTF23aadqmfe,0,0,1,1,0,1,0,1,0,1,0
ZTF23aadrbcb,0,1,0,1,0,1,0,0,1,1,0
ZTF23aadrmsa,0,0,1,1,0,1,0,1,0,1,0
ZTF23aadromz,1,0,0,0,0,0,0,0,0,0,0
ZTF23aadrsxj,0,0,1,1,0,1,0,1,0,1,0
ZTF23aadrtag,0,1,0,0,1,1,0,1,0,1,0
ZTF23aadrtbg,0,0,1,1,0,1,0,1,0,1,0
ZTF23aadrtji,0,1,0,1,0,0,1,1,0,1,0
ZTF23aadrtjn,1,0,0,0,0,0,0,0,0,0,0
ZTF23aadrtlp,0,1,0,1,0,1,0,1,0,0,1
ZTF23aadrtqt,1,0,0,0,0,0,0,0,0,0,0
ZTF23aadrttb,0,1,0,1,0,0,1,1,0,1,0
ZTF23aadrtwf,1,0,0,0,0,0,0,0,0,0,0
ZTF23aadrtwh,1,0,0,0,0,0,0,0,0,0,0
ZTF23aadrtyc,0,1,0,1,0,1,0,0,1,1,0
ZTF23aadrubc,0,1,0,1,0,1,0,1,0,0,1
ZTF23aadrubh,0,1,0,1,0,1,0,0,1,1,0
ZTF23aadrudf,0,1,0,1,0,1,0,1,0,0,1
ZTF23aadrudy,0,1,0,1,0,0,1,1,0,1,0
ZTF23aadruka,0,1,0,1,0,0,1,1,0,1,0
ZTF23aadruln,0,0,1,1,0,1,0,1,0,1,0
ZTF23aadrume,0,1,0,1,0,0,1,1,0,1,0
ZTF23aadrwem,0,1,0,1,0,1,0,1,0,0,1
ZTF23aadsblf,0,1,0,1,0,1,0,0,1,1,0
ZTF23aadsfsm,0,1,0,0,1,1,0,1,0,1,0
ZTF23aadsfyd,0,0,1,1,0,1,0,1,0,1,0
ZTF23aadsgag,0,1,0,1,0,1,0,1,0,0,1
ZTF23aadsggf,0,1,0,0,1,1,0,1,0,1,0
ZTF23aadsglf,0,1,0,1,0,0,1,1,0,1,0
ZTF23aadsjsz,0,0,1,1,0,1,0,1,0,1,0
ZTF23aadsjya,0,1,0,1,0,1,0,0,1,1,0
ZTF23aadskoy,0,1,0,1,0,1,0,1,0,0,1
ZTF23aadskqz,0,1,0,0,1,1,0,1,0,1,0
ZTF23aadskzh,0,1,0,1,0,1,0,0,1,1,0
ZTF23aadskzz,0,1,0,1,0,1,0,1,0,0,1
ZTF23aadslye,0,1,0,0,1,1,0,1,0,1,0
ZTF23aadsmjo,0,1,0,0,1,1,0,1,0,1,0
ZTF23aadsyep,0,1,0,1,0,1,0,1,0,0,1
ZTF23aadszza,1,0,0,0,0,0,0,0,0,0,0
ZTF23aadtqhi,1,0,0,0,0,0,0,0,0,0,0
ZTF23aadtqlt,0,1,0,1,0,1,0,1,0,0,1
ZTF23aadtrws,0,1,0,0,1,1,0,1,0,1,0
ZTF23aadtrzd,0,1,0,1,0,0,1,1,0,1,0
ZTF23aadtuxy,0,1,0,0,1,1,0,1,0,1,0
ZTF23aadtvmb,1,0,0,0,0,0,0,0,0,0,0
ZTF23aadtvuw,1,0,0,0,0,0,0,0,0,0,0
ZTF23aadtwfs,0,0,1,1,0,1,0,1,0,1,0
ZTF23aadtwql,0,1,0,1,0,1,0,1,0,0,1
ZTF23aadtyrh,0,1,0,0,1,1,0,1,0,1,0
ZTF23aadtzse,1,0,0,0,0,0,0,0,0,0,0
ZTF23aadudbc,0,1,0,1,0,0,1,1,0,1,0
ZTF23aadudtr,0,0,1,1,0,1,0,1,0,1,0
ZTF23aadufay,0,1,0,1,0,1,0,1,0,0,1
ZTF23aadufql,1,0,0,0,0,0,0,0,0,0,0
ZTF23aaduhkq,0,1,0,1,0,1,0,0,1,1,0
ZTF23aadukai,0,1,0,1,0,1,0,1,0,0,1
ZTF23aaduuov,1,0,0,0,0,0,0,0,0,0,0
ZTF23aaduxhx,1,0,0,0,0,0,0,0,0,0,0
ZTF23aadvjqb,1,0,0,0,0,0,0,0,0,0,0
ZTF23aadvkjv,0,1,0,1,0,0,1,1,0,1,0
ZTF23aadvoyh,0,0,1,1,0,1,0,1,0,1,0
ZTF23aadvulr,0,1,0,0,1,1,0,1,0,1,0
ZTF23aadvvyu,0,1,0,1,0,1,0,1,0,0,1
ZTF23aadvztd,1,0,0,0,0,0,0,0,0,0,0
ZTF23aadwaiz,0,1,0,1,0,0,1,1,0,1,0
ZTF23aadwdve,0,1,0,1,0,1,0,0,1,1,0
ZTF23aadwexb,1,0,0,0,0,0,0,0,0,0,0
ZTF23aadwfad,0,1,0,1,0,0,1,1,0,1,0
ZTF23aadwfqy,0,1,0,1,0,0,1,1,0,1,0
ZTF23aadwfyu,1,0,0,0,0,0,0,0,0,0,0
ZTF23aadwiaf,0,1,0,1,0,1,0,0,1,1,0
ZTF23aadwigb,0,1,0,1,0,0,1,1,0,1,0
ZTF23aadwitm,0,1,0,1,0,1,0,0,1,1,0
ZTF23aadwiyy,0,1,0,1,0,1,0,1,0,0,1
ZTF23aadwjmc,0,1,0,0,1,1,0,1,0,1,0
ZTF23aadwjpq,0,1,0,1,0,1,0,1,0,0,1
ZTF23aadwjtg,0,1,0,0,1,1,0,1,0,1,0
ZTF23aadwlbu,1,0,0,0,0,0,0,0,0,0,0
ZTF23aadwlby,0,0,1,1,0,1,0,1,0,1,0
ZTF23aadwlhl,0,0,1,1,0,1,0,1,0,1,0
ZTF23aadxdwv,0,1,0,0,1,1,0,1,0,1,0
ZTF23aadxevy,0,0,1,1,0,1,0,1,0,1,0
ZTF23aadxgmk,0,1,0,1,0,0,1,1,0,1,0
ZTF23aadxiga,1,0,0,0,0,0,0,0,0,0,0
ZTF23aadxmak,0,1,0,1,0,0,1,1,0,1,0
ZTF23aadxqfw,0,1,0,1,0,1,0,0,1,1,0
ZTF23aadxqja,0,1,0,1,0,1,0,1,0,0,1
ZTF23aadxqww,0,1,0,1,0,1,0,0,1,1,0
ZTF23aadxrid,0,1,0,1,0,1,0,1,0,0,1
ZTF23aadxxrd,0,1,0,0,1,1,0,1,0,1,0
ZTF23aadzddh,0,1,0,1,0,1,0,1,0,0,1
ZTF23aaeaejy,0,1,0,1,0,1,0,1,0,0,1
ZTF23aaeaopc,0,1,0,0,1,1,0,1,0,1,0
ZTF23aaeapfo,0,1,0,0,1,1,0,1,0,1,0
ZTF23aaeardk,0,1,0,1,0,0,1,1,0,1,0
ZTF23aaeauii,0,1,0,1,0,1,0,1,0,0,1
ZTF23aaeavsh,0,1,0,1,0,0,1,1,0,1,0
ZTF23aaeavxd,0,1,0,0,1,1,0,1,0,1,0
ZTF23aaeavxp,0,0,1,1,0,1,0,1,0,1,0
ZTF23aaeavyr,0,1,0,0,1,1,0,1,0,1,0
ZTF23aaeaxgr,1,0,0,0,0,0,0,0,0,0,0
ZTF23aaeaysm,0,1,0,0,1,1,0,1,0,1,0
ZTF23aaeblea,0,1,0,1,0,0,1,1,0,1,0
ZTF23aaeblgi,1,0,0,0,0,0,0,0,0,0,0
ZTF23aaebnla,0,1,0,0,1,1,0,1,0,1,0
ZTF23aaebopi,0,1,0,1,0,1,0,1,0,0,1
ZTF23aaebpez,0,1,0,0,1,1,0,1,0,1,0
ZTF23aaebuyg,0,1,0,0,1,1,0,1,0,1,0
ZTF23aaebybf,0,1,0,1,0,1,0,0,1,1,0
ZTF23aaebyug,0,1,0,1,0,1,0,0,1,1,0
ZTF23aaecdmo,0,1,0,0,1,1,0,1,0,1,0
ZTF23aaecetf,0,1,0,0,1,1,0,1,0,1,0
ZTF23aaecevp,0,1,0,1,0,0,1,1,0,1,0
ZTF23aaeceyt,0,1,0,1,0,0,1,1,0,1,0
ZTF23aaecfgk,0,1,0,1,0,0,1,1,0,1,0
ZTF23aaecfnp,0,1,0,1,0,0,1,1,0,1,0
ZTF23aaecgkb,1,0,0,0,0,0,0,0,0,0,0
ZTF23aaecgry,0,1,0,1,0,1,0,0,1,1,0
ZTF23aaecgwh,1,0,0,0,0,0,0,0,0,0,0
ZTF23aaechiy,0,1,0,1,0,1,0,1,0,0,1
ZTF23aaechmx,0,1,0,1,0,0,1,1,0,1,0
ZTF23aaecjpe,0,1,0,1,0,1,0,0,1,1,0
ZTF23aaecjzj,0,1,0,1,0,0,1,1,0,1,0
ZTF23aaecsqi,0,1,0,1,0,0,1,1,0,1,0
ZTF23aaecvvh,0,1,0,1,0,0,1,1,0,1,0
ZTF23aaedpyy,0,1,0,1,0,1,0,0,1,1,0
ZTF23aaedrcn,0,1,0,1,0,1,0,1,0,0,1
ZTF23aaedsfn,1,0,0,0,0,0,0,0,0,0,0
ZTF23aaedvtn,0,0,1,1,0,1,0,1,0,1,0
ZTF23aaedwfk,0,0,1,1,0,1,0,1,0,1,0
ZTF23aaeebqq,0,1,0,0,1,1,0,1,0,1,0
ZTF23aaeedgu,0,1,0,0,1,1,0,1,0,1,0
ZTF23aaeedip,0,1,0,0,1,1,0,1,0,1,0
ZTF23aaeemik,0,1,0,0,1,1,0,1,0,1,0
ZTF23aaeeqhm,0,1,0,1,0,1,0,0,1,1,0
ZTF23aaeeugd,0,0,1,1,0,1,0,1,0,1,0
ZTF23aaeevzm,0,1,0,0,1,1,0,1,0,1,0
ZTF23aaeewot,0,0,1,1,0,1,0,1,0,1,0
ZTF23aaefakt,1,0,0,0,0,0,0,0,0,0,0
ZTF23aaefbda,0,1,0,0,1,1,0,1,0,1,0
ZTF23aaefbeu,0,0,1,1,0,1,0,1,0,1,0
ZTF23aaeffmd,1,0,0,0,0,0,0,0,0,0,0
ZTF23aaefhqw,0,1,0,1,0,1,0,1,0,0,1
ZTF23aaefjdo,0,1,0,1,0,0,1,1,0,1,0
ZTF23aaefkhe,0,0,1,1,0,1,0,1,0,1,0
ZTF23aaefktq,1,0,0,0,0,0,0,0,0,0,0
ZTF23aaefnsr,0,1,0,0,1,1,0,1,0,1,0
ZTF23aaefozl,0,1,0,1,0,1,0,1,0,0,1
ZTF23aaefpdi,1,0,0,0,0,0,0,0,0,0,0
ZTF23aaefpfb,1,0,0,0,0,0,0,0,0,0,0
ZTF23aaefqrs,1,0,0,0,0,0,0,0,0,0,0
ZTF23aaehsgs,0,0,1,1,0,1,0,1,0,1,0
ZTF23aaehsgt,0,1,0,1,0,1,0,0,1,1,0
ZTF23aaehtcp,1,0,0,0,0,0,0,0,0,0,0
ZTF23aaehvkb,0,1,0,1,0,1,0,1,0,0,1
ZTF23aaehwin,0,1,0,1,0,1,0,1,0,0,1
ZTF23aaeicdt,0,1,0,1,0,1,0,0,1,1,0
ZTF23aaeieqk,0,1,0,0,1,1,0,1,0,1,0
ZTF23aaeijko,0,0,1,1,0,1,0,1,0,1,0
ZTF23aaeiyeq,0,0,1,1,0,1,0,1,0,1,0
ZTF23aaejdke,0,1,0,1,0,1,0,1,0,0,1
ZTF23aaejdts,0,1,0,0,1,1,0,1,0,1,0
ZTF23aaejixk,0,1,0,1,0,1,0,1,0,0,1
ZTF23aaejqdi,1,0,0,0,0,0,0,0,0,0,0
ZTF23aaejqnc,0,1,0,1,0,0,1,1,0,1,0
ZTF23aaejqtu,0,1,0,0,1,1,0,1,0,1,0
ZTF23aaejtiz,0,1,0,1,0,1,0,1,0,0,1
ZTF23aaejtuh,0,1,0,1,0,1,0,1,0,0,1
ZTF23aaejvro,1,0,0,0,0,0,0,0,0,0,0
ZTF23aaejvta,0,1,0,1,0,1,0,0,1,1,0
ZTF23aaejwdu,0,1,0,1,0,0,1,1,0,1,0
ZTF23aaejwkh,0,1,0,1,0,1,0,1,0,0,1
ZTF23aaejyuo,0,1,0,1,0,0,1,1,0,1,0
ZTF23aaekato,0,1,0,1,0,0,1,1,0,1,0
ZTF23aaekbpz,0,1,0,1,0,1,0,1,0,0,1
ZTF23aaekejj,1,0,0,0,0,0,0,0,0,0,0
ZTF23aaekifm,0,1,0,1,0,0,1,1,0,1,0
ZTF23aaekilm,0,1,0,0,1,1,0,1,0,1,0
ZTF23aaeklax,0,1,0,0,1,1,0,1,0,1,0
ZTF23aaeklou,0,1,0,0,1,1,0,1,0,1,0
ZTF23aaektps,0,1,0,1,0,1,0,1,0,0,1
ZTF23aaekwuz,1,0,0,0,0,0,0,0,0,0,0
ZTF23aaelanp,0,1,0,1,0,1,0,0,1,1,0
ZTF23aaelaum,1,0,0,0,0,0,0,0,0,0,0
ZTF23aaelbet,0,1,0,0,1,1,0,1,0,1,0
ZTF23aaelbgl,0,1,0,1,0,1,0,0,1,1,0
ZTF23aaelciy,0,1,0,0,1,1,0,1,0,1,0
ZTF23aaelclx,0,0,1,1,0,1,0,1,0,1,0
ZTF23aaeldcu,0,1,0,1,0,1,0,1,0,0,1
ZTF23aaeldtx,0,1,0,1,0,0,1,1,0,1,0
ZTF23aaelfgk,0,1,0,1,0,1,0,0,1,1,0
ZTF23aaelgnd,0,0,1,1,0,1,0,1,0,1,0
ZTF23aaeljse,0,1,0,1,0,1,0,1,0,0,1
ZTF23aaelklt,1,0,0,0,0,0,0,0,0,0,0
ZTF23aaelkos,0,1,0,0,1,1,0,1,0,1,0
ZTF23aaelmbd,0,1,0,0,1,1,0,1,0,1,0
ZTF23aaelmkh,0,1,0,1,0,0,1,1,0,1,0
ZTF23aaeloxz,0,1,0,1,0,0,1,1,0,1,0
ZTF23aaelpmd,0,1,0,0,1,1,0,1,0,1,0
ZTF23aaelqpq,0,1,0,1,0,1,0,1,0,0,1
ZTF23aaeluuh,0,1,0,1,0,0,1,1,0,1,0
ZTF23aaemepn,0,1,0,1,0,0,1,1,0,1,0
ZTF23aaemgsd,1,0,0,0,0,0,0,0,0,0,0
ZTF23aaemgzq,0,1,0,1,0,1,0,1,0,0,1
ZTF23aaemlbp,0,1,0,1,0,1,0,0,1,1,0
ZTF23aaemnzd,0,1,0,1,0,0,1,1,0,1,0
ZTF23aaemour,0,1,0,1,0,0,1,1,0,1,0
ZTF23aaempzk,0,1,0,1,0,0,1,1,0,1,0
ZTF23aaemrbj,0,0,1,1,0,1,0,1,0,1,0
ZTF23aaemsfm,0,1,0,1,0,1,0,1,0,0,1
ZTF23aaemtdr,0,1,0,1,0,1,0,1,0,0,1
ZTF23aaemxkw,0,1,0,1,0,0,1,1,0,1,0
ZTF23aaemxml,1,0,0,0,0,0,0,0,0,0,0
ZTF23aaenaer,1,0,0,0,0,0,0,0,0,0,0
ZTF23aaenavs,0,1,0,0,1,1,0,1,0,1,0
ZTF23aaenbcx,0,1,0,0,1,1,0,1,0,1,0
ZTF23aaencdh,0,1,0,0,1,1,0,1,0,1,0
ZTF23aaencyg,1,0,0,0,0,0,0,0,0,0,0
ZTF23aaenexu,0,1,0,1,0,1,0,0,1,1,0
ZTF23aaenlby,0,1,0,1,0,0,1,1,0,1,0
ZTF23aaenltb,1,0,0,0,0,0,0,0,0,0,0
ZTF23aaenluj,0,1,0,1,0,0,1,1,0,1,0
ZTF23aaenpcd,0,1,0,1,0,1,0,0,1,1,0
ZTF23aaenpnz,1,0,0,0,0,0,0,0,0,0,0
ZTF23aaenpuo,1,0,0,0,0,0,0,0,0,0,0
ZTF23aaenqok,0,0,1,1,0,1,0,1,0,1,0
ZTF23aaensha,0,1,0,1,0,1,0,0,1,1,0
ZTF23aaenslm,1,0,0,0,0,0,0,0,0,0,0
ZTF23aaeofnx,0,0,1,1,0,1,0,1,0,1,0
ZTF23aaeofsd,1,0,0,0,0,0,0,0,0,0,0
ZTF23aaeofvj,0,1,0,0,1,1,0,1,0,1,0
ZTF23aaeogjb,0,1,0,1,0,1,0,1,0,0,1
ZTF23aaeoicm,0,1,0,0,1,1,0,1,0,1,0
ZTF23aaeorwb,0,1,0,0,1,1,0,1,0,1,0
ZTF23aaeotcl,0,1,0,1,0,0,1,1,0,1,0
ZTF23aaeowng,1,0,0,0,0,0,0,0,0,0,0
ZTF23aaeozef,0,1,0,1,0,0,1,1,0,1,0
ZTF23aaepdlv,0,0,1,1,0,1,0,1,0,1,0
ZTF23aaepefq,0,1,0,1,0,0,1,1,0,1,0
ZTF23aaepfmh,0,1,0,1,0,1,0,0,1,1,0
ZTF23aaepnre,1,0,0,0,0,0,0,0,0,0,0
ZTF23aaepprp,1,0,0,0,0,0,0,0,0,0,0
ZTF23aaeprfj,0,0,1,1,0,1,0,1,0,1,0
ZTF23aaeprgf,0,1,0,1,0,1,0,1,0,0,1
ZTF23aaepuao,0,0,1,1,0,1,0,1,0,1,0
ZTF23aaeqhkx,1,0,0,0,0,0,0,0,0,0,0
ZTF23aaeqhrg,0,0,1,1,0,1,0,1,0,1,0
ZTF23aaeqhyp,1,0,0,0,0,0,0,0,0,0,0
ZTF23aaeqixe,0,1,0,1,0,0,1,1,0,1,0
ZTF23aaeqkpk,0,1,0,1,0,1,0,1,0,0,1
ZTF23aaeqkxp,0,1,0,1,0,1,0,1,0,0,1
ZTF23aaeqnlr,0,0,1,1,0,1,0,1,0,1,0
ZTF23aaeqobj,0,1,0,1,0,1,0,1,0,0,1
ZTF23aaeqocy,0,1,0,0,1,1,0,1,0,1,0
ZTF23aaeqoez,1,0,0,0,0,0,0,0,0,0,0
ZTF23aaeqonb,1,0,0,0,0,0,0,0,0,0,0
ZTF23aaeqprj,0,1,0,0,1,1,0,1,0,1,0
ZTF23aaeqpwq,0,1,0,1,0,1,0,1,0,0,1
ZTF23aaeqsgo,0,1,0,1,0,1,0,1,0,0,1
ZTF23aaeqsvb,0,1,0,1,0,0,1,1,0,1,0
ZTF23aaeqsve,0,1,0,0,1,1,0,1,0,1,0
ZTF23aaeqtee,0,1,0,1,0,1,0,0,1,1,0
ZTF23aaerlro,0,1,0,1,0,1,0,1,0,0,1
ZTF23aaernyc,0,1,0,1,0,1,0,0,1,1,0
ZTF23aaerrdv,0,1,0,1,0,1,0,1,0,0,1
ZTF23aaerrwx,0,0,1,1,0,1,0,1,0,1,0
ZTF23aaerttq,0,0,1,1,0,1,0,1,0,1,0
ZTF23aaeruju,0,1,0,1,0,1,0,0,1,1,0
ZTF23aaerwfe,1,0,0,0,0,0,0,0,0,0,0
ZTF23aaerwpx,0,1,0,1,0,0,1,1,0,1,0
ZTF23aaerxpd,0,1,0,1,0,0,1,1,0,1,0
ZTF23aaeryve,0,0,1,1,0,1,0,1,0,1,0
ZTF23aaesjku,0,1,0,1,0,1,0,1,0,0,1
ZTF23aaeskya,0,1,0,0,1,1,0,1,0,1,0
ZTF23aaeslas,0,1,0,1,0,0,1,1,0,1,0
ZTF23aaetjdb,0,1,0,1,0,0,1,1,0,1,0
ZTF23aaetmwj,0,0,1,1,0,1,0,1,0,1,0
ZTF23aaetoiq,1,0,0,0,0,0,0,0,0,0,0
ZTF23aaetomd,0,0,1,1,0,1,0,1,0,1,0
ZTF23aaettrk,0,1,0,1,0,1,0,1,0,0,1
ZTF23aaetttc,1,0,0,0,0,0,0,0,0,0,0
ZTF23aaetufb,0,1,0,1,0,0,1,1,0,1,0
ZTF23aaetuof,0,1,0,0,1,1,0,1,0,1,0
ZTF23aaetxhw,0,1,0,0,1,1,0,1,0,1,0
ZTF23aaetyct,0,1,0,1,0,1,0,1,0,0,1
ZTF23aaeuabc,0,1,0,0,1,1,0,1,0,1,0
ZTF23aaeubgd,0,1,0,0,1,1,0,1,0,1,0
ZTF23aaeubgm,0,1,0,1,0,1,0,1,0,0,1
ZTF23aaeucco,0,1,0,0,1,1,0,1,0,1,0
ZTF23aaeuczg,0,1,0,1,0,1,0,0,1,1,0
ZTF23aaeugwx,0,1,0,1,0,1,0,1,0,0,1
ZTF23aaeukct,0,1,0,0,1,1,0,1,0,1,0
ZTF23aaevoar,0,0,1,1,0,1,0,1,0,1,0
ZTF23aaevzdn,0,0,1,1,0,1,0,1,0,1,0
ZTF23aaewcmg,0,1,0,1,0,1,0,1,0,0,1
ZTF23aaewixx,0,0,1,1,0,1,0,1,0,1,0
ZTF23aaewknt,0,1,0,1,0,1,0,1,0,0,1
ZTF23aaewksc,0,0,1,1,0,1,0,1,0,1,0
ZTF23aaewkvw,0,0,1,1,0,1,0,1,0,1,0
ZTF23aaewxqd,0,1,0,0,1,1,0,1,0,1,0
ZTF23aaewyuh,0,1,0,1,0,0,1,1,0,1,0
ZTF23aaewzfv,0,1,0,1,0,1,0,1,0,0,1
ZTF23aaexbos,0,1,0,1,0,1,0,1,0,0,1
ZTF23aaexcmm,0,0,1,1,0,1,0,1,0,1,0
ZTF23aaexdcp,0,1,0,0,1,1,0,1,0,1,0
ZTF23aaexebc,0,1,0,1,0,1,0,0,1,1,0
ZTF23aaexfuy,0,1,0,1,0,1,0,1,0,0,1
ZTF23aaexrui,1,0,0,0,0,0,0,0,0,0,0
ZTF23aaexxsk,0,1,0,1,0,0,1,1,0,1,0
ZTF23aaexxwk,1,0,0,0,0,0,0,0,0,0,0
ZTF23aaeyctb,0,1,0,1,0,1,0,0,1,1,0
ZTF23aaeyfto,0,1,0,0,1,1,0,1,0,1,0
ZTF23aaeygvh,0,1,0,0,1,1,0,1,0,1,0
ZTF23aaeylwl,0,1,0,0,1,1,0,1,0,1,0
ZTF23aaeympk,1,0,0,0,0,0,0,0,0,0,0
ZTF23aaeymqy,0,1,0,1,0,1,0,0,1,1,0
ZTF23aaeyncp,0,0,1,1,0,1,0,1,0,1,0
ZTF23aaeynog,0,1,0,1,0,1,0,0,1,1,0
ZTF23aaeynpj,0,1,0,1,0,1,0,1,0,0,1
ZTF23aaeyqjv,0,1,0,1,0,1,0,0,1,1,0
ZTF23aaeyqoa,0,1,0,1,0,0,1,1,0,1,0
ZTF23aaeyqsx,1,0,0,0,0,0,0,0,0,0,0
ZTF23aaeyugg,0,1,0,1,0,0,1,1,0,1,0
ZTF23aaeywwg,0,1,0,1,0,0,1,1,0,1,0
ZTF23aaeyzgm,1,0,0,0,0,0,0,0,0,0,0
ZTF23aaezbbb,0,1,0,1,0,1,0,1,0,0,1
ZTF23aaezcew,0,1,0,1,0,0,1,1,0,1,0
ZTF23aaezeau,1,0,0,0,0,0,0,0,0,0,0
ZTF23aaezihg,0,1,0,1,0,1,0,0,1,1,0
ZTF23aaezryf,0,1,0,0,1,1,0,1,0,1,0
ZTF23aaezxke,1,0,0,0,0,0,0,0,0,0,0
ZTF23aaezzqq,0,0,1,1,0,1,0,1,0,1,0
ZTF23aafacce,0,1,0,1,0,1,0,0,1,1,0
ZTF23aafactx,0,0,1,1,0,1,0,1,0,1,0
ZTF23aafadba,0,1,0,0,1,1,0,1,0,1,0
ZTF23aafafci,0,1,0,1,0,1,0,1,0,0,1
ZTF23aafahxo,1,0,0,0,0,0,0,0,0,0,0
ZTF23aafaiyn,0,1,0,1,0,0,1,1,0,1,0
ZTF23aafajkz,0,1,0,0,1,1,0,1,0,1,0
ZTF23aafakgl,0,1,0,1,0,1,0,1,0,0,1
ZTF23aafamhj,0,1,0,0,1,1,0,1,0,1,0
ZTF23aafanhn,0,1,0,1,0,1,0,0,1,1,0
ZTF23aafanqa,0,0,1,1,0,1,0,1,0,1,0
ZTF23aafarxf,1,0,0,0,0,0,0,0,0,0,0
ZTF23aafdzaj,0,1,0,0,1,1,0,1,0,1,0
ZTF23aafeayi,1,0,0,0,0,0,0,0,0,0,0
ZTF23aafelwu,0,0,1,1,0,1,0,1,0,1,0
ZTF23aaffhso,0,1,0,1,0,1,0,0,1,1,0
ZTF23aaffhua,0,0,1,1,0,1,0,1,0,1,0
ZTF23aaffitp,0,0,1,1,0,1,0,1,0,1,0
ZTF23aaffliw,0,1,0,0,1,1,0,1,0,1,0
ZTF23aaffnxc,0,1,0,1,0,1,0,1,0,0,1
ZTF23aaffqkk,0,1,0,1,0,1,0,1,0,0,1
ZTF23aaffryl,1,0,0,0,0,0,0,0,0,0,0
ZTF23aaffuwx,0,0,1,1,0,1,0,1,0,1,0
ZTF23aaffvoj,0,0,1,1,0,1,0,1,0,1,0
ZTF23aafgaca,0,1,0,0,1,1,0,1,0,1,0
ZTF23aafgazi,0,1,0,0,1,1,0,1,0,1,0
ZTF23aafgbry,0,1,0,0,1,1,0,1,0,1,0
ZTF23aafgdie,1,0,0,0,0,0,0,0,0,0,0
ZTF23aafgeoy,0,1,0,0,1,1,0,1,0,1,0
ZTF23aafghcb,0,1,0,1,0,0,1,1,0,1,0
ZTF23aafglmg,1,0,0,0,0,0,0,0,0,0,0
ZTF23aafgmaz,0,1,0,1,0,0,1,1,0,1,0
ZTF23aafgowi,0,1,0,1,0,0,1,1,0,1,0
ZTF23aafgqbg,0,0,1,1,0,1,0,1,0,1,0
ZTF23aafgrmb,0,0,1,1,0,1,0,1,0,1,0
ZTF23aafgsjv,0,0,1,1,0,1,0,1,0,1,0
ZTF23aafgsvp,0,1,0,1,0,1,0,1,0,0,1
ZTF23aafgthg,0,1,0,1,0,1,0,0,1,1,0
ZTF23aafguyu,0,1,0,0,1,1,0,1,0,1,0
ZTF23aafgvya,0,0,1,1,0,1,0,1,0,1,0
ZTF23aafgwob,1,0,0,0,0,0,0,0,0,0,0
ZTF23aafhajx,0,1,0,0,1,1,0,1,0,1,0
ZTF23aafhbjp,0,1,0,1,0,1,0,0,1,1,0
ZTF23aafhcel,0,1,0,1,0,0,1,1,0,1,0
ZTF23aafhdcu,0,1,0,0,1,1,0,1,0,1,0
ZTF23aafhdte,0,0,1,1,0,1,0,1,0,1,0
ZTF23aafhfsb,1,0,0,0,0,0,0,0,0,0,0
ZTF23aafhfwx,1,0,0,0,0,0,0,0,0,0,0
ZTF23aafhfxr,0,0,1,1,0,1,0,1,0,1,0
ZTF23aafhgak,0,1,0,1,0,1,0,0,1,1,0
ZTF23aafhogb,0,1,0,1,0,1,0,1,0,0,1
ZTF23aafhtfk,0,1,0,1,0,1,0,0,1,1,0
ZTF23aafhuob,1,0,0,0,0,0,0,0,0,0,0
ZTF23aafhyse,0,1,0,1,0,1,0,0,1,1,0
ZTF23aafhztj,0,1,0,0,1,1,0,1,0,1,0
ZTF23aaficpl,0,1,0,1,0,1,0,1,0,0,1
ZTF23aafkpss,0,0,1,1,0,1,0,1,0,1,0
ZTF23aafkpts,0,1,0,1,0,1,0,0,1,1,0
ZTF23aafllcf,0,1,0,1,0,0,1,1,0,1,0
ZTF23aafllhb,1,0,0,0,0,0,0,0,0,0,0
ZTF23aafllrr,0,1,0,0,1,1,0,1,0,1,0
ZTF23aaflmxl,0,1,0,0,1,1,0,1,0,1,0
ZTF23aaflnxp,0,1,0,0,1,1,0,1,0,1,0
ZTF23aaflroa,0,1,0,0,1,1,0,1,0,1,0
ZTF23aaflydu,0,0,1,1,0,1,0,1,0,1,0
ZTF23aaflzcw,0,1,0,1,0,0,1,1,0,1,0
ZTF23aafmfza,0,1,0,1,0,1,0,1,0,0,1
ZTF23aafmhct,0,1,0,1,0,1,0,0,1,1,0
ZTF23aafmhgd,1,0,0,0,0,0,0,0,0,0,0
ZTF23aafmhkv,0,1,0,0,1,1,0,1,0,1,0
ZTF23aafmhuo,0,1,0,0,1,1,0,1,0,1,0
ZTF23aafmjzo,0,1,0,0,1,1,0,1,0,1,0
ZTF23aafmrbe,0,0,1,1,0,1,0,1,0,1,0
ZTF23aafmrjt,0,1,0,0,1,1,0,1,0,1,0
ZTF23aafmrth,1,0,0,0,0,0,0,0,0,0,0
ZTF23aafmvbg,0,1,0,1,0,1,0,0,1,1,0
ZTF23aafmvlm,0,1,0,1,0,1,0,0,1,1,0
ZTF23aafmzot,0,1,0,0,1,1,0,1,0,1,0
ZTF23aafngem,0,0,1,1,0,1,0,1,0,1,0
ZTF23aafnjlz,0,0,1,1,0,1,0,1,0,1,0
ZTF23aafnskz,0,1,0,1,0,1,0,1,0,0,1
ZTF23aafnyxs,0,1,0,1,0,1,0,1,0,0,1
ZTF23aafpcjm,0,1,0,1,0,1,0,0,1,1,0
ZTF23aafpfbd,0,1,0,1,0,1,0,0,1,1,0
ZTF23aafpfqi,1,0,0,0,0,0,0,0,0,0,0
ZTF23aafpgom,1,0,0,0,0,0,0,0,0,0,0
ZTF23aafpljt,0,1,0,1,0,0,1,1,0,1,0
ZTF23aafqeht,0,1,0,0,1,1,0,1,0,1,0
ZTF23aafqhst,0,1,0,0,1,1,0,1,0,1,0
ZTF23aafqihv,0,1,0,0,1,1,0,1,0,1,0
ZTF23aafqjdi,0,0,1,1,0,1,0,1,0,1,0
ZTF23aafqkuj,0,1,0,1,0,0,1,1,0,1,0
ZTF23aafqlgs,0,1,0,1,0,1,0,1,0,0,1
ZTF23aafqlnn,0,0,1,1,0,1,0,1,0,1,0
ZTF23aafqmlo,0,1,0,1,0,0,1,1,0,1,0
ZTF23aafqmzf,0,1,0,0,1,1,0,1,0,1,0
ZTF23aafqsur,0,0,1,1,0,1,0,1,0,1,0
ZTF23aafqsvi,0,1,0,1,0,1,0,0,1,1,0
ZTF23aafqtag,0,1,0,1,0,1,0,1,0,0,1
ZTF23aafqtef,0,0,1,1,0,1,0,1,0,1,0
ZTF23aafqyql,0,1,0,1,0,0,1,1,0,1,0
ZTF23aafqzkn,1,0,0,0,0,0,0,0,0,0,0
ZTF23aafqznb,0,0,1,1,0,1,0,1,0,1,0
ZTF23aafratn,0,1,0,1,0,0,1,1,0,1,0
ZTF23aafrazo,0,1,0,1,0,1,0,1,0,0,1
ZTF23aafrbhb,0,1,0,1,0,0,1,1,0,1,0
ZTF23aafrgnr,0,1,0,0,1,1,0,1,0,1,0
ZTF23aafrhew,0,0,1,1,0,1,0,1,0,1,0
ZTF23aafrjuu,0,1,0,0,1,1,0,1,0,1,0
ZTF23aafrknn,0,1,0,1,0,1,0,1,0,0,1
ZTF23aafrlgh,0,1,0,1,0,1,0,1,0,0,1
ZTF23aafrlmy,0,0,1,1,0,1,0,1,0,1,0
ZTF23aafrlta,0,0,1,1,0,1,0,1,0,1,0
ZTF23aafrwmp,0,1,0,1,0,1,0,0,1,1,0
ZTF23aafscky,0,1,0,1,0,0,1,1,0,1,0
ZTF23aafsdsv,0,1,0,1,0,1,0,0,1,1,0
ZTF23aafsdwx,0,1,0,1,0,0,1,1,0,1,0
ZTF23aafsfbc,0,0,1,1,0,1,0,1,0,1,0
ZTF23aafsjfc,1,0,0,0,0,0,0,0,0,0,0
ZTF23aafsjjj,0,1,0,0,1,1,0,1,0,1,0
ZTF23aafsjor,0,1,0,0,1,1,0,1,0,1,0
ZTF23aafskji,0,1,0,1,0,1,0,0,1,1,0
ZTF23aafslun,1,0,0,0,0,0,0,0,0,0,0
ZTF23aafsnqj,0,1,0,1,0,1,0,0,1,1,0
ZTF23aafsnqr,1,0,0,0,0,0,0,0,0,0,0
ZTF23aafspie,0,1,0,1,0,1,0,1,0,0,1
ZTF23aafsqnj,0,1,0,1,0,1,0,0,1,1,0
ZTF23aafswgf,1,0,0,0,0,0,0,0,0,0,0
ZTF23aafsyoa,0,1,0,1,0,0,1,1,0,1,0
ZTF23aaftafr,0,1,0,1,0,0,1,1,0,1,0
ZTF23aaftcvt,0,1,0,1,0,1,0,1,0,0,1
ZTF23aaftlgw,1,0,0,0,0,0,0,0,0,0,0
ZTF23aaftnvx,0,1,0,0,1,1,0,1,0,1,0
ZTF23aaftosg,0,0,1,1,0,1,0,1,0,1,0
ZTF23aaftpwh,1,0,0,0,0,0,0,0,0,0,0
ZTF23aafuene,0,1,0,0,1,1,0,1,0,1,0
ZTF23aafugtg,0,1,0,1,0,1,0,1,0,0,1
ZTF23aafuhtr,0,1,0,1,0,0,1,1,0,1,0
ZTF23aafumlg,0,0,1,1,0,1,0,1,0,1,0
ZTF23aafunls,0,1,0,0,1,1,0,1,0,1,0
ZTF23aafvacb,0,1,0,1,0,1,0,0,1,1,0
ZTF23aafvgyf,0,1,0,0,1,1,0,1,0,1,0
ZTF23aafvnih,1,0,0,0,0,0,0,0,0,0,0
ZTF23aafvnnz,0,1,0,1,0,0,1,1,0,1,0
ZTF23aafvpyn,0,1,0,1,0,0,1,1,0,1,0
ZTF23aafvqat,1,0,0,0,0,0,0,0,0,0,0
ZTF23aafvqkr,1,0,0,0,0,0,0,0,0,0,0
ZTF23aafvstn,0,0,1,1,0,1,0,1,0,1,0
ZTF23aafvtuy,0,1,0,1,0,0,1,1,0,1,0
ZTF23aafvubh,0,1,0,1,0,1,0,0,1,1,0
ZTF23aafvuur,0,1,0,1,0,1,0,0,1,1,0
ZTF23aafvvar,0,0,1,1,0,1,0,1,0,1,0
ZTF23aafvwow,1,0,0,0,0,0,0,0,0,0,0
ZTF23aafvymj,0,0,1,1,0,1,0,1,0,1,0
ZTF23aafvyzd,1,0,0,0,0,0,0,0,0,0,0
ZTF23aafwnlm,0,1,0,1,0,1,0,1,0,0,1
ZTF23aafwpln,0,0,1,1,0,1,0,1,0,1,0
ZTF23aafwrsd,0,1,0,1,0,0,1,1,0,1,0
ZTF23aafwslv,1,0,0,0,0,0,0,0,0,0,0
ZTF23aafwsoy,0,1,0,1,0,1,0,0,1,1,0
ZTF23aafwtbq,0,0,1,1,0,1,0,1,0,1,0
ZTF23aafwtci,0,1,0,1,0,0,1,1,0,1,0
ZTF23aafwtlb,1,0,0,0,0,0,0,0,0,0,0
ZTF23aafwvek,0,1,0,1,0,1,0,1,0,0,1
ZTF23aafwvlq,0,1,0,1,0,1,0,0,1,1,0
ZTF23aafwwzb,0,1,0,1,0,1,0,0,1,1,0
ZTF23aafwxcq,0,1,0,1,0,1,0,1,0,0,1
ZTF23aafwxgq,0,1,0,0,1,1,0,1,0,1,0
ZTF23aafwxwz,0,1,0,1,0,0,1,1,0,1,0
ZTF23aafwykt,0,1,0,0,1,1,0,1,0,1,0
ZTF23aafwysn,0,0,1,1,0,1,0,1,0,1,0
ZTF23aafwzmi,0,0,1,1,0,1,0,1,0,1,0
ZTF23aafwzot,0,1,0,0,1,1,0,1,0,1,0
ZTF23aafxbvj,0,0,1,1,0,1,0,1,0,1,0
ZTF23aafxfeu,0,1,0,1,0,0,1,1,0,1,0
ZTF23aafxhbo,0,1,0,0,1,1,0,1,0,1,0
ZTF23aafypzk,1,0,0,0,0,0,0,0,0,0,0
ZTF23aafzcxx,0,1,0,0,1,1,0,1,0,1,0
ZTF23aafzqih,1,0,0,0,0,0,0,0,0,0,0
ZTF23aafzqnt,1,0,0,0,0,0,0,0,0,0,0
ZTF23aagaabw,0,1,0,1,0,0,1,1,0,1,0
ZTF23aagaeha,0,1,0,1,0,1,0,1,0,0,1
ZTF23aagagnk,0,1,0,0,1,1,0,1,0,1,0
ZTF23aagahpr,0,1,0,1,0,0,1,1,0,1,0
ZTF23aagaili,0,1,0,1,0,1,0,1,0,0,1
ZTF23aagaimn,1,0,0,0,0,0,0,0,0,0,0
ZTF23aagaiwh,0,1,0,1,0,0,1,1,0,1,0
ZTF23aagajmt,0,1,0,1,0,1,0,0,1,1,0
ZTF23aagaoxx,0,1,0,1,0,0,1,1,0,1,0
ZTF23aagbhib,0,0,1,1,0,1,0,1,0,1,0
ZTF23aagcicf,0,1,0,1,0,0,1,1,0,1,0
ZTF23aagcvyi,0,1,0,1,0,1,0,1,0,0,1
ZTF23aagcxfb,0,0,1,1,0,1,0,1,0,1,0
ZTF23aagcxpx,0,1,0,0,1,1,0,1,0,1,0
ZTF23aagdamr,1,0,0,0,0,0,0,0,0,0,0
ZTF23aagdaqv,0,1,0,1,0,0,1,1,0,1,0
ZTF23aagdbtg,0,1,0,1,0,0,1,1,0,1,0
ZTF23aagdbts,0,1,0,1,0,1,0,0,1,1,0
ZTF23aagdcqi,0,1,0,0,1,1,0,1,0,1,0
ZTF23aagddli,0,1,0,1,0,0,1,1,0,1,0
ZTF23aagdebl,0,0,1,1,0,1,0,1,0,1,0
ZTF23aagdjfb,0,1,0,1,0,1,0,1,0,0,1
ZTF23aagdltf,0,1,0,1,0,0,1,1,0,1,0
ZTF23aageebd,0,1,0,1,0,0,1,1,0,1,0
ZTF23aagelog,0,1,0,0,1,1,0,1,0,1,0
ZTF23aagepkj,0,1,0,1,0,0,1,1,0,1,0
ZTF23aagepkt,0,1,0,1,0,1,0,0,1,1,0
ZTF23aagerss,0,1,0,1,0,1,0,0,1,1,0
ZTF23aagetir,0,0,1,1,0,1,0,1,0,1,0
ZTF23aagetln,0,1,0,1,0,1,0,1,0,0,1
ZTF23aagetlo,0,1,0,1,0,1,0,0,1,1,0
ZTF23aagetsn,1,0,0,0,0,0,0,0,0,0,0
ZTF23aagexio,1,0,0,0,0,0,0,0,0,0,0
ZTF23aageyfg,0,1,0,1,0,1,0,0,1,1,0
ZTF23aageyrb,0,1,0,0,1,1,0,1,0,1,0
ZTF23aagezgn,1,0,0,0,0,0,0,0,0,0,0
ZTF23aagfccr,1,0,0,0,0,0,0,0,0,0,0
ZTF23aagfckz,0,1,0,1,0,0,1,1,0,1,0
ZTF23aagfjnl,0,1,0,1,0,1,0,1,0,0,1
ZTF23aagfjom,0,1,0,1,0,0,1,1,0,1,0
ZTF23aagfjrw,0,1,0,1,0,0,1,1,0,1,0
ZTF23aagfldz,0,1,0,1,0,1,0,1,0,0,1
ZTF23aagfpxq,1,0,0,0,0,0,0,0,0,0,0
ZTF23aagfqcg,0,1,0,0,1,1,0,1,0,1,0
ZTF23aagfqnq,0,1,0,1,0,1,0,0,1,1,0
ZTF23aagfxiz,0,1,0,0,1,1,0,1,0,1,0
ZTF23aaggktn,0,1,0,1,0,1,0,1,0,0,1
ZTF23aagglcg,0,1,0,1,0,1,0,0,1,1,0
ZTF23aaggoyv,0,0,1,1,0,1,0,1,0,1,0
ZTF23aaggulm,0,1,0,0,1,1,0,1,0,1,0
ZTF23aaggvnf,0,1,0,1,0,0,1,1,0,1,0
ZTF23aaggycm,1,0,0,0,0,0,0,0,0,0,0
ZTF23aaghamo,1,0,0,0,0,0,0,0,0,0,0
ZTF23aaghasj,0,1,0,0,1,1,0,1,0,1,0
ZTF23aaghaxq,0,1,0,1,0,1,0,0,1,1,0
ZTF23aaghvkj,0,1,0,1,0,1,0,0,1,1,0
ZTF23aaghzex,0,1,0,1,0,1,0,1,0,0,1
ZTF23aaghzps,0,1,0,1,0,1,0,1,0,0,1
ZTF23aagiaqm,0,0,1,1,0,1,0,1,0,1,0
ZTF23aagibop,0,0,1,1,0,1,0,1,0,1,0
ZTF23aagibtc,0,1,0,1,0,1,0,0,1,1,0
ZTF23aagifcp,1,0,0,0,0,0,0,0,0,0,0
ZTF23aagifpg,0,1,0,1,0,0,1,1,0,1,0
ZTF23aagigqe,1,0,0,0,0,0,0,0,0,0,0
ZTF23aagimqf,0,0,1,1,0,1,0,1,0,1,0
ZTF23aagipjn,1,0,0,0,0,0,0,0,0,0,0
ZTF23aagjcvk,0,1,0,1,0,0,1,1,0,1,0
ZTF23aagjdls,0,1,0,0,1,1,0,1,0,1,0
ZTF23aagjguh,0,1,0,0,1,1,0,1,0,1,0
ZTF23aagjvlw,1,0,0,0,0,0,0,0,0,0,0
ZTF23aagjwpb,0,1,0,1,0,1,0,1,0,0,1
ZTF23aagkcly,0,1,0,1,0,1,0,0,1,1,0
ZTF23aagklwb,0,1,0,0,1,1,0,1,0,1,0
ZTF23aagkzjp,1,0,0,0,0,0,0,0,0,0,0
ZTF23aaglpmu,0,1,0,1,0,0,1,1,0,1,0
ZTF23aaglprc,0,1,0,1,0,1,0,0,1,1,0
ZTF23aaglyvh,0,0,1,1,0,1,0,1,0,1,0
ZTF23aaglzfx,0,1,0,1,0,0,1,1,0,1,0
ZTF23aagmbrd,0,1,0,1,0,1,0,1,0,0,1
ZTF23aagmbuf,0,1,0,0,1,1,0,1,0,1,0
ZTF23aagmcbx,1,0,0,0,0,0,0,0,0,0,0
ZTF23aagmeyt,1,0,0,0,0,0,0,0,0,0,0
ZTF23aagmfjd,0,1,0,1,0,1,0,1,0,0,1
ZTF23aagnpbz,0,1,0,1,0,1,0,0,1,1,0
ZTF23aagnqtq,0,1,0,1,0,0,1,1,0,1,0
ZTF23aagogcz,0,1,0,1,0,1,0,0,1,1,0
ZTF23aagolyg,1,0,0,0,0,0,0,0,0,0,0
ZTF23aagolzf,1,0,0,0,0,0,0,0,0,0,0
ZTF23aagomdf,0,0,1,1,0,1,0,1,0,1,0
ZTF23aagomht,0,0,1,1,0,1,0,1,0,1,0
ZTF23aagomjz,0,1,0,1,0,1,0,1,0,0,1
ZTF23aagopyl,0,1,0,0,1,1,0,1,0,1,0
ZTF23aagoxkv,1,0,0,0,0,0,0,0,0,0,0
ZTF23aagoxky,0,1,0,1,0,1,0,0,1,1,0
ZTF23aagozij,0,1,0,0,1,1,0,1,0,1,0
ZTF23aagpcpz,1,0,0,0,0,0,0,0,0,0,0
ZTF23aagpjty,0,1,0,1,0,1,0,0,1,1,0
ZTF23aagpjyp,1,0,0,0,0,0,0,0,0,0,0
ZTF23aagpkca,0,1,0,0,1,1,0,1,0,1,0
ZTF23aagpmuy,0,1,0,1,0,0,1,1,0,1,0
ZTF23aagpnvh,1,0,0,0,0,0,0,0,0,0,0
ZTF23aagpthl,0,0,1,1,0,1,0,1,0,1,0
ZTF23aagpyjf,1,0,0,0,0,0,0,0,0,0,0
ZTF23aagqyym,0,1,0,1,0,1,0,1,0,0,1
ZTF23aagqzid,0,1,0,1,0,1,0,0,1,1,0
ZTF23aagraly,0,1,0,1,0,1,0,0,1,1,0
ZTF23aagrfzn,0,1,0,1,0,0,1,1,0,1,0
ZTF23aagscxb,1,0,0,0,0,0,0,0,0,0,0
ZTF23aagsfnu,0,1,0,0,1,1,0,1,0,1,0
ZTF23aagsoua,0,1,0,0,1,1,0,1,0,1,0
ZTF23aagsozc,0,1,0,1,0,0,1,1,0,1,0
ZTF23aagssez,0,1,0,1,0,1,0,0,1,1,0
ZTF23aagudzp,1,0,0,0,0,0,0,0,0,0,0
ZTF23aaguimt,1,0,0,0,0,0,0,0,0,0,0
ZTF23aagujix,0,1,0,1,0,0,1,1,0,1,0
ZTF23aagujka,1,0,0,0,0,0,0,0,0,0,0
ZTF23aagukpw,1,0,0,0,0,0,0,0,0,0,0
ZTF23aaguxyh,0,1,0,1,0,0,1,1,0,1,0
ZTF23aaguznx,0,1,0,1,0,0,1,1,0,1,0
ZTF23aagvcws,0,1,0,1,0,1,0,0,1,1,0
ZTF23aagvjoo,0,1,0,1,0,1,0,0,1,1,0
ZTF23aagvmsh,0,0,1,1,0,1,0,1,0,1,0
ZTF23aagvmsz,0,1,0,1,0,0,1,1,0,1,0
ZTF23aagvmuq,0,1,0,1,0,1,0,0,1,1,0
ZTF23aagvrcz,0,0,1,1,0,1,0,1,0,1,0
ZTF23aagvwxa,0,1,0,1,0,0,1,1,0,1,0
ZTF23aagvzcq,0,0,1,1,0,1,0,1,0,1,0
ZTF23aagwcfo,1,0,0,0,0,0,0,0,0,0,0
ZTF23aagwcnw,0,1,0,1,0,1,0,0,1,1,0
ZTF23aagwctm,0,1,0,1,0,1,0,0,1,1,0
ZTF23aagwgjk,1,0,0,0,0,0,0,0,0,0,0
ZTF23aagwsqc,0,0,1,1,0,1,0,1,0,1,0
ZTF23aagwuyb,0,1,0,1,0,1,0,0,1,1,0
ZTF23aagxiub,0,0,1,1,0,1,0,1,0,1,0
ZTF23aagxsum,0,1,0,0,1,1,0,1,0,1,0
ZTF23aagxual,1,0,0,0,0,0,0,0,0,0,0
ZTF23aagxvad,0,1,0,1,0,0,1,1,0,1,0
ZTF23aagxybm,0,0,1,1,0,1,0,1,0,1,0
ZTF23aagycsp,0,1,0,1,0,0,1,1,0,1,0
ZTF23aagyewj,0,1,0,0,1,1,0,1,0,1,0
ZTF23aagygxo,0,1,0,1,0,1,0,0,1,1,0
ZTF23aagzftc,0,0,1,1,0,1,0,1,0,1,0
ZTF23aagzkot,0,1,0,0,1,1,0,1,0,1,0
ZTF23aagzkoy,0,1,0,0,1,1,0,1,0,1,0
ZTF23aagzteg,0,0,1,1,0,1,0,1,0,1,0
ZTF23aagztfy,0,1,0,1,0,0,1,1,0,1,0
ZTF23aagzzhq,1,0,0,0,0,0,0,0,0,0,0
ZTF23aahavld,1,0,0,0,0,0,0,0,0,0,0
ZTF23aahbbqu,0,1,0,1,0,1,0,0,1,1,0
ZTF23aahbida,0,1,0,1,0,1,0,0,1,1,0
ZTF23aahbiuq,0,0,1,1,0,1,0,1,0,1,0
ZTF23aahbnwm,0,0,1,1,0,1,0,1,0,1,0
ZTF23aahbtjx,0,1,0,1,0,0,1,1,0,1,0
ZTF23aahcckj,0,1,0,0,1,1,0,1,0,1,0
ZTF23aahdooq,1,0,0,0,0,0,0,0,0,0,0
ZTF23aahdqta,1,0,0,0,0,0,0,0,0,0,0
ZTF23aahegrr,1,0,0,0,0,0,0,0,0,0,0
ZTF23aahejye,0,1,0,1,0,1,0,1,0,0,1
ZTF23aahfxpr,0,0,1,1,0,1,0,1,0,1,0
ZTF23aahfzhm,0,1,0,0,1,1,0,1,0,1,0
ZTF23aahgpnl,1,0,0,0,0,0,0,0,0,0,0
ZTF23aahgqjp,1,0,0,0,0,0,0,0,0,0,0
ZTF23aahgreo,1,0,0,0,0,0,0,0,0,0,0
ZTF23aahgrpa,0,1,0,1,0,1,0,1,0,0,1
ZTF23aahgtgr,1,0,0,0,0,0,0,0,0,0,0
ZTF23aahgzuz,0,1,0,1,0,1,0,1,0,0,1
ZTF23aahjcgp,0,1,0,0,1,1,0,1,0,1,0
ZTF23aahjdxa,1,0,0,0,0,0,0,0,0,0,0
ZTF23aahjfab,0,1,0,1,0,1,0,1,0,0,1
ZTF23aahjidm,0,1,0,1,0,1,0,0,1,1,0
ZTF23aahjivb,0,1,0,1,0,0,1,1,0,1,0
ZTF23aahjivh,1,0,0,0,0,0,0,0,0,0,0
ZTF23aahjjqk,0,1,0,1,0,1,0,0,1,1,0
ZTF23aahjkny,1,0,0,0,0,0,0,0,0,0,0
ZTF23aahkmbj,1,0,0,0,0,0,0,0,0,0,0
ZTF23aahljjx,1,0,0,0,0,0,0,0,0,0,0
ZTF23aahnabd,1,0,0,0,0,0,0,0,0,0,0
ZTF23aahnfbh,0,1,0,1,0,0,1,1,0,1,0
ZTF23aahnizz,1,0,0,0,0,0,0,0,0,0,0
ZTF23aahnmag,0,1,0,1,0,1,0,0,1,1,0
ZTF23aahnqvm,1,0,0,0,0,0,0,0,0,0,0
ZTF23aahofhs,0,1,0,1,0,1,0,1,0,0,1
ZTF23aahonop,0,1,0,1,0,1,0,1,0,0,1
ZTF23aahorng,0,1,0,1,0,0,1,1,0,1,0
ZTF23aahqlzm,0,1,0,1,0,0,1,1,0,1,0
ZTF23aahqvtz,0,1,0,1,0,0,1,1,0,1,0
ZTF23aahrhlg,0,1,0,1,0,1,0,0,1,1,0
ZTF23aahsarz,0,1,0,1,0,1,0,1,0,0,1
ZTF23aahsbqg,1,0,0,0,0,0,0,0,0,0,0
ZTF23aahscjk,0,1,0,0,1,1,0,1,0,1,0
ZTF23aahtihs,0,1,0,0,1,1,0,1,0,1,0
ZTF23aahvalx,0,1,0,0,1,1,0,1,0,1,0
ZTF23aahvmpq,0,1,0,1,0,1,0,1,0,0,1
ZTF23aahvnck,0,1,0,1,0,1,0,1,0,0,1
ZTF23aahvovq,0,1,0,0,1,1,0,1,0,1,0
ZTF23aahvxtb,0,1,0,0,1,1,0,1,0,1,0
ZTF23aahwchb,0,1,0,1,0,0,1,1,0,1,0
ZTF23aahwcyw,0,1,0,1,0,1,0,1,0,0,1
ZTF23aahwcyx,0,1,0,0,1,1,0,1,0,1,0
ZTF23aahwfyv,0,1,0,0,1,1,0,1,0,1,0
ZTF23aahwoci,1,0,0,0,0,0,0,0,0,0,0
ZTF23aahwoqs,0,0,1,1,0,1,0,1,0,1,0
ZTF23aahwpxx,0,1,0,1,0,1,0,0,1,1,0
ZTF23aahwqcr,1,0,0,0,0,0,0,0,0,0,0
ZTF23aahwudt,0,0,1,1,0,1,0,1,0,1,0
ZTF23aahwulv,0,1,0,1,0,1,0,1,0,0,1
ZTF23aahwvva,0,1,0,0,1,1,0,1,0,1,0
ZTF23aahwwru,1,0,0,0,0,0,0,0,0,0,0
ZTF23aahxdhe,0,1,0,1,0,1,0,0,1,1,0
ZTF23aahxdjx,0,1,0,1,0,0,1,1,0,1,0
ZTF23aahxdsi,0,1,0,1,0,1,0,0,1,1,0
ZTF23aahxppo,0,1,0,1,0,1,0,0,1,1,0
ZTF23aahxqas,0,1,0,1,0,0,1,1,0,1,0
ZTF23aahxqdp,0,1,0,1,0,0,1,1,0,1,0
ZTF23aahxsrk,0,1,0,1,0,1,0,0,1,1,0
ZTF23aahxucv,0,1,0,1,0,0,1,1,0,1,0
ZTF23aahyznf,0,1,0,1,0,1,0,0,1,1,0
ZTF23aahzjll,0,1,0,0,1,1,0,1,0,1,0
ZTF23aahzpok,1,0,0,0,0,0,0,0,0,0,0
ZTF23aahzyls,0,1,0,1,0,0,1,1,0,1,0
ZTF23aaiacgy,0,1,0,1,0,1,0,0,1,1,0
ZTF23aaiafvs,0,0,1,1,0,1,0,1,0,1,0
ZTF23aaiakpk,0,1,0,1,0,1,0,0,1,1,0
ZTF23aaiakrv,0,1,0,1,0,0,1,1,0,1,0
ZTF23aaialcw,0,1,0,1,0,0,1,1,0,1,0
ZTF23aaibnqv,0,1,0,0,1,1,0,1,0,1,0
ZTF23aaicbmc,1,0,0,0,0,0,0,0,0,0,0
ZTF23aaicgrc,1,0,0,0,0,0,0,0,0,0,0
ZTF23aaicmvv,1,0,0,0,0,0,0,0,0,0,0
ZTF23aaidgxx,0,1,0,1,0,0,1,1,0,1,0
ZTF23aaidydw,0,1,0,1,0,1,0,0,1,1,0
ZTF23aaiemoj,1,0,0,0,0,0,0,0,0,0,0
ZTF23aaieqvr,0,1,0,0,1,1,0,1,0,1,0
ZTF23aaifbzs,0,1,0,1,0,0,1,1,0,1,0
ZTF23aaifelu,0,1,0,1,0,0,1,1,0,1,0
ZTF23aaifkij,1,0,0,0,0,0,0,0,0,0,0
ZTF23aaifokv,0,1,0,0,1,1,0,1,0,1,0
ZTF23aaigcxx,0,1,0,0,1,1,0,1,0,1,0
ZTF23aaigfbe,1,0,0,0,0,0,0,0,0,0,0
ZTF23aaigfdm,0,0,1,1,0,1,0,1,0,1,0
ZTF23aaigqpy,0,0,1,1,0,1,0,1,0,1,0
ZTF23aaigrol,0,1,0,1,0,0,1,1,0,1,0
ZTF23aaigruj,0,1,0,0,1,1,0,1,0,1,0
ZTF23aaigxsf,0,1,0,1,0,1,0,0,1,1,0
ZTF23aaigydz,1,0,0,0,0,0,0,0,0,0,0
ZTF23aaiheyv,0,0,1,1,0,1,0,1,0,1,0
ZTF23aaihfxt,0,1,0,0,1,1,0,1,0,1,0
ZTF23aaihopt,0,1,0,1,0,0,1,1,0,1,0
ZTF23aaihowz,0,1,0,1,0,0,1,1,0,1,0
ZTF23aaiihft,0,1,0,0,1,1,0,1,0,1,0
ZTF23aaiitil,1,0,0,0,0,0,0,0,0,0,0
ZTF23aaiixqy,1,0,0,0,0,0,0,0,0,0,0
ZTF23aaijdwl,0,1,0,1,0,0,1,1,0,1,0
ZTF23aaijgnu,0,1,0,0,1,1,0,1,0,1,0
ZTF23aaijkwo,1,0,0,0,0,0,0,0,0,0,0
ZTF23aaijwwq,0,0,1,1,0,1,0,1,0,1,0
ZTF23aaikckx,0,1,0,1,0,0,1,1,0,1,0
ZTF23aaikgab,0,1,0,1,0,1,0,1,0,0,1
ZTF23aaikgrq,0,0,1,1,0,1,0,1,0,1,0
ZTF23aaikllp,1,0,0,0,0,0,0,0,0,0,0
ZTF23aaikooe,0,1,0,1,0,1,0,1,0,0,1
ZTF23aaikqoj,0,1,0,1,0,0,1,1,0,1,0
ZTF23aaikyff,0,1,0,1,0,0,1,1,0,1,0
ZTF23aaikzxr,0,1,0,0,1,1,0,1,0,1,0
ZTF23aailczv,0,0,1,1,0,1,0,1,0,1,0
ZTF23aailjmo,1,0,0,0,0,0,0,0,0,0,0
ZTF23aailkrk,0,1,0,1,0,1,0,1,0,0,1
ZTF23aailodz,0,1,0,1,0,1,0,1,0,0,1
ZTF23aailzal,0,1,0,1,0,1,0,1,0,0,1
ZTF23aainpnc,1,0,0,0,0,0,0,0,0,0,0
ZTF23aainsze,0,1,0,1,0,1,0,0,1,1,0
ZTF23aaiqxeo,1,0,0,0,0,0,0,0,0,0,0
ZTF23aaiqxuf,0,1,0,1,0,1,0,0,1,1,0
ZTF23aairfye,1,0,0,0,0,0,0,0,0,0,0
ZTF23aairgtq,0,1,0,1,0,1,0,1,0,0,1
ZTF23aairimt,0,1,0,1,0,1,0,0,1,1,0
ZTF23aairjfc,0,1,0,1,0,1,0,1,0,0,1
ZTF23aairlss,0,1,0,1,0,1,0,1,0,0,1
ZTF23aairomm,0,1,0,1,0,0,1,1,0,1,0
ZTF23aairvsc,1,0,0,0,0,0,0,0,0,0,0
ZTF23aairxxq,0,1,0,1,0,0,1,1,0,1,0
ZTF23aairylr,1,0,0,0,0,0,0,0,0,0,0
ZTF23aaisdgk,0,1,0,1,0,0,1,1,0,1,0
ZTF23aaispvl,0,1,0,1,0,1,0,1,0,0,1
ZTF23aaiszbh,0,1,0,1,0,1,0,1,0,0,1
ZTF23aaitept,0,1,0,1,0,1,0,0,1,1,0
ZTF23aaitfjz,1,0,0,0,0,0,0,0,0,0,0
ZTF23aaitimz,0,1,0,1,0,0,1,1,0,1,0
ZTF23aaitpjv,0,1,0,1,0,0,1,1,0,1,0
ZTF23aaitpzu,0,1,0,1,0,0,1,1,0,1,0
ZTF23aaiuuvv,1,0,0,0,0,0,0,0,0,0,0
ZTF23aaivped,0,0,1,1,0,1,0,1,0,1,0
ZTF23aaivpfh,0,0,1,1,0,1,0,1,0,1,0
ZTF23aaivqgg,0,1,0,1,0,1,0,0,1,1,0
ZTF23aaivsqv,1,0,0,0,0,0,0,0,0,0,0
ZTF23aaivukd,0,1,0,0,1,1,0,1,0,1,0
ZTF23aaiwkvc,0,1,0,1,0,1,0,1,0,0,1
ZTF23aaiwlzm,0,0,1,1,0,1,0,1,0,1,0
ZTF23aaiwunc,0,1,0,1,0,1,0,1,0,0,1
ZTF23aaiwvdh,0,0,1,1,0,1,0,1,0,1,0
ZTF23aaiwvpl,0,0,1,1,0,1,0,1,0,1,0
ZTF23aaiwwgd,0,1,0,1,0,0,1,1,0,1,0
ZTF23aaiwxqy,0,1,0,1,0,1,0,1,0,0,1
ZTF23aaiwzec,1,0,0,0,0,0,0,0,0,0,0
ZTF23aaiwzkx,1,0,0,0,0,0,0,0,0,0,0
ZTF23aaiwznb,0,0,1,1,0,1,0,1,0,1,0
ZTF23aaixaqp,0,0,1,1,0,1,0,1,0,1,0
ZTF23aaixbor,0,1,0,0,1,1,0,1,0,1,0
ZTF23aaixbxq,0,1,0,0,1,1,0,1,0,1,0
ZTF23aaixekb,0,0,1,1,0,1,0,1,0,1,0
ZTF23aaixfbk,1,0,0,0,0,0,0,0,0,0,0
ZTF23aaixfdv,0,1,0,1,0,0,1,1,0,1,0
ZTF23aaixfln,0,0,1,1,0,1,0,1,0,1,0
ZTF23aaixfpd,0,1,0,1,0,1,0,0,1,1,0
ZTF23aaixgtn,0,1,0,1,0,1,0,1,0,0,1
ZTF23aaixgvn,0,1,0,1,0,1,0,1,0,0,1
ZTF23aaixqgs,0,1,0,0,1,1,0,1,0,1,0
ZTF23aaixqmc,0,1,0,1,0,1,0,0,1,1,0
ZTF23aaixqqu,0,1,0,1,0,0,1,1,0,1,0
ZTF23aaixrab,0,1,0,1,0,1,0,1,0,0,1
ZTF23aaixruf,1,0,0,0,0,0,0,0,0,0,0
ZTF23aaixvce,0,1,0,1,0,0,1,1,0,1,0
ZTF23aaixxks,0,1,0,1,0,1,0,0,1,1,0
ZTF23aaixycc,0,1,0,0,1,1,0,1,0,1,0
ZTF23aaixygm,1,0,0,0,0,0,0,0,0,0,0
ZTF23aaixylr,0,1,0,0,1,1,0,1,0,1,0
ZTF23aaixzbd,1,0,0,0,0,0,0,0,0,0,0
ZTF23aaiyart,0,0,1,1,0,1,0,1,0,1,0
ZTF23aaiydyh,0,1,0,1,0,1,0,0,1,1,0
ZTF23aaiyeea,0,0,1,1,0,1,0,1,0,1,0
ZTF23aaiyero,0,1,0,1,0,1,0,1,0,0,1
ZTF23aaiyhyx,1,0,0,0,0,0,0,0,0,0,0
ZTF23aaiyiju,0,1,0,0,1,1,0,1,0,1,0
ZTF23aaiyjbk,0,1,0,1,0,1,0,1,0,0,1
ZTF23aaiyjeh,0,0,1,1,0,1,0,1,0,1,0
ZTF23aaiylpq,1,0,0,0,0,0,0,0,0,0,0
ZTF23aaiyrkz,0,1,0,1,0,1,0,0,1,1,0
ZTF23aaiyrns,0,1,0,0,1,1,0,1,0,1,0
ZTF23aaiysch,1,0,0,0,0,0,0,0,0,0,0
ZTF23aaiysoq,0,0,1,1,0,1,0,1,0,1,0
ZTF23aaiysqn,0,0,1,1,0,1,0,1,0,1,0
ZTF23aaiytpy,1,0,0,0,0,0,0,0,0,0,0
ZTF23aaiyuae,1,0,0,0,0,0,0,0,0,0,0
ZTF23aaiywai,0,1,0,1,0,1,0,1,0,0,1
ZTF23aaiywyz,1,0,0,0,0,0,0,0,0,0,0
ZTF23aaiyxbx,0,1,0,1,0,1,0,1,0,0,1
ZTF23aaizbgx,0,1,0,1,0,1,0,1,0,0,1
ZTF23aaizezh,0,1,0,1,0,1,0,0,1,1,0
ZTF23aaizfff,0,1,0,1,0,1,0,1,0,0,1
ZTF23aaizgvi,0,1,0,0,1,1,0,1,0,1,0
ZTF23aaizilo,0,1,0,0,1,1,0,1,0,1,0
ZTF23aaiziyi,0,1,0,1,0,0,1,1,0,1,0
ZTF23aaizjbj,0,1,0,1,0,0,1,1,0,1,0
ZTF23aaizlst,0,0,1,1,0,1,0,1,0,1,0
ZTF23aaizmza,0,0,1,1,0,1,0,1,0,1,0
ZTF23aaizrxw,0,1,0,1,0,1,0,0,1,1,0
ZTF23aaiztxa,0,1,0,1,0,0,1,1,0,1,0
ZTF23aaizwyo,0,1,0,1,0,0,1,1,0,1,0
ZTF23aajadng,0,1,0,1,0,0,1,1,0,1,0
ZTF23aajahua,0,1,0,0,1,1,0,1,0,1,0
ZTF23aajakyp,0,1,0,1,0,1,0,1,0,0,1
ZTF23aajalbz,0,1,0,1,0,0,1,1,0,1,0
ZTF23aajalnn,0,1,0,1,0,0,1,1,0,1,0
ZTF23aajaraz,0,1,0,1,0,1,0,0,1,1,0
ZTF23aajaucm,0,0,1,1,0,1,0,1,0,1,0
ZTF23aajavat,0,1,0,1,0,0,1,1,0,1,0
ZTF23aajaygo,0,1,0,1,0,1,0,0,1,1,0
ZTF23aajaykq,0,1,0,1,0,0,1,1,0,1,0
ZTF23aajazyl,0,1,0,0,1,1,0,1,0,1,0
ZTF23aajbdhj,0,1,0,1,0,0,1,1,0,1,0
ZTF23aajbejz,0,1,0,1,0,1,0,1,0,0,1
ZTF23aajbekv,1,0,0,0,0,0,0,0,0,0,0
ZTF23aajbgoq,1,0,0,0,0,0,0,0,0,0,0
ZTF23aajbnht,0,1,0,1,0,1,0,0,1,1,0
ZTF23aajcewp,0,1,0,0,1,1,0,1,0,1,0
ZTF23aajcuqh,0,1,0,1,0,1,0,0,1,1,0
ZTF23aajdhnw,0,1,0,1,0,1,0,0,1,1,0
ZTF23aajdlir,0,1,0,1,0,1,0,1,0,0,1
ZTF23aajdttj,0,0,1,1,0,1,0,1,0,1,0
ZTF23aajdtyv,0,1,0,1,0,1,0,1,0,0,1
ZTF23aajduhm,0,1,0,1,0,1,0,0,1,1,0
ZTF23aajduhx,1,0,0,0,0,0,0,0,0,0,0
ZTF23aajduii,0,1,0,1,0,0,1,1,0,1,0
ZTF23aajduji,0,1,0,1,0,0,1,1,0,1,0
ZTF23aajduoo,0,0,1,1,0,1,0,1,0,1,0
ZTF23aajduoq,0,1,0,1,0,1,0,0,1,1,0
ZTF23aajduqu,0,1,0,1,0,1,0,0,1,1,0
ZTF23aajduvy,0,1,0,1,0,1,0,1,0,0,1
ZTF23aajduzt,1,0,0,0,0,0,0,0,0,0,0
ZTF23aajeevp,0,1,0,0,1,1,0,1,0,1,0
ZTF23aajenaj,1,0,0,0,0,0,0,0,0,0,0
ZTF23aajenvh,0,0,1,1,0,1,0,1,0,1,0
ZTF23aajeped,0,1,0,0,1,1,0,1,0,1,0
ZTF23aajestr,0,1,0,0,1,1,0,1,0,1,0
ZTF23aajetlu,0,1,0,1,0,1,0,1,0,0,1
ZTF23aajetmx,1,0,0,0,0,0,0,0,0,0,0
ZTF23aajeunk,0,1,0,1,0,0,1,1,0,1,0
ZTF23aajevax,0,0,1,1,0,1,0,1,0,1,0
ZTF23aajevsk,1,0,0,0,0,0,0,0,0,0,0
ZTF23aajevts,1,0,0,0,0,0,0,0,0,0,0
ZTF23aajewif,0,0,1,1,0,1,0,1,0,1,0
ZTF23aajfbso,0,1,0,1,0,0,1,1,0,1,0
ZTF23aajfbyy,1,0,0,0,0,0,0,0,0,0,0
ZTF23aajfcaf,0,1,0,1,0,1,0,1,0,0,1
ZTF23aajfcou,0,1,0,1,0,1,0,0,1,1,0
ZTF23aajfdmp,0,0,1,1,0,1,0,1,0,1,0
ZTF23aajfdtn,1,0,0,0,0,0,0,0,0,0,0
ZTF23aajfdxf,0,0,1,1,0,1,0,1,0,1,0
ZTF23aajfedw,0,1,0,0,1,1,0,1,0,1,0
ZTF23aajfenp,0,1,0,1,0,0,1,1,0,1,0
ZTF23aajfere,0,1,0,1,0,1,0,0,1,1,0
ZTF23aajfexu,0,1,0,1,0,1,0,0,1,1,0
ZTF23aajfhsg,0,1,0,1,0,0,1,1,0,1,0
ZTF23aajfike,1,0,0,0,0,0,0,0,0,0,0
ZTF23aajfikh,0,1,0,1,0,1,0,1,0,0,1
ZTF23aajfilx,0,1,0,1,0,1,0,1,0,0,1
ZTF23aajfizp,0,1,0,0,1,1,0,1,0,1,0
ZTF23aajfnvw,1,0,0,0,0,0,0,0,0,0,0
ZTF23aajfnyf,0,1,0,1,0,1,0,1,0,0,1
ZTF23aajfoed,0,0,1,1,0,1,0,1,0,1,0
ZTF23aajfqhx,0,1,0,1,0,1,0,1,0,0,1
ZTF23aajfqog,1,0,0,0,0,0,0,0,0,0,0
ZTF23aajfqtn,0,1,0,1,0,1,0,0,1,1,0
ZTF23aajfyrv,0,1,0,1,0,1,0,0,1,1,0
ZTF23aajgcpv,1,0,0,0,0,0,0,0,0,0,0
ZTF23aajgezm,0,1,0,0,1,1,0,1,0,1,0
ZTF23aajgivv,0,1,0,1,0,1,0,1,0,0,1
ZTF23aajglry,0,0,1,1,0,1,0,1,0,1,0
ZTF23aajgnbg,1,0,0,0,0,0,0,0,0,0,0
ZTF23aajgpos,0,1,0,1,0,0,1,1,0,1,0
ZTF23aajgrvd,0,1,0,0,1,1,0,1,0,1,0
ZTF23aajgwmi,0,1,0,1,0,1,0,1,0,0,1
ZTF23aajgwmq,0,1,0,0,1,1,0,1,0,1,0
ZTF23aajgzkt,0,1,0,1,0,0,1,1,0,1,0
ZTF23aajhagi,0,1,0,1,0,0,1,1,0,1,0
ZTF23aajhbqs,0,1,0,1,0,0,1,1,0,1,0
ZTF23aajhbrh,0,1,0,0,1,1,0,1,0,1,0
ZTF23aajhbyc,0,1,0,1,0,1,0,0,1,1,0
ZTF23aajhder,0,1,0,1,0,0,1,1,0,1,0
ZTF23aajhegq,0,0,1,1,0,1,0,1,0,1,0
ZTF23aajhfte,0,1,0,1,0,1,0,0,1,1,0
ZTF23aajhgqa,0,1,0,1,0,0,1,1,0,1,0
ZTF23aajhhvr,0,1,0,1,0,1,0,0,1,1,0
ZTF23aajhksf,0,1,0,1,0,1,0,0,1,1,0
ZTF23aajhkyt,0,1,0,1,0,1,0,0,1,1,0
ZTF23aajhlmy,0,1,0,1,0,0,1,1,0,1,0
ZTF23aajhmwm,1,0,0,0,0,0,0,0,0,0,0
ZTF23aajhosl,1,0,0,0,0,0,0,0,0,0,0
ZTF23aajhpae,0,0,1,1,0,1,0,1,0,1,0
ZTF23aajhqkt,0,1,0,1,0,1,0,0,1,1,0
ZTF23aajhqvp,0,1,0,1,0,1,0,0,1,1,0
ZTF23aajhqzy,1,0,0,0,0,0,0,0,0,0,0
ZTF23aajhrph,0,1,0,0,1,1,0,1,0,1,0
ZTF23aajhshh,0,0,1,1,0,1,0,1,0,1,0
ZTF23aajhsln,0,0,1,1,0,1,0,1,0,1,0
ZTF23aajhsvp,1,0,0,0,0,0,0,0,0,0,0
ZTF23aajhswv,0,1,0,1,0,1,0,0,1,1,0
ZTF23aajhtuu,0,1,0,0,1,1,0,1,0,1,0
ZTF23aajhucy,0,1,0,0,1,1,0,1,0,1,0
ZTF23aajhwzl,0,0,1,1,0,1,0,1,0,1,0
ZTF23aajhxdk,0,1,0,1,0,1,0,1,0,0,1
ZTF23aajhyco,0,0,1,1,0,1,0,1,0,1,0
ZTF23aajhykc,0,1,0,1,0,0,1,1,0,1,0
ZTF23aajiazu,0,1,0,1,0,1,0,0,1,1,0
ZTF23aajibbm,0,1,0,1,0,1,0,0,1,1,0
ZTF23aajibxa,0,1,0,1,0,1,0,0,1,1,0
ZTF23aajichz,0,0,1,1,0,1,0,1,0,1,0
ZTF23aajicxz,1,0,0,0,0,0,0,0,0,0,0
ZTF23aajidob,0,1,0,1,0,1,0,0,1,1,0
ZTF23aajieaw,1,0,0,0,0,0,0,0,0,0,0
ZTF23aajifkm,0,1,0,1,0,0,1,1,0,1,0
ZTF23aajihyg,0,1,0,1,0,0,1,1,0,1,0
ZTF23aajijvy,1,0,0,0,0,0,0,0,0,0,0
ZTF23aajimhq,1,0,0,0,0,0,0,0,0,0,0
ZTF23aajimlw,0,1,0,1,0,0,1,1,0,1,0
ZTF23aajipaf,1,0,0,0,0,0,0,0,0,0,0
ZTF23aajirww,0,1,0,1,0,0,1,1,0,1,0
ZTF23aajiucf,0,1,0,1,0,0,1,1,0,1,0
ZTF23aajivms,0,0,1,1,0,1,0,1,0,1,0
ZTF23aajjaau,0,1,0,0,1,1,0,1,0,1,0
ZTF23aajjaqc,1,0,0,0,0,0,0,0,0,0,0
ZTF23aajjddh,0,1,0,1,0,0,1,1,0,1,0
ZTF23aajjgtx,0,1,0,0,1,1,0,1,0,1,0
ZTF23aajjhhl,0,0,1,1,0,1,0,1,0,1,0
ZTF23aajjhke,0,1,0,0,1,1,0,1,0,1,0
ZTF23aajjtxz,0,1,0,0,1,1,0,1,0,1,0
ZTF23aajjtye,0,0,1,1,0,1,0,1,0,1,0
ZTF23aajjval,0,0,1,1,0,1,0,1,0,1,0
ZTF23aajjvxa,0,1,0,1,0,0,1,1,0,1,0
ZTF23aajjxso,1,0,0,0,0,0,0,0,0,0,0
ZTF23aajjydq,0,1,0,1,0,0,1,1,0,1,0
ZTF23aajjylm,0,1,0,1,0,1,0,0,1,1,0
ZTF23aajjzbm,1,0,0,0,0,0,0,0,0,0,0
ZTF23aajjzdy,0,1,0,1,0,0,1,1,0,1,0
ZTF23aajjzml,0,1,0,1,0,0,1,1,0,1,0
ZTF23aajjzon,0,0,1,1,0,1,0,1,0,1,0
ZTF23aajkaka,0,1,0,1,0,1,0,1,0,0,1
ZTF23aajkdvl,1,0,0,0,0,0,0,0,0,0,0
ZTF23aajkeia,0,1,0,1,0,0,1,1,0,1,0
ZTF23aajkejg,0,1,0,0,1,1,0,1,0,1,0
ZTF23aajkisu,0,1,0,0,1,1,0,1,0,1,0
ZTF23aajkjxm,0,1,0,0,1,1,0,1,0,1,0
ZTF23aajkkrl,0,1,0,1,0,0,1,1,0,1,0
ZTF23aajkujm,1,0,0,0,0,0,0,0,0,0,0
ZTF23aajlkxc,1,0,0,0,0,0,0,0,0,0,0
ZTF23aajllbt,1,0,0,0,0,0,0,0,0,0,0
ZTF23aajlmkr,1,0,0,0,0,0,0,0,0,0,0
ZTF23aajlpme,0,1,0,1,0,0,1,1,0,1,0
ZTF23aajlsiw,0,1,0,1,0,0,1,1,0,1,0
ZTF23aajlxlg,0,1,0,1,0,1,0,0,1,1,0
ZTF23aajlxmp,0,1,0,0,1,1,0,1,0,1,0
ZTF23aajmdar,0,1,0,0,1,1,0,1,0,1,0
ZTF23aajmhto,1,0,0,0,0,0,0,0,0,0,0
ZTF23aajmjhz,1,0,0,0,0,0,0,0,0,0,0
ZTF23aajmqns,0,0,1,1,0,1,0,1,0,1,0
ZTF23aajmrcd,0,1,0,1,0,0,1,1,0,1,0
ZTF23aajmrlv,1,0,0,0,0,0,0,0,0,0,0
ZTF23aajmsam,1,0,0,0,0,0,0,0,0,0,0
ZTF23aajmufo,0,0,1,1,0,1,0,1,0,1,0
ZTF23aajmwdx,0,0,1,1,0,1,0,1,0,1,0
ZTF23aajnder,0,0,1,1,0,1,0,1,0,1,0
ZTF23aajndip,0,1,0,1,0,0,1,1,0,1,0
ZTF23aajndkv,0,1,0,1,0,1,0,0,1,1,0
ZTF23aajndor,0,1,0,0,1,1,0,1,0,1,0
ZTF23aajndsl,0,1,0,1,0,1,0,1,0,0,1
ZTF23aajnjpc,0,1,0,1,0,0,1,1,0,1,0
ZTF23aajnjtk,0,0,1,1,0,1,0,1,0,1,0
ZTF23aajnkfy,0,1,0,0,1,1,0,1,0,1,0
ZTF23aajnkov,0,0,1,1,0,1,0,1,0,1,0
ZTF23aajnlic,0,1,0,1,0,1,0,0,1,1,0
ZTF23aajnnsr,1,0,0,0,0,0,0,0,0,0,0
ZTF23aajnofr,0,1,0,1,0,1,0,0,1,1,0
ZTF23aajnogd,0,1,0,1,0,1,0,1,0,0,1
ZTF23aajnoij,0,1,0,0,1,1,0,1,0,1,0
ZTF23aajnood,0,1,0,1,0,1,0,0,1,1,0
ZTF23aajnoox,0,0,1,1,0,1,0,1,0,1,0
ZTF23aajnqjk,0,1,0,1,0,0,1,1,0,1,0
ZTF23aajnrfe,0,1,0,1,0,1,0,1,0,0,1
ZTF23aajnuog,0,0,1,1,0,1,0,1,0,1,0
ZTF23aajnxmu,1,0,0,0,0,0,0,0,0,0,0
ZTF23aajnymh,1,0,0,0,0,0,0,0,0,0,0
ZTF23aajnzhs,0,1,0,1,0,1,0,0,1,1,0
ZTF23aajoabd,1,0,0,0,0,0,0,0,0,0,0
ZTF23aajoano,1,0,0,0,0,0,0,0,0,0,0
ZTF23aajocfy,0,1,0,1,0,1,0,1,0,0,1
ZTF23aajocph,1,0,0,0,0,0,0,0,0,0,0
ZTF23aajodnc,0,1,0,1,0,1,0,1,0,0,1
ZTF23aajoitr,0,1,0,1,0,1,0,1,0,0,1
ZTF23aajokee,0,1,0,1,0,1,0,0,1,1,0
ZTF23aajokit,0,1,0,1,0,1,0,1,0,0,1
ZTF23aajoqlv,0,1,0,1,0,0,1,1,0,1,0
ZTF23aajosde,0,1,0,1,0,1,0,0,1,1,0
ZTF23aajotqa,0,1,0,0,1,1,0,1,0,1,0
ZTF23aajoxes,0,1,0,1,0,1,0,1,0,0,1
ZTF23aajozkk,0,1,0,1,0,1,0,0,1,1,0
ZTF23aajozmn,0,0,1,1,0,1,0,1,0,1,0
ZTF23aajpabl,0,1,0,1,0,1,0,0,1,1,0
ZTF23aajpahm,1,0,0,0,0,0,0,0,0,0,0
ZTF23aajpcuk,1,0,0,0,0,0,0,0,0,0,0
ZTF23aajpdcg,0,1,0,0,1,1,0,1,0,1,0
ZTF23aajphsh,0,1,0,1,0,0,1,1,0,1,0
ZTF23aajppbh,0,0,1,1,0,1,0,1,0,1,0
ZTF23aajprao,1,0,0,0,0,0,0,0,0,0,0
ZTF23aajpsbg,0,1,0,1,0,1,0,0,1,1,0
ZTF23aajpssy,0,1,0,0,1,1,0,1,0,1,0
ZTF23aajpstn,0,0,1,1,0,1,0,1,0,1,0
ZTF23aajqegz,0,1,0,0,1,1,0,1,0,1,0
ZTF23aajqewm,1,0,0,0,0,0,0,0,0,0,0
ZTF23aajrbef,0,1,0,1,0,1,0,0,1,1,0
ZTF23aajrmfh,1,0,0,0,0,0,0,0,0,0,0
ZTF23aajrvmr,0,1,0,1,0,1,0,0,1,1,0
ZTF23aajrvwm,0,0,1,1,0,1,0,1,0,1,0
ZTF23aajsbef,0,0,1,1,0,1,0,1,0,1,0
ZTF23aajscgu,0,1,0,1,0,0,1,1,0,1,0
ZTF23aajsgzu,0,1,0,0,1,1,0,1,0,1,0
ZTF23aajsiee,0,1,0,1,0,1,0,0,1,1,0
ZTF23aajsigu,0,1,0,1,0,1,0,1,0,0,1
ZTF23aajsjdv,0,1,0,1,0,1,0,1,0,0,1
ZTF23aajskhg,0,1,0,1,0,1,0,0,1,1,0
ZTF23aajsmyk,0,1,0,0,1,1,0,1,0,1,0
ZTF23aajsorc,1,0,0,0,0,0,0,0,0,0,0
ZTF23aajtpes,0,1,0,1,0,1,0,1,0,0,1
ZTF23aajtpey,0,0,1,1,0,1,0,1,0,1,0
ZTF23aajtpvc,1,0,0,0,0,0,0,0,0,0,0
ZTF23aajtpzp,0,1,0,1,0,1,0,1,0,0,1
ZTF23aajtqbh,1,0,0,0,0,0,0,0,0,0,0
ZTF23aajtscd,0,1,0,1,0,0,1,1,0,1,0
ZTF23aajtsia,1,0,0,0,0,0,0,0,0,0,0
ZTF23aajtsnk,0,1,0,1,0,1,0,1,0,0,1
ZTF23aajttjc,0,0,1,1,0,1,0,1,0,1,0
ZTF23aajtucb,0,1,0,1,0,0,1,1,0,1,0
ZTF23aajtudb,0,0,1,1,0,1,0,1,0,1,0
ZTF23aajtufz,0,1,0,1,0,0,1,1,0,1,0
ZTF23aajuala,1,0,0,0,0,0,0,0,0,0,0
ZTF23aajurty,0,1,0,1,0,1,0,1,0,0,1
ZTF23aajusxs,0,0,1,1,0,1,0,1,0,1,0
ZTF23aajuuwh,1,0,0,0,0,0,0,0,0,0,0
ZTF23aajuvto,0,1,0,1,0,1,0,1,0,0,1
ZTF23aajvaeu,0,1,0,0,1,1,0,1,0,1,0
ZTF23aajvfdu,0,1,0,0,1,1,0,1,0,1,0
ZTF23aajvgqk,0,1,0,1,0,0,1,1,0,1,0
ZTF23aajvgsz,0,0,1,1,0,1,0,1,0,1,0
ZTF23aajvnae,0,1,0,1,0,0,1,1,0,1,0
ZTF23aajvnbq,0,1,0,1,0,0,1,1,0,1,0
ZTF23aajvneh,0,0,1,1,0,1,0,1,0,1,0
ZTF23aajvnog,0,1,0,0,1,1,0,1,0,1,0
ZTF23aajvntv,0,1,0,1,0,0,1,1,0,1,0
ZTF23aajwtko,0,0,1,1,0,1,0,1,0,1,0
ZTF23aajzuof,1,0,0,0,0,0,0,0,0,0,0
ZTF23aakacvq,0,1,0,1,0,1,0,1,0,0,1
ZTF23aakagti,0,1,0,1,0,0,1,1,0,1,0
ZTF23aakanao,1,0,0,0,0,0,0,0,0,0,0
ZTF23aakaqht,1,0,0,0,0,0,0,0,0,0,0
ZTF23aakayaq,1,0,0,0,0,0,0,0,0,0,0
ZTF23aakbjfr,0,1,0,1,0,0,1,1,0,1,0
ZTF23aakbjjr,0,1,0,1,0,1,0,0,1,1,0
ZTF23aakbjqx,0,1,0,0,1,1,0,1,0,1,0
ZTF23aakbobk,0,1,0,0,1,1,0,1,0,1,0
ZTF23aakbojc,0,1,0,1,0,1,0,0,1,1,0
ZTF23aakbpap,1,0,0,0,0,0,0,0,0,0,0
ZTF23aakbpwp,0,1,0,1,0,0,1,1,0,1,0
ZTF23aakbqgc,1,0,0,0,0,0,0,0,0,0,0
ZTF23aakbvtb,0,1,0,1,0,1,0,0,1,1,0
ZTF23aakcbfv,0,1,0,1,0,0,1,1,0,1,0
ZTF23aakceva,0,1,0,1,0,1,0,1,0,0,1
ZTF23aakcmvz,0,1,0,0,1,1,0,1,0,1,0
ZTF23aakcszy,0,0,1,1,0,1,0,1,0,1,0
ZTF23aakczru,0,1,0,1,0,0,1,1,0,1,0
ZTF23aakdazb,1,0,0,0,0,0,0,0,0,0,0
ZTF23aakdooi,0,0,1,1,0,1,0,1,0,1,0
ZTF23aakekzd,0,0,1,1,0,1,0,1,0,1,0
ZTF23aakenbn,0,1,0,1,0,0,1,1,0,1,0
ZTF23aakepqn,0,1,0,0,1,1,0,1,0,1,0
ZTF23aakeudf,0,0,1,1,0,1,0,1,0,1,0
ZTF23aakewaa,0,0,1,1,0,1,0,1,0,1,0
ZTF23aakewce,1,0,0,0,0,0,0,0,0,0,0
ZTF23aakezuq,1,0,0,0,0,0,0,0,0,0,0
ZTF23aakfsqk,1,0,0,0,0,0,0,0,0,0,0
ZTF23aakgaqx,0,0,1,1,0,1,0,1,0,1,0
ZTF23aakgbcp,0,1,0,0,1,1,0,1,0,1,0
ZTF23aakgtdf,0,0,1,1,0,1,0,1,0,1,0
ZTF23aakguww,1,0,0,0,0,0,0,0,0,0,0
ZTF23aakhgtx,0,1,0,0,1,1,0,1,0,1,0
ZTF23aakhjkk,0,1,0,0,1,1,0,1,0,1,0
ZTF23aakhjuz,0,1,0,0,1,1,0,1,0,1,0
ZTF23aakhkpq,0,1,0,1,0,1,0,0,1,1,0
ZTF23aakhtie,0,1,0,1,0,1,0,0,1,1,0
ZTF23aakhtqo,1,0,0,0,0,0,0,0,0,0,0
ZTF23aakhvts,1,0,0,0,0,0,0,0,0,0,0
ZTF23aakhwcp,1,0,0,0,0,0,0,0,0,0,0
ZTF23aakifbv,0,1,0,1,0,0,1,1,0,1,0
ZTF23aakiifs,0,1,0,1,0,0,1,1,0,1,0
ZTF23aakjbef,1,0,0,0,0,0,0,0,0,0,0
ZTF23aakjnib,0,1,0,1,0,0,1,1,0,1,0
ZTF23aakjnji,1,0,0,0,0,0,0,0,0,0,0
ZTF23aakjpdr,0,0,1,1,0,1,0,1,0,1,0
ZTF23aakjqau,0,1,0,1,0,0,1,1,0,1,0
ZTF23aakjrve,0,1,0,1,0,0,1,1,0,1,0
ZTF23aakjrzm,0,1,0,0,1,1,0,1,0,1,0
ZTF23aakjsbj,0,0,1,1,0,1,0,1,0,1,0
ZTF23aakjvhk,0,1,0,1,0,1,0,1,0,0,1
ZTF23aakkkmz,1,0,0,0,0,0,0,0,0,0,0
ZTF23aaklamh,1,0,0,0,0,0,0,0,0,0,0
ZTF23aaklbwm,0,1,0,1,0,0,1,1,0,1,0
ZTF23aaklfsz,0,1,0,1,0,0,1,1,0,1,0
ZTF23aaklgxf,0,1,0,1,0,1,0,0,1,1,0
ZTF23aaklhml,0,1,0,1,0,0,1,1,0,1,0
ZTF23aaklpbp,0,1,0,1,0,1,0,1,0,0,1
ZTF23aaklvgv,0,0,1,1,0,1,0,1,0,1,0
ZTF23aaklvhh,1,0,0,0,0,0,0,0,0,0,0
ZTF23aakmaie,0,1,0,1,0,0,1,1,0,1,0
ZTF23aakmetf,0,1,0,1,0,1,0,1,0,0,1
ZTF23aakmnkh,0,1,0,1,0,0,1,1,0,1,0
ZTF23aakmqah,0,1,0,1,0,1,0,0,1,1,0
ZTF23aakmqlj,0,1,0,1,0,1,0,1,0,0,1
ZTF23aaknfkc,1,0,0,0,0,0,0,0,0,0,0
ZTF23aaknoms,0,1,0,1,0,1,0,0,1,1,0
ZTF23aaknrrz,1,0,0,0,0,0,0,0,0,0,0
ZTF23aaknrvh,0,1,0,1,0,1,0,0,1,1,0
ZTF23aaknsqr,0,1,0,1,0,1,0,0,1,1,0
ZTF23aaknwrx,0,1,0,1,0,1,0,0,1,1,0
ZTF23aaknyni,1,0,0,0,0,0,0,0,0,0,0
ZTF23aakojnn,0,1,0,0,1,1,0,1,0,1,0
ZTF23aakokgz,1,0,0,0,0,0,0,0,0,0,0
ZTF23aakomqs,0,0,1,1,0,1,0,1,0,1,0
ZTF23aakplrg,0,0,1,1,0,1,0,1,0,1,0
ZTF23aakpmck,0,1,0,1,0,1,0,1,0,0,1
ZTF23aakpmdd,1,0,0,0,0,0,0,0,0,0,0
ZTF23aakpmyx,1,0,0,0,0,0,0,0,0,0,0
ZTF23aakpnvv,0,0,1,1,0,1,0,1,0,1,0
ZTF23aakprfy,0,1,0,1,0,1,0,1,0,0,1
ZTF23aakpzvj,0,1,0,0,1,1,0,1,0,1,0
ZTF23aakqbgs,0,0,1,1,0,1,0,1,0,1,0
ZTF23aakqbgt,0,1,0,1,0,1,0,1,0,0,1
ZTF23aakqcen,0,1,0,0,1,1,0,1,0,1,0
ZTF23aakqcpr,0,1,0,1,0,1,0,1,0,0,1
ZTF23aakqiis,0,1,0,1,0,1,0,0,1,1,0
ZTF23aakrbnt,1,0,0,0,0,0,0,0,0,0,0
ZTF23aakrdfa,0,1,0,1,0,1,0,0,1,1,0
ZTF23aakrioz,0,1,0,1,0,1,0,0,1,1,0
ZTF23aakrkjt,1,0,0,0,0,0,0,0,0,0,0
ZTF23aakrnap,0,1,0,1,0,1,0,1,0,0,1
ZTF23aakrngt,0,0,1,1,0,1,0,1,0,1,0
ZTF23aakrnox,1,0,0,0,0,0,0,0,0,0,0
ZTF23aakrnrc,0,1,0,1,0,0,1,1,0,1,0
ZTF23aakrnwl,0,1,0,1,0,1,0,1,0,0,1
ZTF23aakrupn,0,1,0,1,0,1,0,0,1,1,0
ZTF23aakscwt,1,0,0,0,0,0,0,0,0,0,0
ZTF23aaksoku,0,1,0,0,1,1,0,1,0,1,0
ZTF23aakstht,0,1,0,1,0,1,0,0,1,1,0
ZTF23aakstuf,1,0,0,0,0,0,0,0,0,0,0
ZTF23aaksups,0,0,1,1,0,1,0,1,0,1,0
ZTF23aaktccj,0,1,0,1,0,0,1,1,0,1,0
ZTF23aaktcdt,1,0,0,0,0,0,0,0,0,0,0
ZTF23aaktcgv,1,0,0,0,0,0,0,0,0,0,0
ZTF23aakthcx,0,1,0,0,1,1,0,1,0,1,0
ZTF23aakthob,1,0,0,0,0,0,0,0,0,0,0
ZTF23aaktuln,0,1,0,1,0,1,0,1,0,0,1
ZTF23aaktzsu,0,1,0,1,0,0,1,1,0,1,0
ZTF23aakuegw,1,0,0,0,0,0,0,0,0,0,0
ZTF23aakunhi,0,1,0,1,0,1,0,1,0,0,1
ZTF23aakxqrp,0,1,0,1,0,1,0,0,1,1,0
ZTF23aakxqtr,0,1,0,0,1,1,0,1,0,1,0
ZTF23aakyflh,1,0,0,0,0,0,0,0,0,0,0
ZTF23aakyfnd,0,1,0,1,0,0,1,1,0,1,0
ZTF23aakyfsk,1,0,0,0,0,0,0,0,0,0,0
ZTF23aakykkb,0,1,0,1,0,1,0,0,1,1,0
ZTF23aakyphf,0,1,0,1,0,1,0,0,1,1,0
ZTF23aakzgmn,0,1,0,0,1,1,0,1,0,1,0
ZTF23aakzlwl,0,1,0,0,1,1,0,1,0,1,0
ZTF23aakzmic,0,1,0,1,0,1,0,0,1,1,0
ZTF23aakzpub,0,0,1,1,0,1,0,1,0,1,0
ZTF23aalabpo,0,1,0,1,0,0,1,1,0,1,0
ZTF23aalacub,0,0,1,1,0,1,0,1,0,1,0
ZTF23aalaizo,1,0,0,0,0,0,0,0,0,0,0
ZTF23aalajai,0,1,0,0,1,1,0,1,0,1,0
ZTF23aalakgj,0,1,0,1,0,0,1,1,0,1,0
ZTF23aalange,0,1,0,1,0,1,0,0,1,1,0
ZTF23aalatbx,0,1,0,0,1,1,0,1,0,1,0
ZTF23aalatcw,0,1,0,1,0,0,1,1,0,1,0
ZTF23aalawrb,0,1,0,1,0,1,0,0,1,1,0
ZTF23aalbbmc,1,0,0,0,0,0,0,0,0,0,0
ZTF23aalbfpa,0,1,0,1,0,0,1,1,0,1,0
ZTF23aalbivf,1,0,0,0,0,0,0,0,0,0,0
ZTF23aalbqvc,1,0,0,0,0,0,0,0,0,0,0
ZTF23aalbtvh,0,1,0,1,0,1,0,1,0,0,1
ZTF23aalbudk,0,1,0,1,0,0,1,1,0,1,0
ZTF23aalburo,0,1,0,1,0,0,1,1,0,1,0
ZTF23aalbxqx,1,0,0,0,0,0,0,0,0,0,0
ZTF23aalcbiv,0,1,0,0,1,1,0,1,0,1,0
ZTF23aalccmk,1,0,0,0,0,0,0,0,0,0,0
ZTF23aalchip,0,1,0,1,0,1,0,1,0,0,1
ZTF23aalcibr,0,1,0,0,1,1,0,1,0,1,0
ZTF23aalcijh,0,1,0,1,0,0,1,1,0,1,0
ZTF23aalckcj,0,1,0,1,0,0,1,1,0,1,0
ZTF23aalctal,0,1,0,1,0,1,0,1,0,0,1
ZTF23aalcttc,0,1,0,1,0,1,0,0,1,1,0
ZTF23aalcvlh,0,1,0,0,1,1,0,1,0,1,0
ZTF23aalcvpw,0,0,1,1,0,1,0,1,0,1,0
ZTF23aalcwiq,0,1,0,1,0,1,0,0,1,1,0
ZTF23aalcxih,0,0,1,1,0,1,0,1,0,1,0
ZTF23aalcyha,1,0,0,0,0,0,0,0,0,0,0
ZTF23aalcynk,0,0,1,1,0,1,0,1,0,1,0
ZTF23aalcyso,0,0,1,1,0,1,0,1,0,1,0
ZTF23aalczae,0,1,0,1,0,0,1,1,0,1,0
ZTF23aalczjh,0,1,0,1,0,0,1,1,0,1,0
ZTF23aaldabd,0,1,0,1,0,1,0,1,0,0,1
ZTF23aaldcep,0,1,0,1,0,1,0,1,0,0,1
ZTF23aaldclr,0,1,0,0,1,1,0,1,0,1,0
ZTF23aaldgsn,1,0,0,0,0,0,0,0,0,0,0
ZTF23aaldhbv,0,1,0,1,0,1,0,0,1,1,0
ZTF23aaldhhd,0,1,0,0,1,1,0,1,0,1,0
ZTF23aaldhza,1,0,0,0,0,0,0,0,0,0,0
ZTF23aaldozg,1,0,0,0,0,0,0,0,0,0,0
ZTF23aaldqlf,1,0,0,0,0,0,0,0,0,0,0
ZTF23aaldvnc,1,0,0,0,0,0,0,0,0,0,0
ZTF23aaldvtz,0,1,0,1,0,0,1,1,0,1,0
ZTF23aaldwsh,0,0,1,1,0,1,0,1,0,1,0
ZTF23aaldzxz,1,0,0,0,0,0,0,0,0,0,0
ZTF23aaleabm,1,0,0,0,0,0,0,0,0,0,0
ZTF23aaleicc,1,0,0,0,0,0,0,0,0,0,0
ZTF23aalfcju,0,1,0,1,0,1,0,1,0,0,1
ZTF23aalfofn,0,1,0,1,0,1,0,0,1,1,0
ZTF23aalfttf,1,0,0,0,0,0,0,0,0,0,0
ZTF23aalfzfc,1,0,0,0,0,0,0,0,0,0,0
ZTF23aalgccc,0,1,0,1,0,1,0,0,1,1,0
ZTF23aalgjlz,0,0,1,1,0,1,0,1,0,1,0
ZTF23aalgkdn,0,1,0,1,0,1,0,0,1,1,0
ZTF23aalgkrc,0,0,1,1,0,1,0,1,0,1,0
ZTF23aalgqsq,1,0,0,0,0,0,0,0,0,0,0
ZTF23aalgwru,1,0,0,0,0,0,0,0,0,0,0
ZTF23aalgxkf,0,0,1,1,0,1,0,1,0,1,0
ZTF23aalgyvs,0,1,0,1,0,1,0,1,0,0,1
ZTF23aalhnbc,0,1,0,1,0,1,0,0,1,1,0
ZTF23aalhoxj,0,1,0,1,0,0,1,1,0,1,0
ZTF23aalhqci,0,1,0,1,0,1,0,1,0,0,1
ZTF23aalhyjb,0,1,0,1,0,1,0,1,0,0,1
ZTF23aalihqz,0,1,0,0,1,1,0,1,0,1,0
ZTF23aaljicz,1,0,0,0,0,0,0,0,0,0,0
ZTF23aaljjyj,0,1,0,1,0,0,1,1,0,1,0
ZTF23aaljkxh,0,0,1,1,0,1,0,1,0,1,0
ZTF23aaljkyb,0,1,0,1,0,1,0,0,1,1,0
ZTF23aaljxxm,0,1,0,1,0,1,0,1,0,0,1
ZTF23aaljzew,1,0,0,0,0,0,0,0,0,0,0
ZTF23aalklzg,0,0,1,1,0,1,0,1,0,1,0
ZTF23aallfxp,0,1,0,1,0,1,0,1,0,0,1
ZTF23aallweg,1,0,0,0,0,0,0,0,0,0,0
ZTF23aallxtj,1,0,0,0,0,0,0,0,0,0,0
ZTF23aalmjxr,0,1,0,1,0,1,0,0,1,1,0
ZTF23aalmnfh,0,1,0,1,0,1,0,1,0,0,1
ZTF23aalngts,0,1,0,1,0,1,0,1,0,0,1
ZTF23aalnlbf,0,0,1,1,0,1,0,1,0,1,0
ZTF23aalnxms,0,1,0,0,1,1,0,1,0,1,0
ZTF23aalnxmw,0,1,0,1,0,1,0,1,0,0,1
ZTF23aalonkr,0,1,0,1,0,1,0,0,1,1,0
ZTF23aalprtr,0,1,0,1,0,1,0,1,0,0,1
ZTF23aalptte,0,1,0,0,1,1,0,1,0,1,0
ZTF23aalptuh,0,1,0,1,0,1,0,1,0,0,1
ZTF23aalqgpk,0,1,0,1,0,1,0,0,1,1,0
ZTF23aalqhxc,1,0,0,0,0,0,0,0,0,0,0
ZTF23aalqkpq,0,0,1,1,0,1,0,1,0,1,0
ZTF23aalqssl,1,0,0,0,0,0,0,0,0,0,0
ZTF23aalqves,0,1,0,0,1,1,0,1,0,1,0
ZTF23aalravi,0,1,0,1,0,0,1,1,0,1,0
ZTF23aalrfxm,0,1,0,1,0,1,0,1,0,0,1
ZTF23aalrgnl,0,0,1,1,0,1,0,1,0,1,0
ZTF23aalrhtf,0,1,0,0,1,1,0,1,0,1,0
ZTF23aalrusy,0,1,0,1,0,0,1,1,0,1,0
ZTF23aalruzx,0,1,0,1,0,1,0,1,0,0,1
ZTF23aalrvep,0,1,0,1,0,1,0,0,1,1,0
ZTF23aalrvfr,0,1,0,1,0,0,1,1,0,1,0
ZTF23aalrwmd,0,1,0,1,0,0,1,1,0,1,0
ZTF23aalrwqn,1,0,0,0,0,0,0,0,0,0,0
ZTF23aalrzce,0,0,1,1,0,1,0,1,0,1,0
ZTF23aalrznr,0,1,0,1,0,0,1,1,0,1,0
ZTF23aalshha,1,0,0,0,0,0,0,0,0,0,0
ZTF23aalsied,0,0,1,1,0,1,0,1,0,1,0
ZTF23aalsilt,0,1,0,1,0,1,0,0,1,1,0
ZTF23aaltnze,0,1,0,0,1,1,0,1,0,1,0
ZTF23aaltsgi,0,1,0,1,0,1,0,0,1,1,0
ZTF23aaltwep,0,1,0,1,0,0,1,1,0,1,0
ZTF23aaltxkt,0,0,1,1,0,1,0,1,0,1,0
ZTF23aaltyin,0,1,0,0,1,1,0,1,0,1,0
ZTF23aaluozn,0,1,0,0,1,1,0,1,0,1,0
ZTF23aalutyy,0,1,0,0,1,1,0,1,0,1,0
ZTF23aalvwzb,0,0,1,1,0,1,0,1,0,1,0
ZTF23aalwdor,0,1,0,0,1,1,0,1,0,1,0
ZTF23aalwuua,1,0,0,0,0,0,0,0,0,0,0
ZTF23aalxrnz,0,0,1,1,0,1,0,1,0,1,0
ZTF23aalxuxe,0,0,1,1,0,1,0,1,0,1,0
ZTF23aalyrlm,1,0,0,0,0,0,0,0,0,0,0
ZTF23aalytcv,0,0,1,1,0,1,0,1,0,1,0
ZTF23aalzbjn,0,0,1,1,0,1,0,1,0,1,0
ZTF23aalzdkl,0,1,0,0,1,1,0,1,0,1,0
ZTF23aalzdlr,0,0,1,1,0,1,0,1,0,1,0
ZTF23aalzfrk,0,1,0,1,0,1,0,1,0,0,1
ZTF23aalzjgk,1,0,0,0,0,0,0,0,0,0,0
ZTF23aalzzpm,1,0,0,0,0,0,0,0,0,0,0
ZTF23aamackw,0,1,0,1,0,0,1,1,0,1,0
ZTF23aamadkt,0,1,0,1,0,0,1,1,0,1,0
ZTF23aamadpc,0,1,0,1,0,1,0,0,1,1,0
ZTF23aamaeks,0,1,0,1,0,1,0,1,0,0,1
ZTF23aamazco,0,1,0,1,0,1,0,0,1,1,0
ZTF23aambtdw,1,0,0,0,0,0,0,0,0,0,0
ZTF23aambwsi,0,1,0,1,0,1,0,0,1,1,0
ZTF23aamcfpg,0,1,0,1,0,0,1,1,0,1,0
ZTF23aamcgoy,1,0,0,0,0,0,0,0,0,0,0
ZTF23aamcius,1,0,0,0,0,0,0,0,0,0,0
ZTF23aamcmql,1,0,0,0,0,0,0,0,0,0,0
ZTF23aamcplh,0,1,0,1,0,1,0,1,0,0,1
ZTF23aamcpxl,1,0,0,0,0,0,0,0,0,0,0
ZTF23aamcvdp,0,1,0,1,0,0,1,1,0,1,0
ZTF23aamcwnp,0,1,0,1,0,0,1,1,0,1,0
ZTF23aamdjrq,0,1,0,1,0,1,0,0,1,1,0
ZTF23aamdndf,0,1,0,1,0,1,0,0,1,1,0
ZTF23aamdnfp,0,1,0,0,1,1,0,1,0,1,0
ZTF23aamdoac,0,0,1,1,0,1,0,1,0,1,0
ZTF23aamdvko,0,1,0,0,1,1,0,1,0,1,0
ZTF23aamedan,0,1,0,1,0,1,0,1,0,0,1
ZTF23aamehed,0,1,0,0,1,1,0,1,0,1,0
ZTF23aameiyf,0,0,1,1,0,1,0,1,0,1,0
ZTF23aamemzr,0,1,0,1,0,0,1,1,0,1,0
ZTF23aamexxm,0,0,1,1,0,1,0,1,0,1,0
ZTF23aameyce,0,1,0,0,1,1,0,1,0,1,0
ZTF23aamfbkr,0,0,1,1,0,1,0,1,0,1,0
ZTF23aamfcbu,0,1,0,1,0,1,0,0,1,1,0
ZTF23aamfdau,1,0,0,0,0,0,0,0,0,0,0
ZTF23aamgbey,0,0,1,1,0,1,0,1,0,1,0
ZTF23aamgccv,1,0,0,0,0,0,0,0,0,0,0
ZTF23aamgcga,1,0,0,0,0,0,0,0,0,0,0
ZTF23aamgeom,0,0,1,1,0,1,0,1,0,1,0
ZTF23aamgetd,0,1,0,1,0,1,0,0,1,1,0
ZTF23aamgflj,0,0,1,1,0,1,0,1,0,1,0
ZTF23aamgjbz,0,0,1,1,0,1,0,1,0,1,0
ZTF23aamhlcu,1,0,0,0,0,0,0,0,0,0,0
ZTF23aamhlnl,0,1,0,1,0,1,0,0,1,1,0
ZTF23aamikkv,1,0,0,0,0,0,0,0,0,0,0
ZTF23aamixrh,0,1,0,1,0,1,0,1,0,0,1
ZTF23aamixtm,1,0,0,0,0,0,0,0,0,0,0
ZTF23aamkdfi,0,0,1,1,0,1,0,1,0,1,0
ZTF23aamkrgo,1,0,0,0,0,0,0,0,0,0,0
ZTF23aamktzt,0,1,0,1,0,1,0,0,1,1,0
ZTF23aamkwvh,0,1,0,1,0,1,0,1,0,0,1
ZTF23aamlgnw,0,1,0,1,0,0,1,1,0,1,0
ZTF23aamlodm,0,1,0,1,0,1,0,0,1,1,0
ZTF23aamneou,0,1,0,1,0,1,0,0,1,1,0
ZTF23aamnhdx,0,0,1,1,0,1,0,1,0,1,0
ZTF23aamnoga,0,1,0,1,0,1,0,0,1,1,0
ZTF23aamocqr,0,0,1,1,0,1,0,1,0,1,0
ZTF23aamojph,0,1,0,0,1,1,0,1,0,1,0
ZTF23aamoqhr,0,0,1,1,0,1,0,1,0,1,0
ZTF23aamoull,0,1,0,0,1,1,0,1,0,1,0
ZTF23aamptoh,0,0,1,1,0,1,0,1,0,1,0
ZTF23aampyvc,0,1,0,1,0,1,0,1,0,0,1
ZTF23aamqjwd,0,1,0,1,0,1,0,0,1,1,0
ZTF23aamqklj,0,1,0,1,0,0,1,1,0,1,0
ZTF23aamqkrn,0,1,0,1,0,0,1,1,0,1,0
ZTF23aamqmty,1,0,0,0,0,0,0,0,0,0,0
ZTF23aamqonh,0,1,0,1,0,1,0,1,0,0,1
ZTF23aamqqui,0,0,1,1,0,1,0,1,0,1,0
ZTF23aamqsis,1,0,0,0,0,0,0,0,0,0,0
ZTF23aamqtel,1,0,0,0,0,0,0,0,0,0,0
ZTF23aamquyf,0,1,0,1,0,0,1,1,0,1,0
ZTF23aamqwxq,1,0,0,0,0,0,0,0,0,0,0
ZTF23aamqycj,0,0,1,1,0,1,0,1,0,1,0
ZTF23aamqyhe,0,1,0,1,0,1,0,0,1,1,0
ZTF23aamqzrq,0,1,0,1,0,1,0,0,1,1,0
ZTF23aamqzus,0,1,0,1,0,0,1,1,0,1,0
ZTF23aamqzyz,0,1,0,0,1,1,0,1,0,1,0
ZTF23aamsavc,1,0,0,0,0,0,0,0,0,0,0
ZTF23aamscqb,0,1,0,1,0,1,0,1,0,0,1
ZTF23aamscqd,0,1,0,1,0,0,1,1,0,1,0
ZTF23aamsddm,1,0,0,0,0,0,0,0,0,0,0
ZTF23aamsdxj,0,1,0,1,0,0,1,1,0,1,0
ZTF23aamsekd,0,1,0,0,1,1,0,1,0,1,0
ZTF23aamseob,0,1,0,0,1,1,0,1,0,1,0
ZTF23aamsjhx,1,0,0,0,0,0,0,0,0,0,0
ZTF23aamsjqv,0,1,0,1,0,1,0,0,1,1,0
ZTF23aamsjwc,0,1,0,1,0,1,0,0,1,1,0
ZTF23aamskdj,1,0,0,0,0,0,0,0,0,0,0
ZTF23aamslln,0,1,0,1,0,0,1,1,0,1,0
ZTF23aamstcw,0,1,0,1,0,1,0,0,1,1,0
ZTF23aamtwws,0,1,0,1,0,1,0,0,1,1,0
ZTF23aamumxw,1,0,0,0,0,0,0,0,0,0,0
ZTF23aamumyw,0,0,1,1,0,1,0,1,0,1,0
ZTF23aamvyyl,0,0,1,1,0,1,0,1,0,1,0
ZTF23aamwkms,0,0,1,1,0,1,0,1,0,1,0
ZTF23aamxekn,0,1,0,1,0,1,0,1,0,0,1
ZTF23aamxeqf,0,1,0,1,0,1,0,1,0,0,1
ZTF23aamxett,0,1,0,1,0,1,0,0,1,1,0
ZTF23aamxgnf,1,0,0,0,0,0,0,0,0,0,0
ZTF23aamxnvs,0,1,0,1,0,0,1,1,0,1,0
ZTF23aamxoay,0,1,0,0,1,1,0,1,0,1,0
ZTF23aamxpba,0,1,0,1,0,0,1,1,0,1,0
ZTF23aamxpis,0,0,1,1,0,1,0,1,0,1,0
ZTF23aamxwvi,1,0,0,0,0,0,0,0,0,0,0
ZTF23aamzcfe,0,1,0,1,0,1,0,0,1,1,0
ZTF23aamzkrr,0,1,0,1,0,0,1,1,0,1,0
ZTF23aamzksb,0,1,0,1,0,0,1,1,0,1,0
ZTF23aamzljd,0,1,0,0,1,1,0,1,0,1,0
ZTF23aamzlwd,0,1,0,1,0,1,0,1,0,0,1
ZTF23aamzlws,0,1,0,1,0,1,0,1,0,0,1
ZTF23aamzmao,0,1,0,1,0,0,1,1,0,1,0
ZTF23aamzmuw,1,0,0,0,0,0,0,0,0,0,0
ZTF23aamzngk,0,1,0,1,0,1,0,1,0,0,1
ZTF23aamzuca,0,1,0,1,0,0,1,1,0,1,0
ZTF23aamzucf,1,0,0,0,0,0,0,0,0,0,0
ZTF23aamzxcr,0,0,1,1,0,1,0,1,0,1,0
ZTF23aamzyof,1,0,0,0,0,0,0,0,0,0,0
ZTF23aanadin,0,1,0,1,0,1,0,1,0,0,1
ZTF23aanakcc,0,1,0,1,0,1,0,1,0,0,1
ZTF23aanavut,0,1,0,1,0,1,0,0,1,1,0
ZTF23aanaxpt,0,1,0,1,0,1,0,0,1,1,0
ZTF23aanbdib,0,1,0,1,0,1,0,1,0,0,1
ZTF23aanczsh,0,1,0,1,0,1,0,1,0,0,1
ZTF23aandawj,0,1,0,0,1,1,0,1,0,1,0
ZTF23aanddah,1,0,0,0,0,0,0,0,0,0,0
ZTF23aanddln,0,0,1,1,0,1,0,1,0,1,0
ZTF23aandeoj,0,1,0,1,0,0,1,1,0,1,0
ZTF23aandeul,0,1,0,0,1,1,0,1,0,1,0
ZTF23aandhbn,0,0,1,1,0,1,0,1,0,1,0
ZTF23aandhgh,0,1,0,1,0,1,0,1,0,0,1
ZTF23aandhlz,0,0,1,1,0,1,0,1,0,1,0
ZTF23aandikr,1,0,0,0,0,0,0,0,0,0,0
ZTF23aandklx,0,1,0,1,0,0,1,1,0,1,0
ZTF23aandlxl,0,1,0,1,0,1,0,1,0,0,1
ZTF23aandmey,0,1,0,1,0,0,1,1,0,1,0
ZTF23aandmqf,0,1,0,1,0,0,1,1,0,1,0
ZTF23aandqwd,0,1,0,0,1,1,0,1,0,1,0
ZTF23aandrvx,0,1,0,1,0,1,0,0,1,1,0
ZTF23aandseo,0,1,0,1,0,1,0,0,1,1,0
ZTF23aandsfy,0,1,0,1,0,1,0,0,1,1,0
ZTF23aandshd,0,0,1,1,0,1,0,1,0,1,0
ZTF23aandswb,0,1,0,1,0,1,0,1,0,0,1
ZTF23aandtgm,0,1,0,0,1,1,0,1,0,1,0
ZTF23aandtuw,0,1,0,1,0,0,1,1,0,1,0
ZTF23aandvjo,0,1,0,1,0,1,0,0,1,1,0
ZTF23aandvux,0,1,0,0,1,1,0,1,0,1,0
ZTF23aandvzg,1,0,0,0,0,0,0,0,0,0,0
ZTF23aaneitr,0,1,0,1,0,1,0,0,1,1,0
ZTF23aanelmj,0,0,1,1,0,1,0,1,0,1,0
ZTF23aaneprv,0,1,0,1,0,1,0,0,1,1,0
ZTF23aanewuh,0,1,0,1,0,0,1,1,0,1,0
ZTF23aanfppn,1,0,0,0,0,0,0,0,0,0,0
ZTF23aangyjj,0,0,1,1,0,1,0,1,0,1,0
ZTF23aangysu,0,0,1,1,0,1,0,1,0,1,0
ZTF23aangyzt,0,1,0,1,0,0,1,1,0,1,0
ZTF23aangzqu,0,0,1,1,0,1,0,1,0,1,0
ZTF23aanhdgk,0,1,0,1,0,1,0,1,0,0,1
ZTF23aanhgiv,1,0,0,0,0,0,0,0,0,0,0
ZTF23aanhipy,1,0,0,0,0,0,0,0,0,0,0
ZTF23aanhkec,0,1,0,1,0,1,0,1,0,0,1
ZTF23aanhlzq,0,1,0,1,0,1,0,1,0,0,1
ZTF23aanhmxv,0,1,0,1,0,1,0,0,1,1,0
ZTF23aanhzvz,0,1,0,0,1,1,0,1,0,1,0
ZTF23aaniabv,0,0,1,1,0,1,0,1,0,1,0
ZTF23aanibuz,0,1,0,0,1,1,0,1,0,1,0
ZTF23aanihfn,0,1,0,1,0,0,1,1,0,1,0
ZTF23aanimev,1,0,0,0,0,0,0,0,0,0,0
ZTF23aanivnc,0,1,0,1,0,1,0,0,1,1,0
ZTF23aanixaz,0,1,0,0,1,1,0,1,0,1,0
ZTF23aanixjy,0,1,0,0,1,1,0,1,0,1,0
ZTF23aanjiui,0,1,0,1,0,1,0,0,1,1,0
ZTF23aanjkjl,0,0,1,1,0,1,0,1,0,1,0
ZTF23aanjkkf,0,1,0,1,0,0,1,1,0,1,0
ZTF23aanjmtb,0,1,0,0,1,1,0,1,0,1,0
ZTF23aanjnkp,0,0,1,1,0,1,0,1,0,1,0
ZTF23aanjspd,1,0,0,0,0,0,0,0,0,0,0
ZTF23aanjszb,0,1,0,1,0,0,1,1,0,1,0
ZTF23aanklmp,1,0,0,0,0,0,0,0,0,0,0
ZTF23aankzvh,0,1,0,1,0,0,1,1,0,1,0
ZTF23aanlbgj,0,1,0,1,0,0,1,1,0,1,0
ZTF23aanlblm,0,1,0,0,1,1,0,1,0,1,0
ZTF23aanlbzp,0,1,0,1,0,1,0,1,0,0,1
ZTF23aanlcrq,0,1,0,1,0,1,0,1,0,0,1
ZTF23aanlevl,0,1,0,1,0,0,1,1,0,1,0
ZTF23aanlgap,0,1,0,0,1,1,0,1,0,1,0
ZTF23aanlmst,0,1,0,0,1,1,0,1,0,1,0
ZTF23aanlmud,0,1,0,0,1,1,0,1,0,1,0
ZTF23aanlndn,0,0,1,1,0,1,0,1,0,1,0
ZTF23aanlwgf,0,1,0,0,1,1,0,1,0,1,0
ZTF23aanlzmw,0,1,0,1,0,1,0,1,0,0,1
ZTF23aanmctm,0,0,1,1,0,1,0,1,0,1,0
ZTF23aanmnhh,0,0,1,1,0,1,0,1,0,1,0
ZTF23aanppvt,0,1,0,1,0,1,0,0,1,1,0
ZTF23aanpqba,0,1,0,1,0,1,0,1,0,0,1
ZTF23aanptmz,0,1,0,1,0,1,0,0,1,1,0
ZTF23aanptpp,0,1,0,1,0,1,0,0,1,1,0
ZTF23aanpuvp,0,1,0,1,0,1,0,1,0,0,1
ZTF23aanpuwv,0,1,0,1,0,0,1,1,0,1,0
ZTF23aanpuzv,0,1,0,0,1,1,0,1,0,1,0
ZTF23aanpwhc,0,0,1,1,0,1,0,1,0,1,0
ZTF23aanpyjl,0,1,0,1,0,1,0,1,0,0,1
ZTF23aanqdlm,1,0,0,0,0,0,0,0,0,0,0
ZTF23aanqehh,0,1,0,0,1,1,0,1,0,1,0
ZTF23aanqemk,0,1,0,1,0,1,0,1,0,0,1
ZTF23aanqemz,0,1,0,1,0,0,1,1,0,1,0
ZTF23aanqeqh,1,0,0,0,0,0,0,0,0,0,0
ZTF23aanqesy,1,0,0,0,0,0,0,0,0,0,0
ZTF23aanqfzj,0,1,0,0,1,1,0,1,0,1,0
ZTF23aanqgur,0,1,0,1,0,1,0,0,1,1,0
ZTF23aanqifp,0,1,0,1,0,1,0,0,1,1,0
ZTF23aanqiji,0,0,1,1,0,1,0,1,0,1,0
ZTF23aanqjht,0,1,0,1,0,0,1,1,0,1,0
ZTF23aanqkoy,0,1,0,1,0,0,1,1,0,1,0
ZTF23aanqmhw,0,0,1,1,0,1,0,1,0,1,0
ZTF23aanqmqr,0,1,0,1,0,1,0,1,0,0,1
ZTF23aanqnfk,1,0,0,0,0,0,0,0,0,0,0
ZTF23aanqnuf,0,1,0,1,0,0,1,1,0,1,0
ZTF23aanqnyf,0,1,0,1,0,0,1,1,0,1,0
ZTF23aanqouy,0,0,1,1,0,1,0,1,0,1,0
ZTF23aanqoyo,0,1,0,0,1,1,0,1,0,1,0
ZTF23aanqpae,1,0,0,0,0,0,0,0,0,0,0
ZTF23aanqqbr,0,1,0,1,0,1,0,0,1,1,0
ZTF23aanqrxb,0,1,0,0,1,1,0,1,0,1,0
ZTF23aanqsga,0,1,0,1,0,0,1,1,0,1,0
ZTF23aanqsit,0,1,0,1,0,0,1,1,0,1,0
ZTF23aanqvva,0,0,1,1,0,1,0,1,0,1,0
ZTF23aanraos,1,0,0,0,0,0,0,0,0,0,0
ZTF23aanrehr,1,0,0,0,0,0,0,0,0,0,0
ZTF23aanrgor,0,1,0,0,1,1,0,1,0,1,0
ZTF23aanrhsu,0,1,0,1,0,0,1,1,0,1,0
ZTF23aanrivj,0,1,0,0,1,1,0,1,0,1,0
ZTF23aanrkav,0,0,1,1,0,1,0,1,0,1,0
ZTF23aanrkfh,1,0,0,0,0,0,0,0,0,0,0
ZTF23aanrkmy,0,0,1,1,0,1,0,1,0,1,0
ZTF23aanrkni,0,1,0,1,0,1,0,0,1,1,0
ZTF23aanrkon,0,1,0,1,0,0,1,1,0,1,0
ZTF23aanrksv,1,0,0,0,0,0,0,0,0,0,0
ZTF23aanrvib,0,0,1,1,0,1,0,1,0,1,0
ZTF23aansctq,1,0,0,0,0,0,0,0,0,0,0
ZTF23aanscvu,1,0,0,0,0,0,0,0,0,0,0
ZTF23aansdlc,1,0,0,0,0,0,0,0,0,0,0
ZTF23aansdng,0,1,0,1,0,1,0,1,0,0,1
ZTF23aansdsx,0,1,0,0,1,1,0,1,0,1,0
ZTF23aansdxy,0,1,0,1,0,1,0,0,1,1,0
ZTF23aansehp,1,0,0,0,0,0,0,0,0,0,0
ZTF23aansfgo,0,1,0,1,0,0,1,1,0,1,0
ZTF23aansfni,0,1,0,1,0,0,1,1,0,1,0
ZTF23aansghp,0,1,0,1,0,0,1,1,0,1,0
ZTF23aansgin,0,1,0,1,0,0,1,1,0,1,0
ZTF23aansgpp,0,1,0,1,0,1,0,1,0,0,1
ZTF23aansnac,0,1,0,0,1,1,0,1,0,1,0
ZTF23aansoed,0,1,0,1,0,1,0,0,1,1,0
ZTF23aansozr,0,1,0,0,1,1,0,1,0,1,0
ZTF23aanspkk,0,1,0,0,1,1,0,1,0,1,0
ZTF23aansqnd,0,1,0,1,0,1,0,0,1,1,0
ZTF23aansqzw,0,0,1,1,0,1,0,1,0,1,0
ZTF23aansrmz,0,0,1,1,0,1,0,1,0,1,0
ZTF23aansrze,0,1,0,1,0,0,1,1,0,1,0
ZTF23aansses,0,1,0,1,0,1,0,0,1,1,0
ZTF23aansswd,0,1,0,1,0,1,0,1,0,0,1
ZTF23aansumt,0,1,0,0,1,1,0,1,0,1,0
ZTF23aanswwc,1,0,0,0,0,0,0,0,0,0,0
ZTF23aansxda,1,0,0,0,0,0,0,0,0,0,0
ZTF23aanszxa,0,1,0,1,0,1,0,1,0,0,1
ZTF23aantaec,0,1,0,1,0,0,1,1,0,1,0
ZTF23aantapt,0,1,0,1,0,1,0,1,0,0,1
ZTF23aantbrc,0,1,0,1,0,1,0,1,0,0,1
ZTF23aanteou,0,1,0,1,0,1,0,0,1,1,0
ZTF23aantewv,0,1,0,0,1,1,0,1,0,1,0
ZTF23aanthwm,1,0,0,0,0,0,0,0,0,0,0
ZTF23aantjms,0,0,1,1,0,1,0,1,0,1,0
ZTF23aantkgr,0,0,1,1,0,1,0,1,0,1,0
ZTF23aantlms,0,0,1,1,0,1,0,1,0,1,0
ZTF23aantlnj,0,0,1,1,0,1,0,1,0,1,0
ZTF23aantmqa,0,1,0,1,0,1,0,0,1,1,0
ZTF23aantznp,1,0,0,0,0,0,0,0,0,0,0
ZTF23aanudld,1,0,0,0,0,0,0,0,0,0,0
ZTF23aanudve,1,0,0,0,0,0,0,0,0,0,0
ZTF23aanuebo,0,1,0,1,0,0,1,1,0,1,0
ZTF23aanuiba,0,1,0,0,1,1,0,1,0,1,0
ZTF23aanukan,0,1,0,1,0,0,1,1,0,1,0
ZTF23aanukpu,0,1,0,1,0,0,1,1,0,1,0
ZTF23aanuoqh,0,1,0,0,1,1,0,1,0,1,0
ZTF23aanuppc,1,0,0,0,0,0,0,0,0,0,0
ZTF23aanuryz,0,1,0,1,0,1,0,1,0,0,1
ZTF23aanuttn,0,1,0,0,1,1,0,1,0,1,0
ZTF23aanuveu,0,0,1,1,0,1,0,1,0,1,0
ZTF23aanuzfa,0,1,0,0,1,1,0,1,0,1,0
ZTF23aanvfrw,1,0,0,0,0,0,0,0,0,0,0
ZTF23aanvita,0,1,0,0,1,1,0,1,0,1,0
ZTF23aanvtth,0,0,1,1,0,1,0,1,0,1,0
ZTF23aanvwol,0,1,0,1,0,0,1,1,0,1,0
ZTF23aanwrky,0,1,0,1,0,1,0,0,1,1,0
ZTF23aanwvfd,1,0,0,0,0,0,0,0,0,0,0
ZTF23aanwxem,0,1,0,1,0,0,1,1,0,1,0
ZTF23aanwzfc,0,1,0,0,1,1,0,1,0,1,0
ZTF23aanxepa,0,1,0,0,1,1,0,1,0,1,0
ZTF23aanxgot,0,1,0,1,0,1,0,1,0,0,1
ZTF23aanxssj,0,0,1,1,0,1,0,1,0,1,0
ZTF23aanxtnx,0,1,0,0,1,1,0,1,0,1,0
ZTF23aanxybp,1,0,0,0,0,0,0,0,0,0,0
ZTF23aanyacd,1,0,0,0,0,0,0,0,0,0,0
ZTF23aanycdy,0,0,1,1,0,1,0,1,0,1,0
ZTF23aanyfzg,1,0,0,0,0,0,0,0,0,0,0
ZTF23aanygdr,0,1,0,0,1,1,0,1,0,1,0
ZTF23aanyibf,0,1,0,0,1,1,0,1,0,1,0
ZTF23aanyibw,0,1,0,0,1,1,0,1,0,1,0
ZTF23aanyieq,1,0,0,0,0,0,0,0,0,0,0
ZTF23aanyiwk,0,1,0,1,0,1,0,1,0,0,1
ZTF23aanyizf,1,0,0,0,0,0,0,0,0,0,0
ZTF23aanyjfp,0,1,0,0,1,1,0,1,0,1,0
ZTF23aanynsq,1,0,0,0,0,0,0,0,0,0,0
ZTF23aanyydk,0,0,1,1,0,1,0,1,0,1,0
ZTF23aanyzfq,0,1,0,0,1,1,0,1,0,1,0
ZTF23aanzbtf,0,1,0,1,0,0,1,1,0,1,0
ZTF23aanzmoz,0,0,1,1,0,1,0,1,0,1,0
ZTF23aanzmxr,0,0,1,1,0,1,0,1,0,1,0
ZTF23aanzoal,0,1,0,0,1,1,0,1,0,1,0
ZTF23aanzocp,0,1,0,0,1,1,0,1,0,1,0
ZTF23aanzvzm,0,0,1,1,0,1,0,1,0,1,0
ZTF23aaoanrl,0,1,0,1,0,1,0,0,1,1,0
ZTF23aaoaqeg,0,0,1,1,0,1,0,1,0,1,0
ZTF23aaoarhb,1,0,0,0,0,0,0,0,0,0,0
ZTF23aaoasdn,0,1,0,1,0,1,0,0,1,1,0
ZTF23aaoaspt,0,1,0,1,0,1,0,0,1,1,0
ZTF23aaoavdp,0,1,0,0,1,1,0,1,0,1,0
ZTF23aaoaypt,1,0,0,0,0,0,0,0,0,0,0
ZTF23aaobcij,1,0,0,0,0,0,0,0,0,0,0
ZTF23aaobkdn,0,1,0,1,0,0,1,1,0,1,0
ZTF23aaoblpv,0,1,0,1,0,1,0,1,0,0,1
ZTF23aaobmwx,0,1,0,1,0,1,0,1,0,0,1
ZTF23aaobsca,0,1,0,0,1,1,0,1,0,1,0
ZTF23aaobuea,0,1,0,1,0,1,0,1,0,0,1
ZTF23aaobzsc,1,0,0,0,0,0,0,0,0,0,0
ZTF23aaocetr,1,0,0,0,0,0,0,0,0,0,0
ZTF23aaocfuu,0,1,0,1,0,0,1,1,0,1,0
ZTF23aaocgnw,0,0,1,1,0,1,0,1,0,1,0
ZTF23aaocodk,0,1,0,1,0,1,0,0,1,1,0
ZTF23aaocrlp,0,0,1,1,0,1,0,1,0,1,0
ZTF23aaocsti,0,1,0,1,0,1,0,1,0,0,1
ZTF23aaodbnz,0,1,0,1,0,1,0,1,0,0,1
ZTF23aaodkxl,0,1,0,0,1,1,0,1,0,1,0
ZTF23aaodxuj,0,0,1,1,0,1,0,1,0,1,0
ZTF23aaogqho,0,1,0,1,0,1,0,1,0,0,1
ZTF23aaogspi,0,1,0,1,0,0,1,1,0,1,0
ZTF23aaogsqh,0,1,0,1,0,1,0,0,1,1,0
ZTF23aaogziu,0,1,0,1,0,0,1,1,0,1,0
ZTF23aaohabn,1,0,0,0,0,0,0,0,0,0,0
ZTF23aaohdaa,0,1,0,1,0,1,0,0,1,1,0
ZTF23aaohfjk,0,1,0,1,0,0,1,1,0,1,0
ZTF23aaohfxx,0,1,0,1,0,1,0,0,1,1,0
ZTF23aaohpnv,0,1,0,0,1,1,0,1,0,1,0
ZTF23aaohqcn,0,1,0,1,0,0,1,1,0,1,0
ZTF23aaoihym,1,0,0,0,0,0,0,0,0,0,0
ZTF23aaoihyn,1,0,0,0,0,0,0,0,0,0,0
ZTF23aaoiyzr,0,0,1,1,0,1,0,1,0,1,0
ZTF23aaojlpq,0,1,0,1,0,0,1,1,0,1,0
ZTF23aaojwkb,0,1,0,1,0,1,0,1,0,0,1
ZTF23aaokeqj,1,0,0,0,0,0,0,0,0,0,0
ZTF23aaokxll,0,1,0,1,0,1,0,0,1,1,0
ZTF23aaokzrb,0,1,0,1,0,1,0,0,1,1,0
ZTF23aaolbvw,1,0,0,0,0,0,0,0,0,0,0
ZTF23aaolssg,0,1,0,0,1,1,0,1,0,1,0
ZTF23aaomufr,1,0,0,0,0,0,0,0,0,0,0
ZTF23aaonorp,0,1,0,0,1,1,0,1,0,1,0
ZTF23aaooaro,0,1,0,1,0,0,1,1,0,1,0
ZTF23aaooarp,0,1,0,1,0,1,0,1,0,0,1
ZTF23aaoocjr,0,1,0,0,1,1,0,1,0,1,0
ZTF23aaoorce,0,1,0,0,1,1,0,1,0,1,0
ZTF23aaoorls,0,1,0,1,0,0,1,1,0,1,0
ZTF23aaopfhd,0,1,0,1,0,1,0,1,0,0,1
ZTF23aaopjox,0,1,0,1,0,1,0,0,1,1,0
ZTF23aaopoqn,0,1,0,1,0,1,0,0,1,1,0
ZTF23aaopruu,0,0,1,1,0,1,0,1,0,1,0
ZTF23aaopvpn,0,1,0,0,1,1,0,1,0,1,0
ZTF23aaopxrq,0,1,0,1,0,1,0,0,1,1,0
ZTF23aaoqmav,0,1,0,0,1,1,0,1,0,1,0
ZTF23aaoqytf,1,0,0,0,0,0,0,0,0,0,0
ZTF23aaoqyvx,0,1,0,1,0,1,0,1,0,0,1
ZTF23aaoreeq,0,1,0,1,0,1,0,0,1,1,0
ZTF23aaoriey,0,1,0,1,0,1,0,1,0,0,1
ZTF23aaoriza,1,0,0,0,0,0,0,0,0,0,0
ZTF23aaorkgz,0,1,0,1,0,1,0,1,0,0,1
ZTF23aaorlyv,0,1,0,1,0,1,0,0,1,1,0
ZTF23aaorsdi,0,1,0,0,1,1,0,1,0,1,0
ZTF23aaorsge,0,1,0,1,0,1,0,0,1,1,0
ZTF23aaorsgv,0,1,0,0,1,1,0,1,0,1,0
ZTF23aaoruhp,0,1,0,0,1,1,0,1,0,1,0
ZTF23aaorwsb,0,1,0,0,1,1,0,1,0,1,0
ZTF23aaoryle,0,1,0,0,1,1,0,1,0,1,0
ZTF23aaosajt,0,1,0,1,0,1,0,0,1,1,0
ZTF23aaosfip,0,1,0,1,0,0,1,1,0,1,0
ZTF23aaosfkk,0,1,0,1,0,1,0,0,1,1,0
ZTF23aaosgrm,0,1,0,0,1,1,0,1,0,1,0
ZTF23aaosxwl,1,0,0,0,0,0,0,0,0,0,0
ZTF23aaoszvx,0,1,0,1,0,0,1,1,0,1,0
ZTF23aaothvy,0,1,0,0,1,1,0,1,0,1,0
ZTF23aaotjnn,0,1,0,1,0,1,0,0,1,1,0
ZTF23aaotsbf,0,1,0,1,0,1,0,1,0,0,1
ZTF23aaotsyz,0,1,0,1,0,1,0,0,1,1,0
ZTF23aaotvsl,0,0,1,1,0,1,0,1,0,1,0
ZTF23aaotzad,0,1,0,1,0,1,0,1,0,0,1
ZTF23aaoucxq,1,0,0,0,0,0,0,0,0,0,0
ZTF23aaoulng,1,0,0,0,0,0,0,0,0,0,0
ZTF23aaouqoo,0,1,0,0,1,1,0,1,0,1,0
ZTF23aaouqsd,1,0,0,0,0,0,0,0,0,0,0
ZTF23aaoutth,0,0,1,1,0,1,0,1,0,1,0
ZTF23aaovclq,0,1,0,1,0,1,0,1,0,0,1
ZTF23aaovhtk,0,1,0,1,0,1,0,1,0,0,1
ZTF23aaovofm,0,0,1,1,0,1,0,1,0,1,0
ZTF23aaovxyr,0,1,0,1,0,0,1,1,0,1,0
ZTF23aaovxzm,0,1,0,1,0,1,0,1,0,0,1
ZTF23aaovxzo,0,1,0,1,0,1,0,1,0,0,1
ZTF23aaovyoq,0,1,0,1,0,1,0,0,1,1,0
ZTF23aaovyyx,0,0,1,1,0,1,0,1,0,1,0
ZTF23aaowaxu,0,1,0,1,0,0,1,1,0,1,0
ZTF23aaowcuc,0,0,1,1,0,1,0,1,0,1,0
ZTF23aaowenv,1,0,0,0,0,0,0,0,0,0,0
ZTF23aaowhvm,1,0,0,0,0,0,0,0,0,0,0
ZTF23aaowohw,1,0,0,0,0,0,0,0,0,0,0
ZTF23aaowxqh,0,1,0,1,0,1,0,0,1,1,0
ZTF23aaoxcoy,0,1,0,1,0,1,0,0,1,1,0
ZTF23aaoxhmh,0,1,0,0,1,1,0,1,0,1,0
ZTF23aaoxlco,0,1,0,1,0,0,1,1,0,1,0
ZTF23aaoxldp,0,1,0,1,0,0,1,1,0,1,0
ZTF23aaoxlek,0,0,1,1,0,1,0,1,0,1,0
ZTF23aaoxmim,0,0,1,1,0,1,0,1,0,1,0
ZTF23aaoxngr,1,0,0,0,0,0,0,0,0,0,0
ZTF23aaoxqxb,0,1,0,0,1,1,0,1,0,1,0
ZTF23aaoxyqx,0,1,0,1,0,0,1,1,0,1,0
ZTF23aaoxywk,1,0,0,0,0,0,0,0,0,0,0
ZTF23aaoypfx,0,1,0,1,0,1,0,1,0,0,1
ZTF23aaoypgv,0,1,0,0,1,1,0,1,0,1,0
ZTF23aaoyplb,1,0,0,0,0,0,0,0,0,0,0
ZTF23aaozatq,0,1,0,1,0,1,0,0,1,1,0
ZTF23aaozcxc,0,0,1,1,0,1,0,1,0,1,0
ZTF23aaozlel,1,0,0,0,0,0,0,0,0,0,0
ZTF23aapadvo,0,1,0,1,0,1,0,0,1,1,0
ZTF23aapafah,0,0,1,1,0,1,0,1,0,1,0
ZTF23aapafxz,0,1,0,1,0,0,1,1,0,1,0
ZTF23aapafzi,0,1,0,1,0,1,0,1,0,0,1
ZTF23aapagcd,0,1,0,1,0,0,1,1,0,1,0
ZTF23aapbhzr,1,0,0,0,0,0,0,0,0,0,0
ZTF23aapbrrq,0,1,0,1,0,0,1,1,0,1,0
ZTF23aapbslt,1,0,0,0,0,0,0,0,0,0,0
ZTF23aapbsmr,0,1,0,1,0,1,0,0,1,1,0
ZTF23aapcllu,0,1,0,1,0,1,0,0,1,1,0
ZTF23aapcqjj,1,0,0,0,0,0,0,0,0,0,0
ZTF23aapcqqh,0,1,0,1,0,0,1,1,0,1,0
ZTF23aapcvif,0,1,0,1,0,1,0,0,1,1,0
ZTF23aapdhrb,0,0,1,1,0,1,0,1,0,1,0
ZTF23aapdibe,0,1,0,1,0,0,1,1,0,1,0
ZTF23aapeemz,0,1,0,0,1,1,0,1,0,1,0
ZTF23aapeqdh,1,0,0,0,0,0,0,0,0,0,0
ZTF23aaperve,0,1,0,1,0,1,0,1,0,0,1
ZTF23aapfaia,0,1,0,1,0,0,1,1,0,1,0
ZTF23aapfrwv,0,0,1,1,0,1,0,1,0,1,0
ZTF23aapftek,0,1,0,1,0,1,0,1,0,0,1
ZTF23aapfyou,0,1,0,1,0,1,0,1,0,0,1
ZTF23aapfzdf,0,1,0,1,0,1,0,1,0,0,1
ZTF23aapgckf,0,1,0,0,1,1,0,1,0,1,0
ZTF23aapgdnm,1,0,0,0,0,0,0,0,0,0,0
ZTF23aapgjtm,0,1,0,1,0,1,0,0,1,1,0
ZTF23aapgswu,0,1,0,1,0,1,0,0,1,1,0
ZTF23aapgxic,0,1,0,1,0,0,1,1,0,1,0
ZTF23aaphlqg,0,1,0,0,1,1,0,1,0,1,0
ZTF23aaphnyz,0,0,1,1,0,1,0,1,0,1,0
ZTF23aaphonf,1,0,0,0,0,0,0,0,0,0,0
ZTF23aaphpnk,1,0,0,0,0,0,0,0,0,0,0
ZTF23aaphpnz,0,1,0,1,0,0,1,1,0,1,0
ZTF23aaphpqj,0,1,0,0,1,1,0,1,0,1,0
ZTF23aaphvnc,0,1,0,0,1,1,0,1,0,1,0
ZTF23aapihmw,0,1,0,0,1,1,0,1,0,1,0
ZTF23aapiise,0,1,0,0,1,1,0,1,0,1,0
ZTF23aapipnz,0,0,1,1,0,1,0,1,0,1,0
ZTF23aapivjb,0,1,0,1,0,1,0,0,1,1,0
ZTF23aapizjs,0,1,0,1,0,0,1,1,0,1,0
ZTF23aapjbxt,1,0,0,0,0,0,0,0,0,0,0
ZTF23aapjekr,0,1,0,1,0,1,0,0,1,1,0
ZTF23aapjuut,1,0,0,0,0,0,0,0,0,0,0
ZTF23aapjzjo,0,1,0,1,0,1,0,1,0,0,1
ZTF23aapkalv,0,1,0,1,0,0,1,1,0,1,0
ZTF23aapkcke,0,1,0,0,1,1,0,1,0,1,0
ZTF23aapkdeq,0,0,1,1,0,1,0,1,0,1,0
ZTF23aapkgso,0,1,0,1,0,1,0,1,0,0,1
ZTF23aapkigi,0,0,1,1,0,1,0,1,0,1,0
ZTF23aapkowv,0,1,0,0,1,1,0,1,0,1,0
ZTF23aapktzc,1,0,0,0,0,0,0,0,0,0,0
ZTF23aapkubb,0,1,0,0,1,1,0,1,0,1,0
ZTF23aapkwyh,0,1,0,0,1,1,0,1,0,1,0
ZTF23aapkxkq,0,0,1,1,0,1,0,1,0,1,0
ZTF23aapljaj,1,0,0,0,0,0,0,0,0,0,0
ZTF23aaplkbx,0,1,0,1,0,1,0,0,1,1,0
ZTF23aapmatl,0,1,0,1,0,0,1,1,0,1,0
ZTF23aapmkwq,1,0,0,0,0,0,0,0,0,0,0
ZTF23aapmmze,0,1,0,1,0,1,0,1,0,0,1
ZTF23aapmnae,0,1,0,1,0,1,0,1,0,0,1
ZTF23aapmnos,0,1,0,0,1,1,0,1,0,1,0
ZTF23aapmokr,0,1,0,0,1,1,0,1,0,1,0
ZTF23aapngot,0,1,0,1,0,1,0,0,1,1,0
ZTF23aapnicu,0,1,0,1,0,0,1,1,0,1,0
ZTF23aapnkhm,0,1,0,1,0,0,1,1,0,1,0
ZTF23aapnlvr,0,1,0,0,1,1,0,1,0,1,0
ZTF23aapnnuq,0,1,0,0,1,1,0,1,0,1,0
ZTF23aapnqkx,0,1,0,1,0,1,0,0,1,1,0
ZTF23aapnutk,1,0,0,0,0,0,0,0,0,0,0
ZTF23aapobou,0,1,0,0,1,1,0,1,0,1,0
ZTF23aapogco,0,1,0,1,0,1,0,1,0,0,1
ZTF23aapogvn,0,0,1,1,0,1,0,1,0,1,0
ZTF23aapoibc,1,0,0,0,0,0,0,0,0,0,0
ZTF23aapokmt,0,1,0,1,0,0,1,1,0,1,0
ZTF23aapoqay,0,1,0,1,0,0,1,1,0,1,0
ZTF23aapouyf,0,1,0,1,0,1,0,0,1,1,0
ZTF23aapozds,0,1,0,0,1,1,0,1,0,1,0
ZTF23aapphlk,0,1,0,1,0,1,0,1,0,0,1
ZTF23aappnsa,0,1,0,1,0,1,0,0,1,1,0
ZTF23aappttn,1,0,0,0,0,0,0,0,0,0,0
ZTF23aappviw,1,0,0,0,0,0,0,0,0,0,0
ZTF23aappxlm,0,1,0,1,0,1,0,0,1,1,0
ZTF23aappymu,1,0,0,0,0,0,0,0,0,0,0
ZTF23aapqdjp,0,1,0,1,0,1,0,1,0,0,1
ZTF23aapqkrj,0,0,1,1,0,1,0,1,0,1,0
ZTF23aapqquo,0,0,1,1,0,1,0,1,0,1,0
ZTF23aapqvnn,1,0,0,0,0,0,0,0,0,0,0
ZTF23aapqxyi,0,1,0,1,0,1,0,1,0,0,1
ZTF23aaprfhk,0,1,0,1,0,1,0,1,0,0,1
ZTF23aaprhrb,0,1,0,0,1,1,0,1,0,1,0
ZTF23aaprmac,1,0,0,0,0,0,0,0,0,0,0
ZTF23aaprtqz,0,1,0,1,0,0,1,1,0,1,0
ZTF23aaprtrn,0,1,0,1,0,0,1,1,0,1,0
ZTF23aaprwrn,0,0,1,1,0,1,0,1,0,1,0
ZTF23aapssmi,0,1,0,0,1,1,0,1,0,1,0
ZTF23aapsuzs,0,1,0,1,0,0,1,1,0,1,0
ZTF23aapswvv,0,1,0,0,1,1,0,1,0,1,0
ZTF23aapsxff,0,1,0,1,0,0,1,1,0,1,0
ZTF23aapsxiy,1,0,0,0,0,0,0,0,0,0,0
ZTF23aapsyyf,0,1,0,1,0,0,1,1,0,1,0
ZTF23aapszzz,1,0,0,0,0,0,0,0,0,0,0
ZTF23aaptbvm,1,0,0,0,0,0,0,0,0,0,0
ZTF23aaptddz,1,0,0,0,0,0,0,0,0,0,0
ZTF23aaptfsu,0,1,0,1,0,0,1,1,0,1,0
ZTF23aapthlt,0,0,1,1,0,1,0,1,0,1,0
ZTF23aapthmh,0,1,0,0,1,1,0,1,0,1,0
ZTF23aaptkkq,0,0,1,1,0,1,0,1,0,1,0
ZTF23aaptkqy,0,0,1,1,0,1,0,1,0,1,0
ZTF23aaptlhz,0,1,0,0,1,1,0,1,0,1,0
ZTF23aaptnbj,0,1,0,1,0,0,1,1,0,1,0
ZTF23aaptnui,0,0,1,1,0,1,0,1,0,1,0
ZTF23aaptnuj,1,0,0,0,0,0,0,0,0,0,0
ZTF23aapuknd,1,0,0,0,0,0,0,0,0,0,0
ZTF23aapunnc,0,0,1,1,0,1,0,1,0,1,0
ZTF23aapvkqw,1,0,0,0,0,0,0,0,0,0,0
ZTF23aapvsqz,1,0,0,0,0,0,0,0,0,0,0
ZTF23aapvusk,0,1,0,0,1,1,0,1,0,1,0
ZTF23aapvuyy,0,0,1,1,0,1,0,1,0,1,0
ZTF23aapvvfs,1,0,0,0,0,0,0,0,0,0,0
ZTF23aapvycn,0,1,0,1,0,0,1,1,0,1,0
ZTF23aapvzyq,0,1,0,0,1,1,0,1,0,1,0
ZTF23aapwgxb,0,1,0,1,0,0,1,1,0,1,0
ZTF23aapwihe,0,1,0,1,0,1,0,1,0,0,1
ZTF23aapwisq,0,1,0,1,0,1,0,0,1,1,0
ZTF23aapwlkh,0,1,0,1,0,0,1,1,0,1,0
ZTF23aapwmgu,0,1,0,0,1,1,0,1,0,1,0
ZTF23aapwvkp,0,1,0,1,0,1,0,0,1,1,0
ZTF23aapwwak,0,1,0,1,0,1,0,0,1,1,0
ZTF23aapwycl,0,1,0,0,1,1,0,1,0,1,0
ZTF23aapwznw,0,0,1,1,0,1,0,1,0,1,0
ZTF23aapxint,0,0,1,1,0,1,0,1,0,1,0
ZTF23aapxnat,0,1,0,1,0,1,0,1,0,0,1
ZTF23aapxubl,0,1,0,1,0,1,0,0,1,1,0
ZTF23aapxxin,0,1,0,0,1,1,0,1,0,1,0
ZTF23aapydvo,0,1,0,1,0,1,0,1,0,0,1
ZTF23aapyhqp,1,0,0,0,0,0,0,0,0,0,0
ZTF23aapyhqq,0,1,0,1,0,0,1,1,0,1,0
ZTF23aapyidj,1,0,0,0,0,0,0,0,0,0,0
ZTF23aapymcq,1,0,0,0,0,0,0,0,0,0,0
ZTF23aapymfa,0,0,1,1,0,1,0,1,0,1,0
ZTF23aapypaw,0,1,0,0,1,1,0,1,0,1,0
ZTF23aapyqxq,1,0,0,0,0,0,0,0,0,0,0
ZTF23aapyqzm,0,1,0,1,0,0,1,1,0,1,0
ZTF23aapyrnh,0,1,0,1,0,1,0,0,1,1,0
ZTF23aapyuoa,0,0,1,1,0,1,0,1,0,1,0
ZTF23aapywpz,0,1,0,0,1,1,0,1,0,1,0
ZTF23aapyzkn,0,0,1,1,0,1,0,1,0,1,0
ZTF23aapzece,0,1,0,1,0,0,1,1,0,1,0
ZTF23aapzisq,0,0,1,1,0,1,0,1,0,1,0
ZTF23aapznvb,1,0,0,0,0,0,0,0,0,0,0
ZTF23aapzouv,1,0,0,0,0,0,0,0,0,0,0
ZTF23aapzqep,0,1,0,1,0,0,1,1,0,1,0
ZTF23aapzqhq,0,1,0,0,1,1,0,1,0,1,0
ZTF23aapzrhp,0,0,1,1,0,1,0,1,0,1,0
ZTF23aapzufo,0,0,1,1,0,1,0,1,0,1,0
ZTF23aapzyxr,0,1,0,0,1,1,0,1,0,1,0
ZTF23aaqaasr,0,1,0,1,0,1,0,0,1,1,0
ZTF23aaqacda,0,1,0,1,0,1,0,1,0,0,1
ZTF23aaqadwz,0,1,0,1,0,1,0,1,0,0,1
ZTF23aaqaeae,0,1,0,1,0,0,1,1,0,1,0
ZTF23aaqafhq,0,1,0,1,0,1,0,1,0,0,1
ZTF23aaqahxh,0,0,1,1,0,1,0,1,0,1,0
ZTF23aaqaiev,0,1,0,0,1,1,0,1,0,1,0
ZTF23aaqajsw,1,0,0,0,0,0,0,0,0,0,0
ZTF23aaqajtr,0,1,0,1,0,0,1,1,0,1,0
ZTF23aaqakhz,0,1,0,0,1,1,0,1,0,1,0
ZTF23aaqanze,0,1,0,1,0,1,0,1,0,0,1
ZTF23aaqaobn,0,1,0,1,0,1,0,0,1,1,0
ZTF23aaqasrd,1,0,0,0,0,0,0,0,0,0,0
ZTF23aaqboan,0,1,0,0,1,1,0,1,0,1,0
ZTF23aaqbtdh,0,1,0,1,0,1,0,1,0,0,1
ZTF23aaqbwoh,0,1,0,1,0,1,0,1,0,0,1
ZTF23aaqbyga,0,1,0,0,1,1,0,1,0,1,0
ZTF23aaqcaeo,0,1,0,1,0,1,0,0,1,1,0
ZTF23aaqceqc,0,1,0,1,0,1,0,1,0,0,1
ZTF23aaqchdx,0,0,1,1,0,1,0,1,0,1,0
ZTF23aaqchuj,0,0,1,1,0,1,0,1,0,1,0
ZTF23aaqcigx,0,1,0,0,1,1,0,1,0,1,0
ZTF23aaqckoi,0,1,0,1,0,0,1,1,0,1,0
ZTF23aaqckwq,1,0,0,0,0,0,0,0,0,0,0
ZTF23aaqclnx,0,1,0,1,0,1,0,0,1,1,0
ZTF23aaqcojx,0,1,0,0,1,1,0,1,0,1,0
ZTF23aaqcpij,0,0,1,1,0,1,0,1,0,1,0
ZTF23aaqctty,0,0,1,1,0,1,0,1,0,1,0
ZTF23aaqdhtj,0,1,0,0,1,1,0,1,0,1,0
ZTF23aaqdjhi,0,1,0,1,0,0,1,1,0,1,0
ZTF23aaqekiu,0,1,0,1,0,1,0,0,1,1,0
ZTF23aaqetoh,1,0,0,0,0,0,0,0,0,0,0
ZTF23aaqeuck,0,1,0,1,0,1,0,0,1,1,0
ZTF23aaqfayr,0,1,0,1,0,1,0,1,0,0,1
ZTF23aaqfbwc,0,1,0,1,0,0,1,1,0,1,0
ZTF23aaqfbwi,0,0,1,1,0,1,0,1,0,1,0
ZTF23aaqfwjs,0,1,0,0,1,1,0,1,0,1,0
ZTF23aaqfxpn,0,1,0,1,0,1,0,0,1,1,0
ZTF23aaqgcpi,1,0,0,0,0,0,0,0,0,0,0
ZTF23aaqgejm,0,1,0,1,0,1,0,0,1,1,0
ZTF23aaqgtkm,0,1,0,0,1,1,0,1,0,1,0
ZTF23aaqhfjq,0,1,0,1,0,1,0,0,1,1,0
ZTF23aaqhiag,0,1,0,1,0,0,1,1,0,1,0
ZTF23aaqhifg,0,0,1,1,0,1,0,1,0,1,0
ZTF23aaqhlhy,0,1,0,1,0,1,0,0,1,1,0
ZTF23aaqhptz,0,1,0,0,1,1,0,1,0,1,0
ZTF23aaqhtiq,0,1,0,1,0,1,0,0,1,1,0
ZTF23aaqhvds,1,0,0,0,0,0,0,0,0,0,0
ZTF23aaqhzwu,0,1,0,0,1,1,0,1,0,1,0
ZTF23aaqiqnl,0,0,1,1,0,1,0,1,0,1,0
ZTF23aaqiwle,1,0,0,0,0,0,0,0,0,0,0
ZTF23aaqixpx,0,1,0,1,0,0,1,1,0,1,0
ZTF23aaqixqm,0,1,0,1,0,1,0,1,0,0,1
ZTF23aaqixyp,1,0,0,0,0,0,0,0,0,0,0
ZTF23aaqjumr,0,1,0,1,0,0,1,1,0,1,0
ZTF23aaqknaw,0,1,0,1,0,0,1,1,0,1,0
ZTF23aaqkpwb,0,1,0,1,0,0,1,1,0,1,0
ZTF23aaqluoo,0,1,0,1,0,0,1,1,0,1,0
ZTF23aaqmauw,0,1,0,1,0,1,0,1,0,0,1
ZTF23aaqmbar,0,0,1,1,0,1,0,1,0,1,0
ZTF23aaqmbfr,0,1,0,0,1,1,0,1,0,1,0
ZTF23aaqmbkt,0,1,0,1,0,1,0,0,1,1,0
ZTF23aaqmcqo,0,0,1,1,0,1,0,1,0,1,0
ZTF23aaqmcwr,0,1,0,1,0,1,0,0,1,1,0
ZTF23aaqmdxd,1,0,0,0,0,0,0,0,0,0,0
ZTF23aaqmewf,1,0,0,0,0,0,0,0,0,0,0
ZTF23aaqmfgs,0,1,0,1,0,1,0,1,0,0,1
ZTF23aaqmfnm,0,1,0,1,0,0,1,1,0,1,0
ZTF23aaqmggi,0,1,0,0,1,1,0,1,0,1,0
ZTF23aaqmhaj,0,1,0,1,0,1,0,0,1,1,0
ZTF23aaqmhes,0,1,0,1,0,0,1,1,0,1,0
ZTF23aaqmicx,1,0,0,0,0,0,0,0,0,0,0
ZTF23aaqmihu,0,1,0,0,1,1,0,1,0,1,0
ZTF23aaqmvep,1,0,0,0,0,0,0,0,0,0,0
ZTF23aaqmveu,0,0,1,1,0,1,0,1,0,1,0
ZTF23aaqmwto,0,0,1,1,0,1,0,1,0,1,0
ZTF23aaqmxqw,0,1,0,1,0,1,0,1,0,0,1
ZTF23aaqmxxo,0,1,0,1,0,0,1,1,0,1,0
ZTF23aaqmzlq,0,1,0,0,1,1,0,1,0,1,0
ZTF23aaqnfoz,0,0,1,1,0,1,0,1,0,1,0
ZTF23aaqnhjp,1,0,0,0,0,0,0,0,0,0,0
ZTF23aaqnhmi,0,1,0,0,1,1,0,1,0,1,0
ZTF23aaqnilh,1,0,0,0,0,0,0,0,0,0,0
ZTF23aaqniyk,0,1,0,1,0,1,0,0,1,1,0
ZTF23aaqnjej,1,0,0,0,0,0,0,0,0,0,0
ZTF23aaqnjjt,0,1,0,1,0,0,1,1,0,1,0
ZTF23aaqnyds,1,0,0,0,0,0,0,0,0,0,0
ZTF23aaqnztz,0,1,0,0,1,1,0,1,0,1,0
ZTF23aaqocso,1,0,0,0,0,0,0,0,0,0,0
ZTF23aaqodpu,1,0,0,0,0,0,0,0,0,0,0
ZTF23aaqodyh,1,0,0,0,0,0,0,0,0,0,0
ZTF23aaqoqfj,1,0,0,0,0,0,0,0,0,0,0
ZTF23aaqoxkm,0,0,1,1,0,1,0,1,0,1,0
ZTF23aaqpawb,0,1,0,1,0,0,1,1,0,1,0
ZTF23aaqpbhu,0,0,1,1,0,1,0,1,0,1,0
ZTF23aaqpemc,0,0,1,1,0,1,0,1,0,1,0
ZTF23aaqpffd,0,0,1,1,0,1,0,1,0,1,0
ZTF23aaqpthu,0,1,0,1,0,1,0,0,1,1,0
ZTF23aaqpzom,1,0,0,0,0,0,0,0,0,0,0
ZTF23aaqqbhw,0,0,1,1,0,1,0,1,0,1,0
ZTF23aaqqcdp,0,1,0,1,0,1,0,1,0,0,1
ZTF23aaqqdhs,0,1,0,1,0,1,0,1,0,0,1
ZTF23aaqqeek,0,0,1,1,0,1,0,1,0,1,0
ZTF23aaqqeez,0,1,0,1,0,1,0,0,1,1,0
ZTF23aaqqeri,1,0,0,0,0,0,0,0,0,0,0
ZTF23aaqqezn,0,1,0,1,0,1,0,1,0,0,1
ZTF23aaqqfac,0,1,0,1,0,1,0,0,1,1,0
ZTF23aaqqhfr,0,1,0,1,0,1,0,0,1,1,0
ZTF23aaqqjca,0,1,0,1,0,0,1,1,0,1,0
ZTF23aaqqjnc,0,1,0,1,0,1,0,1,0,0,1
ZTF23aaqqjxv,0,1,0,1,0,0,1,1,0,1,0
ZTF23aaqqmsx,1,0,0,0,0,0,0,0,0,0,0
ZTF23aaqrbet,0,1,0,1,0,1,0,0,1,1,0
ZTF23aaqrxep,1,0,0,0,0,0,0,0,0,0,0
ZTF23aaqryyk,0,0,1,1,0,1,0,1,0,1,0
ZTF23aaqrznw,1,0,0,0,0,0,0,0,0,0,0
ZTF23aaqscdy,0,1,0,1,0,1,0,1,0,0,1
ZTF23aaqsdqu,1,0,0,0,0,0,0,0,0,0,0
ZTF23aaqsdwr,0,0,1,1,0,1,0,1,0,1,0
ZTF23aaqsesj,0,1,0,1,0,0,1,1,0,1,0
ZTF23aaqsevm,0,1,0,1,0,0,1,1,0,1,0
ZTF23aaqsfwl,0,1,0,0,1,1,0,1,0,1,0
ZTF23aaqsgju,1,0,0,0,0,0,0,0,0,0,0
ZTF23aaqshrt,0,0,1,1,0,1,0,1,0,1,0
ZTF23aaqskdz,0,1,0,1,0,1,0,0,1,1,0
ZTF23aaqsrsi,0,1,0,1,0,1,0,0,1,1,0
ZTF23aaqsvjr,0,0,1,1,0,1,0,1,0,1,0
ZTF23aaqswbq,0,1,0,0,1,1,0,1,0,1,0
ZTF23aaqswll,0,1,0,1,0,0,1,1,0,1,0
ZTF23aaqsxgi,0,1,0,1,0,1,0,1,0,0,1
ZTF23aaqtakb,0,1,0,1,0,1,0,1,0,0,1
ZTF23aaqtapc,0,1,0,0,1,1,0,1,0,1,0
ZTF23aaqtcxl,0,1,0,1,0,1,0,0,1,1,0
ZTF23aaqtdla,0,1,0,0,1,1,0,1,0,1,0
ZTF23aaqtdru,1,0,0,0,0,0,0,0,0,0,0
ZTF23aaqtetp,1,0,0,0,0,0,0,0,0,0,0
ZTF23aaqtfxg,0,1,0,1,0,1,0,1,0,0,1
ZTF23aaqtgfr,0,1,0,1,0,0,1,1,0,1,0
ZTF23aaqtgzf,0,1,0,1,0,0,1,1,0,1,0
ZTF23aaqthcd,0,0,1,1,0,1,0,1,0,1,0
ZTF23aaqugpo,0,1,0,1,0,1,0,0,1,1,0
ZTF23aaquhaz,0,1,0,1,0,1,0,0,1,1,0
ZTF23aaquhcv,1,0,0,0,0,0,0,0,0,0,0
ZTF23aaquhqn,0,0,1,1,0,1,0,1,0,1,0
ZTF23aaqujvz,1,0,0,0,0,0,0,0,0,0,0
ZTF23aaqukhc,0,1,0,1,0,1,0,0,1,1,0
ZTF23aaqumxc,1,0,0,0,0,0,0,0,0,0,0
ZTF23aaquokj,0,1,0,1,0,1,0,1,0,0,1
ZTF23aaquolj,0,1,0,1,0,1,0,1,0,0,1
ZTF23aaqusyq,0,1,0,0,1,1,0,1,0,1,0
ZTF23aaquuwi,0,1,0,1,0,0,1,1,0,1,0
ZTF23aaquxxc,0,1,0,1,0,0,1,1,0,1,0
ZTF23aaquypy,0,1,0,1,0,0,1,1,0,1,0
ZTF23aaqvfjz,0,1,0,0,1,1,0,1,0,1,0
ZTF23aaqvkzl,0,1,0,1,0,1,0,1,0,0,1
ZTF23aaqvlgj,0,1,0,1,0,1,0,0,1,1,0
ZTF23aaqvpyy,0,1,0,0,1,1,0,1,0,1,0
ZTF23aaqvqld,0,1,0,1,0,1,0,1,0,0,1
ZTF23aaqvuxl,0,0,1,1,0,1,0,1,0,1,0
ZTF23aaqvvnw,0,1,0,1,0,1,0,0,1,1,0
ZTF23aaqwhko,0,0,1,1,0,1,0,1,0,1,0
ZTF23aaqwnfd,0,1,0,0,1,1,0,1,0,1,0
ZTF23aaqwnvt,1,0,0,0,0,0,0,0,0,0,0
ZTF23aaqwoax,0,1,0,1,0,1,0,1,0,0,1
ZTF23aaqwpio,0,1,0,1,0,1,0,0,1,1,0
ZTF23aaqwqsz,0,0,1,1,0,1,0,1,0,1,0
ZTF23aaqwtak,1,0,0,0,0,0,0,0,0,0,0
ZTF23aaqwtaz,0,1,0,1,0,0,1,1,0,1,0
ZTF23aaqwtlh,0,1,0,0,1,1,0,1,0,1,0
ZTF23aaqwxds,0,0,1,1,0,1,0,1,0,1,0
ZTF23aaqwxgj,0,1,0,1,0,1,0,1,0,0,1
ZTF23aaqxcbb,0,1,0,1,0,1,0,0,1,1,0
ZTF23aaqxewt,0,0,1,1,0,1,0,1,0,1,0
ZTF23aaqxfro,1,0,0,0,0,0,0,0,0,0,0
ZTF23aaqxgan,1,0,0,0,0,0,0,0,0,0,0
ZTF23aaqxjta,0,1,0,1,0,1,0,0,1,1,0
ZTF23aaqxkzj,0,1,0,1,0,1,0,1,0,0,1
ZTF23aaqxmds,0,1,0,0,1,1,0,1,0,1,0
ZTF23aaqxths,0,1,0,1,0,0,1,1,0,1,0
ZTF23aaqygof,0,1,0,1,0,1,0,1,0,0,1
ZTF23aaqyipf,1,0,0,0,0,0,0,0,0,0,0
ZTF23aaqymhe,0,1,0,1,0,0,1,1,0,1,0
ZTF23aaqyrha,0,1,0,1,0,0,1,1,0,1,0
ZTF23aaqytlg,0,1,0,1,0,1,0,0,1,1,0
ZTF23aaqytql,0,0,1,1,0,1,0,1,0,1,0
ZTF23aaqyvei,0,0,1,1,0,1,0,1,0,1,0
ZTF23aaqzbar,0,1,0,1,0,1,0,1,0,0,1
ZTF23aaqzekc,0,1,0,1,0,1,0,1,0,0,1
ZTF23aaqzfwb,0,1,0,0,1,1,0,1,0,1,0
ZTF23aaqzhwm,0,1,0,1,0,1,0,1,0,0,1
ZTF23aaqzncp,0,1,0,1,0,1,0,1,0,0,1
ZTF23aaqzyaz,0,1,0,1,0,0,1,1,0,1,0
ZTF23aaqzywb,1,0,0,0,0,0,0,0,0,0,0
ZTF23aaraafb,0,0,1,1,0,1,0,1,0,1,0
ZTF23aaraahi,0,1,0,0,1,1,0,1,0,1,0
ZTF23aaraakq,0,0,1,1,0,1,0,1,0,1,0
ZTF23aaraali,1,0,0,0,0,0,0,0,0,0,0
ZTF23aarabdh,0,1,0,0,1,1,0,1,0,1,0
ZTF23aarabgd,0,1,0,1,0,1,0,1,0,0,1
ZTF23aarabke,0,0,1,1,0,1,0,1,0,1,0
ZTF23aarabor,0,0,1,1,0,1,0,1,0,1,0
ZTF23aaradkt,1,0,0,0,0,0,0,0,0,0,0
ZTF23aaraese,0,1,0,1,0,1,0,1,0,0,1
ZTF23aarbxph,0,1,0,0,1,1,0,1,0,1,0
ZTF23aarbyev,0,1,0,1,0,1,0,1,0,0,1
ZTF23aarcfwl,0,1,0,1,0,0,1,1,0,1,0
ZTF23aarcjdk,0,0,1,1,0,1,0,1,0,1,0
ZTF23aarcxay,0,1,0,1,0,1,0,1,0,0,1
ZTF23aardbqv,0,1,0,0,1,1,0,1,0,1,0
ZTF23aardtdd,0,1,0,1,0,0,1,1,0,1,0
ZTF23aareole,1,0,0,0,0,0,0,0,0,0,0
ZTF23aarepgy,0,1,0,1,0,1,0,0,1,1,0
ZTF23aarerww,0,1,0,1,0,1,0,1,0,0,1
ZTF23aaretvs,0,1,0,1,0,0,1,1,0,1,0
ZTF23aarfaha,0,1,0,0,1,1,0,1,0,1,0
ZTF23aarfblf,0,1,0,1,0,1,0,0,1,1,0
ZTF23aarfblz,1,0,0,0,0,0,0,0,0,0,0
ZTF23aarffak,0,1,0,1,0,1,0,0,1,1,0
ZTF23aarflec,0,0,1,1,0,1,0,1,0,1,0
ZTF23aarfngs,0,1,0,1,0,1,0,1,0,0,1
ZTF23aarfodg,1,0,0,0,0,0,0,0,0,0,0
ZTF23aarfpck,0,1,0,1,0,0,1,1,0,1,0
ZTF23aarfpnx,0,0,1,1,0,1,0,1,0,1,0
ZTF23aarfqic,1,0,0,0,0,0,0,0,0,0,0
ZTF23aarfqmx,1,0,0,0,0,0,0,0,0,0,0
ZTF23aarfscw,0,1,0,1,0,1,0,0,1,1,0
ZTF23aarftkv,1,0,0,0,0,0,0,0,0,0,0
ZTF23aarfvnb,0,1,0,1,0,0,1,1,0,1,0
ZTF23aarglpr,1,0,0,0,0,0,0,0,0,0,0
ZTF23aargukt,0,1,0,1,0,1,0,0,1,1,0
ZTF23aargvjn,0,1,0,0,1,1,0,1,0,1,0
ZTF23aargwvk,0,1,0,1,0,1,0,0,1,1,0
ZTF23aargzhw,0,1,0,0,1,1,0,1,0,1,0
ZTF23aargzqv,0,1,0,1,0,0,1,1,0,1,0
ZTF23aarhfyz,0,0,1,1,0,1,0,1,0,1,0
ZTF23aarhmcg,0,1,0,1,0,1,0,1,0,0,1
ZTF23aarhuay,0,1,0,1,0,1,0,0,1,1,0
ZTF23aarigrc,0,1,0,1,0,0,1,1,0,1,0
ZTF23aarjryf,1,0,0,0,0,0,0,0,0,0,0
ZTF23aarjxfj,0,1,0,1,0,1,0,1,0,0,1
ZTF23aarkidq,0,1,0,0,1,1,0,1,0,1,0
ZTF23aarkjvp,0,1,0,1,0,0,1,1,0,1,0
ZTF23aarknki,0,1,0,0,1,1,0,1,0,1,0
ZTF23aarkohk,0,0,1,1,0,1,0,1,0,1,0
ZTF23aarktkw,0,1,0,1,0,1,0,1,0,0,1
ZTF23aarktow,0,1,0,1,0,0,1,1,0,1,0
ZTF23aarkujv,0,1,0,1,0,1,0,1,0,0,1
ZTF23aarkwlm,1,0,0,0,0,0,0,0,0,0,0
ZTF23aarkyuo,0,1,0,1,0,0,1,1,0,1,0
ZTF23aarlcue,0,1,0,0,1,1,0,1,0,1,0
ZTF23aarlfmu,0,1,0,1,0,1,0,0,1,1,0
ZTF23aarlhfy,0,1,0,1,0,0,1,1,0,1,0
ZTF23aarlusn,1,0,0,0,0,0,0,0,0,0,0
ZTF23aarmngh,1,0,0,0,0,0,0,0,0,0,0
ZTF23aarmwwx,0,1,0,1,0,0,1,1,0,1,0
ZTF23aarnjwt,0,1,0,1,0,0,1,1,0,1,0
ZTF23aarpzwz,0,0,1,1,0,1,0,1,0,1,0
ZTF23aarqpzb,1,0,0,0,0,0,0,0,0,0,0
ZTF23aarqyio,1,0,0,0,0,0,0,0,0,0,0
ZTF23aarrift,0,1,0,1,0,1,0,1,0,0,1
ZTF23aarriri,0,1,0,1,0,0,1,1,0,1,0
ZTF23aarrjyp,0,1,0,0,1,1,0,1,0,1,0
ZTF23aarrlgy,0,1,0,1,0,0,1,1,0,1,0
ZTF23aarrnwc,0,1,0,1,0,0,1,1,0,1,0
ZTF23aarrpwi,1,0,0,0,0,0,0,0,0,0,0
ZTF23aarrurz,1,0,0,0,0,0,0,0,0,0,0
ZTF23aarrwwl,1,0,0,0,0,0,0,0,0,0,0
ZTF23aarsatk,0,1,0,1,0,0,1,1,0,1,0
ZTF23aarupwh,0,1,0,1,0,0,1,1,0,1,0
ZTF23aarvaah,0,1,0,1,0,1,0,1,0,0,1
ZTF23aarvabu,0,0,1,1,0,1,0,1,0,1,0
ZTF23aarvadj,0,1,0,0,1,1,0,1,0,1,0
ZTF23aarvdcx,0,1,0,1,0,1,0,0,1,1,0
ZTF23aarvhrp,1,0,0,0,0,0,0,0,0,0,0
ZTF23aarvrej,0,1,0,1,0,1,0,1,0,0,1
ZTF23aarvrvd,1,0,0,0,0,0,0,0,0,0,0
ZTF23aarxdrd,0,1,0,1,0,0,1,1,0,1,0
ZTF23aarxojo,0,1,0,1,0,1,0,0,1,1,0
ZTF23aarxtku,1,0,0,0,0,0,0,0,0,0,0
ZTF23aarxtro,0,0,1,1,0,1,0,1,0,1,0
ZTF23aarxuzu,1,0,0,0,0,0,0,0,0,0,0
ZTF23aarxwfb,1,0,0,0,0,0,0,0,0,0,0
ZTF23aarxzbr,0,1,0,1,0,1,0,0,1,1,0
ZTF23aarxzze,0,0,1,1,0,1,0,1,0,1,0
ZTF23aarycmf,0,1,0,1,0,1,0,0,1,1,0
ZTF23aaryddx,0,1,0,1,0,0,1,1,0,1,0
ZTF23aaryijg,0,1,0,1,0,1,0,1,0,0,1
ZTF23aaryjmf,1,0,0,0,0,0,0,0,0,0,0
ZTF23aarymti,0,1,0,1,0,1,0,0,1,1,0
ZTF23aarytnu,0,0,1,1,0,1,0,1,0,1,0
ZTF23aarzbie,0,0,1,1,0,1,0,1,0,1,0
ZTF23aarzbzn,0,1,0,1,0,1,0,0,1,1,0
ZTF23aarzfhf,0,1,0,1,0,0,1,1,0,1,0
ZTF23aarzije,1,0,0,0,0,0,0,0,0,0,0
ZTF23aarziqo,0,0,1,1,0,1,0,1,0,1,0
ZTF23aarzjax,0,1,0,1,0,1,0,1,0,0,1
ZTF23aarzkrl,1,0,0,0,0,0,0,0,0,0,0
ZTF23aarzkyi,0,0,1,1,0,1,0,1,0,1,0
ZTF23aarzxrs,1,0,0,0,0,0,0,0,0,0,0
ZTF23aarzysm,1,0,0,0,0,0,0,0,0,0,0
ZTF23aarzyta,0,1,0,1,0,0,1,1,0,1,0
ZTF23aarzzca,0,1,0,0,1,1,0,1,0,1,0
ZTF23aarzzwu,0,0,1,1,0,1,0,1,0,1,0
ZTF23aasaaya,0,1,0,1,0,0,1,1,0,1,0
ZTF23aasabes,0,1,0,1,0,1,0,0,1,1,0
ZTF23aasabyg,0,1,0,0,1,1,0,1,0,1,0
ZTF23aasalig,0,1,0,1,0,1,0,1,0,0,1
ZTF23aasaosp,0,1,0,1,0,1,0,1,0,0,1
ZTF23aasaphh,0,1,0,0,1,1,0,1,0,1,0
ZTF23aasbszc,0,1,0,0,1,1,0,1,0,1,0
ZTF23aasbvab,0,0,1,1,0,1,0,1,0,1,0
ZTF23aascbvv,0,1,0,1,0,1,0,1,0,0,1
ZTF23aasccwh,0,1,0,1,0,1,0,0,1,1,0
ZTF23aascfrd,0,1,0,1,0,1,0,0,1,1,0
ZTF23aascgua,0,1,0,1,0,1,0,0,1,1,0
ZTF23aaschhu,0,0,1,1,0,1,0,1,0,1,0
ZTF23aascklf,0,1,0,1,0,1,0,0,1,1,0
ZTF23aascmtj,0,0,1,1,0,1,0,1,0,1,0
ZTF23aascopa,0,1,0,0,1,1,0,1,0,1,0
ZTF23aascppn,0,1,0,1,0,1,0,1,0,0,1
ZTF23aasctqc,1,0,0,0,0,0,0,0,0,0,0
ZTF23aasctyw,0,1,0,1,0,1,0,1,0,0,1
ZTF23aascudu,0,1,0,1,0,0,1,1,0,1,0
ZTF23aascuwc,0,1,0,1,0,1,0,0,1,1,0
ZTF23aascvpc,0,1,0,1,0,1,0,1,0,0,1
ZTF23aasegbs,0,1,0,0,1,1,0,1,0,1,0
ZTF23aaserux,0,1,0,1,0,1,0,1,0,0,1
ZTF23aasewzq,0,1,0,1,0,0,1,1,0,1,0
ZTF23aasfkpz,0,1,0,1,0,0,1,1,0,1,0
ZTF23aasgduz,1,0,0,0,0,0,0,0,0,0,0
ZTF23aasgeqz,1,0,0,0,0,0,0,0,0,0,0
ZTF23aasggea,0,1,0,1,0,1,0,1,0,0,1
ZTF23aasggzx,0,1,0,1,0,0,1,1,0,1,0
ZTF23aasgnox,0,1,0,1,0,0,1,1,0,1,0
ZTF23aasgpch,0,0,1,1,0,1,0,1,0,1,0
ZTF23aasgrqw,0,1,0,1,0,0,1,1,0,1,0
ZTF23aasgsrk,0,1,0,1,0,1,0,1,0,0,1
ZTF23aasgsxl,0,1,0,1,0,0,1,1,0,1,0
ZTF23aashswn,0,0,1,1,0,1,0,1,0,1,0
ZTF23aashwwh,1,0,0,0,0,0,0,0,0,0,0
ZTF23aashxqa,0,1,0,1,0,1,0,0,1,1,0
ZTF23aashxsv,1,0,0,0,0,0,0,0,0,0,0
ZTF23aashyhz,0,1,0,1,0,1,0,1,0,0,1
ZTF23aaskvof,0,1,0,0,1,1,0,1,0,1,0
ZTF23aaslllz,1,0,0,0,0,0,0,0,0,0,0
ZTF23aasllsq,0,0,1,1,0,1,0,1,0,1,0
ZTF23aaslqji,0,1,0,1,0,1,0,0,1,1,0
ZTF23aaslrey,1,0,0,0,0,0,0,0,0,0,0
ZTF23aasltsn,0,1,0,1,0,1,0,0,1,1,0
ZTF23aasmafk,0,1,0,1,0,1,0,0,1,1,0
ZTF23aasmalv,1,0,0,0,0,0,0,0,0,0,0
ZTF23aasmfey,0,1,0,1,0,1,0,1,0,0,1
ZTF23aasmozw,0,1,0,1,0,0,1,1,0,1,0
ZTF23aasmxtj,0,1,0,1,0,1,0,1,0,0,1
ZTF23aasnmgl,0,1,0,1,0,1,0,0,1,1,0
ZTF23aasnotj,0,1,0,1,0,1,0,1,0,0,1
ZTF23aasoaqh,0,1,0,0,1,1,0,1,0,1,0
ZTF23aasocjj,0,1,0,1,0,0,1,1,0,1,0
ZTF23aasodyo,0,1,0,1,0,0,1,1,0,1,0
ZTF23aasoikc,0,1,0,1,0,1,0,0,1,1,0
ZTF23aasolhr,0,0,1,1,0,1,0,1,0,1,0
ZTF23aasopeh,0,1,0,1,0,1,0,1,0,0,1
ZTF23aasopll,1,0,0,0,0,0,0,0,0,0,0
ZTF23aasorhq,1,0,0,0,0,0,0,0,0,0,0
ZTF23aasotjh,0,1,0,0,1,1,0,1,0,1,0
ZTF23aaspcfl,0,0,1,1,0,1,0,1,0,1,0
ZTF23aaspuob,1,0,0,0,0,0,0,0,0,0,0
ZTF23aaspxxd,0,1,0,0,1,1,0,1,0,1,0
ZTF23aasqmqk,0,0,1,1,0,1,0,1,0,1,0
ZTF23aasqolx,0,1,0,1,0,1,0,0,1,1,0
ZTF23aasqsbl,0,1,0,1,0,0,1,1,0,1,0
ZTF23aasqwgb,0,1,0,1,0,1,0,1,0,0,1
ZTF23aasqxfk,0,1,0,0,1,1,0,1,0,1,0
ZTF23aasrbkh,0,1,0,1,0,0,1,1,0,1,0
ZTF23aasrdhg,0,1,0,0,1,1,0,1,0,1,0
ZTF23aasrdty,0,1,0,1,0,1,0,0,1,1,0
ZTF23aasrebm,0,1,0,1,0,1,0,0,1,1,0
ZTF23aasrevu,0,0,1,1,0,1,0,1,0,1,0
ZTF23aasrevx,0,1,0,1,0,1,0,0,1,1,0
ZTF23aasrexx,0,0,1,1,0,1,0,1,0,1,0
ZTF23aasrfga,0,1,0,1,0,0,1,1,0,1,0
ZTF23aasrkck,0,1,0,1,0,1,0,1,0,0,1
ZTF23aasrrra,0,1,0,1,0,1,0,1,0,0,1
ZTF23aastkbi,0,1,0,0,1,1,0,1,0,1,0
ZTF23aastndi,0,1,0,1,0,1,0,1,0,0,1
ZTF23aasuikm,0,1,0,0,1,1,0,1,0,1,0
ZTF23aasumow,0,1,0,0,1,1,0,1,0,1,0
ZTF23aasuxgf,1,0,0,0,0,0,0,0,0,0,0
ZTF23aasuxnt,0,0,1,1,0,1,0,1,0,1,0
ZTF23aasvfbf,0,1,0,1,0,1,0,1,0,0,1
ZTF23aasvftz,0,1,0,1,0,0,1,1,0,1,0
ZTF23aaswbih,1,0,0,0,0,0,0,0,0,0,0
ZTF23aaswluy,1,0,0,0,0,0,0,0,0,0,0
ZTF23aaswnvh,0,1,0,1,0,0,1,1,0,1,0
ZTF23aaswpcx,0,1,0,1,0,1,0,1,0,0,1
ZTF23aaswqjr,1,0,0,0,0,0,0,0,0,0,0
ZTF23aaswrew,0,1,0,1,0,0,1,1,0,1,0
ZTF23aaswruy,0,1,0,1,0,1,0,1,0,0,1
ZTF23aaswsgl,0,1,0,1,0,1,0,0,1,1,0
ZTF23aaswskf,0,1,0,1,0,1,0,1,0,0,1
ZTF23aaswtea,0,0,1,1,0,1,0,1,0,1,0
ZTF23aaswtmu,1,0,0,0,0,0,0,0,0,0,0
ZTF23aaswtxr,0,1,0,1,0,1,0,1,0,0,1
ZTF23aaswvcy,0,1,0,1,0,1,0,1,0,0,1
ZTF23aaswvfe,0,1,0,1,0,1,0,1,0,0,1
ZTF23aaswvsu,0,0,1,1,0,1,0,1,0,1,0
ZTF23aaswvta,0,0,1,1,0,1,0,1,0,1,0
ZTF23aasxbrm,0,1,0,1,0,1,0,1,0,0,1
ZTF23aasxfkn,0,1,0,1,0,1,0,0,1,1,0
ZTF23aasxgup,1,0,0,0,0,0,0,0,0,0,0
ZTF23aasxhkl,1,0,0,0,0,0,0,0,0,0,0
ZTF23aasxuti,0,1,0,1,0,1,0,1,0,0,1
ZTF23aasxxin,0,1,0,1,0,0,1,1,0,1,0
ZTF23aasycdf,0,1,0,1,0,0,1,1,0,1,0
ZTF23aasyerj,0,1,0,1,0,0,1,1,0,1,0
ZTF23aasygqe,1,0,0,0,0,0,0,0,0,0,0
ZTF23aasyins,0,1,0,1,0,1,0,1,0,0,1
ZTF23aasylxr,1,0,0,0,0,0,0,0,0,0,0
ZTF23aasymie,0,0,1,1,0,1,0,1,0,1,0
ZTF23aasyomd,1,0,0,0,0,0,0,0,0,0,0
ZTF23aasyrup,0,1,0,1,0,1,0,0,1,1,0
ZTF23aasyshb,0,1,0,1,0,1,0,0,1,1,0
ZTF23aasysje,0,1,0,1,0,0,1,1,0,1,0
ZTF23aaszejl,0,0,1,1,0,1,0,1,0,1,0
ZTF23aatabje,1,0,0,0,0,0,0,0,0,0,0
ZTF23aatabqx,0,1,0,1,0,1,0,1,0,0,1
ZTF23aatabyp,1,0,0,0,0,0,0,0,0,0,0
ZTF23aatackh,1,0,0,0,0,0,0,0,0,0,0
ZTF23aatacva,0,1,0,0,1,1,0,1,0,1,0
ZTF23aataexd,0,0,1,1,0,1,0,1,0,1,0
ZTF23aatajah,1,0,0,0,0,0,0,0,0,0,0
ZTF23aatbcnv,0,1,0,1,0,1,0,0,1,1,0
ZTF23aatbjct,0,1,0,0,1,1,0,1,0,1,0
ZTF23aatblex,0,1,0,1,0,0,1,1,0,1,0
ZTF23aatbwgu,0,1,0,1,0,1,0,0,1,1,0
ZTF23aatbzjj,1,0,0,0,0,0,0,0,0,0,0
ZTF23aatcaov,0,1,0,1,0,0,1,1,0,1,0
ZTF23aatcjhg,0,0,1,1,0,1,0,1,0,1,0
ZTF23aatcola,0,1,0,1,0,1,0,1,0,0,1
ZTF23aatcryw,0,1,0,1,0,0,1,1,0,1,0
ZTF23aatcvtc,0,0,1,1,0,1,0,1,0,1,0
ZTF23aatdcey,0,1,0,1,0,0,1,1,0,1,0
ZTF23aatddcq,0,1,0,1,0,0,1,1,0,1,0
ZTF23aatddnh,0,0,1,1,0,1,0,1,0,1,0
ZTF23aatdebe,0,1,0,1,0,1,0,0,1,1,0
ZTF23aatdkud,0,1,0,1,0,0,1,1,0,1,0
ZTF23aatehbp,1,0,0,0,0,0,0,0,0,0,0
ZTF23aatekmu,0,1,0,1,0,1,0,1,0,0,1
ZTF23aatfvzp,1,0,0,0,0,0,0,0,0,0,0
ZTF23aatfyci,0,1,0,1,0,1,0,1,0,0,1
ZTF23aatgeaq,0,1,0,1,0,1,0,1,0,0,1
ZTF23aatgebt,0,0,1,1,0,1,0,1,0,1,0
ZTF23aatgltp,0,1,0,1,0,1,0,1,0,0,1
ZTF23aatgncg,0,1,0,1,0,1,0,0,1,1,0
ZTF23aatgpju,0,1,0,0,1,1,0,1,0,1,0
ZTF23aatgsus,0,1,0,1,0,1,0,0,1,1,0
ZTF23aathcfe,0,1,0,1,0,1,0,0,1,1,0
ZTF23aathioa,0,1,0,1,0,1,0,1,0,0,1
ZTF23aaticqr,0,0,1,1,0,1,0,1,0,1,0
ZTF23aatiequ,0,1,0,0,1,1,0,1,0,1,0
ZTF23aatigiw,0,0,1,1,0,1,0,1,0,1,0
ZTF23aatihny,1,0,0,0,0,0,0,0,0,0,0
ZTF23aatihwk,0,1,0,1,0,1,0,0,1,1,0
ZTF23aatihzb,0,1,0,1,0,1,0,1,0,0,1
ZTF23aatiwig,1,0,0,0,0,0,0,0,0,0,0
ZTF23aatjanv,0,1,0,1,0,1,0,0,1,1,0
ZTF23aatjipy,0,1,0,1,0,0,1,1,0,1,0
ZTF23aatjvai,1,0,0,0,0,0,0,0,0,0,0
ZTF23aatjwzl,0,0,1,1,0,1,0,1,0,1,0
ZTF23aatjxwd,0,1,0,1,0,1,0,1,0,0,1
ZTF23aatjzlp,0,0,1,1,0,1,0,1,0,1,0
ZTF23aatkmxq,0,1,0,0,1,1,0,1,0,1,0
ZTF23aatkoja,0,1,0,1,0,0,1,1,0,1,0
ZTF23aatkrxk,0,1,0,1,0,1,0,0,1,1,0
ZTF23aatletp,0,0,1,1,0,1,0,1,0,1,0
ZTF23aatlklz,0,0,1,1,0,1,0,1,0,1,0
ZTF23aatlqhe,0,0,1,1,0,1,0,1,0,1,0
ZTF23aatlqic,0,1,0,1,0,1,0,1,0,0,1
ZTF23aatltng,0,1,0,1,0,1,0,0,1,1,0
ZTF23aatlwqu,1,0,0,0,0,0,0,0,0,0,0
ZTF23aatlzlp,0,1,0,1,0,0,1,1,0,1,0
ZTF23aatmbsq,0,1,0,1,0,1,0,1,0,0,1
ZTF23aatmebw,1,0,0,0,0,0,0,0,0,0,0
ZTF23aatmkgy,1,0,0,0,0,0,0,0,0,0,0
ZTF23aatmmbf,0,1,0,1,0,1,0,1,0,0,1
ZTF23aatmnbm,1,0,0,0,0,0,0,0,0,0,0
ZTF23aatmrgm,0,1,0,1,0,1,0,1,0,0,1
ZTF23aatmzxb,1,0,0,0,0,0,0,0,0,0,0
ZTF23aatnaau,0,0,1,1,0,1,0,1,0,1,0
ZTF23aatnaqm,0,1,0,1,0,1,0,0,1,1,0
ZTF23aatnhdp,0,1,0,1,0,1,0,0,1,1,0
ZTF23aatniak,0,1,0,1,0,1,0,0,1,1,0
ZTF23aatnihs,0,1,0,1,0,1,0,0,1,1,0
ZTF23aatnojg,0,1,0,1,0,1,0,1,0,0,1
ZTF23aatntxn,0,1,0,0,1,1,0,1,0,1,0
ZTF23aatpadn,1,0,0,0,0,0,0,0,0,0,0
ZTF23aatpcvx,0,1,0,0,1,1,0,1,0,1,0
ZTF23aatpddl,1,0,0,0,0,0,0,0,0,0,0
ZTF23aatpmpk,0,1,0,1,0,0,1,1,0,1,0
ZTF23aatpnmr,0,1,0,1,0,0,1,1,0,1,0
ZTF23aatprrn,0,1,0,1,0,0,1,1,0,1,0
ZTF23aatpuuy,0,1,0,1,0,0,1,1,0,1,0
ZTF23aatqmbb,0,0,1,1,0,1,0,1,0,1,0
ZTF23aatqxzy,0,1,0,1,0,0,1,1,0,1,0
ZTF23aatrcpn,0,0,1,1,0,1,0,1,0,1,0
ZTF23aatukpx,0,1,0,1,0,1,0,0,1,1,0
ZTF23aatukuu,0,1,0,1,0,1,0,1,0,0,1
ZTF23aatultb,1,0,0,0,0,0,0,0,0,0,0
ZTF23aatuspm,1,0,0,0,0,0,0,0,0,0,0
ZTF23aatvksz,0,0,1,1,0,1,0,1,0,1,0
ZTF23aatvtae,0,1,0,0,1,1,0,1,0,1,0
ZTF23aatvump,0,0,1,1,0,1,0,1,0,1,0
ZTF23aatwbzs,0,1,0,1,0,0,1,1,0,1,0
ZTF23aatxeki,0,0,1,1,0,1,0,1,0,1,0
ZTF23aatxeqc,0,1,0,0,1,1,0,1,0,1,0
ZTF23aatydmu,0,1,0,1,0,1,0,1,0,0,1
ZTF23aatyuqn,1,0,0,0,0,0,0,0,0,0,0
ZTF23aatyyjt,0,1,0,0,1,1,0,1,0,1,0
ZTF23aatzegs,0,1,0,1,0,0,1,1,0,1,0
ZTF23aatzelx,0,1,0,1,0,0,1,1,0,1,0
ZTF23aatzfap,0,0,1,1,0,1,0,1,0,1,0
ZTF23aatzgwh,0,1,0,1,0,1,0,1,0,0,1
ZTF23aatzias,1,0,0,0,0,0,0,0,0,0,0
ZTF23aatzjdo,1,0,0,0,0,0,0,0,0,0,0
ZTF23aatzjdx,1,0,0,0,0,0,0,0,0,0,0
ZTF23aatzjyz,1,0,0,0,0,0,0,0,0,0,0
ZTF23aauawnl,0,0,1,1,0,1,0,1,0,1,0
ZTF23aaubdrz,0,1,0,1,0,0,1,1,0,1,0
ZTF23aaubprj,0,0,1,1,0,1,0,1,0,1,0
ZTF23aaubzzz,0,1,0,1,0,1,0,0,1,1,0
ZTF23aaucaqp,1,0,0,0,0,0,0,0,0,0,0
ZTF23aaucgeg,0,0,1,1,0,1,0,1,0,1,0
ZTF23aaudsiy,0,0,1,1,0,1,0,1,0,1,0
ZTF23aaudsvu,1,0,0,0,0,0,0,0,0,0,0
ZTF23aauefxj,0,1,0,1,0,1,0,0,1,1,0
ZTF23aauerif,1,0,0,0,0,0,0,0,0,0,0
ZTF23aauetsk,0,0,1,1,0,1,0,1,0,1,0
ZTF23aaueumz,0,1,0,1,0,0,1,1,0,1,0
ZTF23aauevab,0,1,0,1,0,0,1,1,0,1,0
ZTF23aauevvh,0,1,0,1,0,0,1,1,0,1,0
ZTF23aaufdor,0,1,0,0,1,1,0,1,0,1,0
ZTF23aaufgdg,0,1,0,0,1,1,0,1,0,1,0
ZTF23aaufkak,0,1,0,1,0,1,0,0,1,1,0
ZTF23aaufryd,0,1,0,0,1,1,0,1,0,1,0
ZTF23aauftor,0,1,0,1,0,1,0,1,0,0,1
ZTF23aaufzsy,0,1,0,1,0,0,1,1,0,1,0
ZTF23aaufzym,0,0,1,1,0,1,0,1,0,1,0
ZTF23aaugtqx,0,1,0,1,0,0,1,1,0,1,0
ZTF23aauhzmk,0,0,1,1,0,1,0,1,0,1,0
ZTF23aauiweh,1,0,0,0,0,0,0,0,0,0,0
ZTF23aaujhvs,0,1,0,1,0,1,0,0,1,1,0
ZTF23aaujwey,1,0,0,0,0,0,0,0,0,0,0
ZTF23aaulifq,1,0,0,0,0,0,0,0,0,0,0
ZTF23aaulvan,0,1,0,1,0,1,0,0,1,1,0
ZTF23aaumenk,1,0,0,0,0,0,0,0,0,0,0
ZTF23aaumowl,0,1,0,1,0,1,0,1,0,0,1
ZTF23aauonle,0,1,0,1,0,1,0,1,0,0,1
ZTF23aauoqrn,0,1,0,1,0,1,0,1,0,0,1
ZTF23aauqmys,1,0,0,0,0,0,0,0,0,0,0
ZTF23aauqpvt,0,0,1,1,0,1,0,1,0,1,0
ZTF23aauqsee,0,1,0,1,0,1,0,1,0,0,1
ZTF23aauradw,0,1,0,0,1,1,0,1,0,1,0
ZTF23aaurhgm,1,0,0,0,0,0,0,0,0,0,0
ZTF23aaurjcw,0,1,0,1,0,0,1,1,0,1,0
ZTF23aaurman,0,1,0,1,0,1,0,1,0,0,1
ZTF23aausdrx,1,0,0,0,0,0,0,0,0,0,0
ZTF23aausjqi,0,1,0,1,0,0,1,1,0,1,0
ZTF23aautnao,1,0,0,0,0,0,0,0,0,0,0
ZTF23aautnht,1,0,0,0,0,0,0,0,0,0,0
ZTF23aautnzq,0,0,1,1,0,1,0,1,0,1,0
ZTF23aautolj,0,0,1,1,0,1,0,1,0,1,0
ZTF23aautosp,1,0,0,0,0,0,0,0,0,0,0
ZTF23aauuaug,1,0,0,0,0,0,0,0,0,0,0
ZTF23aauubgg,0,1,0,1,0,1,0,1,0,0,1
ZTF23aauucpe,0,1,0,1,0,1,0,1,0,0,1
ZTF23aauuelm,0,1,0,1,0,0,1,1,0,1,0
ZTF23aauuesu,0,1,0,1,0,0,1,1,0,1,0
ZTF23aauvqup,0,0,1,1,0,1,0,1,0,1,0
ZTF23aauvqyq,0,1,0,1,0,1,0,1,0,0,1
ZTF23aauvsnu,1,0,0,0,0,0,0,0,0,0,0
ZTF23aauxgla,0,1,0,1,0,1,0,0,1,1,0
ZTF23aauyzoj,0,0,1,1,0,1,0,1,0,1,0
ZTF23aauzbrj,0,1,0,1,0,1,0,0,1,1,0
ZTF23aauzfbi,0,1,0,0,1,1,0,1,0,1,0
ZTF23aauzftl,1,0,0,0,0,0,0,0,0,0,0
ZTF23aauzgth,1,0,0,0,0,0,0,0,0,0,0
ZTF23aauzhpo,0,1,0,1,0,1,0,1,0,0,1
ZTF23aauzuzv,0,1,0,1,0,0,1,1,0,1,0
ZTF23aauzxfh,0,0,1,1,0,1,0,1,0,1,0
ZTF23aavaaox,0,1,0,1,0,1,0,1,0,0,1
ZTF23aavampo,1,0,0,0,0,0,0,0,0,0,0
ZTF23aavanop,0,0,1,1,0,1,0,1,0,1,0
ZTF23aavanqr,1,0,0,0,0,0,0,0,0,0,0
ZTF23aavdcyo,0,1,0,1,0,0,1,1,0,1,0
ZTF23aavddmj,0,0,1,1,0,1,0,1,0,1,0
ZTF23aavdiyz,0,1,0,1,0,1,0,0,1,1,0
ZTF23aavdjyi,0,0,1,1,0,1,0,1,0,1,0
ZTF23aavdpba,0,1,0,1,0,1,0,0,1,1,0
ZTF23aavdqus,0,1,0,1,0,1,0,0,1,1,0
ZTF23aavdvdr,0,1,0,1,0,0,1,1,0,1,0
ZTF23aavdvya,1,0,0,0,0,0,0,0,0,0,0
ZTF23aavdzpd,0,0,1,1,0,1,0,1,0,1,0
ZTF23aavecfo,0,0,1,1,0,1,0,1,0,1,0
ZTF23aaveesd,0,1,0,1,0,0,1,1,0,1,0
ZTF23aavehkp,0,1,0,1,0,1,0,1,0,0,1
ZTF23aavekyx,0,1,0,1,0,0,1,1,0,1,0
ZTF23aavembb,0,1,0,1,0,0,1,1,0,1,0
ZTF23aavenbh,0,1,0,1,0,0,1,1,0,1,0
ZTF23aaveoxd,1,0,0,0,0,0,0,0,0,0,0
ZTF23aavevjd,0,1,0,1,0,1,0,1,0,0,1
ZTF23aavffkq,0,1,0,1,0,1,0,0,1,1,0
ZTF23aavhzeg,0,1,0,1,0,0,1,1,0,1,0
ZTF23aaviirp,0,1,0,1,0,1,0,1,0,0,1
ZTF23aavikqh,1,0,0,0,0,0,0,0,0,0,0
ZTF23aavilig,1,0,0,0,0,0,0,0,0,0,0
ZTF23aaviliu,0,1,0,1,0,1,0,1,0,0,1
ZTF23aavimpu,1,0,0,0,0,0,0,0,0,0,0
ZTF23aavjtgn,0,0,1,1,0,1,0,1,0,1,0
ZTF23aavkhpi,0,1,0,1,0,1,0,0,1,1,0
ZTF23aavkszc,1,0,0,0,0,0,0,0,0,0,0
ZTF23aavlyte,0,1,0,0,1,1,0,1,0,1,0
ZTF23aavlzhd,0,0,1,1,0,1,0,1,0,1,0
ZTF23aavmarm,0,0,1,1,0,1,0,1,0,1,0
ZTF23aavmeou,1,0,0,0,0,0,0,0,0,0,0
ZTF23aavmfbj,0,1,0,0,1,1,0,1,0,1,0
ZTF23aavmgiy,0,0,1,1,0,1,0,1,0,1,0
ZTF23aavmgln,0,0,1,1,0,1,0,1,0,1,0
ZTF23aavmmpo,0,1,0,1,0,1,0,0,1,1,0
ZTF23aavmnsk,0,1,0,1,0,0,1,1,0,1,0
ZTF23aavmwha,0,1,0,1,0,1,0,0,1,1,0
ZTF23aavmwtk,0,1,0,1,0,0,1,1,0,1,0
ZTF23aavmycb,1,0,0,0,0,0,0,0,0,0,0
ZTF23aavmyle,1,0,0,0,0,0,0,0,0,0,0
ZTF23aavncrv,0,1,0,1,0,0,1,1,0,1,0
ZTF23aavnhny,1,0,0,0,0,0,0,0,0,0,0
ZTF23aavnkzp,1,0,0,0,0,0,0,0,0,0,0
ZTF23aavnqsz,0,1,0,1,0,1,0,1,0,0,1
ZTF23aavpjmg,0,1,0,1,0,1,0,0,1,1,0
ZTF23aavpswc,0,0,1,1,0,1,0,1,0,1,0
ZTF23aavshwi,0,1,0,1,0,1,0,0,1,1,0
ZTF23aavtcas,0,1,0,1,0,0,1,1,0,1,0
ZTF23aavtpfg,0,1,0,1,0,1,0,1,0,0,1
ZTF23aavtpyg,0,1,0,1,0,0,1,1,0,1,0
ZTF23aavtqzj,1,0,0,0,0,0,0,0,0,0,0
ZTF23aavtrsk,0,1,0,0,1,1,0,1,0,1,0
ZTF23aavtsts,0,1,0,1,0,1,0,1,0,0,1
ZTF23aavtugd,0,1,0,1,0,1,0,1,0,0,1
ZTF23aavuqrz,0,0,1,1,0,1,0,1,0,1,0
ZTF23aavvdix,0,1,0,1,0,1,0,1,0,0,1
ZTF23aavvepi,0,1,0,1,0,0,1,1,0,1,0
ZTF23aavvfnk,0,1,0,1,0,0,1,1,0,1,0
ZTF23aavvhbw,0,1,0,1,0,0,1,1,0,1,0
ZTF23aavvjil,0,1,0,1,0,1,0,1,0,0,1
ZTF23aavvqqt,0,1,0,0,1,1,0,1,0,1,0
ZTF23aavvrcj,0,1,0,1,0,1,0,0,1,1,0
ZTF23aavwqgi,0,1,0,0,1,1,0,1,0,1,0
ZTF23aavwqoh,0,0,1,1,0,1,0,1,0,1,0
ZTF23aavxxef,1,0,0,0,0,0,0,0,0,0,0
ZTF23aavyhbo,1,0,0,0,0,0,0,0,0,0,0
ZTF23aavzasz,1,0,0,0,0,0,0,0,0,0,0
ZTF23aavzbki,1,0,0,0,0,0,0,0,0,0,0
ZTF23aavzbkj,0,1,0,1,0,0,1,1,0,1,0
ZTF23aavzbwq,0,1,0,1,0,1,0,1,0,0,1
ZTF23aavzcao,1,0,0,0,0,0,0,0,0,0,0
ZTF23aavzcpl,0,1,0,0,1,1,0,1,0,1,0
ZTF23aavzgjg,1,0,0,0,0,0,0,0,0,0,0
ZTF23aavzhbd,0,1,0,1,0,1,0,0,1,1,0
ZTF23aavzhii,1,0,0,0,0,0,0,0,0,0,0
ZTF23aavzhvw,0,1,0,1,0,1,0,1,0,0,1
ZTF23aavziyo,1,0,0,0,0,0,0,0,0,0,0
ZTF23aavzjds,0,1,0,0,1,1,0,1,0,1,0
ZTF23aavzjic,0,1,0,0,1,1,0,1,0,1,0
ZTF23aavzjjp,0,1,0,1,0,0,1,1,0,1,0
ZTF23aavzjle,0,1,0,1,0,1,0,0,1,1,0
ZTF23aavzjte,0,1,0,1,0,0,1,1,0,1,0
ZTF23aavzjto,0,0,1,1,0,1,0,1,0,1,0
ZTF23aavzvmp,0,1,0,1,0,0,1,1,0,1,0
ZTF23aavzwsh,0,1,0,1,0,1,0,1,0,0,1
ZTF23aavzyit,1,0,0,0,0,0,0,0,0,0,0
ZTF23aawanux,0,1,0,0,1,1,0,1,0,1,0
ZTF23aawaodo,0,1,0,1,0,0,1,1,0,1,0
ZTF23aawaoyp,1,0,0,0,0,0,0,0,0,0,0
ZTF23aawbbgc,0,1,0,1,0,0,1,1,0,1,0
ZTF23aawbktd,0,1,0,1,0,1,0,0,1,1,0
ZTF23aawbvjd,0,0,1,1,0,1,0,1,0,1,0
ZTF23aawbwkx,0,0,1,1,0,1,0,1,0,1,0
ZTF23aawbxqa,0,1,0,1,0,0,1,1,0,1,0
ZTF23aawcagv,1,0,0,0,0,0,0,0,0,0,0
ZTF23aawcbby,0,1,0,1,0,1,0,1,0,0,1
ZTF23aawcjod,0,0,1,1,0,1,0,1,0,1,0
ZTF23aawcxrs,0,1,0,1,0,1,0,1,0,0,1
ZTF23aawcxun,0,1,0,1,0,0,1,1,0,1,0
ZTF23aawcxup,1,0,0,0,0,0,0,0,0,0,0
ZTF23aawcybl,0,1,0,0,1,1,0,1,0,1,0
ZTF23aawcydi,1,0,0,0,0,0,0,0,0,0,0
ZTF23aawcygl,0,1,0,0,1,1,0,1,0,1,0
ZTF23aawcygq,1,0,0,0,0,0,0,0,0,0,0
ZTF23aawcyia,0,1,0,1,0,1,0,0,1,1,0
ZTF23aawcyie,0,1,0,1,0,1,0,0,1,1,0
ZTF23aawcyje,0,0,1,1,0,1,0,1,0,1,0
ZTF23aawcykn,0,1,0,1,0,1,0,0,1,1,0
ZTF23aawcykp,1,0,0,0,0,0,0,0,0,0,0
ZTF23aawcymg,1,0,0,0,0,0,0,0,0,0,0
ZTF23aawcynf,0,1,0,1,0,0,1,1,0,1,0
ZTF23aawcyoa,0,1,0,1,0,1,0,1,0,0,1
ZTF23aawcyrr,1,0,0,0,0,0,0,0,0,0,0
ZTF23aawcysi,0,1,0,1,0,1,0,0,1,1,0
ZTF23aawdaok,1,0,0,0,0,0,0,0,0,0,0
ZTF23aawdapl,0,1,0,1,0,0,1,1,0,1,0
ZTF23aawdazu,0,1,0,1,0,1,0,0,1,1,0
ZTF23aawdbdg,0,0,1,1,0,1,0,1,0,1,0
ZTF23aawdbxr,0,1,0,1,0,0,1,1,0,1,0
ZTF23aawdddq,0,0,1,1,0,1,0,1,0,1,0
ZTF23aawdeab,0,0,1,1,0,1,0,1,0,1,0
ZTF23aawdfrn,0,0,1,1,0,1,0,1,0,1,0
ZTF23aaweaof,1,0,0,0,0,0,0,0,0,0,0
ZTF23aaweqva,0,1,0,1,0,0,1,1,0,1,0
ZTF23aawexnr,1,0,0,0,0,0,0,0,0,0,0
ZTF23aawfulm,0,0,1,1,0,1,0,1,0,1,0
ZTF23aawgcgu,0,0,1,1,0,1,0,1,0,1,0
ZTF23aawgjwm,0,0,1,1,0,1,0,1,0,1,0
ZTF23aawgkqa,0,1,0,1,0,0,1,1,0,1,0
ZTF23aawgoka,1,0,0,0,0,0,0,0,0,0,0
ZTF23aawgqdc,0,1,0,1,0,1,0,1,0,0,1
ZTF23aawgqnc,0,1,0,1,0,1,0,0,1,1,0
ZTF23aawgrxj,0,1,0,1,0,0,1,1,0,1,0
ZTF23aawgsdz,1,0,0,0,0,0,0,0,0,0,0
ZTF23aawgtmk,0,1,0,1,0,1,0,0,1,1,0
ZTF23aawieyi,0,1,0,1,0,0,1,1,0,1,0
ZTF23aawigzh,0,1,0,0,1,1,0,1,0,1,0
ZTF23aawihbc,0,1,0,0,1,1,0,1,0,1,0
ZTF23aawihbr,0,0,1,1,0,1,0,1,0,1,0
ZTF23aawiimj,0,1,0,0,1,1,0,1,0,1,0
ZTF23aawiipp,0,1,0,1,0,1,0,1,0,0,1
ZTF23aawiiwu,0,1,0,1,0,0,1,1,0,1,0
ZTF23aawioiu,1,0,0,0,0,0,0,0,0,0,0
ZTF23aawioqz,0,1,0,1,0,1,0,0,1,1,0
ZTF23aawiqdj,0,1,0,0,1,1,0,1,0,1,0
ZTF23aawirlt,0,1,0,1,0,1,0,1,0,0,1
ZTF23aawirnh,0,1,0,1,0,1,0,0,1,1,0
ZTF23aawityy,0,0,1,1,0,1,0,1,0,1,0
ZTF23aawjpom,0,0,1,1,0,1,0,1,0,1,0
ZTF23aawkboo,0,1,0,1,0,1,0,1,0,0,1
ZTF23aawkjdx,0,1,0,0,1,1,0,1,0,1,0
ZTF23aawkpmp,1,0,0,0,0,0,0,0,0,0,0
ZTF23aawkrnc,0,1,0,1,0,0,1,1,0,1,0
ZTF23aawkvqp,0,1,0,1,0,1,0,1,0,0,1
ZTF23aawkxao,0,1,0,1,0,1,0,1,0,0,1
ZTF23aawkxsm,1,0,0,0,0,0,0,0,0,0,0
ZTF23aawkzfl,0,0,1,1,0,1,0,1,0,1,0
ZTF23aawldam,0,1,0,1,0,0,1,1,0,1,0
ZTF23aawldcs,1,0,0,0,0,0,0,0,0,0,0
ZTF23aawldpf,1,0,0,0,0,0,0,0,0,0,0
ZTF23aawlweb,0,0,1,1,0,1,0,1,0,1,0
ZTF23aawlwft,1,0,0,0,0,0,0,0,0,0,0
ZTF23aawlxvg,0,1,0,0,1,1,0,1,0,1,0
ZTF23aawlxvv,0,1,0,1,0,1,0,1,0,0,1
ZTF23aawlydl,0,1,0,0,1,1,0,1,0,1,0
ZTF23aawlzaq,0,1,0,1,0,1,0,0,1,1,0
ZTF23aawlzmd,0,1,0,1,0,0,1,1,0,1,0
ZTF23aawlzyo,0,1,0,1,0,0,1,1,0,1,0
ZTF23aawlzyp,0,1,0,0,1,1,0,1,0,1,0
ZTF23aawmbkn,0,1,0,1,0,1,0,0,1,1,0
ZTF23aawmeij,0,1,0,1,0,0,1,1,0,1,0
ZTF23aawmqci,0,1,0,1,0,0,1,1,0,1,0
ZTF23aawmuis,0,1,0,1,0,0,1,1,0,1,0
ZTF23aawnqme,0,0,1,1,0,1,0,1,0,1,0
ZTF23aawntab,1,0,0,0,0,0,0,0,0,0,0
ZTF23aawntlu,0,1,0,1,0,1,0,1,0,0,1
ZTF23aawnvxi,0,1,0,1,0,1,0,1,0,0,1
ZTF23aawnywb,1,0,0,0,0,0,0,0,0,0,0
ZTF23aawnzvy,0,1,0,1,0,1,0,0,1,1,0
ZTF23aawobey,0,1,0,1,0,1,0,0,1,1,0
ZTF23aawobgs,0,0,1,1,0,1,0,1,0,1,0
ZTF23aawohfc,0,0,1,1,0,1,0,1,0,1,0
ZTF23aawohoi,1,0,0,0,0,0,0,0,0,0,0
ZTF23aawqgsl,0,1,0,1,0,1,0,1,0,0,1
ZTF23aawqvmi,0,0,1,1,0,1,0,1,0,1,0
ZTF23aawqvoi,0,1,0,1,0,1,0,1,0,0,1
ZTF23aawqydv,1,0,0,0,0,0,0,0,0,0,0
ZTF23aawrgyd,0,1,0,1,0,0,1,1,0,1,0
ZTF23aawtmcf,0,0,1,1,0,1,0,1,0,1,0
ZTF23aawtnfr,0,1,0,1,0,1,0,1,0,0,1
ZTF23aawtnlo,0,1,0,1,0,1,0,0,1,1,0
ZTF23aawtobb,0,1,0,1,0,0,1,1,0,1,0
ZTF23aawtobe,1,0,0,0,0,0,0,0,0,0,0
ZTF23aawtssm,1,0,0,0,0,0,0,0,0,0,0
ZTF23aawtsyp,0,0,1,1,0,1,0,1,0,1,0
ZTF23aawtvvp,0,1,0,1,0,0,1,1,0,1,0
ZTF23aawvtdw,1,0,0,0,0,0,0,0,0,0,0
ZTF23aawvwaf,0,0,1,1,0,1,0,1,0,1,0
ZTF23aawvwim,1,0,0,0,0,0,0,0,0,0,0
ZTF23aawwcuu,0,1,0,1,0,1,0,0,1,1,0
ZTF23aawwhmb,0,0,1,1,0,1,0,1,0,1,0
ZTF23aawwhxf,0,0,1,1,0,1,0,1,0,1,0
ZTF23aawwhyf,0,1,0,0,1,1,0,1,0,1,0
ZTF23aawwiwe,1,0,0,0,0,0,0,0,0,0,0
ZTF23aawwlhf,0,1,0,1,0,1,0,0,1,1,0
ZTF23aawxuzn,0,1,0,0,1,1,0,1,0,1,0
ZTF23aawxyrl,0,1,0,1,0,1,0,1,0,0,1
ZTF23aawycai,0,1,0,1,0,0,1,1,0,1,0
ZTF23aawyhqa,0,0,1,1,0,1,0,1,0,1,0
ZTF23aawyiyk,0,1,0,1,0,0,1,1,0,1,0
ZTF23aawyljx,0,1,0,0,1,1,0,1,0,1,0
ZTF23aawylxc,0,1,0,1,0,1,0,1,0,0,1
ZTF23aawynud,1,0,0,0,0,0,0,0,0,0,0
ZTF23aawypqi,0,1,0,1,0,0,1,1,0,1,0
ZTF23aawyqyz,0,1,0,1,0,0,1,1,0,1,0
ZTF23aawyvgl,0,1,0,1,0,0,1,1,0,1,0
ZTF23aawyvuj,0,1,0,1,0,1,0,1,0,0,1
ZTF23aawywew,1,0,0,0,0,0,0,0,0,0,0
ZTF23aawyxus,0,1,0,1,0,0,1,1,0,1,0
ZTF23aawzdxd,0,1,0,1,0,1,0,1,0,0,1
ZTF23aawzdzn,0,1,0,0,1,1,0,1,0,1,0
ZTF23aawzehd,0,0,1,1,0,1,0,1,0,1,0
ZTF23aawzexv,0,1,0,1,0,1,0,0,1,1,0
ZTF23aawzfcp,1,0,0,0,0,0,0,0,0,0,0
ZTF23aawzitg,0,1,0,1,0,1,0,1,0,0,1
ZTF23aawztdj,0,1,0,1,0,1,0,0,1,1,0
ZTF23aawzxej,0,1,0,1,0,0,1,1,0,1,0
ZTF23aawzyao,0,0,1,1,0,1,0,1,0,1,0
ZTF23aawzyzv,0,1,0,0,1,1,0,1,0,1,0
ZTF23aaxabwi,0,0,1,1,0,1,0,1,0,1,0
ZTF23aaxacxo,1,0,0,0,0,0,0,0,0,0,0
ZTF23aaxahls,0,1,0,0,1,1,0,1,0,1,0
ZTF23aaxahoo,0,1,0,0,1,1,0,1,0,1,0
ZTF23aaxahuk,0,1,0,1,0,1,0,0,1,1,0
ZTF23aaxahun,0,1,0,1,0,1,0,0,1,1,0
ZTF23aaxahzq,0,1,0,1,0,1,0,0,1,1,0
ZTF23aaxaivt,0,1,0,0,1,1,0,1,0,1,0
ZTF23aaxaixc,0,1,0,0,1,1,0,1,0,1,0
ZTF23aaxakui,0,1,0,1,0,1,0,0,1,1,0
ZTF23aaxameu,0,1,0,1,0,1,0,0,1,1,0
ZTF23aaxasbi,0,0,1,1,0,1,0,1,0,1,0
ZTF23aaxaszo,0,1,0,1,0,1,0,0,1,1,0
ZTF23aaxaudh,0,1,0,0,1,1,0,1,0,1,0
ZTF23aaxauuk,0,1,0,1,0,0,1,1,0,1,0
ZTF23aaxavca,0,1,0,1,0,1,0,0,1,1,0
ZTF23aaxawww,0,1,0,0,1,1,0,1,0,1,0
ZTF23aaxaxnx,0,1,0,1,0,1,0,0,1,1,0
ZTF23aaxaymt,0,1,0,1,0,1,0,1,0,0,1
ZTF23aaxbany,0,1,0,1,0,1,0,0,1,1,0
ZTF23aaxbdpf,0,1,0,1,0,0,1,1,0,1,0
ZTF23aaxbfft,0,1,0,1,0,1,0,0,1,1,0
ZTF23aaxbfmh,0,1,0,0,1,1,0,1,0,1,0
ZTF23aaxbfvo,0,1,0,1,0,0,1,1,0,1,0
ZTF23aaxbfyp,0,1,0,0,1,1,0,1,0,1,0
ZTF23aaxbgew,0,1,0,1,0,0,1,1,0,1,0
ZTF23aaxbgho,0,1,0,1,0,0,1,1,0,1,0
ZTF23aaxbgqa,1,0,0,0,0,0,0,0,0,0,0
ZTF23aaxbhde,0,0,1,1,0,1,0,1,0,1,0
ZTF23aaxbkgs,1,0,0,0,0,0,0,0,0,0,0
ZTF23aaxbktz,0,1,0,1,0,1,0,0,1,1,0
ZTF23aaxbkxj,0,1,0,1,0,1,0,1,0,0,1
ZTF23aaxbmec,0,1,0,0,1,1,0,1,0,1,0
ZTF23aaxbmln,0,1,0,1,0,0,1,1,0,1,0
ZTF23aaxboby,1,0,0,0,0,0,0,0,0,0,0
ZTF23aaxboro,0,1,0,0,1,1,0,1,0,1,0
ZTF23aaxbxlw,0,0,1,1,0,1,0,1,0,1,0
ZTF23aaxcait,0,1,0,0,1,1,0,1,0,1,0
ZTF23aaxcbpn,1,0,0,0,0,0,0,0,0,0,0
ZTF23aaxcdfm,1,0,0,0,0,0,0,0,0,0,0
ZTF23aaxcfrg,1,0,0,0,0,0,0,0,0,0,0
ZTF23aaxchpk,0,1,0,1,0,1,0,0,1,1,0
ZTF23aaxcizz,0,1,0,1,0,1,0,1,0,0,1
ZTF23aaxcjbk,0,0,1,1,0,1,0,1,0,1,0
ZTF23aaxcmzs,1,0,0,0,0,0,0,0,0,0,0
ZTF23aaxcprd,0,0,1,1,0,1,0,1,0,1,0
ZTF23aaxcqhp,0,0,1,1,0,1,0,1,0,1,0
ZTF23aaxcqwq,0,1,0,0,1,1,0,1,0,1,0
ZTF23aaxcriv,0,1,0,0,1,1,0,1,0,1,0
ZTF23aaxctqk,0,1,0,1,0,0,1,1,0,1,0
ZTF23aaxcxjm,0,1,0,0,1,1,0,1,0,1,0
ZTF23aaxdchd,0,0,1,1,0,1,0,1,0,1,0
ZTF23aaxdcnq,1,0,0,0,0,0,0,0,0,0,0
ZTF23aaxddjy,0,1,0,1,0,1,0,0,1,1,0
ZTF23aaxdwya,1,0,0,0,0,0,0,0,0,0,0
ZTF23aaxeabd,1,0,0,0,0,0,0,0,0,0,0
ZTF23aaxeapo,0,1,0,1,0,1,0,0,1,1,0
ZTF23aaxebxd,0,1,0,0,1,1,0,1,0,1,0
ZTF23aaxebyi,0,1,0,1,0,1,0,0,1,1,0
ZTF23aaxegbq,0,1,0,1,0,1,0,0,1,1,0
ZTF23aaxehkt,0,1,0,1,0,1,0,1,0,0,1
ZTF23aaxehqq,0,0,1,1,0,1,0,1,0,1,0
ZTF23aaxexuq,0,1,0,1,0,1,0,1,0,0,1
ZTF23aaxfnwp,1,0,0,0,0,0,0,0,0,0,0
ZTF23aaxfowc,0,0,1,1,0,1,0,1,0,1,0
ZTF23aaxfqfq,0,1,0,0,1,1,0,1,0,1,0
ZTF23aaxfsvi,0,1,0,1,0,1,0,0,1,1,0
ZTF23aaxftlt,1,0,0,0,0,0,0,0,0,0,0
ZTF23aaxfxga,1,0,0,0,0,0,0,0,0,0,0
ZTF23aaxfypu,0,1,0,1,0,0,1,1,0,1,0
ZTF23aaxicoe,0,0,1,1,0,1,0,1,0,1,0
ZTF23aaxizby,0,1,0,1,0,1,0,0,1,1,0
ZTF23aaxjoyh,0,0,1,1,0,1,0,1,0,1,0
ZTF23aaxjucg,0,1,0,1,0,0,1,1,0,1,0
ZTF23aaxkepr,0,1,0,1,0,0,1,1,0,1,0
ZTF23aaxkfck,0,1,0,1,0,1,0,0,1,1,0
ZTF23aaxkhsn,0,1,0,1,0,1,0,0,1,1,0
ZTF23aaxkugc,0,1,0,1,0,1,0,0,1,1,0
ZTF23aaxlcis,0,0,1,1,0,1,0,1,0,1,0
ZTF23aaxlcnu,1,0,0,0,0,0,0,0,0,0,0
ZTF23aaxldkr,0,1,0,1,0,0,1,1,0,1,0
ZTF23aaxlmtg,0,1,0,1,0,1,0,1,0,0,1
ZTF23aaxmwgt,0,1,0,0,1,1,0,1,0,1,0
ZTF23aaxnavw,0,1,0,0,1,1,0,1,0,1,0
ZTF23aaxnbwb,0,1,0,0,1,1,0,1,0,1,0
ZTF23aaxnehu,0,1,0,1,0,0,1,1,0,1,0
ZTF23aaxnvfj,0,1,0,1,0,1,0,0,1,1,0
ZTF23aaxorzr,0,1,0,1,0,1,0,1,0,0,1
ZTF23aaxotij,1,0,0,0,0,0,0,0,0,0,0
ZTF23aaxotrg,0,1,0,1,0,1,0,1,0,0,1
ZTF23aaxotxa,0,1,0,1,0,0,1,1,0,1,0
ZTF23aaxotzc,0,1,0,0,1,1,0,1,0,1,0
ZTF23aaxpfpa,0,1,0,1,0,1,0,0,1,1,0
ZTF23aaxpizp,1,0,0,0,0,0,0,0,0,0,0
ZTF23aaxpjsy,0,1,0,1,0,1,0,0,1,1,0
ZTF23aaxplti,0,1,0,0,1,1,0,1,0,1,0
ZTF23aaxpoag,0,0,1,1,0,1,0,1,0,1,0
ZTF23aaxpudu,0,0,1,1,0,1,0,1,0,1,0
ZTF23aaxpvna,0,1,0,0,1,1,0,1,0,1,0
ZTF23aaxpyor,0,1,0,0,1,1,0,1,0,1,0
ZTF23aaxpzxk,0,1,0,1,0,1,0,1,0,0,1
ZTF23aaxqigm,0,1,0,1,0,1,0,0,1,1,0
ZTF23aaxquxw,1,0,0,0,0,0,0,0,0,0,0
ZTF23aaxrhcd,0,1,0,1,0,1,0,1,0,0,1
ZTF23aaxrhlg,0,1,0,1,0,1,0,1,0,0,1
ZTF23aaxrpyc,0,1,0,1,0,0,1,1,0,1,0
ZTF23aaxsckr,1,0,0,0,0,0,0,0,0,0,0
ZTF23aaxsefo,0,1,0,1,0,1,0,1,0,0,1
ZTF23aaxstlw,0,1,0,1,0,1,0,0,1,1,0
ZTF23aaxsxpr,0,1,0,1,0,1,0,0,1,1,0
ZTF23aaxtbas,0,1,0,1,0,0,1,1,0,1,0
ZTF23aaxtdpc,0,1,0,1,0,1,0,0,1,1,0
ZTF23aaxtdvg,1,0,0,0,0,0,0,0,0,0,0
ZTF23aaxtmrr,0,1,0,0,1,1,0,1,0,1,0
ZTF23aaxugcy,0,1,0,1,0,0,1,1,0,1,0
ZTF23aaxuvkn,0,1,0,1,0,0,1,1,0,1,0
ZTF23aaxvfes,0,1,0,0,1,1,0,1,0,1,0
ZTF23aaxvgam,0,1,0,1,0,1,0,1,0,0,1
ZTF23aaxvgbc,0,1,0,1,0,1,0,0,1,1,0
ZTF23aaxvgor,1,0,0,0,0,0,0,0,0,0,0
ZTF23aaxvhcg,0,1,0,1,0,1,0,1,0,0,1
ZTF23aaxvios,1,0,0,0,0,0,0,0,0,0,0
ZTF23aaxvjfc,0,0,1,1,0,1,0,1,0,1,0
ZTF23aaxvmnm,0,1,0,1,0,1,0,1,0,0,1
ZTF23aaxvndt,1,0,0,0,0,0,0,0,0,0,0
ZTF23aaxvnij,0,1,0,1,0,0,1,1,0,1,0
ZTF23aaxvoya,0,1,0,1,0,1,0,1,0,0,1
ZTF23aaxvqhh,1,0,0,0,0,0,0,0,0,0,0
ZTF23aaxvqss,0,1,0,1,0,0,1,1,0,1,0
ZTF23aaxvqum,0,1,0,0,1,1,0,1,0,1,0
ZTF23aaxvrya,0,1,0,0,1,1,0,1,0,1,0
ZTF23aaxvsjq,0,1,0,1,0,1,0,1,0,0,1
ZTF23aaxvwav,0,1,0,1,0,1,0,0,1,1,0
ZTF23aaxvzyl,0,1,0,0,1,1,0,1,0,1,0
ZTF23aaxwqqt,0,1,0,1,0,1,0,0,1,1,0
ZTF23aaxxitz,1,0,0,0,0,0,0,0,0,0,0
ZTF23aaxxjyt,0,1,0,1,0,1,0,0,1,1,0
ZTF23aaxxkkk,0,1,0,1,0,1,0,1,0,0,1
ZTF23aaxxqrz,1,0,0,0,0,0,0,0,0,0,0
ZTF23aaxxvob,0,1,0,0,1,1,0,1,0,1,0
ZTF23aaxycbe,0,0,1,1,0,1,0,1,0,1,0
ZTF23aaxyilr,0,0,1,1,0,1,0,1,0,1,0
ZTF23aaxyivg,1,0,0,0,0,0,0,0,0,0,0
ZTF23aaxyjjr,1,0,0,0,0,0,0,0,0,0,0
ZTF23aaxylja,1,0,0,0,0,0,0,0,0,0,0
ZTF23aaxymne,0,1,0,1,0,1,0,0,1,1,0
ZTF23aaxytcd,0,1,0,0,1,1,0,1,0,1,0
ZTF23aaxytfo,0,1,0,1,0,0,1,1,0,1,0
ZTF23aaxyvcv,0,1,0,0,1,1,0,1,0,1,0
ZTF23aaxyxhi,1,0,0,0,0,0,0,0,0,0,0
ZTF23aaxzhor,0,1,0,1,0,1,0,0,1,1,0
ZTF23aayalcy,0,1,0,1,0,1,0,0,1,1,0
ZTF23aaybipp,0,1,0,1,0,1,0,0,1,1,0
ZTF23aaybjpk,0,0,1,1,0,1,0,1,0,1,0
ZTF23aaybqah,0,1,0,1,0,0,1,1,0,1,0
ZTF23aaycncr,0,1,0,1,0,1,0,1,0,0,1
ZTF23aaydarh,0,1,0,1,0,1,0,0,1,1,0
ZTF23aaydatj,0,1,0,1,0,0,1,1,0,1,0
ZTF23aayeeoy,0,1,0,0,1,1,0,1,0,1,0
ZTF23aayegwu,1,0,0,0,0,0,0,0,0,0,0
ZTF23aayelfs,0,1,0,1,0,1,0,0,1,1,0
ZTF23aayeuyw,0,0,1,1,0,1,0,1,0,1,0
ZTF23aayeynk,0,0,1,1,0,1,0,1,0,1,0
ZTF23aaygpmz,1,0,0,0,0,0,0,0,0,0,0
ZTF23aaygtsw,1,0,0,0,0,0,0,0,0,0,0
ZTF23aayguak,0,1,0,0,1,1,0,1,0,1,0
ZTF23aaygxxt,0,1,0,0,1,1,0,1,0,1,0
ZTF23aaygyag,0,1,0,1,0,1,0,0,1,1,0
ZTF23aaygybb,0,0,1,1,0,1,0,1,0,1,0
ZTF23aayhqyn,1,0,0,0,0,0,0,0,0,0,0
ZTF23aayiccq,0,0,1,1,0,1,0,1,0,1,0
ZTF23aayjggm,1,0,0,0,0,0,0,0,0,0,0
ZTF23aayjygs,0,1,0,1,0,0,1,1,0,1,0
ZTF23aaykqoo,0,0,1,1,0,1,0,1,0,1,0
ZTF23aaylgle,0,1,0,0,1,1,0,1,0,1,0
ZTF23aaylkdm,0,1,0,1,0,0,1,1,0,1,0
ZTF23aaymoki,1,0,0,0,0,0,0,0,0,0,0
ZTF23aaymxrf,0,1,0,1,0,0,1,1,0,1,0
ZTF23aaymyae,1,0,0,0,0,0,0,0,0,0,0
ZTF23aaymzfs,0,0,1,1,0,1,0,1,0,1,0
ZTF23aaynddf,0,1,0,0,1,1,0,1,0,1,0
ZTF23aaynere,0,0,1,1,0,1,0,1,0,1,0
ZTF23aayngqr,1,0,0,0,0,0,0,0,0,0,0
ZTF23aayngqs,1,0,0,0,0,0,0,0,0,0,0
ZTF23aaynjwy,0,1,0,0,1,1,0,1,0,1,0
ZTF23aaynkfy,0,1,0,0,1,1,0,1,0,1,0
ZTF23aaynnxs,1,0,0,0,0,0,0,0,0,0,0
ZTF23aaynqkw,0,1,0,1,0,1,0,0,1,1,0
ZTF23aaynsix,0,0,1,1,0,1,0,1,0,1,0
ZTF23aaynwdt,0,0,1,1,0,1,0,1,0,1,0
ZTF23aayocyn,0,1,0,1,0,1,0,1,0,0,1
ZTF23aayvygr,0,0,1,1,0,1,0,1,0,1,0
ZTF23aazbixo,0,1,0,0,1,1,0,1,0,1,0
ZTF23aazbixp,1,0,0,0,0,0,0,0,0,0,0
ZTF23aazbjrl,0,0,1,1,0,1,0,1,0,1,0
ZTF23aazbjta,0,1,0,0,1,1,0,1,0,1,0
ZTF23aazboir,1,0,0,0,0,0,0,0,0,0,0
ZTF23aazbqew,1,0,0,0,0,0,0,0,0,0,0
ZTF23aazbqhm,0,0,1,1,0,1,0,1,0,1,0
ZTF23aazbsue,1,0,0,0,0,0,0,0,0,0,0
ZTF23aazdghz,0,0,1,1,0,1,0,1,0,1,0
ZTF23aazdklu,0,1,0,1,0,0,1,1,0,1,0
ZTF23aazdksu,1,0,0,0,0,0,0,0,0,0,0
ZTF23aazdosn,1,0,0,0,0,0,0,0,0,0,0
ZTF23aazdoyl,0,1,0,0,1,1,0,1,0,1,0
ZTF23aazeamb,0,1,0,1,0,0,1,1,0,1,0
ZTF23aazeffx,0,1,0,0,1,1,0,1,0,1,0
ZTF23aazemxq,0,1,0,1,0,1,0,1,0,0,1
ZTF23aazeqzi,0,1,0,1,0,1,0,0,1,1,0
ZTF23aazesfq,0,1,0,1,0,0,1,1,0,1,0
ZTF23aazeudg,0,0,1,1,0,1,0,1,0,1,0
ZTF23aazexpo,1,0,0,0,0,0,0,0,0,0,0
ZTF23aazezjp,0,1,0,0,1,1,0,1,0,1,0
ZTF23aazfibd,0,1,0,1,0,0,1,1,0,1,0
ZTF23aazfkgd,0,1,0,1,0,0,1,1,0,1,0
ZTF23aazfknf,0,1,0,1,0,0,1,1,0,1,0
ZTF23aazflis,0,1,0,1,0,0,1,1,0,1,0
ZTF23aazfust,0,1,0,1,0,0,1,1,0,1,0
ZTF23aazhliv,0,1,0,1,0,1,0,0,1,1,0
ZTF23aazhlrq,0,1,0,1,0,0,1,1,0,1,0
ZTF23aazhlya,0,0,1,1,0,1,0,1,0,1,0
ZTF23aazjohh,1,0,0,0,0,0,0,0,0,0,0
ZTF23aazjoiz,0,1,0,0,1,1,0,1,0,1,0
ZTF23aazjoto,0,0,1,1,0,1,0,1,0,1,0
ZTF23aazjqov,0,1,0,1,0,1,0,0,1,1,0
ZTF23aazjrij,1,0,0,0,0,0,0,0,0,0,0
ZTF23aazjrzg,1,0,0,0,0,0,0,0,0,0,0
ZTF23aazjvdc,1,0,0,0,0,0,0,0,0,0,0
ZTF23aazjvve,0,0,1,1,0,1,0,1,0,1,0
ZTF23aazjwck,0,0,1,1,0,1,0,1,0,1,0
ZTF23aazjwtl,0,1,0,1,0,0,1,1,0,1,0
ZTF23aazkcbp,0,1,0,0,1,1,0,1,0,1,0
ZTF23aazktwz,0,1,0,0,1,1,0,1,0,1,0
ZTF23aazkvym,0,0,1,1,0,1,0,1,0,1,0
ZTF23aazkwyr,0,1,0,1,0,1,0,0,1,1,0
ZTF23aazlabu,0,1,0,0,1,1,0,1,0,1,0
ZTF23aazlaze,0,0,1,1,0,1,0,1,0,1,0
ZTF23aazlbva,0,1,0,0,1,1,0,1,0,1,0
ZTF23aazlehj,0,0,1,1,0,1,0,1,0,1,0
ZTF23aazlgce,0,1,0,0,1,1,0,1,0,1,0
ZTF23aazlhps,0,0,1,1,0,1,0,1,0,1,0
ZTF23aazlhvu,0,1,0,1,0,0,1,1,0,1,0
ZTF23aazlkbg,1,0,0,0,0,0,0,0,0,0,0
ZTF23aazlrmq,0,1,0,1,0,1,0,1,0,0,1
ZTF23aazlubi,1,0,0,0,0,0,0,0,0,0,0
ZTF23aazlujs,0,1,0,1,0,1,0,0,1,1,0
ZTF23aazlytv,1,0,0,0,0,0,0,0,0,0,0
ZTF23aazmbkg,0,1,0,0,1,1,0,1,0,1,0
ZTF23aazmcmn,0,1,0,1,0,1,0,1,0,0,1
ZTF23aazmfec,0,1,0,1,0,1,0,0,1,1,0
ZTF23aazmkjh,0,1,0,0,1,1,0,1,0,1,0
ZTF23aazmksm,0,1,0,1,0,1,0,0,1,1,0
ZTF23aazmlcx,0,1,0,1,0,1,0,0,1,1,0
ZTF23aazmqkn,0,1,0,0,1,1,0,1,0,1,0
ZTF23aazmrvz,0,1,0,1,0,1,0,0,1,1,0
ZTF23aazngds,0,1,0,1,0,1,0,0,1,1,0
ZTF23aazngmp,0,1,0,1,0,1,0,1,0,0,1
ZTF23aaznhnq,1,0,0,0,0,0,0,0,0,0,0
ZTF23aaznjsw,0,1,0,0,1,1,0,1,0,1,0
ZTF23aaznkrh,0,1,0,0,1,1,0,1,0,1,0
ZTF23aaznpfy,0,1,0,1,0,1,0,0,1,1,0
ZTF23aaznpkb,0,1,0,1,0,1,0,1,0,0,1
ZTF23aaznqky,0,0,1,1,0,1,0,1,0,1,0
ZTF23aaznqnf,1,0,0,0,0,0,0,0,0,0,0
ZTF23aazofzx,1,0,0,0,0,0,0,0,0,0,0
ZTF23aazohkb,0,0,1,1,0,1,0,1,0,1,0
ZTF23aazpebt,0,0,1,1,0,1,0,1,0,1,0
ZTF23aazpewx,0,1,0,1,0,0,1,1,0,1,0
ZTF23aazpvbm,0,1,0,1,0,1,0,0,1,1,0
ZTF23aazpzsr,1,0,0,0,0,0,0,0,0,0,0
ZTF23aazqiys,0,0,1,1,0,1,0,1,0,1,0
ZTF23aazqmbl,1,0,0,0,0,0,0,0,0,0,0
ZTF23aazqmwp,0,1,0,0,1,1,0,1,0,1,0
ZTF23aazqzen,0,1,0,1,0,0,1,1,0,1,0
ZTF23aazrclx,0,0,1,1,0,1,0,1,0,1,0
ZTF23aazrkwz,0,0,1,1,0,1,0,1,0,1,0
ZTF23aazrrki,0,0,1,1,0,1,0,1,0,1,0
ZTF23aazrrqm,0,1,0,0,1,1,0,1,0,1,0
ZTF23aazrtty,0,0,1,1,0,1,0,1,0,1,0
ZTF23aazsdel,0,1,0,1,0,1,0,1,0,0,1
ZTF23aazsdpf,0,0,1,1,0,1,0,1,0,1,0
ZTF23aazsfpa,0,1,0,1,0,0,1,1,0,1,0
ZTF23aazsgsu,0,1,0,1,0,1,0,0,1,1,0
ZTF23aazshvj,0,1,0,0,1,1,0,1,0,1,0
ZTF23aazsige,1,0,0,0,0,0,0,0,0,0,0
ZTF23aazsjal,0,0,1,1,0,1,0,1,0,1,0
ZTF23aaztump,0,1,0,1,0,1,0,0,1,1,0
ZTF23aazudtr,0,0,1,1,0,1,0,1,0,1,0
ZTF23aazugwe,1,0,0,0,0,0,0,0,0,0,0
ZTF23aazuwww,1,0,0,0,0,0,0,0,0,0,0
ZTF23aazuxck,0,1,0,0,1,1,0,1,0,1,0
ZTF23aazuxvw,0,1,0,1,0,1,0,0,1,1,0
ZTF23aazuzds,0,0,1,1,0,1,0,1,0,1,0
ZTF23aazvjor,0,1,0,1,0,0,1,1,0,1,0
ZTF23aazvzvm,0,0,1,1,0,1,0,1,0,1,0
ZTF23aazwbwr,0,1,0,0,1,1,0,1,0,1,0
ZTF23aazwcwc,0,1,0,1,0,1,0,0,1,1,0
ZTF23aazwdiy,0,1,0,1,0,0,1,1,0,1,0
ZTF23aazwlgk,1,0,0,0,0,0,0,0,0,0,0
ZTF23aazwshk,0,1,0,1,0,0,1,1,0,1,0
ZTF23aazwwzj,0,0,1,1,0,1,0,1,0,1,0
ZTF23aazwxvl,0,1,0,0,1,1,0,1,0,1,0
ZTF23aazwytj,0,1,0,1,0,0,1,1,0,1,0
ZTF23aazwzjh,0,1,0,1,0,1,0,0,1,1,0
ZTF23aazwzlm,0,0,1,1,0,1,0,1,0,1,0
ZTF23aazxahe,1,0,0,0,0,0,0,0,0,0,0
ZTF23aazxair,0,1,0,1,0,1,0,0,1,1,0
ZTF23aazxbef,0,1,0,1,0,0,1,1,0,1,0
ZTF23aazxgcw,0,1,0,1,0,1,0,0,1,1,0
ZTF23aazxhmn,0,0,1,1,0,1,0,1,0,1,0
ZTF23aazxiuu,0,1,0,1,0,1,0,0,1,1,0
ZTF23aazxrvr,0,0,1,1,0,1,0,1,0,1,0
ZTF23aazxxmf,0,1,0,0,1,1,0,1,0,1,0
ZTF23aazyfss,0,1,0,1,0,1,0,1,0,0,1
ZTF23aazyjxq,0,1,0,0,1,1,0,1,0,1,0
ZTF23aazyntd,1,0,0,0,0,0,0,0,0,0,0
ZTF23aazypbq,0,1,0,0,1,1,0,1,0,1,0
ZTF23aazypgn,0,1,0,1,0,1,0,1,0,0,1
ZTF23aazypwl,0,0,1,1,0,1,0,1,0,1,0
ZTF23aazysgv,0,1,0,0,1,1,0,1,0,1,0
ZTF23aazysik,0,1,0,1,0,0,1,1,0,1,0
ZTF23aazyupf,1,0,0,0,0,0,0,0,0,0,0
ZTF23aazzgrf,0,1,0,1,0,1,0,1,0,0,1
ZTF23aazzgxk,0,1,0,1,0,1,0,1,0,0,1
ZTF23aazzxyh,0,1,0,1,0,0,1,1,0,1,0
ZTF23aazzxyw,1,0,0,0,0,0,0,0,0,0,0
ZTF23abaalvd,0,1,0,1,0,1,0,0,1,1,0
ZTF23abaapmr,0,0,1,1,0,1,0,1,0,1,0
ZTF23abaazgw,0,1,0,1,0,1,0,0,1,1,0
ZTF23ababeix,0,1,0,1,0,1,0,0,1,1,0
ZTF23ababimt,0,1,0,0,1,1,0,1,0,1,0
ZTF23ababooa,1,0,0,0,0,0,0,0,0,0,0
ZTF23ababxdl,0,1,0,1,0,1,0,0,1,1,0
ZTF23ababxyk,0,1,0,1,0,1,0,1,0,0,1
ZTF23abacdqw,0,1,0,1,0,1,0,0,1,1,0
ZTF23abacjnu,1,0,0,0,0,0,0,0,0,0,0
ZTF23abaconp,0,1,0,1,0,1,0,1,0,0,1
ZTF23abacqyb,1,0,0,0,0,0,0,0,0,0,0
ZTF23abacvhu,0,1,0,1,0,1,0,0,1,1,0
ZTF23abaczkv,0,1,0,1,0,0,1,1,0,1,0
ZTF23abadezb,0,1,0,0,1,1,0,1,0,1,0
ZTF23abadhsw,0,0,1,1,0,1,0,1,0,1,0
ZTF23abadpik,0,1,0,1,0,1,0,0,1,1,0
ZTF23abadqas,0,0,1,1,0,1,0,1,0,1,0
ZTF23abadrow,0,1,0,1,0,0,1,1,0,1,0
ZTF23abadsxr,0,0,1,1,0,1,0,1,0,1,0
ZTF23abaduxk,0,1,0,1,0,0,1,1,0,1,0
ZTF23abaeayn,0,1,0,0,1,1,0,1,0,1,0
ZTF23abaeeae,0,1,0,1,0,1,0,1,0,0,1
ZTF23abaehyo,0,1,0,0,1,1,0,1,0,1,0
ZTF23abaeswf,0,1,0,1,0,0,1,1,0,1,0
ZTF23abaheyx,1,0,0,0,0,0,0,0,0,0,0
ZTF23abahius,0,1,0,1,0,0,1,1,0,1,0
ZTF23abahlns,1,0,0,0,0,0,0,0,0,0,0
ZTF23abahmgm,0,1,0,1,0,1,0,1,0,0,1
ZTF23abahmkx,0,1,0,0,1,1,0,1,0,1,0
ZTF23abahncn,0,1,0,1,0,1,0,0,1,1,0
ZTF23abaikrh,0,1,0,1,0,0,1,1,0,1,0
ZTF23abaimie,0,0,1,1,0,1,0,1,0,1,0
ZTF23abaivcx,0,1,0,1,0,1,0,1,0,0,1
ZTF23abajamm,0,1,0,0,1,1,0,1,0,1,0
ZTF23abajasi,0,1,0,1,0,1,0,0,1,1,0
ZTF23abajcdk,0,0,1,1,0,1,0,1,0,1,0
ZTF23abajfgk,0,0,1,1,0,1,0,1,0,1,0
ZTF23abakyab,0,0,1,1,0,1,0,1,0,1,0
ZTF23abalcev,0,1,0,1,0,0,1,1,0,1,0
ZTF23abamlea,0,0,1,1,0,1,0,1,0,1,0
ZTF23abamodp,1,0,0,0,0,0,0,0,0,0,0
ZTF23abamrly,0,1,0,1,0,1,0,1,0,0,1
ZTF23abamsmu,0,1,0,1,0,1,0,0,1,1,0
ZTF23abandhi,0,1,0,1,0,1,0,1,0,0,1
ZTF23abanfcj,0,0,1,1,0,1,0,1,0,1,0
ZTF23abankea,0,1,0,1,0,0,1,1,0,1,0
ZTF23abankfb,0,1,0,0,1,1,0,1,0,1,0
ZTF23abanqhu,0,1,0,1,0,0,1,1,0,1,0
ZTF23abaozwt,1,0,0,0,0,0,0,0,0,0,0
ZTF23abapoiv,0,1,0,1,0,1,0,0,1,1,0
ZTF23abaqzym,0,1,0,1,0,1,0,1,0,0,1
ZTF23abarweh,0,1,0,1,0,1,0,0,1,1,0
ZTF23abarwjn,0,1,0,0,1,1,0,1,0,1,0
ZTF23abathri,0,1,0,1,0,1,0,0,1,1,0
ZTF23abauhhn,1,0,0,0,0,0,0,0,0,0,0
ZTF23abauhoh,0,1,0,1,0,0,1,1,0,1,0
ZTF23abauhqr,0,0,1,1,0,1,0,1,0,1,0
ZTF23abauhsd,0,0,1,1,0,1,0,1,0,1,0
ZTF23abauhvi,0,0,1,1,0,1,0,1,0,1,0
ZTF23abauhws,0,0,1,1,0,1,0,1,0,1,0
ZTF23abauhxz,0,1,0,1,0,1,0,0,1,1,0
ZTF23abauibs,0,0,1,1,0,1,0,1,0,1,0
ZTF23abauidy,0,1,0,1,0,1,0,1,0,0,1
ZTF23abauieq,0,1,0,1,0,0,1,1,0,1,0
ZTF23abauihu,0,0,1,1,0,1,0,1,0,1,0
ZTF23abauinr,0,0,1,1,0,1,0,1,0,1,0
ZTF23abaujuy,0,1,0,0,1,1,0,1,0,1,0
ZTF23abaukgu,0,1,0,0,1,1,0,1,0,1,0
ZTF23abaumhh,0,1,0,1,0,1,0,0,1,1,0
ZTF23abauocu,0,0,1,1,0,1,0,1,0,1,0
ZTF23abauoea,0,1,0,0,1,1,0,1,0,1,0
ZTF23abaupta,0,1,0,0,1,1,0,1,0,1,0
ZTF23abaupyh,0,1,0,0,1,1,0,1,0,1,0
ZTF23abaurik,1,0,0,0,0,0,0,0,0,0,0
ZTF23abauszs,0,0,1,1,0,1,0,1,0,1,0
ZTF23abauuzc,0,1,0,1,0,1,0,1,0,0,1
ZTF23abavewn,0,1,0,1,0,0,1,1,0,1,0
ZTF23abavosd,0,1,0,1,0,1,0,1,0,0,1
ZTF23abavsoq,0,1,0,1,0,1,0,0,1,1,0
ZTF23abawdgm,0,1,0,1,0,1,0,0,1,1,0
ZTF23abawebq,0,1,0,0,1,1,0,1,0,1,0
ZTF23abawhql,1,0,0,0,0,0,0,0,0,0,0
ZTF23abawqaa,0,1,0,1,0,0,1,1,0,1,0
ZTF23abawqvx,0,1,0,1,0,0,1,1,0,1,0
ZTF23abawrgh,0,0,1,1,0,1,0,1,0,1,0
ZTF23abawrzb,0,1,0,1,0,1,0,1,0,0,1
ZTF23abawves,1,0,0,0,0,0,0,0,0,0,0
ZTF23abawwbv,1,0,0,0,0,0,0,0,0,0,0
ZTF23abawwyy,0,1,0,1,0,0,1,1,0,1,0
ZTF23abawyxp,0,1,0,0,1,1,0,1,0,1,0
ZTF23abawyyr,1,0,0,0,0,0,0,0,0,0,0
ZTF23abaxcys,0,1,0,1,0,1,0,0,1,1,0
ZTF23abaxkvy,0,1,0,1,0,1,0,0,1,1,0
ZTF23abaxlag,0,1,0,1,0,1,0,1,0,0,1
ZTF23abaxlrz,0,1,0,1,0,1,0,1,0,0,1
ZTF23abaxohx,1,0,0,0,0,0,0,0,0,0,0
ZTF23abaxtlq,0,1,0,1,0,1,0,0,1,1,0
ZTF23abaxynh,0,1,0,1,0,1,0,1,0,0,1
ZTF23abayagw,0,1,0,1,0,1,0,0,1,1,0
ZTF23abaychv,0,1,0,1,0,1,0,1,0,0,1
ZTF23abayogx,1,0,0,0,0,0,0,0,0,0,0
ZTF23abayviy,0,0,1,1,0,1,0,1,0,1,0
ZTF23abayyjm,0,1,0,0,1,1,0,1,0,1,0
ZTF23abazadb,0,1,0,1,0,0,1,1,0,1,0
ZTF23abazbds,1,0,0,0,0,0,0,0,0,0,0
ZTF23abazboz,0,1,0,0,1,1,0,1,0,1,0
ZTF23abazwsz,0,1,0,1,0,1,0,0,1,1,0
ZTF23abbaesv,0,1,0,1,0,1,0,0,1,1,0
ZTF23abbagns,0,1,0,1,0,1,0,1,0,0,1
ZTF23abbakgn,0,1,0,1,0,1,0,0,1,1,0
ZTF23abbaltm,0,1,0,1,0,1,0,0,1,1,0
ZTF23abbamej,1,0,0,0,0,0,0,0,0,0,0
ZTF23abbamlc,0,1,0,1,0,1,0,1,0,0,1
ZTF23abbamub,0,1,0,1,0,1,0,1,0,0,1
ZTF23abbanik,0,1,0,1,0,0,1,1,0,1,0
ZTF23abbanlv,0,1,0,1,0,1,0,0,1,1,0
ZTF23abbanro,0,1,0,1,0,1,0,0,1,1,0
ZTF23abbaodz,0,1,0,1,0,0,1,1,0,1,0
ZTF23abbaoxt,1,0,0,0,0,0,0,0,0,0,0
ZTF23abbaqbs,0,1,0,1,0,1,0,0,1,1,0
ZTF23abbaqsx,0,0,1,1,0,1,0,1,0,1,0
ZTF23abbaqzy,0,1,0,1,0,0,1,1,0,1,0
ZTF23abbasgd,0,0,1,1,0,1,0,1,0,1,0
ZTF23abbatkg,0,1,0,0,1,1,0,1,0,1,0
ZTF23abbatvq,0,1,0,0,1,1,0,1,0,1,0
ZTF23abbavbj,0,1,0,1,0,1,0,1,0,0,1
ZTF23abbavnp,0,1,0,1,0,0,1,1,0,1,0
ZTF23abbaxph,1,0,0,0,0,0,0,0,0,0,0
ZTF23abbbais,0,1,0,1,0,1,0,0,1,1,0
ZTF23abbbdmv,0,1,0,1,0,1,0,0,1,1,0
ZTF23abbbfzi,0,1,0,1,0,1,0,1,0,0,1
ZTF23abbbqdc,0,1,0,1,0,0,1,1,0,1,0
ZTF23abbbqen,1,0,0,0,0,0,0,0,0,0,0
ZTF23abbbuhp,0,0,1,1,0,1,0,1,0,1,0
ZTF23abbbybs,0,1,0,1,0,1,0,0,1,1,0
ZTF23abbbygf,0,0,1,1,0,1,0,1,0,1,0
ZTF23abbcfnm,1,0,0,0,0,0,0,0,0,0,0
ZTF23abbcfzm,0,1,0,0,1,1,0,1,0,1,0
ZTF23abbcqdd,1,0,0,0,0,0,0,0,0,0,0
ZTF23abbcyzw,0,1,0,1,0,0,1,1,0,1,0
ZTF23abbdbsh,0,1,0,1,0,1,0,1,0,0,1
ZTF23abbdect,1,0,0,0,0,0,0,0,0,0,0
ZTF23abbdevc,1,0,0,0,0,0,0,0,0,0,0
ZTF23abbdfpt,0,1,0,1,0,0,1,1,0,1,0
ZTF23abbdndg,0,1,0,0,1,1,0,1,0,1,0
ZTF23abbdoqg,1,0,0,0,0,0,0,0,0,0,0
ZTF23abbdsjz,1,0,0,0,0,0,0,0,0,0,0
ZTF23abbdsyf,0,0,1,1,0,1,0,1,0,1,0
ZTF23abbdupy,0,1,0,1,0,0,1,1,0,1,0
ZTF23abbeahk,1,0,0,0,0,0,0,0,0,0,0
ZTF23abbebnr,0,1,0,1,0,0,1,1,0,1,0
ZTF23abbejvg,0,1,0,1,0,1,0,1,0,0,1
ZTF23abbekte,0,1,0,1,0,1,0,1,0,0,1
ZTF23abbesup,0,1,0,1,0,1,0,0,1,1,0
ZTF23abbfbbp,1,0,0,0,0,0,0,0,0,0,0
ZTF23abbfldn,0,0,1,1,0,1,0,1,0,1,0
ZTF23abbfltp,1,0,0,0,0,0,0,0,0,0,0
ZTF23abbfmxe,0,1,0,0,1,1,0,1,0,1,0
ZTF23abbfokh,0,1,0,1,0,1,0,1,0,0,1
ZTF23abbfonh,1,0,0,0,0,0,0,0,0,0,0
ZTF23abbfpqa,0,1,0,1,0,0,1,1,0,1,0
ZTF23abbfpsy,0,1,0,1,0,0,1,1,0,1,0
ZTF23abbfpxr,0,1,0,1,0,1,0,1,0,0,1
ZTF23abbfqsx,0,1,0,1,0,1,0,1,0,0,1
ZTF23abbfrlj,0,1,0,1,0,1,0,0,1,1,0
ZTF23abbfsoa,0,1,0,1,0,0,1,1,0,1,0
ZTF23abbfvlx,0,1,0,1,0,0,1,1,0,1,0
ZTF23abbfwla,0,1,0,1,0,1,0,0,1,1,0
ZTF23abbfxzt,1,0,0,0,0,0,0,0,0,0,0
ZTF23abbfytm,0,0,1,1,0,1,0,1,0,1,0
ZTF23abbgnir,0,0,1,1,0,1,0,1,0,1,0
ZTF23abbhjtu,0,1,0,1,0,0,1,1,0,1,0
ZTF23abbhlri,0,1,0,1,0,1,0,1,0,0,1
ZTF23abbhmfr,0,0,1,1,0,1,0,1,0,1,0
ZTF23abbhuoa,0,1,0,1,0,0,1,1,0,1,0
ZTF23abbhwtv,1,0,0,0,0,0,0,0,0,0,0
ZTF23abbijgl,0,1,0,1,0,1,0,1,0,0,1
ZTF23abbitnl,1,0,0,0,0,0,0,0,0,0,0
ZTF23abbixrw,0,1,0,1,0,1,0,1,0,0,1
ZTF23abbjnem,0,1,0,1,0,0,1,1,0,1,0
ZTF23abbjstt,0,1,0,1,0,1,0,0,1,1,0
ZTF23abbjtdn,0,1,0,1,0,1,0,0,1,1,0
ZTF23abbjtww,0,1,0,1,0,1,0,1,0,0,1
ZTF23abbjwss,1,0,0,0,0,0,0,0,0,0,0
ZTF23abbkedq,0,1,0,1,0,1,0,1,0,0,1
ZTF23abbkngr,0,0,1,1,0,1,0,1,0,1,0
ZTF23abbkuqa,1,0,0,0,0,0,0,0,0,0,0
ZTF23abbkvxe,0,1,0,0,1,1,0,1,0,1,0
ZTF23abbladl,1,0,0,0,0,0,0,0,0,0,0
ZTF23abblfjf,0,0,1,1,0,1,0,1,0,1,0
ZTF23abblgrs,0,1,0,0,1,1,0,1,0,1,0
ZTF23abbloto,0,0,1,1,0,1,0,1,0,1,0
ZTF23abblppx,0,1,0,0,1,1,0,1,0,1,0
ZTF23abblriq,0,1,0,1,0,1,0,1,0,0,1
ZTF23abbmkwh,0,1,0,1,0,1,0,0,1,1,0
ZTF23abbmlun,0,1,0,1,0,1,0,1,0,0,1
ZTF23abbmlvx,1,0,0,0,0,0,0,0,0,0,0
ZTF23abbmmeu,1,0,0,0,0,0,0,0,0,0,0
ZTF23abbmnsq,0,1,0,0,1,1,0,1,0,1,0
ZTF23abbmpyi,1,0,0,0,0,0,0,0,0,0,0
ZTF23abbmqoi,0,1,0,1,0,0,1,1,0,1,0
ZTF23abbmrhs,1,0,0,0,0,0,0,0,0,0,0
ZTF23abbmsix,0,1,0,1,0,1,0,0,1,1,0
ZTF23abbmwmk,1,0,0,0,0,0,0,0,0,0,0
ZTF23abbmwnw,0,0,1,1,0,1,0,1,0,1,0
ZTF23abbmyce,0,1,0,1,0,1,0,1,0,0,1
ZTF23abbnfef,0,1,0,1,0,0,1,1,0,1,0
ZTF23abbngyg,0,1,0,1,0,1,0,0,1,1,0
ZTF23abbnkdr,1,0,0,0,0,0,0,0,0,0,0
ZTF23abbnkiw,0,1,0,1,0,1,0,0,1,1,0
ZTF23abbolei,0,1,0,1,0,1,0,1,0,0,1
ZTF23abbovoz,1,0,0,0,0,0,0,0,0,0,0
ZTF23abbpsiy,0,1,0,1,0,1,0,0,1,1,0
ZTF23abbpvfr,1,0,0,0,0,0,0,0,0,0,0
ZTF23abbqfkk,0,1,0,0,1,1,0,1,0,1,0
ZTF23abbqgtw,0,1,0,1,0,1,0,1,0,0,1
ZTF23abbsere,1,0,0,0,0,0,0,0,0,0,0
ZTF23abbskff,0,1,0,1,0,1,0,1,0,0,1
ZTF23abbsxhv,0,1,0,1,0,1,0,0,1,1,0
ZTF23abbsxzs,0,1,0,0,1,1,0,1,0,1,0
ZTF23abbtbat,0,1,0,0,1,1,0,1,0,1,0
ZTF23abbtdpq,0,0,1,1,0,1,0,1,0,1,0
ZTF23abbxqke,0,0,1,1,0,1,0,1,0,1,0
ZTF23abbygzm,0,0,1,1,0,1,0,1,0,1,0
ZTF23abbyual,1,0,0,0,0,0,0,0,0,0,0
ZTF23abbzhug,0,1,0,1,0,0,1,1,0,1,0
ZTF23abbztgs,0,1,0,1,0,1,0,1,0,0,1
ZTF23abbzukw,0,1,0,1,0,1,0,1,0,0,1
ZTF23abcajsq,0,1,0,0,1,1,0,1,0,1,0
ZTF23abcaots,0,0,1,1,0,1,0,1,0,1,0
ZTF23abcavqi,0,1,0,0,1,1,0,1,0,1,0
ZTF23abcbtyu,0,0,1,1,0,1,0,1,0,1,0
ZTF23abccimv,1,0,0,0,0,0,0,0,0,0,0
ZTF23abccpyk,0,1,0,0,1,1,0,1,0,1,0
ZTF23abcdfwg,0,1,0,1,0,0,1,1,0,1,0
ZTF23abcdfyc,0,1,0,1,0,1,0,0,1,1,0
ZTF23abcdgda,0,0,1,1,0,1,0,1,0,1,0
ZTF23abcdorg,1,0,0,0,0,0,0,0,0,0,0
ZTF23abcdtjq,0,0,1,1,0,1,0,1,0,1,0
ZTF23abcdvwb,0,1,0,0,1,1,0,1,0,1,0
ZTF23abcdyvk,0,1,0,1,0,0,1,1,0,1,0
ZTF23abcedbt,0,1,0,1,0,1,0,0,1,1,0
ZTF23abcegak,0,1,0,1,0,1,0,0,1,1,0
ZTF23abcegjv,0,1,0,1,0,1,0,0,1,1,0
ZTF23abceqlw,1,0,0,0,0,0,0,0,0,0,0
ZTF23abceswn,0,0,1,1,0,1,0,1,0,1,0
ZTF23abcfmxq,0,1,0,0,1,1,0,1,0,1,0
ZTF23abcgdlt,0,1,0,1,0,1,0,0,1,1,0
ZTF23abcglga,0,0,1,1,0,1,0,1,0,1,0
ZTF23abchvcs,0,0,1,1,0,1,0,1,0,1,0
ZTF23abciagb,0,0,1,1,0,1,0,1,0,1,0
ZTF23abcinum,0,0,1,1,0,1,0,1,0,1,0
ZTF23abciqpn,0,1,0,1,0,0,1,1,0,1,0
ZTF23abciuka,0,1,0,1,0,1,0,1,0,0,1
ZTF23abcktbt,1,0,0,0,0,0,0,0,0,0,0
ZTF23abcldeq,0,1,0,1,0,1,0,0,1,1,0
ZTF23abclooi,0,1,0,1,0,1,0,1,0,0,1
ZTF23abclxiv,0,1,0,0,1,1,0,1,0,1,0
ZTF23abclyan,0,1,0,1,0,1,0,0,1,1,0
ZTF23abcmfdn,0,1,0,1,0,1,0,0,1,1,0
ZTF23abcndqi,0,1,0,0,1,1,0,1,0,1,0
ZTF23abcnszf,0,1,0,1,0,1,0,1,0,0,1
ZTF23abcqbgu,0,1,0,1,0,1,0,1,0,0,1
ZTF23abcqwuf,0,0,1,1,0,1,0,1,0,1,0
ZTF23abcqwwr,0,0,1,1,0,1,0,1,0,1,0
ZTF23abcrbkv,1,0,0,0,0,0,0,0,0,0,0
ZTF23abcrgiv,0,1,0,1,0,1,0,0,1,1,0
ZTF23abcrhwl,1,0,0,0,0,0,0,0,0,0,0
ZTF23abcrnpm,0,0,1,1,0,1,0,1,0,1,0
ZTF23abcrsoc,0,1,0,1,0,1,0,0,1,1,0
ZTF23abcrvnt,1,0,0,0,0,0,0,0,0,0,0
ZTF23abcrvxr,0,1,0,1,0,1,0,0,1,1,0
ZTF23abcssfj,0,1,0,1,0,1,0,1,0,0,1
ZTF23abcsslq,0,1,0,1,0,1,0,1,0,0,1
ZTF23abcstyj,0,0,1,1,0,1,0,1,0,1,0
ZTF23abctbqr,0,1,0,1,0,1,0,1,0,0,1
ZTF23abctedl,0,1,0,1,0,1,0,0,1,1,0
ZTF23abctmxr,0,0,1,1,0,1,0,1,0,1,0
ZTF23abcttmm,1,0,0,0,0,0,0,0,0,0,0
ZTF23abcuqxo,0,1,0,1,0,1,0,0,1,1,0
ZTF23abcuwdq,0,0,1,1,0,1,0,1,0,1,0
ZTF23abcuzfj,0,1,0,0,1,1,0,1,0,1,0
ZTF23abcvams,0,1,0,0,1,1,0,1,0,1,0
ZTF23abcvaom,0,1,0,1,0,1,0,1,0,0,1
ZTF23abcvarp,0,1,0,1,0,1,0,1,0,0,1
ZTF23abcvccn,0,1,0,0,1,1,0,1,0,1,0
ZTF23abcviqf,0,1,0,1,0,1,0,0,1,1,0
ZTF23abcvmer,0,1,0,1,0,1,0,1,0,0,1
ZTF23abcvnsc,1,0,0,0,0,0,0,0,0,0,0
ZTF23abcvopp,0,1,0,0,1,1,0,1,0,1,0
ZTF23abcvwpk,0,1,0,1,0,1,0,1,0,0,1
ZTF23abcwcxo,0,1,0,0,1,1,0,1,0,1,0
ZTF23abcweuc,0,1,0,1,0,1,0,0,1,1,0
ZTF23abcwidn,0,1,0,1,0,1,0,1,0,0,1
ZTF23abcwzqw,1,0,0,0,0,0,0,0,0,0,0
ZTF23abcxbrf,1,0,0,0,0,0,0,0,0,0,0
ZTF23abcxfrf,0,1,0,1,0,1,0,0,1,1,0
ZTF23abcxgeg,0,1,0,0,1,1,0,1,0,1,0
ZTF23abcxhua,0,1,0,1,0,1,0,0,1,1,0
ZTF23abcygbl,0,0,1,1,0,1,0,1,0,1,0
ZTF23abcyhfw,0,0,1,1,0,1,0,1,0,1,0
ZTF23abczkxz,0,1,0,1,0,1,0,0,1,1,0
ZTF23abczojo,0,1,0,1,0,1,0,1,0,0,1
ZTF23abczrop,0,0,1,1,0,1,0,1,0,1,0
ZTF23abczrwl,0,1,0,0,1,1,0,1,0,1,0
ZTF23abczxjp,0,1,0,0,1,1,0,1,0,1,0
ZTF23abczzgz,0,1,0,1,0,0,1,1,0,1,0
ZTF23abdapdx,0,1,0,1,0,1,0,0,1,1,0
ZTF23abdasaf,0,1,0,1,0,1,0,1,0,0,1
ZTF23abdbxkh,1,0,0,0,0,0,0,0,0,0,0
ZTF23abdclna,0,1,0,1,0,1,0,1,0,0,1
ZTF23abddwzm,0,1,0,1,0,1,0,1,0,0,1
ZTF23abdefkq,0,1,0,1,0,0,1,1,0,1,0
ZTF23abdggif,0,1,0,1,0,1,0,1,0,0,1
ZTF23abdggyc,0,1,0,1,0,0,1,1,0,1,0
ZTF23abdgsbw,1,0,0,0,0,0,0,0,0,0,0
ZTF23abdgswy,0,1,0,0,1,1,0,1,0,1,0
ZTF23abdgtgl,0,1,0,0,1,1,0,1,0,1,0
ZTF23abdgtse,1,0,0,0,0,0,0,0,0,0,0
ZTF23abdgueo,0,1,0,0,1,1,0,1,0,1,0
ZTF23abdhfqj,0,1,0,1,0,0,1,1,0,1,0
ZTF23abdhgxe,0,1,0,1,0,1,0,0,1,1,0
ZTF23abdhlpg,0,1,0,1,0,0,1,1,0,1,0
ZTF23abdhmhw,1,0,0,0,0,0,0,0,0,0,0
ZTF23abdhrbs,0,1,0,1,0,1,0,0,1,1,0
ZTF23abdhrjh,0,1,0,1,0,0,1,1,0,1,0
ZTF23abdhrpb,0,1,0,0,1,1,0,1,0,1,0
ZTF23abdhuls,0,0,1,1,0,1,0,1,0,1,0
ZTF23abdiekz,0,1,0,1,0,0,1,1,0,1,0
ZTF23abdilsy,0,1,0,1,0,1,0,0,1,1,0
ZTF23abdiqut,0,1,0,1,0,1,0,0,1,1,0
ZTF23abdlqgo,0,0,1,1,0,1,0,1,0,1,0
ZTF23abdmccc,1,0,0,0,0,0,0,0,0,0,0
ZTF23abdmika,0,1,0,0,1,1,0,1,0,1,0
ZTF23abdmrkk,0,0,1,1,0,1,0,1,0,1,0
ZTF23abdnilw,0,1,0,1,0,1,0,0,1,1,0
ZTF23abdnlbs,0,1,0,1,0,0,1,1,0,1,0
ZTF23abdouoa,1,0,0,0,0,0,0,0,0,0,0
ZTF23abdpgpm,0,1,0,1,0,0,1,1,0,1,0
ZTF23abdpgvv,1,0,0,0,0,0,0,0,0,0,0
ZTF23abdppqh,0,0,1,1,0,1,0,1,0,1,0
ZTF23abdrcso,0,1,0,1,0,1,0,0,1,1,0
ZTF23abdrxht,0,1,0,0,1,1,0,1,0,1,0
ZTF23abdsecb,0,1,0,1,0,1,0,1,0,0,1
ZTF23abdsepj,0,0,1,1,0,1,0,1,0,1,0
ZTF23abdshvl,0,1,0,1,0,1,0,0,1,1,0
ZTF23abdshyr,0,1,0,1,0,1,0,0,1,1,0
ZTF23abdspgp,0,1,0,1,0,1,0,1,0,0,1
ZTF23abdttpr,0,1,0,1,0,1,0,0,1,1,0
ZTF23abdtvny,0,1,0,1,0,0,1,1,0,1,0
ZTF23abdubic,0,1,0,1,0,1,0,0,1,1,0
ZTF23abducqi,0,1,0,1,0,1,0,0,1,1,0
ZTF23abdxmqw,0,1,0,1,0,1,0,0,1,1,0
ZTF23abdxree,0,1,0,1,0,1,0,0,1,1,0
ZTF23abdxrxs,0,1,0,1,0,1,0,1,0,0,1
ZTF23abdxzol,0,0,1,1,0,1,0,1,0,1,0
ZTF23abdyapp,0,1,0,1,0,1,0,0,1,1,0
ZTF23abdyqcv,0,1,0,0,1,1,0,1,0,1,0
ZTF23abdyyvy,1,0,0,0,0,0,0,0,0,0,0
ZTF23abdzglc,0,0,1,1,0,1,0,1,0,1,0
ZTF23abdzkgb,1,0,0,0,0,0,0,0,0,0,0
ZTF23abdztbn,1,0,0,0,0,0,0,0,0,0,0
ZTF23abdztfr,1,0,0,0,0,0,0,0,0,0,0
ZTF23abebqiq,0,1,0,1,0,1,0,1,0,0,1
ZTF23abebwiz,0,1,0,1,0,1,0,1,0,0,1
ZTF23abebxmp,0,1,0,1,0,1,0,0,1,1,0
ZTF23abebxrj,0,1,0,1,0,1,0,0,1,1,0
ZTF23abeccbq,0,0,1,1,0,1,0,1,0,1,0
ZTF23abecinc,0,0,1,1,0,1,0,1,0,1,0
ZTF23abecomx,0,0,1,1,0,1,0,1,0,1,0
ZTF23abecvis,1,0,0,0,0,0,0,0,0,0,0
ZTF23abecyng,0,1,0,1,0,1,0,0,1,1,0
ZTF23abedduu,0,1,0,1,0,1,0,0,1,1,0
ZTF23abedebt,0,1,0,1,0,0,1,1,0,1,0
ZTF23abedpgy,0,0,1,1,0,1,0,1,0,1,0
ZTF23abedqwy,0,1,0,0,1,1,0,1,0,1,0
ZTF23abeegup,0,1,0,1,0,1,0,1,0,0,1
ZTF23abeeppp,0,1,0,1,0,1,0,1,0,0,1
ZTF23abeexfb,1,0,0,0,0,0,0,0,0,0,0
ZTF23abeezgg,0,1,0,1,0,1,0,1,0,0,1
ZTF23abefgyg,0,1,0,0,1,1,0,1,0,1,0
ZTF23abefnof,0,1,0,0,1,1,0,1,0,1,0
ZTF23abefxhn,0,1,0,1,0,1,0,0,1,1,0
ZTF23abehief,0,1,0,1,0,1,0,1,0,0,1
ZTF23abejssh,0,1,0,1,0,0,1,1,0,1,0
ZTF23abejvqu,0,1,0,0,1,1,0,1,0,1,0
ZTF23abejxgc,0,0,1,1,0,1,0,1,0,1,0
ZTF23abekbjv,0,1,0,1,0,0,1,1,0,1,0
ZTF23abekzca,0,1,0,1,0,1,0,1,0,0,1
ZTF23abeldof,0,1,0,0,1,1,0,1,0,1,0
ZTF23abeldxb,0,1,0,0,1,1,0,1,0,1,0
ZTF23abellvq,0,0,1,1,0,1,0,1,0,1,0
ZTF23abemprl,0,0,1,1,0,1,0,1,0,1,0
ZTF23abemtyx,0,1,0,1,0,1,0,1,0,0,1
ZTF23abenxlc,0,1,0,1,0,1,0,0,1,1,0
ZTF23abeoblh,1,0,0,0,0,0,0,0,0,0,0
ZTF23abeocca,0,1,0,1,0,1,0,1,0,0,1
ZTF23abeohho,0,0,1,1,0,1,0,1,0,1,0
ZTF23abeokfq,0,1,0,1,0,1,0,1,0,0,1
ZTF23abeomrf,0,1,0,1,0,1,0,1,0,0,1
ZTF23abeoriq,0,1,0,1,0,1,0,0,1,1,0
ZTF23abeosue,0,1,0,0,1,1,0,1,0,1,0
ZTF23abepsia,1,0,0,0,0,0,0,0,0,0,0
ZTF23abeqdho,0,1,0,1,0,1,0,0,1,1,0
ZTF23abeqixz,0,1,0,1,0,1,0,1,0,0,1
ZTF23abeqotf,0,1,0,1,0,1,0,0,1,1,0
ZTF23abeqplb,0,1,0,1,0,1,0,0,1,1,0
ZTF23abeqylw,0,1,0,1,0,1,0,0,1,1,0
ZTF23abeqzmu,0,0,1,1,0,1,0,1,0,1,0
ZTF23aberdcj,0,1,0,1,0,1,0,0,1,1,0
ZTF23aberops,0,0,1,1,0,1,0,1,0,1,0
ZTF23aberpzw,0,1,0,0,1,1,0,1,0,1,0
ZTF23abertjs,1,0,0,0,0,0,0,0,0,0,0
ZTF23abertou,0,1,0,1,0,1,0,0,1,1,0
ZTF23aberuma,0,1,0,1,0,0,1,1,0,1,0
ZTF23aberxkv,0,1,0,0,1,1,0,1,0,1,0
ZTF23abesunv,0,1,0,0,1,1,0,1,0,1,0
ZTF23abetluh,0,1,0,1,0,1,0,0,1,1,0
ZTF23abetmiu,0,1,0,0,1,1,0,1,0,1,0
ZTF23abetodb,0,0,1,1,0,1,0,1,0,1,0
ZTF23abettsi,0,0,1,1,0,1,0,1,0,1,0
ZTF23abetwwi,0,1,0,0,1,1,0,1,0,1,0
ZTF23abeudve,0,1,0,1,0,0,1,1,0,1,0
ZTF23abeujrk,0,1,0,1,0,1,0,1,0,0,1
ZTF23abeulqi,0,1,0,0,1,1,0,1,0,1,0
ZTF23abeumrl,0,1,0,1,0,1,0,1,0,0,1
ZTF23abeuope,0,1,0,1,0,0,1,1,0,1,0
ZTF23abevepp,0,0,1,1,0,1,0,1,0,1,0
ZTF23abeviyr,0,1,0,1,0,1,0,0,1,1,0
ZTF23abevydg,0,1,0,1,0,1,0,0,1,1,0
ZTF23abewwvm,0,1,0,1,0,0,1,1,0,1,0
ZTF23abexayf,0,1,0,1,0,1,0,1,0,0,1
ZTF23abexbnt,0,0,1,1,0,1,0,1,0,1,0
ZTF23abexebx,1,0,0,0,0,0,0,0,0,0,0
ZTF23abexqso,0,0,1,1,0,1,0,1,0,1,0
ZTF23abeyczj,0,1,0,1,0,1,0,0,1,1,0
ZTF23abeyekx,1,0,0,0,0,0,0,0,0,0,0
ZTF23abeynpo,0,1,0,1,0,1,0,0,1,1,0
ZTF23abeyrck,0,0,1,1,0,1,0,1,0,1,0
ZTF23abezmku,0,0,1,1,0,1,0,1,0,1,0
ZTF23abezwbq,0,1,0,1,0,0,1,1,0,1,0
ZTF23abfadns,0,1,0,1,0,1,0,0,1,1,0
ZTF23abfaulc,0,1,0,1,0,0,1,1,0,1,0
ZTF23abfbivy,0,1,0,1,0,1,0,0,1,1,0
ZTF23abfbkqj,1,0,0,0,0,0,0,0,0,0,0
ZTF23abfbxtm,0,0,1,1,0,1,0,1,0,1,0
ZTF23abfcffy,0,1,0,1,0,0,1,1,0,1,0
ZTF23abffdsc,0,1,0,0,1,1,0,1,0,1,0
ZTF23abffdxd,0,1,0,1,0,0,1,1,0,1,0
ZTF23abffrsz,0,1,0,1,0,1,0,1,0,0,1
ZTF23abffvrm,0,1,0,0,1,1,0,1,0,1,0
ZTF23abfgaft,0,1,0,1,0,1,0,0,1,1,0
ZTF23abfglcy,1,0,0,0,0,0,0,0,0,0,0
ZTF23abfgrks,0,1,0,1,0,1,0,1,0,0,1
ZTF23abfgvrx,0,1,0,1,0,0,1,1,0,1,0
ZTF23abfhxfh,0,1,0,1,0,1,0,1,0,0,1
ZTF23abfibgv,0,1,0,1,0,0,1,1,0,1,0
ZTF23abfjvix,0,1,0,1,0,1,0,0,1,1,0
ZTF23abfkwwj,0,1,0,1,0,0,1,1,0,1,0
ZTF23abflamz,0,1,0,1,0,0,1,1,0,1,0
ZTF23abflijb,0,1,0,1,0,1,0,0,1,1,0
ZTF23abfmipe,1,0,0,0,0,0,0,0,0,0,0
ZTF23abfmjnn,0,1,0,1,0,0,1,1,0,1,0
ZTF23abfmlls,0,1,0,1,0,0,1,1,0,1,0
ZTF23abfmmve,1,0,0,0,0,0,0,0,0,0,0
ZTF23abfmqpk,1,0,0,0,0,0,0,0,0,0,0
ZTF23abfnkjp,0,1,0,1,0,1,0,1,0,0,1
ZTF23abfpbcy,0,1,0,1,0,1,0,1,0,0,1
ZTF23abfpbiy,0,1,0,1,0,1,0,0,1,1,0
ZTF23abfpegt,0,1,0,1,0,1,0,0,1,1,0
ZTF23abfqqkb,0,1,0,1,0,1,0,1,0,0,1
ZTF23abfqrhg,0,1,0,1,0,0,1,1,0,1,0
ZTF23abfqthn,1,0,0,0,0,0,0,0,0,0,0
ZTF23abfqtpt,0,1,0,0,1,1,0,1,0,1,0
ZTF23abfrdzy,0,1,0,1,0,0,1,1,0,1,0
ZTF23abftpph,1,0,0,0,0,0,0,0,0,0,0
ZTF23abfttmf,0,1,0,1,0,0,1,1,0,1,0
ZTF23abfubfc,0,1,0,0,1,1,0,1,0,1,0
ZTF23abfuwdj,1,0,0,0,0,0,0,0,0,0,0
ZTF23abfvjbr,0,1,0,1,0,1,0,0,1,1,0
ZTF23abfvnln,0,1,0,0,1,1,0,1,0,1,0
ZTF23abfvoig,0,0,1,1,0,1,0,1,0,1,0
ZTF23abfwupu,0,1,0,1,0,1,0,0,1,1,0
ZTF23abfxhnx,1,0,0,0,0,0,0,0,0,0,0
ZTF23abfxqgc,1,0,0,0,0,0,0,0,0,0,0
ZTF23abfyfke,0,1,0,0,1,1,0,1,0,1,0
ZTF23abfyvnv,0,0,1,1,0,1,0,1,0,1,0
ZTF23abfyxdn,0,1,0,1,0,1,0,1,0,0,1
ZTF23abfzbwx,0,1,0,1,0,1,0,0,1,1,0
ZTF23abfzopf,0,1,0,1,0,0,1,1,0,1,0
ZTF23abgaebf,0,1,0,1,0,0,1,1,0,1,0
ZTF23abgavfp,0,1,0,1,0,0,1,1,0,1,0
ZTF23abgcaqe,1,0,0,0,0,0,0,0,0,0,0
ZTF23abgcdqj,0,1,0,1,0,1,0,0,1,1,0
ZTF23abgcfay,0,1,0,1,0,1,0,0,1,1,0
ZTF23abgfwhj,0,1,0,1,0,0,1,1,0,1,0
ZTF23abgfxqn,1,0,0,0,0,0,0,0,0,0,0
ZTF23abgghni,0,1,0,0,1,1,0,1,0,1,0
ZTF23abggjbd,0,0,1,1,0,1,0,1,0,1,0
ZTF23abggqqc,1,0,0,0,0,0,0,0,0,0,0
ZTF23abghfyg,0,1,0,1,0,1,0,0,1,1,0
ZTF23abghgsn,0,1,0,1,0,0,1,1,0,1,0
ZTF23abghkdc,0,1,0,1,0,1,0,1,0,0,1
ZTF23abghttj,0,1,0,1,0,1,0,1,0,0,1
ZTF23abgjggv,0,1,0,1,0,0,1,1,0,1,0
ZTF23abgkbfq,0,1,0,1,0,1,0,0,1,1,0
ZTF23abgkehw,0,1,0,1,0,1,0,1,0,0,1
ZTF23abgkpak,0,0,1,1,0,1,0,1,0,1,0
ZTF23abgksxx,0,1,0,0,1,1,0,1,0,1,0
ZTF23abgktlt,0,0,1,1,0,1,0,1,0,1,0
ZTF23abgktqj,0,1,0,0,1,1,0,1,0,1,0
ZTF23abglbib,0,1,0,0,1,1,0,1,0,1,0
ZTF23abglmly,1,0,0,0,0,0,0,0,0,0,0
ZTF23abgloxq,0,1,0,1,0,0,1,1,0,1,0
ZTF23abglwrx,0,1,0,1,0,1,0,0,1,1,0
ZTF23abglxwz,0,1,0,1,0,1,0,0,1,1,0
ZTF23abgmbux,1,0,0,0,0,0,0,0,0,0,0
ZTF23abgmlds,0,1,0,1,0,1,0,1,0,0,1
ZTF23abgmnqv,1,0,0,0,0,0,0,0,0,0,0
ZTF23abgmrkf,0,0,1,1,0,1,0,1,0,1,0
ZTF23abgmsof,0,1,0,1,0,1,0,1,0,0,1
ZTF23abgnbil,0,1,0,1,0,0,1,1,0,1,0
ZTF23abgncqj,0,1,0,0,1,1,0,1,0,1,0
ZTF23abgngbz,0,1,0,1,0,1,0,0,1,1,0
ZTF23abgngcd,0,1,0,0,1,1,0,1,0,1,0
ZTF23abgniav,1,0,0,0,0,0,0,0,0,0,0
ZTF23abgnkrr,1,0,0,0,0,0,0,0,0,0,0
ZTF23abgnpkp,0,1,0,1,0,1,0,1,0,0,1
ZTF23abgnpoi,0,0,1,1,0,1,0,1,0,1,0
ZTF23abgnppf,0,0,1,1,0,1,0,1,0,1,0
ZTF23abgnpsc,1,0,0,0,0,0,0,0,0,0,0
ZTF23abgnpto,0,0,1,1,0,1,0,1,0,1,0
ZTF23abgnvsh,0,1,0,1,0,0,1,1,0,1,0
ZTF23abgnvxo,0,1,0,1,0,1,0,1,0,0,1
ZTF23abgnvya,0,1,0,1,0,1,0,0,1,1,0
ZTF23abgnwky,0,1,0,1,0,0,1,1,0,1,0
ZTF23abgnxfv,1,0,0,0,0,0,0,0,0,0,0
ZTF23abgnxri,0,0,1,1,0,1,0,1,0,1,0
ZTF23abgoccj,0,1,0,1,0,1,0,0,1,1,0
ZTF23abgoqxu,0,0,1,1,0,1,0,1,0,1,0
ZTF23abgouvq,0,1,0,1,0,1,0,0,1,1,0
ZTF23abgovnz,1,0,0,0,0,0,0,0,0,0,0
ZTF23abgowtc,0,0,1,1,0,1,0,1,0,1,0
ZTF23abgoxnx,0,0,1,1,0,1,0,1,0,1,0
ZTF23abgpokx,0,1,0,1,0,1,0,0,1,1,0
ZTF23abgqzhi,0,1,0,1,0,0,1,1,0,1,0
ZTF23abgrmnz,0,1,0,0,1,1,0,1,0,1,0
ZTF23abgrunk,0,1,0,1,0,1,0,1,0,0,1
ZTF23abgsbph,0,1,0,1,0,1,0,1,0,0,1
ZTF23abgsbpr,0,1,0,1,0,1,0,1,0,0,1
ZTF23abgsbpz,0,1,0,1,0,1,0,0,1,1,0
ZTF23abgspod,1,0,0,0,0,0,0,0,0,0,0
ZTF23abgspvs,0,1,0,1,0,1,0,0,1,1,0
ZTF23abgspys,1,0,0,0,0,0,0,0,0,0,0
ZTF23abgspzj,0,0,1,1,0,1,0,1,0,1,0
ZTF23abgsqxl,0,1,0,1,0,1,0,1,0,0,1
ZTF23abgtajt,1,0,0,0,0,0,0,0,0,0,0
ZTF23abgtfih,0,1,0,0,1,1,0,1,0,1,0
ZTF23abgtmzs,0,1,0,1,0,1,0,0,1,1,0
ZTF23abgtvis,1,0,0,0,0,0,0,0,0,0,0
ZTF23abgtwnx,0,0,1,1,0,1,0,1,0,1,0
ZTF23abgubjm,0,1,0,1,0,1,0,0,1,1,0
ZTF23abgujxg,0,1,0,1,0,1,0,1,0,0,1
ZTF23abgupch,0,1,0,1,0,1,0,1,0,0,1
ZTF23abguzpa,0,1,0,0,1,1,0,1,0,1,0
ZTF23abgvlgv,0,1,0,1,0,1,0,0,1,1,0
ZTF23abgzmfs,0,1,0,1,0,1,0,0,1,1,0
ZTF23abgzrmz,0,0,1,1,0,1,0,1,0,1,0
ZTF23abhaxcd,0,0,1,1,0,1,0,1,0,1,0
ZTF23abhayrq,0,1,0,0,1,1,0,1,0,1,0
ZTF23abhbjzb,0,1,0,1,0,0,1,1,0,1,0
ZTF23abhbpmc,0,0,1,1,0,1,0,1,0,1,0
ZTF23abhbzbo,0,1,0,0,1,1,0,1,0,1,0
ZTF23abhdcct,0,1,0,0,1,1,0,1,0,1,0
ZTF23abhddtv,1,0,0,0,0,0,0,0,0,0,0
ZTF23abheflz,0,1,0,0,1,1,0,1,0,1,0
ZTF23abhfhze,0,1,0,1,0,1,0,1,0,0,1
ZTF23abhhvvl,0,1,0,1,0,1,0,0,1,1,0
ZTF23abhhwbn,0,1,0,1,0,0,1,1,0,1,0
ZTF23abhkkcv,0,1,0,1,0,1,0,0,1,1,0
ZTF23abhlsha,0,1,0,1,0,0,1,1,0,1,0
ZTF23abhlwnf,0,1,0,1,0,0,1,1,0,1,0
ZTF23abhmfmf,0,1,0,1,0,1,0,1,0,0,1
ZTF23abhporl,0,1,0,0,1,1,0,1,0,1,0
ZTF23abhprla,0,0,1,1,0,1,0,1,0,1,0
ZTF23abhpuoc,0,1,0,0,1,1,0,1,0,1,0
ZTF23abhrgmh,0,1,0,1,0,1,0,0,1,1,0
ZTF23abhsfbs,0,1,0,1,0,0,1,1,0,1,0
ZTF23abhsfei,0,1,0,1,0,1,0,0,1,1,0
ZTF23abhsfkg,1,0,0,0,0,0,0,0,0,0,0
ZTF23abhsglj,0,1,0,1,0,1,0,0,1,1,0
ZTF23abhshad,0,1,0,1,0,1,0,1,0,0,1
ZTF23abhshdk,0,1,0,1,0,1,0,1,0,0,1
ZTF23abhshea,0,1,0,0,1,1,0,1,0,1,0
ZTF23abhshsm,0,1,0,1,0,1,0,0,1,1,0
ZTF23abhsjho,0,1,0,1,0,1,0,0,1,1,0
ZTF23abhsokl,0,1,0,1,0,1,0,1,0,0,1
ZTF23abhtjxs,0,1,0,1,0,0,1,1,0,1,0
ZTF23abhtsqs,1,0,0,0,0,0,0,0,0,0,0
ZTF23abhublj,0,0,1,1,0,1,0,1,0,1,0
ZTF23abhuejo,0,1,0,1,0,1,0,1,0,0,1
ZTF23abhvjrw,0,1,0,1,0,1,0,0,1,1,0
ZTF23abhvlji,0,1,0,1,0,0,1,1,0,1,0
ZTF23abhvpvp,1,0,0,0,0,0,0,0,0,0,0
ZTF23abhvpvq,0,1,0,1,0,0,1,1,0,1,0
ZTF23abhvqfn,0,1,0,1,0,1,0,0,1,1,0
ZTF23abhvrgz,0,1,0,1,0,1,0,0,1,1,0
ZTF23abhvrhm,0,1,0,1,0,1,0,0,1,1,0
ZTF23abhvrmy,0,1,0,1,0,0,1,1,0,1,0
ZTF23abhvrzi,0,1,0,1,0,0,1,1,0,1,0
ZTF23abhvsbf,0,1,0,1,0,1,0,1,0,0,1
ZTF23abhvsbo,0,1,0,1,0,1,0,1,0,0,1
ZTF23abhvuft,0,1,0,1,0,1,0,0,1,1,0
ZTF23abhvxjz,0,0,1,1,0,1,0,1,0,1,0
ZTF23abhwasg,0,1,0,1,0,1,0,0,1,1,0
ZTF23abhwbxo,0,1,0,1,0,1,0,0,1,1,0
ZTF23abhwezg,1,0,0,0,0,0,0,0,0,0,0
ZTF23abhwhho,0,1,0,1,0,1,0,0,1,1,0
ZTF23abhwkkv,0,1,0,1,0,0,1,1,0,1,0
ZTF23abhwkrd,0,0,1,1,0,1,0,1,0,1,0
ZTF23abhwksn,0,1,0,1,0,1,0,1,0,0,1
ZTF23abhwkzr,1,0,0,0,0,0,0,0,0,0,0
ZTF23abhwsxl,0,1,0,1,0,0,1,1,0,1,0
ZTF23abhxpga,0,1,0,1,0,0,1,1,0,1,0
ZTF23abhxqsf,0,1,0,1,0,0,1,1,0,1,0
ZTF23abhyssf,0,1,0,1,0,1,0,1,0,0,1
ZTF23abhzcbs,0,1,0,1,0,1,0,1,0,0,1
ZTF23abhzfww,0,0,1,1,0,1,0,1,0,1,0
ZTF23abhzids,0,0,1,1,0,1,0,1,0,1,0
ZTF23abhzpha,0,1,0,0,1,1,0,1,0,1,0
ZTF23abhzpme,0,1,0,1,0,1,0,1,0,0,1
ZTF23abhzprm,0,1,0,0,1,1,0,1,0,1,0
ZTF23abhzvcl,0,1,0,1,0,1,0,1,0,0,1
ZTF23abhzvkb,0,0,1,1,0,1,0,1,0,1,0
ZTF23abhzvmc,0,1,0,0,1,1,0,1,0,1,0
ZTF23abhzvmg,0,1,0,1,0,0,1,1,0,1,0
ZTF23abhzvni,0,1,0,0,1,1,0,1,0,1,0
ZTF23abhzvor,0,1,0,0,1,1,0,1,0,1,0
ZTF23abhzvos,0,1,0,1,0,1,0,0,1,1,0
ZTF23abhzwbf,0,1,0,1,0,1,0,0,1,1,0
ZTF23abhzwhl,0,0,1,1,0,1,0,1,0,1,0
ZTF23abhzwll,0,1,0,1,0,1,0,1,0,0,1
ZTF23abhzxwm,1,0,0,0,0,0,0,0,0,0,0
ZTF23abhzyrf,1,0,0,0,0,0,0,0,0,0,0
ZTF23abhzznc,0,1,0,1,0,1,0,0,1,1,0
ZTF23abiaakj,0,1,0,1,0,0,1,1,0,1,0
ZTF23abiacak,0,1,0,1,0,0,1,1,0,1,0
ZTF23abiades,0,1,0,0,1,1,0,1,0,1,0
ZTF23abiailg,0,1,0,1,0,0,1,1,0,1,0
ZTF23abiaoff,0,1,0,1,0,1,0,1,0,0,1
ZTF23abiapdg,0,1,0,0,1,1,0,1,0,1,0
ZTF23abiaxvx,0,1,0,0,1,1,0,1,0,1,0
ZTF23abiblty,0,1,0,0,1,1,0,1,0,1,0
ZTF23abicwmr,1,0,0,0,0,0,0,0,0,0,0
ZTF23abidmwl,0,1,0,1,0,0,1,1,0,1,0
ZTF23abiduvc,0,1,0,1,0,1,0,1,0,0,1
ZTF23abidyfm,0,1,0,1,0,1,0,0,1,1,0
ZTF23abidzvf,1,0,0,0,0,0,0,0,0,0,0
ZTF23abieazn,1,0,0,0,0,0,0,0,0,0,0
ZTF23abiehsx,1,0,0,0,0,0,0,0,0,0,0
ZTF23abiejpw,0,1,0,1,0,1,0,1,0,0,1
ZTF23abiekci,0,1,0,0,1,1,0,1,0,1,0
ZTF23abiewbt,0,0,1,1,0,1,0,1,0,1,0
ZTF23abiezvw,1,0,0,0,0,0,0,0,0,0,0
ZTF23abifcek,1,0,0,0,0,0,0,0,0,0,0
ZTF23abifcxw,0,1,0,0,1,1,0,1,0,1,0
ZTF23abifvef,0,1,0,0,1,1,0,1,0,1,0
ZTF23abifyob,0,1,0,1,0,0,1,1,0,1,0
ZTF23abigyab,0,1,0,0,1,1,0,1,0,1,0
ZTF23abigzui,1,0,0,0,0,0,0,0,0,0,0
ZTF23abihdjw,1,0,0,0,0,0,0,0,0,0,0
ZTF23abihexm,0,1,0,1,0,0,1,1,0,1,0
ZTF23abihgin,0,1,0,1,0,0,1,1,0,1,0
ZTF23abihktd,0,1,0,1,0,1,0,1,0,0,1
ZTF23abihlgt,1,0,0,0,0,0,0,0,0,0,0
ZTF23abihodg,0,1,0,1,0,1,0,1,0,0,1
ZTF23abiiaqx,0,1,0,0,1,1,0,1,0,1,0
ZTF23abiihkq,0,1,0,1,0,1,0,0,1,1,0
ZTF23abiiqfu,0,0,1,1,0,1,0,1,0,1,0
ZTF23abiisbi,0,1,0,1,0,1,0,1,0,0,1
ZTF23abiitiz,1,0,0,0,0,0,0,0,0,0,0
ZTF23abiiwrc,1,0,0,0,0,0,0,0,0,0,0
ZTF23abijbus,0,1,0,1,0,1,0,0,1,1,0
ZTF23abijlgx,1,0,0,0,0,0,0,0,0,0,0
ZTF23abijmrk,0,1,0,1,0,1,0,0,1,1,0
ZTF23abijmrv,0,0,1,1,0,1,0,1,0,1,0
ZTF23abijnjd,0,1,0,1,0,0,1,1,0,1,0
ZTF23abijopy,0,1,0,1,0,1,0,0,1,1,0
ZTF23abijouq,1,0,0,0,0,0,0,0,0,0,0
ZTF23abikgmu,0,1,0,1,0,0,1,1,0,1,0
ZTF23abikhfh,1,0,0,0,0,0,0,0,0,0,0
ZTF23abikiob,0,1,0,1,0,1,0,0,1,1,0
ZTF23abikioc,0,1,0,1,0,0,1,1,0,1,0
ZTF23abikipk,1,0,0,0,0,0,0,0,0,0,0
ZTF23abikiql,1,0,0,0,0,0,0,0,0,0,0
ZTF23abiklhv,0,1,0,1,0,0,1,1,0,1,0
ZTF23abikths,1,0,0,0,0,0,0,0,0,0,0
ZTF23abikvdp,1,0,0,0,0,0,0,0,0,0,0
ZTF23abilcsx,0,1,0,1,0,1,0,0,1,1,0
ZTF23abildmn,1,0,0,0,0,0,0,0,0,0,0
ZTF23abilkfd,1,0,0,0,0,0,0,0,0,0,0
ZTF23abiltdm,0,1,0,1,0,1,0,0,1,1,0
ZTF23abiltqg,0,1,0,0,1,1,0,1,0,1,0
ZTF23abilxjj,0,1,0,1,0,0,1,1,0,1,0
ZTF23abimjfg,0,1,0,1,0,1,0,0,1,1,0
ZTF23abimslf,0,1,0,1,0,0,1,1,0,1,0
ZTF23abioxpu,0,1,0,1,0,1,0,0,1,1,0
ZTF23abipokl,0,1,0,1,0,1,0,0,1,1,0
ZTF23abipwsa,0,1,0,1,0,0,1,1,0,1,0
ZTF23abipycb,0,1,0,1,0,0,1,1,0,1,0
ZTF23abiqaoj,0,1,0,1,0,1,0,0,1,1,0
ZTF23abiqdgj,0,1,0,1,0,1,0,1,0,0,1
ZTF23abiqfek,0,0,1,1,0,1,0,1,0,1,0
ZTF23abiqkeu,1,0,0,0,0,0,0,0,0,0,0
ZTF23abiqsuo,0,0,1,1,0,1,0,1,0,1,0
ZTF23abiqytk,0,1,0,1,0,1,0,0,1,1,0
ZTF23abitgha,0,0,1,1,0,1,0,1,0,1,0
ZTF23abiuwjh,0,1,0,1,0,1,0,1,0,0,1
ZTF23abiuxlr,0,0,1,1,0,1,0,1,0,1,0
ZTF23abiuxxl,0,1,0,1,0,1,0,1,0,0,1
ZTF23abiuzxv,0,1,0,1,0,1,0,0,1,1,0
ZTF23abivaby,0,0,1,1,0,1,0,1,0,1,0
ZTF23abivclx,0,1,0,1,0,1,0,1,0,0,1
ZTF23abiviyx,0,1,0,1,0,0,1,1,0,1,0
ZTF23abivjaa,0,0,1,1,0,1,0,1,0,1,0
ZTF23abivqyc,1,0,0,0,0,0,0,0,0,0,0
ZTF23abivscl,1,0,0,0,0,0,0,0,0,0,0
ZTF23abivtoy,1,0,0,0,0,0,0,0,0,0,0
ZTF23abivylu,0,1,0,1,0,0,1,1,0,1,0
ZTF23abiwlan,0,1,0,1,0,1,0,0,1,1,0
ZTF23abiwnhi,0,1,0,1,0,1,0,0,1,1,0
ZTF23abiwnpj,1,0,0,0,0,0,0,0,0,0,0
ZTF23abiwqvk,0,1,0,1,0,1,0,1,0,0,1
ZTF23abixviw,0,1,0,1,0,1,0,0,1,1,0
ZTF23abiyghm,0,1,0,1,0,1,0,0,1,1,0
ZTF23abizggb,0,1,0,1,0,1,0,1,0,0,1
ZTF23abjacqc,0,1,0,0,1,1,0,1,0,1,0
ZTF23abjagsa,0,1,0,0,1,1,0,1,0,1,0
ZTF23abjasfc,0,1,0,1,0,1,0,1,0,0,1
ZTF23abjauii,0,1,0,1,0,1,0,1,0,0,1
ZTF23abjaule,0,1,0,0,1,1,0,1,0,1,0
ZTF23abjaxgb,0,1,0,1,0,0,1,1,0,1,0
ZTF23abjaxky,0,1,0,1,0,1,0,0,1,1,0
ZTF23abjbash,0,1,0,1,0,0,1,1,0,1,0
ZTF23abjbcij,1,0,0,0,0,0,0,0,0,0,0
ZTF23abjbgkz,1,0,0,0,0,0,0,0,0,0,0
ZTF23abjbkts,0,0,1,1,0,1,0,1,0,1,0
ZTF23abjcnjo,1,0,0,0,0,0,0,0,0,0,0
ZTF23abjdemo,0,1,0,1,0,1,0,0,1,1,0
ZTF23abjdfzb,1,0,0,0,0,0,0,0,0,0,0
ZTF23abjdjrm,1,0,0,0,0,0,0,0,0,0,0
ZTF23abjdrvd,0,0,1,1,0,1,0,1,0,1,0
ZTF23abjdvkv,0,1,0,1,0,1,0,0,1,1,0
ZTF23abjeyvi,0,0,1,1,0,1,0,1,0,1,0
ZTF23abjfbmo,1,0,0,0,0,0,0,0,0,0,0
ZTF23abjffdz,1,0,0,0,0,0,0,0,0,0,0
ZTF23abjfiiw,0,1,0,1,0,0,1,1,0,1,0
ZTF23abjfjlk,0,0,1,1,0,1,0,1,0,1,0
ZTF23abjfjnr,0,0,1,1,0,1,0,1,0,1,0
ZTF23abjfpib,0,1,0,1,0,1,0,1,0,0,1
ZTF23abjgjnm,0,0,1,1,0,1,0,1,0,1,0
ZTF23abjgznb,0,1,0,1,0,1,0,1,0,0,1
ZTF23abjgzte,1,0,0,0,0,0,0,0,0,0,0
ZTF23abjgzzs,0,0,1,1,0,1,0,1,0,1,0
ZTF23abjhbcr,0,1,0,1,0,1,0,0,1,1,0
ZTF23abjheui,0,1,0,1,0,0,1,1,0,1,0
ZTF23abjhmmw,0,1,0,1,0,0,1,1,0,1,0
ZTF23abjhril,0,1,0,1,0,1,0,1,0,0,1
ZTF23abjhsib,0,1,0,0,1,1,0,1,0,1,0
ZTF23abjhtsj,0,1,0,1,0,1,0,0,1,1,0
ZTF23abjhwem,0,0,1,1,0,1,0,1,0,1,0
ZTF23abjicxw,0,1,0,1,0,0,1,1,0,1,0
ZTF23abjihns,0,1,0,1,0,1,0,1,0,0,1
ZTF23abjihwv,1,0,0,0,0,0,0,0,0,0,0
ZTF23abjijuy,1,0,0,0,0,0,0,0,0,0,0
ZTF23abjikaf,1,0,0,0,0,0,0,0,0,0,0
ZTF23abjikzm,0,1,0,1,0,0,1,1,0,1,0
ZTF23abjinju,1,0,0,0,0,0,0,0,0,0,0
ZTF23abjinse,0,1,0,1,0,0,1,1,0,1,0
ZTF23abjiqod,0,1,0,1,0,1,0,1,0,0,1
ZTF23abjirzf,0,1,0,1,0,1,0,1,0,0,1
ZTF23abjiujg,0,1,0,1,0,1,0,0,1,1,0
ZTF23abjjaxz,0,1,0,0,1,1,0,1,0,1,0
ZTF23abjjdfi,0,0,1,1,0,1,0,1,0,1,0
ZTF23abjknzw,0,0,1,1,0,1,0,1,0,1,0
ZTF23abjkofv,0,0,1,1,0,1,0,1,0,1,0
ZTF23abjkoih,0,1,0,1,0,1,0,0,1,1,0
ZTF23abjkovl,0,1,0,1,0,1,0,0,1,1,0
ZTF23abjkptg,1,0,0,0,0,0,0,0,0,0,0
ZTF23abjkqsz,0,1,0,1,0,0,1,1,0,1,0
ZTF23abjktyf,0,1,0,1,0,1,0,1,0,0,1
ZTF23abjkwfu,0,1,0,1,0,1,0,0,1,1,0
ZTF23abjkwog,0,1,0,1,0,1,0,1,0,0,1
ZTF23abjkxah,0,0,1,1,0,1,0,1,0,1,0
ZTF23abjlbev,0,1,0,1,0,1,0,0,1,1,0
ZTF23abjlbys,0,0,1,1,0,1,0,1,0,1,0
ZTF23abjlcbz,0,0,1,1,0,1,0,1,0,1,0
ZTF23abjlids,0,1,0,1,0,1,0,0,1,1,0
ZTF23abjlnoe,0,1,0,1,0,1,0,1,0,0,1
ZTF23abjlwrq,0,1,0,1,0,1,0,0,1,1,0
ZTF23abjmanu,0,1,0,1,0,1,0,0,1,1,0
ZTF23abjmmep,0,1,0,1,0,1,0,0,1,1,0
ZTF23abjoiug,0,1,0,1,0,0,1,1,0,1,0
ZTF23abjopbc,0,1,0,1,0,1,0,0,1,1,0
ZTF23abjopuz,1,0,0,0,0,0,0,0,0,0,0
ZTF23abjpcza,0,0,1,1,0,1,0,1,0,1,0
ZTF23abjpoou,0,1,0,1,0,1,0,0,1,1,0
ZTF23abjpsyy,1,0,0,0,0,0,0,0,0,0,0
ZTF23abjqfde,0,1,0,0,1,1,0,1,0,1,0
ZTF23abjrbzx,0,1,0,1,0,1,0,1,0,0,1
ZTF23abjrdem,1,0,0,0,0,0,0,0,0,0,0
ZTF23abjreeb,0,1,0,1,0,1,0,0,1,1,0
ZTF23abjrerh,1,0,0,0,0,0,0,0,0,0,0
ZTF23abjrgoy,0,0,1,1,0,1,0,1,0,1,0
ZTF23abjrhqc,1,0,0,0,0,0,0,0,0,0,0
ZTF23abjrmon,0,1,0,1,0,1,0,1,0,0,1
ZTF23abjrolf,0,1,0,0,1,1,0,1,0,1,0
ZTF23abjrolk,0,1,0,1,0,1,0,1,0,0,1
ZTF23abjrpnf,0,1,0,1,0,1,0,1,0,0,1
ZTF23abjrpqn,0,1,0,1,0,1,0,1,0,0,1
ZTF23abjrpxl,0,1,0,1,0,0,1,1,0,1,0
ZTF23abjrsal,0,1,0,1,0,0,1,1,0,1,0
ZTF23abjsiqb,0,1,0,1,0,0,1,1,0,1,0
ZTF23abjsjac,0,0,1,1,0,1,0,1,0,1,0
ZTF23abjspqw,0,1,0,1,0,1,0,1,0,0,1
ZTF23abjssng,0,1,0,1,0,0,1,1,0,1,0
ZTF23abjstcg,0,1,0,1,0,0,1,1,0,1,0
ZTF23abjsthx,0,0,1,1,0,1,0,1,0,1,0
ZTF23abjsvab,1,0,0,0,0,0,0,0,0,0,0
ZTF23abjswtw,0,1,0,1,0,1,0,1,0,0,1
ZTF23abjswzx,0,1,0,0,1,1,0,1,0,1,0
ZTF23abjsxkj,0,1,0,1,0,0,1,1,0,1,0
ZTF23abjsxsf,1,0,0,0,0,0,0,0,0,0,0
ZTF23abjsxxg,0,0,1,1,0,1,0,1,0,1,0
ZTF23abjsydp,0,1,0,0,1,1,0,1,0,1,0
ZTF23abjtesj,0,1,0,1,0,1,0,1,0,0,1
ZTF23abjtkkz,0,1,0,0,1,1,0,1,0,1,0
ZTF23abjtmht,0,1,0,0,1,1,0,1,0,1,0
ZTF23abjtozz,0,0,1,1,0,1,0,1,0,1,0
ZTF23abjtqoy,1,0,0,0,0,0,0,0,0,0,0
ZTF23abjttuj,0,1,0,1,0,0,1,1,0,1,0
ZTF23abjtxez,0,1,0,1,0,1,0,0,1,1,0
ZTF23abjtxza,0,0,1,1,0,1,0,1,0,1,0
ZTF23abjuviy,1,0,0,0,0,0,0,0,0,0,0
ZTF23abjuzom,0,0,1,1,0,1,0,1,0,1,0
ZTF23abjuzuw,0,1,0,1,0,1,0,0,1,1,0
ZTF23abjvckf,1,0,0,0,0,0,0,0,0,0,0
ZTF23abjvgsg,0,1,0,1,0,1,0,0,1,1,0
ZTF23abjvhne,0,0,1,1,0,1,0,1,0,1,0
ZTF23abjvozl,1,0,0,0,0,0,0,0,0,0,0
ZTF23abjwblv,0,1,0,1,0,1,0,0,1,1,0
ZTF23abjwegr,0,1,0,0,1,1,0,1,0,1,0
ZTF23abjwfjb,0,1,0,1,0,0,1,1,0,1,0
ZTF23abjwgre,0,1,0,1,0,0,1,1,0,1,0
ZTF23abjwhun,1,0,0,0,0,0,0,0,0,0,0
ZTF23abjwuti,0,1,0,0,1,1,0,1,0,1,0
ZTF23abjxcfx,0,1,0,1,0,1,0,1,0,0,1
ZTF23abjybfk,0,0,1,1,0,1,0,1,0,1,0
ZTF23abjycle,0,1,0,0,1,1,0,1,0,1,0
ZTF23abjygmj,0,1,0,0,1,1,0,1,0,1,0
ZTF23abjyjpb,0,1,0,0,1,1,0,1,0,1,0
ZTF23abjytzt,0,0,1,1,0,1,0,1,0,1,0
ZTF23abjyups,0,1,0,0,1,1,0,1,0,1,0
ZTF23abjyvco,0,1,0,1,0,0,1,1,0,1,0
ZTF23abjywac,0,1,0,1,0,0,1,1,0,1,0
ZTF23abjyxff,0,1,0,1,0,0,1,1,0,1,0
ZTF23abjzcde,1,0,0,0,0,0,0,0,0,0,0
ZTF23abkaait,1,0,0,0,0,0,0,0,0,0,0
ZTF23abkaalx,0,1,0,1,0,1,0,0,1,1,0
ZTF23abkaczi,0,1,0,1,0,0,1,1,0,1,0
ZTF23abkaghs,0,1,0,0,1,1,0,1,0,1,0
ZTF23abkahpo,0,1,0,0,1,1,0,1,0,1,0
ZTF23abkaijq,0,1,0,1,0,1,0,1,0,0,1
ZTF23abkawxc,0,1,0,0,1,1,0,1,0,1,0
ZTF23abkbaye,1,0,0,0,0,0,0,0,0,0,0
ZTF23abkbijk,0,1,0,1,0,0,1,1,0,1,0
ZTF23abkbkus,0,1,0,1,0,1,0,0,1,1,0
ZTF23abkbqjk,0,1,0,0,1,1,0,1,0,1,0
ZTF23abkbrox,0,1,0,1,0,1,0,0,1,1,0
ZTF23abkcazt,0,1,0,0,1,1,0,1,0,1,0
ZTF23abkdubl,0,1,0,1,0,1,0,0,1,1,0
ZTF23abkdvtd,0,1,0,1,0,0,1,1,0,1,0
ZTF23abkdzxh,0,1,0,1,0,1,0,1,0,0,1
ZTF23abkeibf,0,1,0,1,0,1,0,0,1,1,0
ZTF23abkeolw,0,1,0,1,0,1,0,0,1,1,0
ZTF23abkfelm,0,1,0,1,0,0,1,1,0,1,0
ZTF23abkffbm,0,1,0,1,0,1,0,0,1,1,0
ZTF23abkfpsh,0,1,0,1,0,1,0,1,0,0,1
ZTF23abkfyek,0,1,0,0,1,1,0,1,0,1,0
ZTF23abkgaiv,0,1,0,1,0,1,0,0,1,1,0
ZTF23abkgjbl,0,1,0,1,0,0,1,1,0,1,0
ZTF23abkgtem,1,0,0,0,0,0,0,0,0,0,0
ZTF23abkgvxk,0,1,0,1,0,1,0,1,0,0,1
ZTF23abkhbcm,0,1,0,1,0,0,1,1,0,1,0
ZTF23abkhbda,0,1,0,1,0,1,0,0,1,1,0
ZTF23abkhhlo,0,1,0,1,0,1,0,1,0,0,1
ZTF23abkhmte,0,0,1,1,0,1,0,1,0,1,0
ZTF23abkhtda,0,1,0,1,0,1,0,1,0,0,1
ZTF23abkhtxc,0,1,0,1,0,1,0,0,1,1,0
ZTF23abkhvqk,0,1,0,1,0,1,0,1,0,0,1
ZTF23abkhwgb,0,0,1,1,0,1,0,1,0,1,0
ZTF23abkihyb,0,1,0,0,1,1,0,1,0,1,0
ZTF23abkiouq,0,1,0,1,0,1,0,0,1,1,0
ZTF23abkiovn,0,0,1,1,0,1,0,1,0,1,0
ZTF23abkipxj,0,1,0,1,0,1,0,0,1,1,0
ZTF23abkiwxh,1,0,0,0,0,0,0,0,0,0,0
ZTF23abkixct,0,1,0,1,0,1,0,0,1,1,0
ZTF23abkixdb,0,1,0,1,0,0,1,1,0,1,0
ZTF23abkixfb,1,0,0,0,0,0,0,0,0,0,0
ZTF23abkizzm,0,1,0,1,0,1,0,1,0,0,1
ZTF23abkjgvr,1,0,0,0,0,0,0,0,0,0,0
ZTF23abkjiwv,0,1,0,1,0,1,0,1,0,0,1
ZTF23abkjiyg,1,0,0,0,0,0,0,0,0,0,0
ZTF23abkjmzu,1,0,0,0,0,0,0,0,0,0,0
ZTF23abkjoij,0,1,0,1,0,0,1,1,0,1,0
ZTF23abkjoke,0,1,0,1,0,1,0,1,0,0,1
ZTF23abkjsmr,0,1,0,0,1,1,0,1,0,1,0
ZTF23abkjwqi,1,0,0,0,0,0,0,0,0,0,0
ZTF23abkkajk,0,1,0,0,1,1,0,1,0,1,0
ZTF23abkkcgl,0,1,0,1,0,1,0,0,1,1,0
ZTF23abkkcii,0,1,0,0,1,1,0,1,0,1,0
ZTF23abkklxm,0,0,1,1,0,1,0,1,0,1,0
ZTF23abkmdma,1,0,0,0,0,0,0,0,0,0,0
ZTF23abkmppy,0,1,0,1,0,0,1,1,0,1,0
ZTF23abknabr,0,1,0,1,0,1,0,0,1,1,0
ZTF23abknafy,0,1,0,0,1,1,0,1,0,1,0
ZTF23abkoqep,0,1,0,1,0,1,0,0,1,1,0
ZTF23abkoqof,0,1,0,1,0,1,0,0,1,1,0
ZTF23abkorat,1,0,0,0,0,0,0,0,0,0,0
ZTF23abkosbk,0,0,1,1,0,1,0,1,0,1,0
ZTF23abkoshi,0,1,0,1,0,0,1,1,0,1,0
ZTF23abkoyck,0,1,0,1,0,0,1,1,0,1,0
ZTF23abkpfki,0,1,0,0,1,1,0,1,0,1,0
ZTF23abkphqc,1,0,0,0,0,0,0,0,0,0,0
ZTF23abkpino,0,1,0,1,0,1,0,1,0,0,1
ZTF23abkplwl,1,0,0,0,0,0,0,0,0,0,0
ZTF23abkplyh,0,1,0,1,0,1,0,1,0,0,1
ZTF23abkpmsk,0,1,0,0,1,1,0,1,0,1,0
ZTF23abkpmud,0,1,0,1,0,1,0,1,0,0,1
ZTF23abkqnvz,0,1,0,1,0,1,0,1,0,0,1
ZTF23abksqxr,0,1,0,1,0,1,0,1,0,0,1
ZTF23abkszcf,0,1,0,1,0,1,0,0,1,1,0
ZTF23abkteon,0,0,1,1,0,1,0,1,0,1,0
ZTF23abktgff,0,1,0,1,0,1,0,0,1,1,0
ZTF23abktnsr,1,0,0,0,0,0,0,0,0,0,0
ZTF23abktotp,0,1,0,0,1,1,0,1,0,1,0
ZTF23abktpit,0,0,1,1,0,1,0,1,0,1,0
ZTF23abkuaea,0,1,0,1,0,1,0,1,0,0,1
ZTF23abkuepl,0,0,1,1,0,1,0,1,0,1,0
ZTF23abkujfn,0,0,1,1,0,1,0,1,0,1,0
ZTF23abkujrx,0,1,0,0,1,1,0,1,0,1,0
ZTF23abkuyoe,0,0,1,1,0,1,0,1,0,1,0
ZTF23abkwgrs,1,0,0,0,0,0,0,0,0,0,0
ZTF23abkwjpp,0,0,1,1,0,1,0,1,0,1,0
ZTF23abkwyfi,0,1,0,1,0,0,1,1,0,1,0
ZTF23abkxlji,0,1,0,1,0,0,1,1,0,1,0
ZTF23abkybou,0,1,0,0,1,1,0,1,0,1,0
ZTF23abkydlr,0,1,0,1,0,1,0,1,0,0,1
ZTF23abkyhhi,0,0,1,1,0,1,0,1,0,1,0
ZTF23abkykzi,0,1,0,1,0,1,0,0,1,1,0
ZTF23abkyroe,0,1,0,1,0,1,0,0,1,1,0
ZTF23abkzugi,0,0,1,1,0,1,0,1,0,1,0
ZTF23ablaiml,0,1,0,1,0,0,1,1,0,1,0
ZTF23ablaoeh,0,1,0,1,0,1,0,1,0,0,1
ZTF23ablauwx,0,1,0,1,0,0,1,1,0,1,0
ZTF23ablavhx,1,0,0,0,0,0,0,0,0,0,0
ZTF23ablaxoz,0,1,0,0,1,1,0,1,0,1,0
ZTF23ablayfo,0,1,0,0,1,1,0,1,0,1,0
ZTF23ablbzel,0,0,1,1,0,1,0,1,0,1,0
ZTF23ablcyzu,0,1,0,1,0,0,1,1,0,1,0
ZTF23ablesao,0,1,0,0,1,1,0,1,0,1,0
ZTF23ablesby,0,1,0,0,1,1,0,1,0,1,0
ZTF23ableyra,0,1,0,1,0,0,1,1,0,1,0
ZTF23ablezwb,0,1,0,0,1,1,0,1,0,1,0
ZTF23ablfezf,0,1,0,1,0,1,0,1,0,0,1
ZTF23ablffia,1,0,0,0,0,0,0,0,0,0,0
ZTF23ablfhzl,1,0,0,0,0,0,0,0,0,0,0
ZTF23ablfjyy,1,0,0,0,0,0,0,0,0,0,0
ZTF23ablfkge,0,1,0,0,1,1,0,1,0,1,0
ZTF23ablfktl,1,0,0,0,0,0,0,0,0,0,0
ZTF23ablfmpm,0,1,0,0,1,1,0,1,0,1,0
ZTF23ablftmq,0,1,0,1,0,1,0,0,1,1,0
ZTF23ablfvry,1,0,0,0,0,0,0,0,0,0,0
ZTF23ablgmvo,0,0,1,1,0,1,0,1,0,1,0
ZTF23ablhgon,1,0,0,0,0,0,0,0,0,0,0
ZTF23ablhyke,0,1,0,1,0,1,0,1,0,0,1
ZTF23abliddq,0,1,0,1,0,1,0,0,1,1,0
ZTF23ablimhl,0,0,1,1,0,1,0,1,0,1,0
ZTF23ablimhz,1,0,0,0,0,0,0,0,0,0,0
ZTF23ablivvn,0,1,0,1,0,1,0,1,0,0,1
ZTF23ablizoj,0,0,1,1,0,1,0,1,0,1,0
ZTF23abljogj,0,1,0,0,1,1,0,1,0,1,0
ZTF23abljrtg,0,1,0,1,0,1,0,1,0,0,1
ZTF23abljxac,0,0,1,1,0,1,0,1,0,1,0
ZTF23ablkbom,0,1,0,0,1,1,0,1,0,1,0
ZTF23ablkpfy,0,1,0,1,0,0,1,1,0,1,0
ZTF23ablkrev,0,1,0,1,0,1,0,1,0,0,1
ZTF23abllyph,0,1,0,1,0,1,0,1,0,0,1
ZTF23ablmdoo,0,1,0,1,0,0,1,1,0,1,0
ZTF23ablmhhj,1,0,0,0,0,0,0,0,0,0,0
ZTF23ablmlqi,0,1,0,1,0,1,0,1,0,0,1
ZTF23ablmrep,0,1,0,0,1,1,0,1,0,1,0
ZTF23ablmvdi,0,1,0,1,0,1,0,1,0,0,1
ZTF23ablmyjq,0,1,0,1,0,1,0,1,0,0,1
ZTF23ablnlob,0,0,1,1,0,1,0,1,0,1,0
ZTF23ablnlwm,0,1,0,1,0,1,0,0,1,1,0
ZTF23ablnqxh,1,0,0,0,0,0,0,0,0,0,0
ZTF23ablobdp,1,0,0,0,0,0,0,0,0,0,0
ZTF23ablomyj,1,0,0,0,0,0,0,0,0,0,0
ZTF23ablonao,0,1,0,0,1,1,0,1,0,1,0
ZTF23ablonbw,0,0,1,1,0,1,0,1,0,1,0
ZTF23ablpbwc,0,1,0,1,0,0,1,1,0,1,0
ZTF23ablpfnb,0,1,0,1,0,1,0,0,1,1,0
ZTF23ablpjec,0,1,0,1,0,0,1,1,0,1,0
ZTF23ablplhd,1,0,0,0,0,0,0,0,0,0,0
ZTF23ablpuae,0,1,0,1,0,0,1,1,0,1,0
ZTF23ablpysm,0,1,0,1,0,0,1,1,0,1,0
ZTF23ablriej,0,1,0,1,0,0,1,1,0,1,0
ZTF23ablswor,0,0,1,1,0,1,0,1,0,1,0
ZTF23abltwjy,0,1,0,0,1,1,0,1,0,1,0
ZTF23ablutgq,0,1,0,1,0,1,0,0,1,1,0
ZTF23ablutiz,0,1,0,0,1,1,0,1,0,1,0
ZTF23abluyxz,0,1,0,1,0,0,1,1,0,1,0
ZTF23ablvlxx,0,0,1,1,0,1,0,1,0,1,0
ZTF23ablvnin,0,1,0,1,0,1,0,0,1,1,0
ZTF23ablvnyz,0,1,0,1,0,1,0,0,1,1,0
ZTF23ablvoau,0,1,0,1,0,1,0,0,1,1,0
ZTF23ablvoiu,0,1,0,1,0,1,0,1,0,0,1
ZTF23ablvrpc,0,1,0,0,1,1,0,1,0,1,0
ZTF23ablvsxn,1,0,0,0,0,0,0,0,0,0,0
ZTF23ablzojk,0,1,0,1,0,1,0,1,0,0,1
ZTF23ablzqam,0,1,0,1,0,0,1,1,0,1,0
ZTF23ablzvja,0,1,0,1,0,1,0,1,0,0,1
ZTF23abmbmil,1,0,0,0,0,0,0,0,0,0,0
ZTF23abmbqnf,0,1,0,1,0,1,0,0,1,1,0
ZTF23abmbtef,0,1,0,1,0,1,0,0,1,1,0
ZTF23abmbvgu,0,1,0,1,0,1,0,1,0,0,1
ZTF23abmbwbo,1,0,0,0,0,0,0,0,0,0,0
ZTF23abmddey,0,1,0,1,0,1,0,1,0,0,1
ZTF23abmeemj,0,1,0,1,0,1,0,1,0,0,1
ZTF23abmgajh,1,0,0,0,0,0,0,0,0,0,0
ZTF23abmgnbk,0,0,1,1,0,1,0,1,0,1,0
ZTF23abmgofm,0,1,0,1,0,0,1,1,0,1,0
ZTF23abmhebk,0,1,0,1,0,1,0,1,0,0,1
ZTF23abmhfjs,0,1,0,1,0,1,0,0,1,1,0
ZTF23abmhggb,0,1,0,0,1,1,0,1,0,1,0
ZTF23abmhhxy,0,1,0,0,1,1,0,1,0,1,0
ZTF23abmhigs,0,1,0,1,0,1,0,0,1,1,0
ZTF23abmibzv,0,0,1,1,0,1,0,1,0,1,0
ZTF23abmijjv,0,0,1,1,0,1,0,1,0,1,0
ZTF23abmijjw,1,0,0,0,0,0,0,0,0,0,0
ZTF23abmiwqj,0,1,0,1,0,0,1,1,0,1,0
ZTF23abmjdnp,0,0,1,1,0,1,0,1,0,1,0
ZTF23abmjitq,1,0,0,0,0,0,0,0,0,0,0
ZTF23abmjtsw,0,1,0,1,0,1,0,0,1,1,0
ZTF23abmkgxs,0,1,0,1,0,1,0,0,1,1,0
ZTF23abmkhme,0,1,0,1,0,1,0,0,1,1,0
ZTF23abmknqf,0,1,0,1,0,1,0,0,1,1,0
ZTF23abmlesg,0,1,0,1,0,1,0,0,1,1,0
ZTF23abmmags,1,0,0,0,0,0,0,0,0,0,0
ZTF23abmodbf,0,0,1,1,0,1,0,1,0,1,0
ZTF23abmosvx,0,1,0,1,0,1,0,0,1,1,0
ZTF23abmoycs,0,1,0,1,0,1,0,1,0,0,1
ZTF23abmoysc,1,0,0,0,0,0,0,0,0,0,0
ZTF23abmpabn,0,1,0,1,0,1,0,1,0,0,1
ZTF23abmpjok,0,1,0,0,1,1,0,1,0,1,0
ZTF23abmponx,0,1,0,1,0,0,1,1,0,1,0
ZTF23abmqxpm,0,1,0,0,1,1,0,1,0,1,0
ZTF23abmrmvn,0,1,0,1,0,1,0,1,0,0,1
ZTF23abmrqgw,0,1,0,0,1,1,0,1,0,1,0
ZTF23abmrqwj,0,1,0,1,0,0,1,1,0,1,0
ZTF23abmryzo,0,0,1,1,0,1,0,1,0,1,0
ZTF23abmsmzq,0,1,0,1,0,1,0,0,1,1,0
ZTF23abmsoee,0,1,0,1,0,0,1,1,0,1,0
ZTF23abmsovz,0,1,0,1,0,0,1,1,0,1,0
ZTF23abmsupn,0,1,0,1,0,1,0,0,1,1,0
ZTF23abmtcsz,1,0,0,0,0,0,0,0,0,0,0
ZTF23abmtcuz,0,1,0,1,0,1,0,1,0,0,1
ZTF23abmuyqd,0,1,0,1,0,1,0,1,0,0,1
ZTF23abmwjvk,0,0,1,1,0,1,0,1,0,1,0
ZTF23abmwjyi,0,0,1,1,0,1,0,1,0,1,0
ZTF23abmwktx,0,0,1,1,0,1,0,1,0,1,0
ZTF23abmwmsm,0,1,0,1,0,1,0,0,1,1,0
ZTF23abmwnla,0,1,0,1,0,1,0,1,0,0,1
ZTF23abmwoho,0,0,1,1,0,1,0,1,0,1,0
ZTF23abmwrnj,0,0,1,1,0,1,0,1,0,1,0
ZTF23abmxiuy,0,0,1,1,0,1,0,1,0,1,0
ZTF23abmxkps,0,1,0,0,1,1,0,1,0,1,0
ZTF23abmyhqf,0,0,1,1,0,1,0,1,0,1,0
ZTF23abmytlv,1,0,0,0,0,0,0,0,0,0,0
ZTF23abmywkd,1,0,0,0,0,0,0,0,0,0,0
ZTF23abmzebo,0,1,0,1,0,1,0,1,0,0,1
ZTF23abmzigo,1,0,0,0,0,0,0,0,0,0,0
ZTF23abmzqau,1,0,0,0,0,0,0,0,0,0,0
ZTF23abnbgfb,0,1,0,1,0,0,1,1,0,1,0
ZTF23abncnlb,0,1,0,1,0,1,0,1,0,0,1
ZTF23abncoap,0,1,0,1,0,1,0,0,1,1,0
ZTF23abncpbt,0,1,0,1,0,1,0,1,0,0,1
ZTF23abncsbt,1,0,0,0,0,0,0,0,0,0,0
ZTF23abncyct,0,1,0,0,1,1,0,1,0,1,0
ZTF23abnhsxc,0,1,0,0,1,1,0,1,0,1,0
ZTF23abnhtfx,0,1,0,0,1,1,0,1,0,1,0
ZTF23abnhxme,0,0,1,1,0,1,0,1,0,1,0
ZTF23abnixre,0,1,0,1,0,1,0,0,1,1,0
ZTF23abnizqj,0,1,0,1,0,0,1,1,0,1,0
ZTF23abnjkos,0,1,0,1,0,1,0,1,0,0,1
ZTF23abnjkys,0,1,0,0,1,1,0,1,0,1,0
ZTF23abnjlhr,0,1,0,0,1,1,0,1,0,1,0
ZTF23abnjlmc,0,1,0,0,1,1,0,1,0,1,0
ZTF23abnjlnu,0,1,0,1,0,1,0,0,1,1,0
ZTF23abnjpgi,0,1,0,0,1,1,0,1,0,1,0
ZTF23abnjqpb,0,1,0,0,1,1,0,1,0,1,0
ZTF23abnjwnx,0,0,1,1,0,1,0,1,0,1,0
ZTF23abnjxaw,1,0,0,0,0,0,0,0,0,0,0
ZTF23abnjyqi,1,0,0,0,0,0,0,0,0,0,0
ZTF23abnkbwt,0,1,0,0,1,1,0,1,0,1,0
ZTF23abnkhmk,0,1,0,1,0,0,1,1,0,1,0
ZTF23abnkwpb,1,0,0,0,0,0,0,0,0,0,0
ZTF23abnlatf,1,0,0,0,0,0,0,0,0,0,0
ZTF23abnlexe,0,1,0,0,1,1,0,1,0,1,0
ZTF23abnllac,0,1,0,1,0,0,1,1,0,1,0
ZTF23abnogui,0,1,0,0,1,1,0,1,0,1,0
ZTF23abnoike,0,1,0,1,0,0,1,1,0,1,0
ZTF23abnoilr,0,1,0,0,1,1,0,1,0,1,0
ZTF23abnonqr,0,0,1,1,0,1,0,1,0,1,0
ZTF23abnoqbo,0,1,0,1,0,0,1,1,0,1,0
ZTF23abnorcc,1,0,0,0,0,0,0,0,0,0,0
ZTF23abnozqn,1,0,0,0,0,0,0,0,0,0,0
ZTF23abnpddd,0,1,0,1,0,0,1,1,0,1,0
ZTF23abnpjlt,0,1,0,0,1,1,0,1,0,1,0
ZTF23abnppel,0,1,0,1,0,1,0,1,0,0,1
ZTF23abnprwj,0,1,0,1,0,0,1,1,0,1,0
ZTF23abnreud,0,1,0,0,1,1,0,1,0,1,0
ZTF23abnrfyf,0,1,0,1,0,0,1,1,0,1,0
ZTF23abnrkdy,0,1,0,1,0,0,1,1,0,1,0
ZTF23abnrmro,0,1,0,1,0,0,1,1,0,1,0
ZTF23abnrtcb,1,0,0,0,0,0,0,0,0,0,0
ZTF23abnskkt,0,1,0,1,0,1,0,0,1,1,0
ZTF23abnxcty,0,0,1,1,0,1,0,1,0,1,0
ZTF23abnxxnn,0,1,0,1,0,0,1,1,0,1,0
ZTF23abnymxl,0,0,1,1,0,1,0,1,0,1,0
ZTF23abnyvka,0,0,1,1,0,1,0,1,0,1,0
ZTF23abnzntm,0,1,0,1,0,1,0,0,1,1,0
ZTF23aboagdd,0,0,1,1,0,1,0,1,0,1,0
ZTF23aboahac,0,1,0,1,0,1,0,1,0,0,1
ZTF23aboauiy,0,1,0,1,0,0,1,1,0,1,0
ZTF23abobbkm,0,1,0,0,1,1,0,1,0,1,0
ZTF23abobsse,1,0,0,0,0,0,0,0,0,0,0
ZTF23abobwsd,0,1,0,1,0,1,0,1,0,0,1
ZTF23aboehuu,0,0,1,1,0,1,0,1,0,1,0
ZTF23aboeikq,1,0,0,0,0,0,0,0,0,0,0
ZTF23aboejiq,1,0,0,0,0,0,0,0,0,0,0
ZTF23aboekev,0,0,1,1,0,1,0,1,0,1,0
ZTF23aboemdv,1,0,0,0,0,0,0,0,0,0,0
ZTF23aboenmn,0,1,0,0,1,1,0,1,0,1,0
ZTF23aboeozn,0,0,1,1,0,1,0,1,0,1,0
ZTF23aboepri,0,1,0,0,1,1,0,1,0,1,0
ZTF23aboerbs,0,1,0,0,1,1,0,1,0,1,0
ZTF23aboesot,0,1,0,1,0,1,0,0,1,1,0
ZTF23aboesxm,0,1,0,1,0,1,0,0,1,1,0
ZTF23aboetce,0,1,0,1,0,0,1,1,0,1,0
ZTF23aboewad,0,1,0,0,1,1,0,1,0,1,0
ZTF23aboewmj,0,1,0,1,0,0,1,1,0,1,0
ZTF23aboffne,1,0,0,0,0,0,0,0,0,0,0
ZTF23aboffvn,0,1,0,1,0,1,0,1,0,0,1
ZTF23abofkgy,0,1,0,1,0,1,0,0,1,1,0
ZTF23abofnti,0,1,0,1,0,0,1,1,0,1,0
ZTF23abofyzh,0,0,1,1,0,1,0,1,0,1,0
ZTF23abogana,1,0,0,0,0,0,0,0,0,0,0
ZTF23abogaow,0,1,0,1,0,1,0,1,0,0,1
ZTF23abogdfv,0,1,0,1,0,0,1,1,0,1,0
ZTF23abogdzb,0,1,0,1,0,1,0,0,1,1,0
ZTF23abognaz,0,1,0,1,0,0,1,1,0,1,0
ZTF23abognnq,1,0,0,0,0,0,0,0,0,0,0
ZTF23abogprc,0,1,0,0,1,1,0,1,0,1,0
ZTF23abogqdn,0,1,0,0,1,1,0,1,0,1,0
ZTF23abogvfn,0,1,0,1,0,1,0,1,0,0,1
ZTF23abogvhe,1,0,0,0,0,0,0,0,0,0,0
ZTF23abogvvj,0,1,0,1,0,1,0,1,0,0,1
ZTF23abogwmg,0,0,1,1,0,1,0,1,0,1,0
ZTF23abohagi,0,1,0,1,0,1,0,1,0,0,1
ZTF23abohckz,1,0,0,0,0,0,0,0,0,0,0
ZTF23abohhif,0,1,0,1,0,1,0,0,1,1,0
ZTF23abohjok,0,1,0,1,0,1,0,1,0,0,1
ZTF23abohxen,0,1,0,1,0,1,0,1,0,0,1
ZTF23aboicxj,0,1,0,0,1,1,0,1,0,1,0
ZTF23aboilcq,0,0,1,1,0,1,0,1,0,1,0
ZTF23aboixaz,0,1,0,1,0,1,0,0,1,1,0
ZTF23abojfcm,0,1,0,1,0,1,0,1,0,0,1
ZTF23abojgzx,0,1,0,0,1,1,0,1,0,1,0
ZTF23abojhab,0,1,0,1,0,1,0,1,0,0,1
ZTF23abojitf,0,1,0,1,0,1,0,0,1,1,0
ZTF23abojjkh,1,0,0,0,0,0,0,0,0,0,0
ZTF23abojjzp,0,1,0,1,0,1,0,0,1,1,0
ZTF23abojliz,0,0,1,1,0,1,0,1,0,1,0
ZTF23abojoct,0,1,0,1,0,0,1,1,0,1,0
ZTF23abojogf,0,0,1,1,0,1,0,1,0,1,0
ZTF23abojorz,0,0,1,1,0,1,0,1,0,1,0
ZTF23abojrkp,0,1,0,1,0,0,1,1,0,1,0
ZTF23abokgcv,1,0,0,0,0,0,0,0,0,0,0
ZTF23abokhba,0,1,0,1,0,1,0,1,0,0,1
ZTF23abokhwf,0,0,1,1,0,1,0,1,0,1,0
ZTF23abokkne,0,0,1,1,0,1,0,1,0,1,0
ZTF23aboklcv,1,0,0,0,0,0,0,0,0,0,0
ZTF23abokngu,1,0,0,0,0,0,0,0,0,0,0
ZTF23abokojx,0,1,0,0,1,1,0,1,0,1,0
ZTF23abokwja,0,1,0,1,0,0,1,1,0,1,0
ZTF23abokzlc,0,1,0,1,0,1,0,1,0,0,1
ZTF23abolgqe,0,1,0,1,0,1,0,0,1,1,0
ZTF23abolkfv,0,1,0,1,0,1,0,0,1,1,0
ZTF23abolkiw,1,0,0,0,0,0,0,0,0,0,0
ZTF23abolktw,1,0,0,0,0,0,0,0,0,0,0
ZTF23abolrhv,0,1,0,1,0,1,0,1,0,0,1
ZTF23aboluhh,0,1,0,1,0,1,0,1,0,0,1
ZTF23abomtge,0,1,0,0,1,1,0,1,0,1,0
ZTF23abomtjc,0,1,0,0,1,1,0,1,0,1,0
ZTF23abongjc,1,0,0,0,0,0,0,0,0,0,0
ZTF23abongxq,1,0,0,0,0,0,0,0,0,0,0
ZTF23abonhbg,0,0,1,1,0,1,0,1,0,1,0
ZTF23abonikd,0,1,0,1,0,0,1,1,0,1,0
ZTF23aboniqi,0,0,1,1,0,1,0,1,0,1,0
ZTF23abonkcg,0,1,0,1,0,1,0,1,0,0,1
ZTF23abonmcm,1,0,0,0,0,0,0,0,0,0,0
ZTF23abonmwk,1,0,0,0,0,0,0,0,0,0,0
ZTF23abonomm,0,1,0,1,0,0,1,1,0,1,0
ZTF23abonrcv,0,1,0,1,0,1,0,1,0,0,1
ZTF23abooiyh,0,1,0,0,1,1,0,1,0,1,0
ZTF23abookzh,0,1,0,1,0,1,0,1,0,0,1
ZTF23abooocr,0,1,0,1,0,0,1,1,0,1,0
ZTF23abooono,1,0,0,0,0,0,0,0,0,0,0
ZTF23aboopuw,0,1,0,0,1,1,0,1,0,1,0
ZTF23aboopym,0,1,0,1,0,1,0,0,1,1,0
ZTF23abooreg,0,1,0,0,1,1,0,1,0,1,0
ZTF23aboosqq,1,0,0,0,0,0,0,0,0,0,0
ZTF23abopfht,0,1,0,0,1,1,0,1,0,1,0
ZTF23abopjyr,0,1,0,0,1,1,0,1,0,1,0
ZTF23abopltv,0,1,0,1,0,1,0,0,1,1,0
ZTF23abopoyt,0,0,1,1,0,1,0,1,0,1,0
ZTF23abopyex,1,0,0,0,0,0,0,0,0,0,0
ZTF23abopygy,0,1,0,1,0,0,1,1,0,1,0
ZTF23aboqbbw,0,1,0,1,0,1,0,1,0,0,1
ZTF23aboqlgp,1,0,0,0,0,0,0,0,0,0,0
ZTF23aboqoln,0,1,0,1,0,1,0,1,0,0,1
ZTF23aboqoqu,0,1,0,1,0,1,0,1,0,0,1
ZTF23aboromz,0,1,0,1,0,1,0,1,0,0,1
ZTF23abosdvq,0,1,0,1,0,1,0,1,0,0,1
ZTF23abotkwh,0,1,0,1,0,1,0,1,0,0,1
ZTF23abotnzu,0,1,0,1,0,1,0,0,1,1,0
ZTF23aboudlx,1,0,0,0,0,0,0,0,0,0,0
ZTF23aboudzv,0,1,0,1,0,1,0,0,1,1,0
ZTF23abouleh,0,1,0,0,1,1,0,1,0,1,0
ZTF23aboumap,1,0,0,0,0,0,0,0,0,0,0
ZTF23abouyrg,0,1,0,1,0,0,1,1,0,1,0
ZTF23abouyxs,0,1,0,1,0,1,0,1,0,0,1
ZTF23abouznb,0,1,0,1,0,0,1,1,0,1,0
ZTF23abouzue,0,0,1,1,0,1,0,1,0,1,0
ZTF23abovaur,0,1,0,1,0,1,0,1,0,0,1
ZTF23abovbvo,0,1,0,0,1,1,0,1,0,1,0
ZTF23abovcmf,0,1,0,0,1,1,0,1,0,1,0
ZTF23abovgrc,0,1,0,0,1,1,0,1,0,1,0
ZTF23abovpzh,1,0,0,0,0,0,0,0,0,0,0
ZTF23abovqyj,0,1,0,1,0,0,1,1,0,1,0
ZTF23abovtzb,0,1,0,1,0,1,0,0,1,1,0
ZTF23abovvas,0,1,0,1,0,1,0,0,1,1,0
ZTF23abowlyp,0,0,1,1,0,1,0,1,0,1,0
ZTF23abowmtf,0,1,0,1,0,1,0,0,1,1,0
ZTF23abowsfc,0,1,0,0,1,1,0,1,0,1,0
ZTF23abowste,0,1,0,1,0,1,0,0,1,1,0
ZTF23abowurk,0,0,1,1,0,1,0,1,0,1,0
ZTF23abowvez,1,0,0,0,0,0,0,0,0,0,0
ZTF23abowxqu,0,1,0,1,0,0,1,1,0,1,0
ZTF23abowxza,0,1,0,1,0,1,0,1,0,0,1
ZTF23abowyin,0,1,0,1,0,1,0,0,1,1,0
ZTF23abowyjf,0,1,0,1,0,1,0,1,0,0,1
ZTF23abowzap,0,1,0,0,1,1,0,1,0,1,0
ZTF23aboxgck,0,1,0,0,1,1,0,1,0,1,0
ZTF23aboxslj,0,1,0,1,0,1,0,1,0,0,1
ZTF23aboxsoi,0,1,0,0,1,1,0,1,0,1,0
ZTF23aboxyma,0,1,0,0,1,1,0,1,0,1,0
ZTF23aboyhbh,0,1,0,1,0,1,0,1,0,0,1
ZTF23abozdrp,0,0,1,1,0,1,0,1,0,1,0
ZTF23aboznsj,0,1,0,1,0,0,1,1,0,1,0
ZTF23abozobs,0,1,0,1,0,1,0,0,1,1,0
ZTF23abozpcs,0,1,0,1,0,0,1,1,0,1,0
ZTF23abozxbp,0,0,1,1,0,1,0,1,0,1,0
ZTF23abpaqgm,0,1,0,1,0,1,0,1,0,0,1
ZTF23abpauan,0,1,0,1,0,1,0,1,0,0,1
ZTF23abpbdfm,0,0,1,1,0,1,0,1,0,1,0
ZTF23abpbfgo,0,1,0,0,1,1,0,1,0,1,0
ZTF23abpbfur,0,0,1,1,0,1,0,1,0,1,0
ZTF23abpbgwy,0,1,0,1,0,1,0,1,0,0,1
ZTF23abpbgxa,0,1,0,1,0,0,1,1,0,1,0
ZTF23abpbuct,0,1,0,1,0,1,0,1,0,0,1
ZTF23abpbuha,0,1,0,1,0,1,0,0,1,1,0
ZTF23abpbuun,1,0,0,0,0,0,0,0,0,0,0
ZTF23abpbylq,0,1,0,1,0,1,0,1,0,0,1
ZTF23abpccpw,1,0,0,0,0,0,0,0,0,0,0
ZTF23abpccqq,1,0,0,0,0,0,0,0,0,0,0
ZTF23abpcgmc,0,1,0,0,1,1,0,1,0,1,0
ZTF23abpczng,0,0,1,1,0,1,0,1,0,1,0
ZTF23abpdaom,0,1,0,1,0,1,0,0,1,1,0
ZTF23abpdkmp,0,0,1,1,0,1,0,1,0,1,0
ZTF23abpdqvm,0,0,1,1,0,1,0,1,0,1,0
ZTF23abpdsmy,0,1,0,1,0,1,0,0,1,1,0
ZTF23abpdvtb,0,1,0,0,1,1,0,1,0,1,0
ZTF23abpetkw,0,1,0,1,0,1,0,0,1,1,0
ZTF23abpfaxb,1,0,0,0,0,0,0,0,0,0,0
ZTF23abpfidn,0,0,1,1,0,1,0,1,0,1,0
ZTF23abpgwjy,0,1,0,1,0,1,0,0,1,1,0
ZTF23abphonx,0,1,0,0,1,1,0,1,0,1,0
ZTF23abphrkf,0,1,0,1,0,1,0,0,1,1,0
ZTF23abphvio,0,1,0,1,0,0,1,1,0,1,0
ZTF23abpigrj,1,0,0,0,0,0,0,0,0,0,0
ZTF23abpihew,0,1,0,1,0,0,1,1,0,1,0
ZTF23abpiigx,0,1,0,1,0,1,0,1,0,0,1
ZTF23abpivoe,1,0,0,0,0,0,0,0,0,0,0
ZTF23abpjefb,1,0,0,0,0,0,0,0,0,0,0
ZTF23abpjgbp,1,0,0,0,0,0,0,0,0,0,0
ZTF23abpjipu,0,1,0,1,0,1,0,0,1,1,0
ZTF23abpjyfr,0,1,0,0,1,1,0,1,0,1,0
ZTF23abpjzlc,0,0,1,1,0,1,0,1,0,1,0
ZTF23abpkaqt,0,0,1,1,0,1,0,1,0,1,0
ZTF23abpkasl,0,1,0,0,1,1,0,1,0,1,0
ZTF23abpkdcp,0,1,0,1,0,1,0,0,1,1,0
ZTF23abpkfna,1,0,0,0,0,0,0,0,0,0,0
ZTF23abpknhn,0,1,0,1,0,0,1,1,0,1,0
ZTF23abpkyhw,1,0,0,0,0,0,0,0,0,0,0
ZTF23abplaox,0,1,0,0,1,1,0,1,0,1,0
ZTF23abplnzw,0,1,0,1,0,0,1,1,0,1,0
ZTF23abplooq,0,1,0,0,1,1,0,1,0,1,0
ZTF23abplqyk,0,1,0,1,0,1,0,1,0,0,1
ZTF23abpmenv,0,1,0,1,0,1,0,1,0,0,1
ZTF23abpnbhg,0,1,0,1,0,0,1,1,0,1,0
ZTF23abpnbtq,0,1,0,1,0,1,0,1,0,0,1
ZTF23abpncde,0,1,0,1,0,1,0,1,0,0,1
ZTF23abpncsr,0,0,1,1,0,1,0,1,0,1,0
ZTF23abpnddh,0,1,0,1,0,1,0,1,0,0,1
ZTF23abpndnh,0,1,0,0,1,1,0,1,0,1,0
ZTF23abpnlqe,0,1,0,1,0,1,0,1,0,0,1
ZTF23abppbgx,0,1,0,0,1,1,0,1,0,1,0
ZTF23abppbty,0,1,0,1,0,1,0,1,0,0,1
ZTF23abprgop,0,0,1,1,0,1,0,1,0,1,0
ZTF23abprwou,1,0,0,0,0,0,0,0,0,0,0
ZTF23abprycr,0,1,0,1,0,0,1,1,0,1,0
ZTF23abptxpu,0,1,0,1,0,0,1,1,0,1,0
ZTF23abpvsyb,0,1,0,0,1,1,0,1,0,1,0
ZTF23abpwkhp,1,0,0,0,0,0,0,0,0,0,0
ZTF23abpwsuo,0,1,0,1,0,0,1,1,0,1,0
ZTF23abpxxcw,0,1,0,1,0,1,0,1,0,0,1
ZTF23abpyclz,0,1,0,0,1,1,0,1,0,1,0
ZTF23abpylcs,0,1,0,1,0,0,1,1,0,1,0
ZTF23abpymue,0,1,0,1,0,0,1,1,0,1,0
ZTF23abpytxw,0,1,0,1,0,1,0,0,1,1,0
ZTF23abpyusq,0,1,0,1,0,1,0,0,1,1,0
ZTF23abpzcse,0,1,0,1,0,1,0,1,0,0,1
ZTF23abpzebq,0,1,0,1,0,1,0,0,1,1,0
ZTF23abpzfnk,0,0,1,1,0,1,0,1,0,1,0
ZTF23abpzknq,0,1,0,1,0,0,1,1,0,1,0
ZTF23abpzngv,1,0,0,0,0,0,0,0,0,0,0
ZTF23abpzofc,0,1,0,1,0,0,1,1,0,1,0
ZTF23abpzpil,0,1,0,0,1,1,0,1,0,1,0
ZTF23abpzqjb,1,0,0,0,0,0,0,0,0,0,0
ZTF23abpzrxi,0,1,0,0,1,1,0,1,0,1,0
ZTF23abpztri,0,1,0,1,0,0,1,1,0,1,0
ZTF23abpzvlg,0,1,0,1,0,0,1,1,0,1,0
ZTF23abpzvxa,0,1,0,1,0,1,0,1,0,0,1
ZTF23abpzwsg,0,1,0,1,0,1,0,0,1,1,0
ZTF23abpzwsn,1,0,0,0,0,0,0,0,0,0,0
ZTF23abpzwvx,0,1,0,1,0,1,0,0,1,1,0
ZTF23abpzwxd,1,0,0,0,0,0,0,0,0,0,0
ZTF23abpzyrr,0,1,0,1,0,1,0,1,0,0,1
ZTF23abpzzhu,0,1,0,1,0,1,0,0,1,1,0
ZTF23abqaaeq,0,1,0,1,0,1,0,0,1,1,0
ZTF23abqaasl,0,1,0,1,0,0,1,1,0,1,0
ZTF23abqadvd,0,1,0,1,0,0,1,1,0,1,0
ZTF23abqaihv,0,1,0,1,0,0,1,1,0,1,0
ZTF23abqaowe,0,1,0,1,0,1,0,1,0,0,1
ZTF23abqbfwi,0,1,0,1,0,0,1,1,0,1,0
ZTF23abqbiic,0,1,0,1,0,1,0,1,0,0,1
ZTF23abqbnkl,1,0,0,0,0,0,0,0,0,0,0
ZTF23abqbrcw,0,0,1,1,0,1,0,1,0,1,0
ZTF23abqbtam,0,1,0,1,0,1,0,1,0,0,1
ZTF23abqbuft,0,1,0,1,0,1,0,0,1,1,0
ZTF23abqcjaa,0,1,0,1,0,1,0,0,1,1,0
ZTF23abqconm,0,0,1,1,0,1,0,1,0,1,0
ZTF23abqcqhs,0,1,0,1,0,1,0,0,1,1,0
ZTF23abqdbeq,0,1,0,1,0,1,0,0,1,1,0
ZTF23abqdqtc,1,0,0,0,0,0,0,0,0,0,0
ZTF23abqdqti,0,1,0,1,0,0,1,1,0,1,0
ZTF23abqdxmt,0,0,1,1,0,1,0,1,0,1,0
ZTF23abqdzhl,1,0,0,0,0,0,0,0,0,0,0
ZTF23abqedqb,0,1,0,1,0,1,0,1,0,0,1
ZTF23abqemoa,0,1,0,1,0,0,1,1,0,1,0
ZTF23abqerxf,0,1,0,0,1,1,0,1,0,1,0
ZTF23abqfaho,0,1,0,1,0,1,0,1,0,0,1
ZTF23abqfnht,1,0,0,0,0,0,0,0,0,0,0
ZTF23abqftlb,0,1,0,1,0,1,0,0,1,1,0
ZTF23abqfuwf,0,1,0,1,0,1,0,1,0,0,1
ZTF23abqgfbq,0,1,0,0,1,1,0,1,0,1,0
ZTF23abqgigl,0,1,0,1,0,0,1,1,0,1,0
ZTF23abqgjjm,0,1,0,1,0,1,0,0,1,1,0
ZTF23abqgvba,0,1,0,1,0,1,0,1,0,0,1
ZTF23abqgyaa,0,1,0,1,0,1,0,1,0,0,1
ZTF23abqhejv,0,0,1,1,0,1,0,1,0,1,0
ZTF23abqhvro,0,1,0,1,0,1,0,0,1,1,0
ZTF23abqicnx,0,1,0,1,0,1,0,0,1,1,0
ZTF23abqidro,1,0,0,0,0,0,0,0,0,0,0
ZTF23abqidwp,0,0,1,1,0,1,0,1,0,1,0
ZTF23abqimmw,1,0,0,0,0,0,0,0,0,0,0
ZTF23abqipcy,1,0,0,0,0,0,0,0,0,0,0
ZTF23abqiykq,0,1,0,1,0,1,0,1,0,0,1
ZTF23abqjugc,0,1,0,1,0,0,1,1,0,1,0
ZTF23abqjxxs,0,1,0,1,0,0,1,1,0,1,0
ZTF23abqkand,0,0,1,1,0,1,0,1,0,1,0
ZTF23abqkgpf,1,0,0,0,0,0,0,0,0,0,0
ZTF23abqkiyq,1,0,0,0,0,0,0,0,0,0,0
ZTF23abqknlu,0,1,0,1,0,1,0,1,0,0,1
ZTF23abqkvir,0,0,1,1,0,1,0,1,0,1,0
ZTF23abqkwvr,1,0,0,0,0,0,0,0,0,0,0
ZTF23abqkwzr,0,1,0,1,0,1,0,1,0,0,1
ZTF23abqkzpb,0,1,0,1,0,1,0,1,0,0,1
ZTF23abqlcds,0,1,0,0,1,1,0,1,0,1,0
ZTF23abqmcch,1,0,0,0,0,0,0,0,0,0,0
ZTF23abqmcdi,0,1,0,0,1,1,0,1,0,1,0
ZTF23abqmczh,1,0,0,0,0,0,0,0,0,0,0
ZTF23abqmeoe,0,0,1,1,0,1,0,1,0,1,0
ZTF23abqmjpt,1,0,0,0,0,0,0,0,0,0,0
ZTF23abqmkvy,0,0,1,1,0,1,0,1,0,1,0
ZTF23abqmkyo,1,0,0,0,0,0,0,0,0,0,0
ZTF23abqmlgi,0,1,0,1,0,0,1,1,0,1,0
ZTF23abqnbxy,0,1,0,0,1,1,0,1,0,1,0
ZTF23abqngta,0,1,0,1,0,1,0,1,0,0,1
ZTF23abqoaek,0,0,1,1,0,1,0,1,0,1,0
ZTF23abqobyl,1,0,0,0,0,0,0,0,0,0,0
ZTF23abqofnr,0,1,0,0,1,1,0,1,0,1,0
ZTF23abqogid,0,1,0,1,0,1,0,1,0,0,1
ZTF23abqohgc,0,1,0,0,1,1,0,1,0,1,0
ZTF23abqohur,0,1,0,1,0,0,1,1,0,1,0
ZTF23abqpfpp,1,0,0,0,0,0,0,0,0,0,0
ZTF23abqqdna,0,1,0,1,0,1,0,0,1,1,0
ZTF23abqqird,0,0,1,1,0,1,0,1,0,1,0
ZTF23abqqukp,0,1,0,0,1,1,0,1,0,1,0
ZTF23abqqwvl,0,0,1,1,0,1,0,1,0,1,0
ZTF23abqrirb,1,0,0,0,0,0,0,0,0,0,0
ZTF23abqrmvn,0,1,0,1,0,1,0,0,1,1,0
ZTF23abqrqys,0,1,0,1,0,1,0,0,1,1,0
ZTF23abqrzen,0,1,0,1,0,1,0,0,1,1,0
ZTF23abqsizq,0,0,1,1,0,1,0,1,0,1,0
ZTF23abqtqxo,0,1,0,1,0,1,0,1,0,0,1
ZTF23abqugee,1,0,0,0,0,0,0,0,0,0,0
ZTF23abquypl,0,1,0,1,0,1,0,0,1,1,0
ZTF23abqvnik,0,1,0,1,0,1,0,1,0,0,1
ZTF23abqwarz,0,0,1,1,0,1,0,1,0,1,0
ZTF23abqweoo,1,0,0,0,0,0,0,0,0,0,0
ZTF23abqwepf,0,1,0,1,0,1,0,0,1,1,0
ZTF23abqwetb,0,1,0,1,0,1,0,1,0,0,1
ZTF23abqwfez,1,0,0,0,0,0,0,0,0,0,0
ZTF23abqwfmg,0,1,0,1,0,1,0,1,0,0,1
ZTF23abqwfuc,0,1,0,1,0,0,1,1,0,1,0
ZTF23abqwlge,0,0,1,1,0,1,0,1,0,1,0
ZTF23abqwnij,0,1,0,0,1,1,0,1,0,1,0
ZTF23abqwpkj,0,0,1,1,0,1,0,1,0,1,0
ZTF23abqxhcp,0,0,1,1,0,1,0,1,0,1,0
ZTF23abqxhji,0,1,0,0,1,1,0,1,0,1,0
ZTF23abqxrxb,0,0,1,1,0,1,0,1,0,1,0
ZTF23abqyeji,0,0,1,1,0,1,0,1,0,1,0
ZTF23abqyfbp,0,0,1,1,0,1,0,1,0,1,0
ZTF23abqyhww,0,1,0,1,0,1,0,0,1,1,0
ZTF23abqynqz,0,1,0,0,1,1,0,1,0,1,0
ZTF23abqyqyl,0,1,0,1,0,1,0,0,1,1,0
ZTF23abqytgt,0,0,1,1,0,1,0,1,0,1,0
ZTF23abqzjvt,0,1,0,1,0,0,1,1,0,1,0
ZTF23abragwe,0,1,0,1,0,1,0,1,0,0,1
ZTF23abrelet,0,1,0,0,1,1,0,1,0,1,0
ZTF23abrelnk,0,0,1,1,0,1,0,1,0,1,0
ZTF23abrfkow,1,0,0,0,0,0,0,0,0,0,0
ZTF23abrgytc,0,1,0,1,0,1,0,0,1,1,0
ZTF23abrhcdo,0,1,0,1,0,0,1,1,0,1,0
ZTF23abrhuzq,0,1,0,1,0,0,1,1,0,1,0
ZTF23abrhwtt,0,1,0,0,1,1,0,1,0,1,0
ZTF23abrhyza,0,0,1,1,0,1,0,1,0,1,0
ZTF23abrjivn,0,1,0,1,0,1,0,1,0,0,1
ZTF23abrkjft,0,1,0,1,0,1,0,0,1,1,0
ZTF23abrkkmq,0,1,0,1,0,0,1,1,0,1,0
ZTF23abrmhes,1,0,0,0,0,0,0,0,0,0,0
ZTF23abrqyby,0,0,1,1,0,1,0,1,0,1,0
ZTF23abrqyft,0,1,0,1,0,1,0,0,1,1,0
ZTF23abrrywp,0,1,0,1,0,1,0,1,0,0,1
ZTF23abruhaf,0,1,0,1,0,1,0,0,1,1,0
ZTF23abrvgfi,0,1,0,0,1,1,0,1,0,1,0
ZTF23abrvwaq,0,1,0,0,1,1,0,1,0,1,0
ZTF23abrydqk,0,1,0,1,0,1,0,0,1,1,0
ZTF23abrydus,0,1,0,1,0,0,1,1,0,1,0
ZTF23abrydyb,0,1,0,1,0,1,0,1,0,0,1
ZTF23abryeaa,1,0,0,0,0,0,0,0,0,0,0
ZTF23abryeep,0,1,0,1,0,0,1,1,0,1,0
ZTF23abryfjb,0,1,0,1,0,1,0,1,0,0,1
ZTF23abryfkq,0,1,0,1,0,1,0,0,1,1,0
ZTF23abryfmg,0,0,1,1,0,1,0,1,0,1,0
ZTF23abryfrn,0,0,1,1,0,1,0,1,0,1,0
ZTF23abryggj,0,1,0,1,0,0,1,1,0,1,0
ZTF23abrygjs,0,1,0,1,0,1,0,1,0,0,1
ZTF23abrygqx,0,1,0,1,0,0,1,1,0,1,0
ZTF23abrygsh,1,0,0,0,0,0,0,0,0,0,0
ZTF23abrygvu,1,0,0,0,0,0,0,0,0,0,0
ZTF23abrygxk,0,1,0,1,0,1,0,1,0,0,1
ZTF23abryhdi,0,1,0,0,1,1,0,1,0,1,0
ZTF23abryiuk,0,0,1,1,0,1,0,1,0,1,0
ZTF23abryjzl,0,1,0,1,0,1,0,0,1,1,0
ZTF23abrylud,0,1,0,1,0,1,0,0,1,1,0
ZTF23abrynbv,0,1,0,1,0,1,0,1,0,0,1
ZTF23abryonn,0,1,0,1,0,1,0,0,1,1,0
ZTF23abryovm,0,1,0,0,1,1,0,1,0,1,0
ZTF23abrypah,0,1,0,1,0,1,0,1,0,0,1
ZTF23abrypcp,0,1,0,0,1,1,0,1,0,1,0
ZTF23abryqlz,0,1,0,1,0,0,1,1,0,1,0
ZTF23abryqtu,0,1,0,1,0,1,0,0,1,1,0
ZTF23abryqtx,0,1,0,0,1,1,0,1,0,1,0
ZTF23abrysyj,1,0,0,0,0,0,0,0,0,0,0
ZTF23abrytoj,0,1,0,1,0,1,0,0,1,1,0
ZTF23abrytzv,0,0,1,1,0,1,0,1,0,1,0
ZTF23abryude,0,0,1,1,0,1,0,1,0,1,0
ZTF23abryxcp,0,1,0,1,0,1,0,0,1,1,0
ZTF23abryyfv,0,1,0,1,0,0,1,1,0,1,0
ZTF23abryzov,1,0,0,0,0,0,0,0,0,0,0
ZTF23abrzbbr,1,0,0,0,0,0,0,0,0,0,0
ZTF23abrzceh,0,1,0,1,0,1,0,1,0,0,1
ZTF23abrzfge,0,0,1,1,0,1,0,1,0,1,0
ZTF23abrzkwr,1,0,0,0,0,0,0,0,0,0,0
ZTF23abrzlzl,0,1,0,1,0,1,0,0,1,1,0
ZTF23abrzmcm,0,1,0,1,0,1,0,1,0,0,1
ZTF23abrzsqg,0,1,0,1,0,1,0,1,0,0,1
ZTF23abrzssa,0,1,0,1,0,1,0,0,1,1,0
ZTF23abrzukd,0,1,0,0,1,1,0,1,0,1,0
ZTF23abrzxeb,1,0,0,0,0,0,0,0,0,0,0
ZTF23abrzxfe,0,1,0,1,0,0,1,1,0,1,0
ZTF23absaajb,0,1,0,1,0,1,0,1,0,0,1
ZTF23absafat,0,0,1,1,0,1,0,1,0,1,0
ZTF23absafrf,0,1,0,0,1,1,0,1,0,1,0
ZTF23absaqdl,1,0,0,0,0,0,0,0,0,0,0
ZTF23absaqhs,0,1,0,0,1,1,0,1,0,1,0
ZTF23absaqti,0,1,0,1,0,0,1,1,0,1,0
ZTF23absaquj,0,1,0,1,0,0,1,1,0,1,0
ZTF23absarbp,1,0,0,0,0,0,0,0,0,0,0
ZTF23absarho,1,0,0,0,0,0,0,0,0,0,0
ZTF23absarlb,0,1,0,1,0,0,1,1,0,1,0
ZTF23absarqb,0,1,0,1,0,0,1,1,0,1,0
ZTF23absasaf,1,0,0,0,0,0,0,0,0,0,0
ZTF23absavgq,1,0,0,0,0,0,0,0,0,0,0
ZTF23absavzi,0,1,0,1,0,0,1,1,0,1,0
ZTF23absazki,1,0,0,0,0,0,0,0,0,0,0
ZTF23absazuz,1,0,0,0,0,0,0,0,0,0,0
ZTF23absbaxm,0,0,1,1,0,1,0,1,0,1,0
ZTF23absbimi,0,1,0,1,0,1,0,0,1,1,0
ZTF23absbjlp,0,1,0,0,1,1,0,1,0,1,0
ZTF23absbjtt,0,1,0,0,1,1,0,1,0,1,0
ZTF23absboby,0,1,0,1,0,1,0,0,1,1,0
ZTF23absbolr,0,0,1,1,0,1,0,1,0,1,0
ZTF23absbpot,0,1,0,1,0,0,1,1,0,1,0
ZTF23absbqgu,0,0,1,1,0,1,0,1,0,1,0
ZTF23absbquc,0,0,1,1,0,1,0,1,0,1,0
ZTF23absbygq,0,1,0,0,1,1,0,1,0,1,0
ZTF23absbyjn,0,1,0,1,0,1,0,0,1,1,0
ZTF23absbyjr,0,1,0,1,0,1,0,1,0,0,1
ZTF23absbzli,0,1,0,1,0,0,1,1,0,1,0
ZTF23abscohj,0,1,0,1,0,0,1,1,0,1,0
ZTF23abscosu,0,1,0,0,1,1,0,1,0,1,0
ZTF23abscoye,0,1,0,1,0,0,1,1,0,1,0
ZTF23abscpic,0,1,0,1,0,1,0,1,0,0,1
ZTF23abscpix,0,1,0,1,0,0,1,1,0,1,0
ZTF23abscqhk,1,0,0,0,0,0,0,0,0,0,0
ZTF23abscruh,1,0,0,0,0,0,0,0,0,0,0
ZTF23abscseh,1,0,0,0,0,0,0,0,0,0,0
ZTF23abscspz,0,1,0,1,0,0,1,1,0,1,0
ZTF23abscvgg,0,1,0,1,0,0,1,1,0,1,0
ZTF23abscvhv,0,0,1,1,0,1,0,1,0,1,0
ZTF23abscvto,0,1,0,1,0,1,0,1,0,0,1
ZTF23abscvxz,0,1,0,1,0,1,0,1,0,0,1
ZTF23abscxnq,0,1,0,1,0,0,1,1,0,1,0
ZTF23absczxa,0,1,0,1,0,1,0,1,0,0,1
ZTF23absdcro,0,1,0,1,0,0,1,1,0,1,0
ZTF23absdeca,1,0,0,0,0,0,0,0,0,0,0
ZTF23absdect,0,0,1,1,0,1,0,1,0,1,0
ZTF23absdexg,0,1,0,1,0,1,0,1,0,0,1
ZTF23absdgcj,0,1,0,0,1,1,0,1,0,1,0
ZTF23absdhyl,1,0,0,0,0,0,0,0,0,0,0
ZTF23absdmgt,0,1,0,1,0,0,1,1,0,1,0
ZTF23absdnjb,1,0,0,0,0,0,0,0,0,0,0
ZTF23absdnll,1,0,0,0,0,0,0,0,0,0,0
ZTF23absdnmt,1,0,0,0,0,0,0,0,0,0,0
ZTF23absdnmu,0,1,0,0,1,1,0,1,0,1,0
ZTF23absdnmw,0,1,0,1,0,1,0,1,0,0,1
ZTF23absdntv,0,1,0,1,0,1,0,0,1,1,0
ZTF23absdokr,0,1,0,0,1,1,0,1,0,1,0
ZTF23absdoxb,0,1,0,0,1,1,0,1,0,1,0
ZTF23absdozy,0,1,0,1,0,1,0,0,1,1,0
ZTF23absdpdi,0,1,0,1,0,1,0,1,0,0,1
ZTF23absduik,0,1,0,1,0,1,0,0,1,1,0
ZTF23absdupd,0,0,1,1,0,1,0,1,0,1,0
ZTF23absdvlq,0,1,0,1,0,1,0,0,1,1,0
ZTF23absdvtp,0,1,0,1,0,0,1,1,0,1,0
ZTF23absdwsc,0,1,0,1,0,1,0,0,1,1,0
ZTF23absdxaw,1,0,0,0,0,0,0,0,0,0,0
ZTF23absdype,0,1,0,1,0,1,0,1,0,0,1
ZTF23absdyrv,0,1,0,0,1,1,0,1,0,1,0
ZTF23absdzdu,0,1,0,1,0,0,1,1,0,1,0
ZTF23absdzjm,0,1,0,1,0,0,1,1,0,1,0
ZTF23absdzrj,0,1,0,1,0,0,1,1,0,1,0
ZTF23absejnk,0,1,0,1,0,1,0,1,0,0,1
ZTF23absejyc,0,0,1,1,0,1,0,1,0,1,0
ZTF23absekbz,0,1,0,1,0,0,1,1,0,1,0
ZTF23abselrx,0,1,0,1,0,1,0,0,1,1,0
ZTF23absembg,0,1,0,1,0,1,0,0,1,1,0
ZTF23abseopf,0,1,0,1,0,1,0,1,0,0,1
ZTF23absephc,0,1,0,1,0,1,0,1,0,0,1
ZTF23absepsz,0,1,0,0,1,1,0,1,0,1,0
ZTF23absepuu,0,1,0,1,0,1,0,1,0,0,1
ZTF23abseqbj,0,1,0,1,0,0,1,1,0,1,0
ZTF23abseqlc,0,1,0,1,0,0,1,1,0,1,0
ZTF23absersl,0,1,0,1,0,1,0,0,1,1,0
ZTF23absesrx,0,1,0,1,0,0,1,1,0,1,0
ZTF23abseukr,0,1,0,1,0,0,1,1,0,1,0
ZTF23absevkx,1,0,0,0,0,0,0,0,0,0,0
ZTF23absevxk,0,1,0,1,0,1,0,0,1,1,0
ZTF23absfacl,0,1,0,1,0,0,1,1,0,1,0
ZTF23absfhzx,0,1,0,0,1,1,0,1,0,1,0
ZTF23absfjar,0,1,0,1,0,1,0,1,0,0,1
ZTF23absfjqt,0,1,0,1,0,1,0,1,0,0,1
ZTF23absfryu,0,1,0,1,0,1,0,0,1,1,0
ZTF23absfuuz,0,1,0,0,1,1,0,1,0,1,0
ZTF23absfzmd,0,1,0,0,1,1,0,1,0,1,0
ZTF23absgdfu,0,1,0,0,1,1,0,1,0,1,0
ZTF23absggfo,1,0,0,0,0,0,0,0,0,0,0
ZTF23absgggk,0,1,0,1,0,0,1,1,0,1,0
ZTF23absgjzd,0,1,0,1,0,0,1,1,0,1,0
ZTF23absguth,0,1,0,1,0,1,0,0,1,1,0
ZTF23abshhcr,0,1,0,0,1,1,0,1,0,1,0
ZTF23abshiqq,0,1,0,0,1,1,0,1,0,1,0
ZTF23abshwlf,0,1,0,1,0,1,0,0,1,1,0
ZTF23abshxld,0,1,0,1,0,1,0,0,1,1,0
ZTF23absinvk,0,1,0,0,1,1,0,1,0,1,0
ZTF23absiovd,0,1,0,1,0,0,1,1,0,1,0
ZTF23absiqtd,0,1,0,1,0,0,1,1,0,1,0
ZTF23absirgq,0,0,1,1,0,1,0,1,0,1,0
ZTF23absirul,0,1,0,1,0,1,0,0,1,1,0
ZTF23absirxl,0,0,1,1,0,1,0,1,0,1,0
ZTF23absitac,0,1,0,1,0,1,0,0,1,1,0
ZTF23absiycs,0,0,1,1,0,1,0,1,0,1,0
ZTF23absiydp,0,1,0,1,0,1,0,1,0,0,1
ZTF23absiydt,0,1,0,1,0,1,0,0,1,1,0
ZTF23absiytp,1,0,0,0,0,0,0,0,0,0,0
ZTF23absjcxo,1,0,0,0,0,0,0,0,0,0,0
ZTF23absjebu,1,0,0,0,0,0,0,0,0,0,0
ZTF23absjede,0,1,0,1,0,1,0,1,0,0,1
ZTF23absjedx,0,1,0,1,0,0,1,1,0,1,0
ZTF23absjeul,0,1,0,0,1,1,0,1,0,1,0
ZTF23absjfkl,0,1,0,1,0,1,0,1,0,0,1
ZTF23absjfmp,0,0,1,1,0,1,0,1,0,1,0
ZTF23absjfry,1,0,0,0,0,0,0,0,0,0,0
ZTF23absjfww,0,1,0,1,0,1,0,1,0,0,1
ZTF23absjgbk,0,0,1,1,0,1,0,1,0,1,0
ZTF23absjgkk,0,1,0,1,0,1,0,1,0,0,1
ZTF23absjgok,1,0,0,0,0,0,0,0,0,0,0
ZTF23absjgou,0,0,1,1,0,1,0,1,0,1,0
ZTF23absjgsh,0,1,0,1,0,1,0,1,0,0,1
ZTF23absjgvt,1,0,0,0,0,0,0,0,0,0,0
ZTF23absjgwg,0,1,0,1,0,1,0,1,0,0,1
ZTF23absjgwn,0,1,0,1,0,0,1,1,0,1,0
ZTF23absjgwo,0,1,0,1,0,1,0,1,0,0,1
ZTF23absjgww,0,0,1,1,0,1,0,1,0,1,0
ZTF23absjgxb,1,0,0,0,0,0,0,0,0,0,0
ZTF23absjgzd,1,0,0,0,0,0,0,0,0,0,0
ZTF23absjgzg,0,0,1,1,0,1,0,1,0,1,0
ZTF23absjgzq,0,1,0,1,0,1,0,1,0,0,1
ZTF23absjgzz,0,0,1,1,0,1,0,1,0,1,0
ZTF23absjheu,0,1,0,1,0,1,0,1,0,0,1
ZTF23absjhib,0,0,1,1,0,1,0,1,0,1,0
ZTF23absjire,0,0,1,1,0,1,0,1,0,1,0
ZTF23absjity,0,1,0,1,0,0,1,1,0,1,0
ZTF23absjlid,0,0,1,1,0,1,0,1,0,1,0
ZTF23abslxge,0,0,1,1,0,1,0,1,0,1,0
ZTF23abslzwe,0,1,0,0,1,1,0,1,0,1,0
ZTF23absmdii,0,1,0,1,0,1,0,0,1,1,0
ZTF23absmkdw,1,0,0,0,0,0,0,0,0,0,0
ZTF23absnpma,0,1,0,1,0,0,1,1,0,1,0
ZTF23absnzwr,0,1,0,1,0,0,1,1,0,1,0
ZTF23absouhd,1,0,0,0,0,0,0,0,0,0,0
ZTF23absoyfu,0,1,0,1,0,1,0,0,1,1,0
ZTF23abspatf,0,1,0,0,1,1,0,1,0,1,0
ZTF23abspazr,0,1,0,1,0,0,1,1,0,1,0
ZTF23abspgkj,0,1,0,1,0,0,1,1,0,1,0
ZTF23abspgkp,1,0,0,0,0,0,0,0,0,0,0
ZTF23abspjiu,0,1,0,1,0,0,1,1,0,1,0
ZTF23abspjqs,1,0,0,0,0,0,0,0,0,0,0
ZTF23abspnkc,0,1,0,1,0,1,0,1,0,0,1
ZTF23abspzom,0,1,0,1,0,0,1,1,0,1,0
ZTF23absqbsz,0,1,0,0,1,1,0,1,0,1,0
ZTF23absqdps,0,1,0,1,0,0,1,1,0,1,0
ZTF23absqeok,0,1,0,1,0,0,1,1,0,1,0
ZTF23absqitn,0,1,0,1,0,1,0,0,1,1,0
ZTF23absqjda,1,0,0,0,0,0,0,0,0,0,0
ZTF23absqjsa,0,1,0,1,0,1,0,1,0,0,1
ZTF23absqllo,0,1,0,1,0,0,1,1,0,1,0
ZTF23absqlwb,0,1,0,1,0,1,0,1,0,0,1
ZTF23absqlxw,1,0,0,0,0,0,0,0,0,0,0
ZTF23absqnmy,0,1,0,0,1,1,0,1,0,1,0
ZTF23absqnqg,0,0,1,1,0,1,0,1,0,1,0
ZTF23absqoda,0,1,0,1,0,0,1,1,0,1,0
ZTF23absqrpj,0,1,0,1,0,1,0,1,0,0,1
ZTF23absqrst,1,0,0,0,0,0,0,0,0,0,0
ZTF23absqtjp,0,1,0,1,0,0,1,1,0,1,0
ZTF23absqtmm,0,0,1,1,0,1,0,1,0,1,0
ZTF23absquib,0,1,0,0,1,1,0,1,0,1,0
ZTF23absruuh,0,0,1,1,0,1,0,1,0,1,0
ZTF23abstugk,0,1,0,1,0,0,1,1,0,1,0
ZTF23abstvwb,0,1,0,0,1,1,0,1,0,1,0
ZTF23absvnkc,1,0,0,0,0,0,0,0,0,0,0
ZTF23abtatto,0,1,0,1,0,1,0,1,0,0,1
ZTF23abtavbz,0,1,0,1,0,0,1,1,0,1,0
ZTF23abtavov,0,1,0,1,0,1,0,1,0,0,1
ZTF23abtawjy,0,1,0,1,0,1,0,0,1,1,0
ZTF23abtbjeb,0,1,0,0,1,1,0,1,0,1,0
ZTF23abtbmgq,0,1,0,0,1,1,0,1,0,1,0
ZTF23abtbnhk,0,1,0,1,0,1,0,1,0,0,1
ZTF23abtbrkh,1,0,0,0,0,0,0,0,0,0,0
ZTF23abtbwlk,0,1,0,1,0,0,1,1,0,1,0
ZTF23abtcuio,0,1,0,1,0,1,0,0,1,1,0
ZTF23abtcveg,0,1,0,1,0,1,0,1,0,0,1
ZTF23abtdatg,0,1,0,0,1,1,0,1,0,1,0
ZTF23abtdzbx,0,1,0,1,0,1,0,1,0,0,1
ZTF23abteccd,0,1,0,1,0,1,0,1,0,0,1
ZTF23abtecjk,0,1,0,1,0,1,0,0,1,1,0
ZTF23abtecya,0,1,0,1,0,0,1,1,0,1,0
ZTF23abtejkq,1,0,0,0,0,0,0,0,0,0,0
ZTF23abteoep,0,0,1,1,0,1,0,1,0,1,0
ZTF23abtesxj,0,1,0,1,0,1,0,1,0,0,1
ZTF23abtexqb,0,1,0,1,0,0,1,1,0,1,0
ZTF23abteyml,1,0,0,0,0,0,0,0,0,0,0
ZTF23abtezlm,0,1,0,1,0,1,0,1,0,0,1
ZTF23abtfejp,0,1,0,1,0,0,1,1,0,1,0
ZTF23abtfwjn,1,0,0,0,0,0,0,0,0,0,0
ZTF23abtgaua,1,0,0,0,0,0,0,0,0,0,0
ZTF23abtghaz,0,1,0,0,1,1,0,1,0,1,0
ZTF23abthyst,0,1,0,1,0,1,0,1,0,0,1
ZTF23abtiejg,1,0,0,0,0,0,0,0,0,0,0
ZTF23abtixvv,0,1,0,1,0,1,0,0,1,1,0
ZTF23abtjdtm,0,0,1,1,0,1,0,1,0,1,0
ZTF23abtjdxc,0,1,0,0,1,1,0,1,0,1,0
ZTF23abtjkql,1,0,0,0,0,0,0,0,0,0,0
ZTF23abtjwnp,0,1,0,0,1,1,0,1,0,1,0
ZTF23abtjykt,0,1,0,0,1,1,0,1,0,1,0
ZTF23abtkcmm,0,1,0,1,0,0,1,1,0,1,0
ZTF23abtkply,0,1,0,1,0,0,1,1,0,1,0
ZTF23abtlbml,1,0,0,0,0,0,0,0,0,0,0
ZTF23abtlkoj,0,1,0,1,0,0,1,1,0,1,0
ZTF23abtmkhd,0,1,0,1,0,0,1,1,0,1,0
ZTF23abtmmth,0,1,0,1,0,1,0,1,0,0,1
ZTF23abtmosj,1,0,0,0,0,0,0,0,0,0,0
ZTF23abtmrpq,0,1,0,1,0,0,1,1,0,1,0
ZTF23abtmvkz,0,0,1,1,0,1,0,1,0,1,0
ZTF23abtmxoe,0,1,0,1,0,0,1,1,0,1,0
ZTF23abtmymt,0,0,1,1,0,1,0,1,0,1,0
ZTF23abtmzqx,0,1,0,1,0,1,0,1,0,0,1
ZTF23abtmzqz,0,1,0,1,0,1,0,1,0,0,1
ZTF23abtmzsk,0,1,0,1,0,1,0,1,0,0,1
ZTF23abtmzus,0,1,0,1,0,0,1,1,0,1,0
ZTF23abtmzxs,0,1,0,0,1,1,0,1,0,1,0
ZTF23abtnaeb,0,1,0,1,0,1,0,0,1,1,0
ZTF23abtnagz,0,1,0,1,0,1,0,1,0,0,1
ZTF23abtnaor,0,1,0,0,1,1,0,1,0,1,0
ZTF23abtnazb,1,0,0,0,0,0,0,0,0,0,0
ZTF23abtnbla,0,1,0,0,1,1,0,1,0,1,0
ZTF23abtncor,0,1,0,0,1,1,0,1,0,1,0
ZTF23abtncvr,0,0,1,1,0,1,0,1,0,1,0
ZTF23abtngkc,0,1,0,1,0,1,0,1,0,0,1
ZTF23abtnhdq,0,1,0,1,0,1,0,1,0,0,1
ZTF23abtnhva,0,0,1,1,0,1,0,1,0,1,0
ZTF23abtnhvg,0,1,0,0,1,1,0,1,0,1,0
ZTF23abtniaf,0,0,1,1,0,1,0,1,0,1,0
ZTF23abtnijv,0,1,0,1,0,1,0,1,0,0,1
ZTF23abtnjew,0,1,0,1,0,1,0,0,1,1,0
ZTF23abtnnhk,1,0,0,0,0,0,0,0,0,0,0
ZTF23abtnnwa,0,1,0,0,1,1,0,1,0,1,0
ZTF23abtobng,0,1,0,1,0,1,0,1,0,0,1
ZTF23abtooan,0,1,0,1,0,1,0,0,1,1,0
ZTF23abtowce,1,0,0,0,0,0,0,0,0,0,0
ZTF23abtpbwu,0,1,0,1,0,1,0,0,1,1,0
ZTF23abtpjik,1,0,0,0,0,0,0,0,0,0,0
ZTF23abtpxdn,0,1,0,0,1,1,0,1,0,1,0
ZTF23abtqahg,0,1,0,1,0,1,0,0,1,1,0
ZTF23abtswlk,0,0,1,1,0,1,0,1,0,1,0
ZTF23abttrtj,0,1,0,1,0,0,1,1,0,1,0
ZTF23abtttrl,0,0,1,1,0,1,0,1,0,1,0
ZTF23abttuut,0,1,0,1,0,1,0,0,1,1,0
ZTF23abttydj,0,1,0,1,0,1,0,1,0,0,1
ZTF23abttygd,1,0,0,0,0,0,0,0,0,0,0
ZTF23abttyrr,1,0,0,0,0,0,0,0,0,0,0
ZTF23abttzbz,0,0,1,1,0,1,0,1,0,1,0
ZTF23abtuahp,0,1,0,1,0,0,1,1,0,1,0
ZTF23abtubac,1,0,0,0,0,0,0,0,0,0,0
ZTF23abtubey,1,0,0,0,0,0,0,0,0,0,0
ZTF23abtublq,0,1,0,1,0,0,1,1,0,1,0
ZTF23abtubpn,0,1,0,1,0,0,1,1,0,1,0
ZTF23abtubqj,1,0,0,0,0,0,0,0,0,0,0
ZTF23abtucbd,0,0,1,1,0,1,0,1,0,1,0
ZTF23abtucfj,0,1,0,0,1,1,0,1,0,1,0
ZTF23abtudlx,0,1,0,1,0,1,0,1,0,0,1
ZTF23abtudnj,0,1,0,1,0,0,1,1,0,1,0
ZTF23abtueqj,0,1,0,1,0,1,0,0,1,1,0
ZTF23abtuffw,0,1,0,1,0,1,0,1,0,0,1
ZTF23abtuged,0,1,0,0,1,1,0,1,0,1,0
ZTF23abtugeu,0,1,0,1,0,1,0,1,0,0,1
ZTF23abtuggc,0,1,0,0,1,1,0,1,0,1,0
ZTF23abtughx,0,1,0,1,0,0,1,1,0,1,0
ZTF23abtugim,0,1,0,1,0,1,0,1,0,0,1
ZTF23abtugio,0,1,0,1,0,1,0,0,1,1,0
ZTF23abtugir,0,1,0,1,0,1,0,1,0,0,1
ZTF23abtugis,0,1,0,1,0,1,0,0,1,1,0
ZTF23abtugje,0,1,0,0,1,1,0,1,0,1,0
ZTF23abtugjg,0,1,0,1,0,1,0,0,1,1,0
ZTF23abtugkb,0,1,0,0,1,1,0,1,0,1,0
ZTF23abtuglk,0,0,1,1,0,1,0,1,0,1,0
ZTF23abtunum,0,1,0,1,0,0,1,1,0,1,0
ZTF23abtuoui,0,0,1,1,0,1,0,1,0,1,0
ZTF23abtuovn,1,0,0,0,0,0,0,0,0,0,0
ZTF23abtuovr,0,1,0,0,1,1,0,1,0,1,0
ZTF23abtuoyo,0,1,0,1,0,0,1,1,0,1,0
ZTF23abtuozx,0,1,0,0,1,1,0,1,0,1,0
ZTF23abtupaa,0,1,0,1,0,1,0,1,0,0,1
ZTF23abtupvr,0,0,1,1,0,1,0,1,0,1,0
ZTF23abtuukd,0,1,0,0,1,1,0,1,0,1,0
ZTF23abtuurf,1,0,0,0,0,0,0,0,0,0,0
ZTF23abtwzvw,0,0,1,1,0,1,0,1,0,1,0
ZTF23abtxbna,0,1,0,1,0,0,1,1,0,1,0
ZTF23abtxfuq,0,1,0,1,0,0,1,1,0,1,0
ZTF23abtxgjr,0,1,0,1,0,1,0,0,1,1,0
ZTF23abtxhjg,0,1,0,1,0,0,1,1,0,1,0
ZTF23abtxhki,1,0,0,0,0,0,0,0,0,0,0
ZTF23abtxiug,0,1,0,0,1,1,0,1,0,1,0
ZTF23abtxjcx,0,1,0,1,0,1,0,0,1,1,0
ZTF23abtxkhe,0,0,1,1,0,1,0,1,0,1,0
ZTF23abtxlaq,1,0,0,0,0,0,0,0,0,0,0
ZTF23abtxlkn,0,1,0,1,0,1,0,1,0,0,1
ZTF23abtxlrv,0,1,0,1,0,1,0,0,1,1,0
ZTF23abtxlzv,1,0,0,0,0,0,0,0,0,0,0
ZTF23abtxmmt,0,1,0,0,1,1,0,1,0,1,0
ZTF23abtxnha,0,1,0,1,0,1,0,0,1,1,0
ZTF23abtxnhd,0,1,0,0,1,1,0,1,0,1,0
ZTF23abtxnit,1,0,0,0,0,0,0,0,0,0,0
ZTF23abtxpnj,0,1,0,1,0,1,0,0,1,1,0
ZTF23abtxroh,0,0,1,1,0,1,0,1,0,1,0
ZTF23abtxrzz,0,0,1,1,0,1,0,1,0,1,0
ZTF23abtxsik,0,1,0,1,0,1,0,0,1,1,0
ZTF23abtxsjq,0,1,0,1,0,1,0,1,0,0,1
ZTF23abtxsmn,1,0,0,0,0,0,0,0,0,0,0
ZTF23abtxtac,0,1,0,0,1,1,0,1,0,1,0
ZTF23abtxugh,1,0,0,0,0,0,0,0,0,0,0
ZTF23abtxvfp,0,1,0,1,0,0,1,1,0,1,0
ZTF23abtxvgb,0,1,0,1,0,1,0,0,1,1,0
ZTF23abtxwqq,0,1,0,0,1,1,0,1,0,1,0
ZTF23abtxxhw,1,0,0,0,0,0,0,0,0,0,0
ZTF23abtyaiz,0,1,0,0,1,1,0,1,0,1,0
ZTF23abtycgb,0,1,0,0,1,1,0,1,0,1,0
ZTF23abtykfd,0,0,1,1,0,1,0,1,0,1,0
ZTF23abtymao,0,1,0,1,0,1,0,0,1,1,0
ZTF23abtynem,0,1,0,1,0,0,1,1,0,1,0
ZTF23abtynuc,0,1,0,1,0,0,1,1,0,1,0
ZTF23abtyosg,0,1,0,1,0,0,1,1,0,1,0
ZTF23abtyxbo,0,1,0,1,0,1,0,1,0,0,1
ZTF23abtzbzm,0,1,0,1,0,1,0,1,0,0,1
ZTF23abtzdca,0,1,0,1,0,0,1,1,0,1,0
ZTF23abuacfd,0,1,0,1,0,1,0,0,1,1,0
ZTF23abuacxa,1,0,0,0,0,0,0,0,0,0,0
ZTF23abuahmj,0,1,0,1,0,0,1,1,0,1,0
ZTF23abubbkb,0,1,0,1,0,1,0,0,1,1,0
ZTF23abubblf,0,1,0,1,0,1,0,1,0,0,1
ZTF23abubctl,0,1,0,0,1,1,0,1,0,1,0
ZTF23abubctr,0,1,0,1,0,0,1,1,0,1,0
ZTF23abubdby,0,1,0,0,1,1,0,1,0,1,0
ZTF23abubdmm,1,0,0,0,0,0,0,0,0,0,0
ZTF23abubecf,0,1,0,1,0,0,1,1,0,1,0
ZTF23abubfee,0,1,0,1,0,1,0,1,0,0,1
ZTF23abubpkl,0,1,0,0,1,1,0,1,0,1,0
ZTF23abubplb,0,1,0,0,1,1,0,1,0,1,0
ZTF23abubpvo,0,1,0,0,1,1,0,1,0,1,0
ZTF23abubqzk,0,1,0,1,0,0,1,1,0,1,0
ZTF23abubtlz,0,1,0,1,0,1,0,0,1,1,0
ZTF23abubvpt,0,1,0,0,1,1,0,1,0,1,0
ZTF23abubyre,0,1,0,1,0,0,1,1,0,1,0
ZTF23abucjvh,0,1,0,1,0,1,0,0,1,1,0
ZTF23abucjww,1,0,0,0,0,0,0,0,0,0,0
ZTF23abucwbi,0,1,0,0,1,1,0,1,0,1,0
ZTF23abudaao,1,0,0,0,0,0,0,0,0,0,0
ZTF23abudagu,1,0,0,0,0,0,0,0,0,0,0
ZTF23abudboj,0,0,1,1,0,1,0,1,0,1,0
ZTF23abudccb,0,1,0,1,0,1,0,1,0,0,1
ZTF23abudcle,0,1,0,1,0,1,0,1,0,0,1
ZTF23abudcsy,0,1,0,0,1,1,0,1,0,1,0
ZTF23abudgjl,0,1,0,1,0,1,0,1,0,0,1
ZTF23abudgwv,0,0,1,1,0,1,0,1,0,1,0
ZTF23abudhoq,0,1,0,1,0,0,1,1,0,1,0
ZTF23abudhva,0,1,0,1,0,1,0,0,1,1,0
ZTF23abudkkb,0,1,0,1,0,1,0,0,1,1,0
ZTF23abudkxh,0,1,0,0,1,1,0,1,0,1,0
ZTF23abudlca,0,1,0,1,0,1,0,0,1,1,0
ZTF23abudlls,0,1,0,1,0,1,0,0,1,1,0
ZTF23abudmjk,0,1,0,1,0,0,1,1,0,1,0
ZTF23abudmlc,1,0,0,0,0,0,0,0,0,0,0
ZTF23abudnet,0,1,0,1,0,1,0,0,1,1,0
ZTF23abudnqy,0,1,0,0,1,1,0,1,0,1,0
ZTF23abudttb,0,1,0,0,1,1,0,1,0,1,0
ZTF23abudvtv,0,0,1,1,0,1,0,1,0,1,0
ZTF23abudwij,0,0,1,1,0,1,0,1,0,1,0
ZTF23abudwvw,0,1,0,1,0,0,1,1,0,1,0
ZTF23abudymo,0,1,0,1,0,0,1,1,0,1,0
ZTF23abudyoo,0,1,0,1,0,0,1,1,0,1,0
ZTF23abueanh,1,0,0,0,0,0,0,0,0,0,0
ZTF23abueccf,0,1,0,0,1,1,0,1,0,1,0
ZTF23abuecle,1,0,0,0,0,0,0,0,0,0,0
ZTF23abuedmz,0,1,0,1,0,0,1,1,0,1,0
ZTF23abueikm,1,0,0,0,0,0,0,0,0,0,0
ZTF23abuempb,0,1,0,1,0,1,0,0,1,1,0
ZTF23abuempg,0,1,0,1,0,1,0,0,1,1,0
ZTF23abueogr,0,1,0,1,0,1,0,1,0,0,1
ZTF23abueqsi,0,1,0,1,0,1,0,1,0,0,1
ZTF23abueqwh,0,0,1,1,0,1,0,1,0,1,0
ZTF23abuerip,0,1,0,1,0,1,0,1,0,0,1
ZTF23abuerpd,1,0,0,0,0,0,0,0,0,0,0
ZTF23abuerrk,0,1,0,1,0,1,0,1,0,0,1
ZTF23abuesal,0,1,0,0,1,1,0,1,0,1,0
ZTF23abueshn,0,1,0,1,0,1,0,1,0,0,1
ZTF23abuespm,0,1,0,1,0,1,0,1,0,0,1
ZTF23abufbfu,0,1,0,1,0,1,0,0,1,1,0
ZTF23abufbge,0,1,0,1,0,0,1,1,0,1,0
ZTF23abufbrd,0,1,0,0,1,1,0,1,0,1,0
ZTF23abufcxp,0,0,1,1,0,1,0,1,0,1,0
ZTF23abufdkw,0,1,0,1,0,1,0,1,0,0,1
ZTF23abuffhu,0,1,0,0,1,1,0,1,0,1,0
ZTF23abuffws,0,0,1,1,0,1,0,1,0,1,0
ZTF23abufgwt,0,0,1,1,0,1,0,1,0,1,0
ZTF23abufigi,0,0,1,1,0,1,0,1,0,1,0
ZTF23abuflql,1,0,0,0,0,0,0,0,0,0,0
ZTF23abufogw,1,0,0,0,0,0,0,0,0,0,0
ZTF23abufqam,0,0,1,1,0,1,0,1,0,1,0
ZTF23abufqzp,0,1,0,1,0,1,0,0,1,1,0
ZTF23abufrph,1,0,0,0,0,0,0,0,0,0,0
ZTF23abufrxk,1,0,0,0,0,0,0,0,0,0,0
ZTF23abufsoe,0,1,0,1,0,0,1,1,0,1,0
ZTF23abufsyf,0,1,0,1,0,0,1,1,0,1,0
ZTF23abufycl,1,0,0,0,0,0,0,0,0,0,0
ZTF23abufzik,0,1,0,1,0,1,0,1,0,0,1
ZTF23abufzwm,1,0,0,0,0,0,0,0,0,0,0
ZTF23abugddq,1,0,0,0,0,0,0,0,0,0,0
ZTF23abuhzej,0,1,0,1,0,1,0,1,0,0,1
ZTF23abuitpw,0,1,0,1,0,1,0,0,1,1,0
ZTF23abujklt,0,1,0,0,1,1,0,1,0,1,0
ZTF23abujobx,1,0,0,0,0,0,0,0,0,0,0
ZTF23abujzru,0,0,1,1,0,1,0,1,0,1,0
ZTF23abuohtc,0,1,0,1,0,0,1,1,0,1,0
ZTF23abuohtd,1,0,0,0,0,0,0,0,0,0,0
ZTF23abuojhi,0,1,0,0,1,1,0,1,0,1,0
ZTF23abuoldb,0,1,0,0,1,1,0,1,0,1,0
ZTF23abuomrt,0,1,0,1,0,0,1,1,0,1,0
ZTF23abuomtl,0,1,0,1,0,1,0,0,1,1,0
ZTF23abuomtp,0,1,0,1,0,1,0,0,1,1,0
ZTF23abuomvp,0,1,0,1,0,0,1,1,0,1,0
ZTF23abuopiq,0,1,0,1,0,0,1,1,0,1,0
ZTF23abuopyu,0,1,0,1,0,0,1,1,0,1,0
ZTF23abuoqkh,0,1,0,1,0,1,0,1,0,0,1
ZTF23abuordp,1,0,0,0,0,0,0,0,0,0,0
ZTF23abuouaa,0,0,1,1,0,1,0,1,0,1,0
ZTF23abuouvk,0,1,0,1,0,1,0,1,0,0,1
ZTF23abuouwc,1,0,0,0,0,0,0,0,0,0,0
ZTF23abuovfd,1,0,0,0,0,0,0,0,0,0,0
ZTF23abuoyud,0,1,0,1,0,0,1,1,0,1,0
ZTF23abupahh,0,1,0,1,0,1,0,0,1,1,0
ZTF23abupamy,0,1,0,0,1,1,0,1,0,1,0
ZTF23abupatm,1,0,0,0,0,0,0,0,0,0,0
ZTF23abuphfz,0,1,0,1,0,0,1,1,0,1,0
ZTF23abupkys,1,0,0,0,0,0,0,0,0,0,0
ZTF23abuplgt,0,0,1,1,0,1,0,1,0,1,0
ZTF23abupqks,1,0,0,0,0,0,0,0,0,0,0
ZTF23abuqcui,0,1,0,1,0,1,0,1,0,0,1
ZTF23abuqqpk,0,1,0,1,0,0,1,1,0,1,0
ZTF23aburhzv,0,1,0,0,1,1,0,1,0,1,0
ZTF23aburkcp,0,1,0,0,1,1,0,1,0,1,0
ZTF23abusdxc,0,0,1,1,0,1,0,1,0,1,0
ZTF23abutvta,0,1,0,1,0,1,0,1,0,0,1
ZTF23abuurpu,0,1,0,1,0,1,0,0,1,1,0
ZTF23abuvgzh,1,0,0,0,0,0,0,0,0,0,0
ZTF23abuwrzn,0,1,0,1,0,1,0,1,0,0,1
ZTF23abuxaau,1,0,0,0,0,0,0,0,0,0,0
ZTF23abuxjtp,0,1,0,1,0,1,0,1,0,0,1
ZTF23abuyeee,0,1,0,1,0,1,0,0,1,1,0
ZTF23abvascr,0,0,1,1,0,1,0,1,0,1,0
ZTF23abvdhzr,1,0,0,0,0,0,0,0,0,0,0
ZTF23abvdnym,1,0,0,0,0,0,0,0,0,0,0
ZTF23abvdonl,1,0,0,0,0,0,0,0,0,0,0
ZTF23abvfyyg,0,1,0,1,0,0,1,1,0,1,0
ZTF23abvgati,0,0,1,1,0,1,0,1,0,1,0
ZTF23abvgpcn,0,1,0,1,0,1,0,0,1,1,0
ZTF23abvgvab,0,1,0,1,0,0,1,1,0,1,0
ZTF23abvgvdu,1,0,0,0,0,0,0,0,0,0,0
ZTF23abvojnu,0,1,0,0,1,1,0,1,0,1,0
ZTF23abvotgv,0,1,0,1,0,0,1,1,0,1,0
ZTF23abvouze,1,0,0,0,0,0,0,0,0,0,0
ZTF23abvoyje,0,1,0,0,1,1,0,1,0,1,0
ZTF23abvoynt,0,1,0,1,0,1,0,1,0,0,1
ZTF23abvpcdv,0,1,0,1,0,1,0,1,0,0,1
ZTF23abvpeqs,0,1,0,1,0,0,1,1,0,1,0
ZTF23abvrixz,0,1,0,1,0,1,0,1,0,0,1
ZTF23abvrkuw,0,0,1,1,0,1,0,1,0,1,0
ZTF23abvryfw,0,0,1,1,0,1,0,1,0,1,0
ZTF23abvryib,0,1,0,1,0,0,1,1,0,1,0
ZTF23abvsckl,1,0,0,0,0,0,0,0,0,0,0
ZTF23abvsdjk,0,1,0,0,1,1,0,1,0,1,0
ZTF23abvsdjo,1,0,0,0,0,0,0,0,0,0,0
ZTF23abvsdow,0,1,0,1,0,0,1,1,0,1,0
ZTF23abvsdqv,0,1,0,1,0,0,1,1,0,1,0
ZTF23abvsdrp,0,1,0,0,1,1,0,1,0,1,0
ZTF23abvsepd,0,1,0,1,0,1,0,1,0,0,1
ZTF23abvsevq,0,1,0,1,0,1,0,1,0,0,1
ZTF23abvsfen,0,0,1,1,0,1,0,1,0,1,0
ZTF23abvtbdc,0,1,0,1,0,1,0,0,1,1,0
ZTF23abvtcgd,0,0,1,1,0,1,0,1,0,1,0
ZTF23abvtehs,0,1,0,1,0,1,0,0,1,1,0
ZTF23abvtmsf,0,1,0,1,0,1,0,0,1,1,0
ZTF23abvtnlu,0,1,0,1,0,1,0,0,1,1,0
ZTF23abvvkcc,1,0,0,0,0,0,0,0,0,0,0
ZTF23abvwvzt,0,1,0,1,0,1,0,1,0,0,1
ZTF23abvwzdo,0,0,1,1,0,1,0,1,0,1,0
ZTF23abvxagr,0,0,1,1,0,1,0,1,0,1,0
ZTF23abvxfxr,0,1,0,0,1,1,0,1,0,1,0
ZTF23abvxpma,0,0,1,1,0,1,0,1,0,1,0
ZTF23abvxwbj,1,0,0,0,0,0,0,0,0,0,0
ZTF23abvyqwv,0,1,0,1,0,1,0,0,1,1,0
ZTF23abvzeqp,0,1,0,1,0,1,0,1,0,0,1
ZTF23abvzgvd,1,0,0,0,0,0,0,0,0,0,0
ZTF23abvzitv,0,1,0,1,0,1,0,1,0,0,1
ZTF23abvziwo,0,1,0,1,0,1,0,0,1,1,0
ZTF23abvznuc,0,1,0,0,1,1,0,1,0,1,0
ZTF23abwbttd,1,0,0,0,0,0,0,0,0,0,0
ZTF23abwcigr,0,1,0,0,1,1,0,1,0,1,0
ZTF23abwcozj,0,1,0,1,0,1,0,0,1,1,0
ZTF23abwcpbb,0,1,0,1,0,1,0,0,1,1,0
ZTF24aaaajib,0,1,0,1,0,0,1,1,0,1,0
ZTF24aaaajjt,0,0,1,1,0,1,0,1,0,1,0
ZTF24aaaajsu,1,0,0,0,0,0,0,0,0,0,0
ZTF24aaaajvr,0,1,0,0,1,1,0,1,0,1,0
ZTF24aaaakbh,0,1,0,1,0,1,0,0,1,1,0
ZTF24aaaakcd,1,0,0,0,0,0,0,0,0,0,0
ZTF24aaaakfn,1,0,0,0,0,0,0,0,0,0,0
ZTF24aaaakgq,0,0,1,1,0,1,0,1,0,1,0
ZTF24aaaakio,0,1,0,0,1,1,0,1,0,1,0
ZTF24aaaakka,1,0,0,0,0,0,0,0,0,0,0
ZTF24aaaakln,1,0,0,0,0,0,0,0,0,0,0
ZTF24aaaaknq,0,1,0,1,0,0,1,1,0,1,0
ZTF24aaaaksd,0,1,0,0,1,1,0,1,0,1,0
ZTF24aaaantu,0,0,1,1,0,1,0,1,0,1,0
ZTF24aaaaome,0,1,0,1,0,0,1,1,0,1,0
ZTF24aaaaoxw,1,0,0,0,0,0,0,0,0,0,0
ZTF24aaaaqkp,0,1,0,1,0,1,0,1,0,0,1
ZTF24aaaaqqs,0,1,0,1,0,1,0,1,0,0,1
ZTF24aaaaqqz,0,1,0,1,0,1,0,1,0,0,1
ZTF24aaaaqzd,0,1,0,1,0,1,0,1,0,0,1
ZTF24aaaasen,0,1,0,1,0,0,1,1,0,1,0
ZTF24aaaasew,1,0,0,0,0,0,0,0,0,0,0
ZTF24aaaates,0,1,0,0,1,1,0,1,0,1,0
ZTF24aaaatiq,0,1,0,1,0,1,0,0,1,1,0
ZTF24aaaauvu,0,1,0,1,0,1,0,1,0,0,1
ZTF24aaaawgi,1,0,0,0,0,0,0,0,0,0,0
ZTF24aaaaxai,0,1,0,1,0,1,0,0,1,1,0
ZTF24aaaaxft,0,1,0,1,0,0,1,1,0,1,0
ZTF24aaaaxyb,0,1,0,1,0,1,0,0,1,1,0
ZTF24aaaayrp,0,0,1,1,0,1,0,1,0,1,0
ZTF24aaaaznh,0,1,0,1,0,0,1,1,0,1,0
ZTF24aaabbse,0,1,0,1,0,1,0,0,1,1,0
ZTF24aaabcls,1,0,0,0,0,0,0,0,0,0,0
ZTF24aaabljq,1,0,0,0,0,0,0,0,0,0,0
ZTF24aaabmag,0,1,0,1,0,1,0,0,1,1,0
ZTF24aaabmwp,0,1,0,1,0,1,0,0,1,1,0
ZTF24aaabvwi,0,1,0,1,0,0,1,1,0,1,0
ZTF24aaacvhp,0,1,0,1,0,0,1,1,0,1,0
ZTF24aaacvit,0,0,1,1,0,1,0,1,0,1,0
ZTF24aaacvkh,0,1,0,1,0,0,1,1,0,1,0
ZTF24aaacvxg,1,0,0,0,0,0,0,0,0,0,0
ZTF24aaadahc,1,0,0,0,0,0,0,0,0,0,0
ZTF24aaadcxh,0,0,1,1,0,1,0,1,0,1,0
ZTF24aaaddfr,0,1,0,0,1,1,0,1,0,1,0
ZTF24aaaddia,1,0,0,0,0,0,0,0,0,0,0
ZTF24aaaddir,0,1,0,1,0,1,0,0,1,1,0
ZTF24aaaddnf,0,0,1,1,0,1,0,1,0,1,0
ZTF24aaaddud,0,1,0,1,0,1,0,0,1,1,0
ZTF24aaaddvj,0,1,0,0,1,1,0,1,0,1,0
ZTF24aaaddwv,0,1,0,1,0,1,0,0,1,1,0
ZTF24aaaddxh,0,0,1,1,0,1,0,1,0,1,0
ZTF24aaaddxo,0,0,1,1,0,1,0,1,0,1,0
ZTF24aaaddxw,0,1,0,1,0,1,0,1,0,0,1
ZTF24aaaddxx,0,1,0,0,1,1,0,1,0,1,0
ZTF24aaaddyl,0,1,0,0,1,1,0,1,0,1,0
ZTF24aaadeap,0,1,0,1,0,1,0,0,1,1,0
ZTF24aaadedk,0,0,1,1,0,1,0,1,0,1,0
ZTF24aaadeen,0,1,0,1,0,0,1,1,0,1,0
ZTF24aaadegh,1,0,0,0,0,0,0,0,0,0,0
ZTF24aaadegu,0,1,0,1,0,0,1,1,0,1,0
ZTF24aaadeik,0,1,0,1,0,0,1,1,0,1,0
ZTF24aaadejy,0,1,0,1,0,0,1,1,0,1,0
ZTF24aaadekf,0,1,0,0,1,1,0,1,0,1,0
ZTF24aaadeoy,0,1,0,0,1,1,0,1,0,1,0
ZTF24aaadfmd,0,1,0,0,1,1,0,1,0,1,0
ZTF24aaadhir,0,1,0,1,0,1,0,0,1,1,0
ZTF24aaadhog,0,1,0,0,1,1,0,1,0,1,0
ZTF24aaadhul,1,0,0,0,0,0,0,0,0,0,0
ZTF24aaadhuo,1,0,0,0,0,0,0,0,0,0,0
ZTF24aaadhyt,0,1,0,1,0,0,1,1,0,1,0
ZTF24aaadhyw,0,1,0,1,0,1,0,0,1,1,0
ZTF24aaadhza,1,0,0,0,0,0,0,0,0,0,0
ZTF24aaadhzm,0,1,0,0,1,1,0,1,0,1,0
ZTF24aaadhzt,1,0,0,0,0,0,0,0,0,0,0
ZTF24aaadiaj,0,0,1,1,0,1,0,1,0,1,0
ZTF24aaadian,1,0,0,0,0,0,0,0,0,0,0
ZTF24aaadiem,0,1,0,1,0,1,0,0,1,1,0
ZTF24aaadjfy,0,0,1,1,0,1,0,1,0,1,0
ZTF24aaadjnm,1,0,0,0,0,0,0,0,0,0,0
ZTF24aaadjuz,0,0,1,1,0,1,0,1,0,1,0
ZTF24aaadjxz,0,1,0,1,0,0,1,1,0,1,0
ZTF24aaadjyb,0,1,0,0,1,1,0,1,0,1,0
ZTF24aaadjyl,0,1,0,1,0,1,0,0,1,1,0
ZTF24aaadkib,1,0,0,0,0,0,0,0,0,0,0
ZTF24aaadkyj,0,0,1,1,0,1,0,1,0,1,0
ZTF24aaadldl,0,1,0,1,0,1,0,0,1,1,0
ZTF24aaadlho,1,0,0,0,0,0,0,0,0,0,0
ZTF24aaadljp,0,1,0,1,0,1,0,1,0,0,1
ZTF24aaadlka,0,1,0,0,1,1,0,1,0,1,0
ZTF24aaadlmf,0,0,1,1,0,1,0,1,0,1,0
ZTF24aaadlqa,0,0,1,1,0,1,0,1,0,1,0
ZTF24aaadlqu,1,0,0,0,0,0,0,0,0,0,0
ZTF24aaadlto,0,0,1,1,0,1,0,1,0,1,0
ZTF24aaadlvo,0,1,0,1,0,1,0,1,0,0,1
ZTF24aaadlwp,1,0,0,0,0,0,0,0,0,0,0
ZTF24aaadlxa,1,0,0,0,0,0,0,0,0,0,0
ZTF24aaadlyp,0,1,0,1,0,1,0,0,1,1,0
ZTF24aaadmak,0,1,0,1,0,1,0,0,1,1,0
ZTF24aaadmbk,0,1,0,0,1,1,0,1,0,1,0
ZTF24aaadmbr,1,0,0,0,0,0,0,0,0,0,0
ZTF24aaadmcs,1,0,0,0,0,0,0,0,0,0,0
ZTF24aaadmhr,0,1,0,1,0,1,0,1,0,0,1
ZTF24aaadmkk,0,1,0,1,0,1,0,1,0,0,1
ZTF24aaadmop,0,0,1,1,0,1,0,1,0,1,0
ZTF24aaadmvn,0,1,0,1,0,0,1,1,0,1,0
ZTF24aaadogo,1,0,0,0,0,0,0,0,0,0,0
ZTF24aaadopy,1,0,0,0,0,0,0,0,0,0,0
ZTF24aaadwur,1,0,0,0,0,0,0,0,0,0,0
ZTF24aaadzrh,0,0,1,1,0,1,0,1,0,1,0
ZTF24aaaeeyu,1,0,0,0,0,0,0,0,0,0,0
ZTF24aaaefgv,1,0,0,0,0,0,0,0,0,0,0
ZTF24aaaekxj,1,0,0,0,0,0,0,0,0,0,0
ZTF24aaaeraz,0,0,1,1,0,1,0,1,0,1,0
ZTF24aaaervx,1,0,0,0,0,0,0,0,0,0,0
ZTF24aaaesiz,0,1,0,1,0,1,0,0,1,1,0
ZTF24aaaethj,0,1,0,1,0,0,1,1,0,1,0
ZTF24aaaeuuv,0,1,0,0,1,1,0,1,0,1,0
ZTF24aaaewiv,0,1,0,1,0,0,1,1,0,1,0
ZTF24aaaflup,0,1,0,1,0,1,0,1,0,0,1
ZTF24aaaftvd,0,1,0,1,0,1,0,0,1,1,0
ZTF24aaagddn,1,0,0,0,0,0,0,0,0,0,0
ZTF24aaaggsu,0,1,0,0,1,1,0,1,0,1,0
ZTF24aaaghji,1,0,0,0,0,0,0,0,0,0,0
ZTF24aaaghmh,0,1,0,1,0,0,1,1,0,1,0
ZTF24aaaghzx,0,1,0,1,0,1,0,0,1,1,0
ZTF24aaahqps,0,1,0,1,0,1,0,0,1,1,0
ZTF24aaahwja,0,1,0,1,0,1,0,0,1,1,0
ZTF24aaahxph,0,1,0,1,0,1,0,0,1,1,0
ZTF24aaahxwr,0,1,0,1,0,1,0,1,0,0,1
ZTF24aaahyag,0,1,0,1,0,0,1,1,0,1,0
ZTF24aaaiaxa,0,0,1,1,0,1,0,1,0,1,0
ZTF24aaaibep,0,1,0,1,0,1,0,0,1,1,0
ZTF24aaaieeg,0,0,1,1,0,1,0,1,0,1,0
ZTF24aaaiipb,0,0,1,1,0,1,0,1,0,1,0
ZTF24aaaikmx,0,1,0,1,0,1,0,0,1,1,0
ZTF24aaaiknc,0,1,0,1,0,1,0,1,0,0,1
ZTF24aaaikxt,0,1,0,1,0,1,0,0,1,1,0
ZTF24aaaileg,0,1,0,1,0,1,0,0,1,1,0
ZTF24aaailyh,0,1,0,1,0,1,0,0,1,1,0
ZTF24aaaimag,0,1,0,0,1,1,0,1,0,1,0
ZTF24aaaimda,0,1,0,0,1,1,0,1,0,1,0
ZTF24aaaimlv,0,1,0,1,0,1,0,1,0,0,1
ZTF24aaaimpu,1,0,0,0,0,0,0,0,0,0,0
ZTF24aaaimsv,1,0,0,0,0,0,0,0,0,0,0
ZTF24aaainhh,0,1,0,0,1,1,0,1,0,1,0
ZTF24aaaintg,1,0,0,0,0,0,0,0,0,0,0
ZTF24aaaiocv,0,0,1,1,0,1,0,1,0,1,0
ZTF24aaaiodd,0,1,0,0,1,1,0,1,0,1,0
ZTF24aaaioha,1,0,0,0,0,0,0,0,0,0,0
ZTF24aaaiohq,0,1,0,1,0,1,0,1,0,0,1
ZTF24aaaioql,0,1,0,1,0,1,0,1,0,0,1
ZTF24aaaipnj,0,0,1,1,0,1,0,1,0,1,0
ZTF24aaaipru,0,0,1,1,0,1,0,1,0,1,0
ZTF24aaaiqjc,0,0,1,1,0,1,0,1,0,1,0
ZTF24aaaiqjy,1,0,0,0,0,0,0,0,0,0,0
ZTF24aaaiqlj,0,1,0,1,0,1,0,1,0,0,1
ZTF24aaaiqwp,0,1,0,1,0,1,0,1,0,0,1
ZTF24aaairwl,0,1,0,1,0,1,0,0,1,1,0
ZTF24aaaisai,0,0,1,1,0,1,0,1,0,1,0
ZTF24aaajats,0,1,0,1,0,0,1,1,0,1,0
ZTF24aaajcbo,0,0,1,1,0,1,0,1,0,1,0
ZTF24aaajgpu,0,1,0,1,0,0,1,1,0,1,0
ZTF24aaajhep,1,0,0,0,0,0,0,0,0,0,0
ZTF24aaajjmk,0,1,0,0,1,1,0,1,0,1,0
ZTF24aaajjux,0,1,0,1,0,1,0,1,0,0,1
ZTF24aaajtzg,1,0,0,0,0,0,0,0,0,0,0
ZTF24aaajyaf,0,1,0,1,0,1,0,1,0,0,1
ZTF24aaajztt,1,0,0,0,0,0,0,0,0,0,0
ZTF24aaakanc,1,0,0,0,0,0,0,0,0,0,0
ZTF24aaakaub,0,1,0,1,0,1,0,0,1,1,0
ZTF24aaakayb,0,1,0,1,0,1,0,0,1,1,0
ZTF24aaakazr,1,0,0,0,0,0,0,0,0,0,0
ZTF24aaaknxe,0,1,0,0,1,1,0,1,0,1,0
ZTF24aaakoan,0,1,0,0,1,1,0,1,0,1,0
ZTF24aaakoao,1,0,0,0,0,0,0,0,0,0,0
ZTF24aaakoep,0,1,0,1,0,0,1,1,0,1,0
ZTF24aaakofx,0,1,0,1,0,1,0,1,0,0,1
ZTF24aaakowo,0,0,1,1,0,1,0,1,0,1,0
ZTF24aaakoxe,0,0,1,1,0,1,0,1,0,1,0
ZTF24aaakphs,1,0,0,0,0,0,0,0,0,0,0
ZTF24aaakpqx,0,1,0,0,1,1,0,1,0,1,0
ZTF24aaakprs,0,1,0,0,1,1,0,1,0,1,0
ZTF24aaakpuk,0,1,0,1,0,0,1,1,0,1,0
ZTF24aaakxvx,1,0,0,0,0,0,0,0,0,0,0
ZTF24aaakzpu,0,1,0,1,0,1,0,1,0,0,1
ZTF24aaakzsa,1,0,0,0,0,0,0,0,0,0,0
ZTF24aaalaby,1,0,0,0,0,0,0,0,0,0,0
ZTF24aaamktr,0,1,0,0,1,1,0,1,0,1,0
ZTF24aaammxh,1,0,0,0,0,0,0,0,0,0,0
ZTF24aaampzp,0,1,0,1,0,1,0,0,1,1,0
ZTF24aaankjj,0,1,0,1,0,1,0,1,0,0,1
ZTF24aaanvtu,0,1,0,1,0,0,1,1,0,1,0
ZTF24aaaodge,0,1,0,1,0,1,0,0,1,1,0
ZTF24aaaodqk,0,1,0,0,1,1,0,1,0,1,0
ZTF24aaaogpw,0,1,0,1,0,1,0,1,0,0,1
ZTF24aaapdgk,0,0,1,1,0,1,0,1,0,1,0
ZTF24aaapdxz,0,1,0,1,0,0,1,1,0,1,0
ZTF24aaapjqt,0,1,0,1,0,1,0,1,0,0,1
ZTF24aaapmgp,1,0,0,0,0,0,0,0,0,0,0
ZTF24aaapshx,0,1,0,1,0,1,0,1,0,0,1
ZTF24aaaptsy,0,0,1,1,0,1,0,1,0,1,0
ZTF24aaaptzb,1,0,0,0,0,0,0,0,0,0,0
ZTF24aaaqxvl,0,1,0,1,0,1,0,1,0,0,1
ZTF24aaarfod,0,1,0,1,0,1,0,0,1,1,0
ZTF24aaarlvj,0,1,0,0,1,1,0,1,0,1,0
ZTF24aaarlvk,0,1,0,1,0,0,1,1,0,1,0
ZTF24aaarlwx,1,0,0,0,0,0,0,0,0,0,0
ZTF24aaarlxq,0,1,0,1,0,0,1,1,0,1,0
ZTF24aaarmcv,0,1,0,1,0,1,0,0,1,1,0
ZTF24aaarmdf,0,0,1,1,0,1,0,1,0,1,0
ZTF24aaarmgf,0,1,0,1,0,1,0,0,1,1,0
ZTF24aaarmgn,0,1,0,1,0,1,0,1,0,0,1
ZTF24aaarmhm,0,1,0,1,0,1,0,0,1,1,0
ZTF24aaarmhr,0,0,1,1,0,1,0,1,0,1,0
ZTF24aaarmpc,1,0,0,0,0,0,0,0,0,0,0
ZTF24aaarmqo,1,0,0,0,0,0,0,0,0,0,0
ZTF24aaarmsy,0,1,0,1,0,1,0,1,0,0,1
ZTF24aaarmzn,1,0,0,0,0,0,0,0,0,0,0
ZTF24aaarpfp,0,1,0,1,0,1,0,1,0,0,1
ZTF24aaarpih,0,1,0,1,0,1,0,0,1,1,0
ZTF24aaarpln,0,1,0,0,1,1,0,1,0,1,0
ZTF24aaarpnz,0,1,0,0,1,1,0,1,0,1,0
ZTF24aaarppr,0,1,0,1,0,1,0,1,0,0,1
ZTF24aaarpzt,1,0,0,0,0,0,0,0,0,0,0
ZTF24aaartcf,0,0,1,1,0,1,0,1,0,1,0
ZTF24aaartjp,0,1,0,1,0,1,0,1,0,0,1
ZTF24aaarwcd,0,1,0,1,0,1,0,0,1,1,0
ZTF24aaarwdw,0,1,0,1,0,1,0,0,1,1,0
ZTF24aaarwgo,0,1,0,1,0,1,0,0,1,1,0
ZTF24aaarwif,0,1,0,1,0,1,0,0,1,1,0
ZTF24aaarwtb,0,0,1,1,0,1,0,1,0,1,0
ZTF24aaarwtw,0,1,0,0,1,1,0,1,0,1,0
ZTF24aaarwvc,0,0,1,1,0,1,0,1,0,1,0
ZTF24aaarwvd,1,0,0,0,0,0,0,0,0,0,0
ZTF24aaasacv,0,1,0,0,1,1,0,1,0,1,0
ZTF24aaasakt,0,1,0,1,0,0,1,1,0,1,0
ZTF24aaasazz,0,1,0,1,0,0,1,1,0,1,0
ZTF24aaasjlx,0,0,1,1,0,1,0,1,0,1,0
ZTF24aabclwe,1,0,0,0,0,0,0,0,0,0,0
ZTF24aabdzrt,0,0,1,1,0,1,0,1,0,1,0
ZTF24aabfnaw,1,0,0,0,0,0,0,0,0,0,0
ZTF24aabniev,0,1,0,1,0,1,0,1,0,0,1
ZTF24aabnihs,0,1,0,1,0,1,0,1,0,0,1
ZTF24aabnihy,0,1,0,1,0,1,0,0,1,1,0
ZTF24aabnwlt,0,1,0,1,0,0,1,1,0,1,0
ZTF24aabojnl,0,0,1,1,0,1,0,1,0,1,0
ZTF24aabollu,1,0,0,0,0,0,0,0,0,0,0
ZTF24aabozsf,0,1,0,1,0,0,1,1,0,1,0
ZTF24aabpdnn,1,0,0,0,0,0,0,0,0,0,0
ZTF24aabpdug,1,0,0,0,0,0,0,0,0,0,0
ZTF24aabpdxe,0,1,0,0,1,1,0,1,0,1,0
ZTF24aabpeat,1,0,0,0,0,0,0,0,0,0,0
ZTF24aabpeft,0,0,1,1,0,1,0,1,0,1,0
ZTF24aabpegd,0,1,0,1,0,1,0,0,1,1,0
ZTF24aabpehq,0,1,0,1,0,1,0,1,0,0,1
ZTF24aabpehv,0,0,1,1,0,1,0,1,0,1,0
ZTF24aabpehw,0,1,0,1,0,1,0,0,1,1,0
ZTF24aabpeqg,0,1,0,0,1,1,0,1,0,1,0
ZTF24aabpffn,0,1,0,1,0,0,1,1,0,1,0
ZTF24aabpfhu,0,1,0,1,0,0,1,1,0,1,0
ZTF24aabplhb,0,1,0,1,0,0,1,1,0,1,0
ZTF24aabpojp,0,1,0,1,0,1,0,0,1,1,0
ZTF24aabppgn,0,1,0,1,0,0,1,1,0,1,0
ZTF24aabpvnw,0,1,0,1,0,0,1,1,0,1,0
ZTF24aabpvpc,1,0,0,0,0,0,0,0,0,0,0
ZTF24aabpwzl,0,0,1,1,0,1,0,1,0,1,0
ZTF24aabpxwd,0,1,0,1,0,1,0,1,0,0,1
ZTF24aabpzmq,1,0,0,0,0,0,0,0,0,0,0
ZTF24aabqmjy,0,1,0,1,0,1,0,1,0,0,1
ZTF24aabrwjw,0,1,0,1,0,0,1,1,0,1,0
ZTF24aabsmvc,0,0,1,1,0,1,0,1,0,1,0
ZTF24aabsycb,1,0,0,0,0,0,0,0,0,0,0
ZTF24aabtbcy,0,1,0,1,0,1,0,0,1,1,0
ZTF24aabuaij,0,1,0,1,0,1,0,1,0,0,1
ZTF24aabugmp,0,1,0,1,0,0,1,1,0,1,0
ZTF24aabuifr,0,0,1,1,0,1,0,1,0,1,0
ZTF24aabuisb,0,1,0,1,0,0,1,1,0,1,0
ZTF24aabujmt,0,0,1,1,0,1,0,1,0,1,0
ZTF24aaburix,0,1,0,1,0,1,0,1,0,0,1
ZTF24aabusid,0,0,1,1,0,1,0,1,0,1,0
ZTF24aabuuao,0,1,0,0,1,1,0,1,0,1,0
ZTF24aabuvvm,0,0,1,1,0,1,0,1,0,1,0
ZTF24aabuzcm,0,1,0,0,1,1,0,1,0,1,0
ZTF24aabuzkx,1,0,0,0,0,0,0,0,0,0,0
ZTF24aabvamb,0,1,0,1,0,1,0,0,1,1,0
ZTF24aabvczq,0,1,0,0,1,1,0,1,0,1,0
ZTF24aabvdaa,0,0,1,1,0,1,0,1,0,1,0
ZTF24aabvdtg,1,0,0,0,0,0,0,0,0,0,0
ZTF24aabvdxj,0,1,0,1,0,1,0,0,1,1,0
ZTF24aabvede,0,1,0,1,0,0,1,1,0,1,0
ZTF24aabvfij,0,1,0,1,0,0,1,1,0,1,0
ZTF24aabvgpr,0,1,0,1,0,1,0,0,1,1,0
ZTF24aabvlvq,0,1,0,1,0,1,0,0,1,1,0
ZTF24aabvpvi,1,0,0,0,0,0,0,0,0,0,0
ZTF24aabvtdh,1,0,0,0,0,0,0,0,0,0,0
ZTF24aabvugo,0,1,0,1,0,1,0,1,0,0,1
ZTF24aabvusi,0,1,0,1,0,1,0,0,1,1,0
ZTF24aabwxgf,1,0,0,0,0,0,0,0,0,0,0
ZTF24aabxnem,0,1,0,1,0,0,1,1,0,1,0
ZTF24aabxwgc,0,1,0,1,0,1,0,1,0,0,1
ZTF24aabzrbz,1,0,0,0,0,0,0,0,0,0,0
ZTF24aacambt,1,0,0,0,0,0,0,0,0,0,0
ZTF24aacamoo,0,1,0,1,0,1,0,0,1,1,0
ZTF24aacancp,0,0,1,1,0,1,0,1,0,1,0
ZTF24aacaosi,0,1,0,1,0,1,0,1,0,0,1
ZTF24aacaovd,0,0,1,1,0,1,0,1,0,1,0
ZTF24aacapqx,0,1,0,1,0,1,0,0,1,1,0
ZTF24aacavea,0,1,0,1,0,1,0,1,0,0,1
ZTF24aacavfx,0,1,0,0,1,1,0,1,0,1,0
ZTF24aacavku,0,1,0,1,0,1,0,0,1,1,0
ZTF24aacawwg,0,0,1,1,0,1,0,1,0,1,0
ZTF24aacayaq,0,0,1,1,0,1,0,1,0,1,0
ZTF24aacaydl,0,1,0,0,1,1,0,1,0,1,0
ZTF24aacayhd,1,0,0,0,0,0,0,0,0,0,0
ZTF24aacbnty,0,0,1,1,0,1,0,1,0,1,0
ZTF24aacbpej,0,0,1,1,0,1,0,1,0,1,0
ZTF24aacbqld,0,1,0,0,1,1,0,1,0,1,0
ZTF24aacceme,0,1,0,1,0,0,1,1,0,1,0
ZTF24aaccobb,0,1,0,1,0,1,0,0,1,1,0
ZTF24aaccrdd,0,1,0,0,1,1,0,1,0,1,0
ZTF24aaccxgb,0,0,1,1,0,1,0,1,0,1,0
ZTF24aaccyjt,0,1,0,1,0,1,0,0,1,1,0
ZTF24aacdxbk,0,1,0,1,0,1,0,1,0,0,1
ZTF24aaceash,0,1,0,0,1,1,0,1,0,1,0
ZTF24aacedmb,1,0,0,0,0,0,0,0,0,0,0
ZTF24aaceywd,0,1,0,1,0,1,0,0,1,1,0
ZTF24aacezcd,0,0,1,1,0,1,0,1,0,1,0
ZTF24aacfppj,0,0,1,1,0,1,0,1,0,1,0
ZTF24aacfrwa,0,1,0,1,0,1,0,1,0,0,1
ZTF24aacgdrd,0,1,0,1,0,0,1,1,0,1,0
ZTF24aacgrqp,0,0,1,1,0,1,0,1,0,1,0
ZTF24aacgrqr,0,1,0,1,0,0,1,1,0,1,0
ZTF24aacgrta,0,0,1,1,0,1,0,1,0,1,0
ZTF24aacgrxm,1,0,0,0,0,0,0,0,0,0,0
ZTF24aacgtiz,0,1,0,0,1,1,0,1,0,1,0
ZTF24aacgudn,0,1,0,1,0,1,0,0,1,1,0
ZTF24aacgusg,0,1,0,0,1,1,0,1,0,1,0
ZTF24aacgwxo,0,0,1,1,0,1,0,1,0,1,0
ZTF24aacgwzx,0,1,0,1,0,1,0,1,0,0,1
ZTF24aacibdh,0,1,0,1,0,1,0,1,0,0,1
ZTF24aacicsf,0,1,0,0,1,1,0,1,0,1,0
ZTF24aaciifq,0,0,1,1,0,1,0,1,0,1,0
ZTF24aacijdj,0,1,0,1,0,1,0,0,1,1,0
ZTF24aacinph,0,1,0,0,1,1,0,1,0,1,0
ZTF24aacinyh,0,1,0,0,1,1,0,1,0,1,0
ZTF24aaciofn,0,1,0,1,0,1,0,0,1,1,0
ZTF24aacipre,0,1,0,1,0,1,0,0,1,1,0
ZTF24aaciqha,0,1,0,1,0,1,0,0,1,1,0
ZTF24aaciqhs,0,1,0,0,1,1,0,1,0,1,0
ZTF24aaciqjb,0,1,0,1,0,1,0,1,0,0,1
ZTF24aaciuny,0,1,0,1,0,1,0,1,0,0,1
ZTF24aaciuvu,0,1,0,1,0,1,0,0,1,1,0
ZTF24aacivdo,1,0,0,0,0,0,0,0,0,0,0
ZTF24aacivgi,0,1,0,1,0,1,0,1,0,0,1
ZTF24aackqxo,0,1,0,0,1,1,0,1,0,1,0
ZTF24aaclnuu,0,1,0,1,0,1,0,1,0,0,1
ZTF24aacltwu,0,1,0,1,0,0,1,1,0,1,0
ZTF24aacmemv,0,0,1,1,0,1,0,1,0,1,0
ZTF24aacniym,0,1,0,0,1,1,0,1,0,1,0
ZTF24aacnocv,0,1,0,1,0,1,0,1,0,0,1
ZTF24aacqtgk,0,1,0,1,0,1,0,0,1,1,0
ZTF24aacqycn,0,1,0,1,0,0,1,1,0,1,0
ZTF24aacrbua,0,0,1,1,0,1,0,1,0,1,0
ZTF24aacrcti,0,1,0,1,0,1,0,0,1,1,0
ZTF24aacreea,0,1,0,1,0,1,0,1,0,0,1
ZTF24aacreed,0,0,1,1,0,1,0,1,0,1,0
ZTF24aacrfkp,0,0,1,1,0,1,0,1,0,1,0
ZTF24aacrhdu,0,1,0,1,0,1,0,1,0,0,1
ZTF24aacrjqy,0,1,0,0,1,1,0,1,0,1,0
ZTF24aacrpdw,0,0,1,1,0,1,0,1,0,1,0
ZTF24aacrppq,0,1,0,0,1,1,0,1,0,1,0
ZTF24aacrpyy,0,1,0,1,0,1,0,1,0,0,1
ZTF24aacrpzm,0,0,1,1,0,1,0,1,0,1,0
ZTF24aacrtbw,0,1,0,1,0,1,0,1,0,0,1
ZTF24aacrtht,0,1,0,1,0,1,0,0,1,1,0
ZTF24aacruer,0,1,0,1,0,0,1,1,0,1,0
ZTF24aactirc,0,1,0,1,0,1,0,0,1,1,0
ZTF24aactmab,0,0,1,1,0,1,0,1,0,1,0
ZTF24aacyttg,0,1,0,1,0,1,0,0,1,1,0
ZTF24aacyttv,0,1,0,1,0,1,0,0,1,1,0
ZTF24aacyuei,0,1,0,0,1,1,0,1,0,1,0
ZTF24aacyujc,0,0,1,1,0,1,0,1,0,1,0
ZTF24aaczfve,0,1,0,1,0,1,0,1,0,0,1
ZTF24aadefcx,0,1,0,0,1,1,0,1,0,1,0
ZTF24aadegsz,0,0,1,1,0,1,0,1,0,1,0
ZTF24aadfbfn,1,0,0,0,0,0,0,0,0,0,0
ZTF24aadfbne,1,0,0,0,0,0,0,0,0,0,0
ZTF24aadfmaf,0,1,0,1,0,1,0,1,0,0,1
ZTF24aadfqbc,0,1,0,0,1,1,0,1,0,1,0
ZTF24aadfqbm,0,1,0,0,1,1,0,1,0,1,0
ZTF24aadfqfc,0,1,0,0,1,1,0,1,0,1,0
ZTF24aadfqfo,1,0,0,0,0,0,0,0,0,0,0
ZTF24aadfqgs,0,1,0,1,0,0,1,1,0,1,0
ZTF24aadfqhl,0,1,0,1,0,0,1,1,0,1,0
ZTF24aadfqis,0,0,1,1,0,1,0,1,0,1,0
ZTF24aadftds,1,0,0,0,0,0,0,0,0,0,0
ZTF24aadftff,1,0,0,0,0,0,0,0,0,0,0
ZTF24aadfwfs,0,1,0,0,1,1,0,1,0,1,0
ZTF24aadiorf,0,1,0,1,0,0,1,1,0,1,0
ZTF24aadknte,0,1,0,1,0,1,0,1,0,0,1
ZTF24aadkslj,0,1,0,1,0,1,0,1,0,0,1
ZTF24aadkvnv,0,1,0,1,0,0,1,1,0,1,0
ZTF24aadkwol,0,1,0,1,0,1,0,0,1,1,0
ZTF24aadkylm,0,1,0,1,0,0,1,1,0,1,0
ZTF24aadlemd,0,1,0,1,0,1,0,1,0,0,1
ZTF24aadlxdf,0,0,1,1,0,1,0,1,0,1,0
ZTF24aadmryr,1,0,0,0,0,0,0,0,0,0,0
ZTF24aadqwju,0,1,0,1,0,0,1,1,0,1,0
ZTF24aadqwli,0,1,0,1,0,1,0,0,1,1,0
ZTF24aadqwnk,0,1,0,1,0,1,0,1,0,0,1
ZTF24aadqwop,0,0,1,1,0,1,0,1,0,1,0
ZTF24aadqwqu,0,1,0,1,0,1,0,1,0,0,1
ZTF24aadqxce,0,0,1,1,0,1,0,1,0,1,0
ZTF24aadqxej,0,0,1,1,0,1,0,1,0,1,0
ZTF24aadrakq,0,1,0,0,1,1,0,1,0,1,0
ZTF24aadrcfn,0,1,0,1,0,1,0,1,0,0,1
ZTF24aadrhlm,0,1,0,1,0,1,0,0,1,1,0
ZTF24aadrjjn,1,0,0,0,0,0,0,0,0,0,0
ZTF24aadrjst,0,1,0,0,1,1,0,1,0,1,0
ZTF24aadsdcu,0,1,0,1,0,1,0,0,1,1,0
ZTF24aadsgcv,1,0,0,0,0,0,0,0,0,0,0
ZTF24aadsijm,0,0,1,1,0,1,0,1,0,1,0
ZTF24aadsuzk,0,1,0,1,0,1,0,0,1,1,0
ZTF24aadttbo,0,1,0,1,0,1,0,1,0,0,1
ZTF24aadtzeh,0,0,1,1,0,1,0,1,0,1,0
ZTF24aaducxy,1,0,0,0,0,0,0,0,0,0,0
ZTF24aadueia,0,0,1,1,0,1,0,1,0,1,0
ZTF24aaduhdf,0,1,0,1,0,1,0,0,1,1,0
ZTF24aaduzuf,0,1,0,1,0,1,0,0,1,1,0
ZTF24aadvdgx,0,1,0,1,0,1,0,0,1,1,0
ZTF24aadvltu,0,0,1,1,0,1,0,1,0,1,0
ZTF24aadwidf,1,0,0,0,0,0,0,0,0,0,0
ZTF24aadwjlk,0,1,0,1,0,1,0,1,0,0,1
ZTF24aadwlbj,0,1,0,0,1,1,0,1,0,1,0
ZTF24aadwxcf,1,0,0,0,0,0,0,0,0,0,0
ZTF24aadxdhn,0,1,0,1,0,1,0,1,0,0,1
ZTF24aadycaw,1,0,0,0,0,0,0,0,0,0,0
ZTF24aadykqs,0,1,0,1,0,0,1,1,0,1,0
ZTF24aaeagpu,0,0,1,1,0,1,0,1,0,1,0
ZTF24aaeahrt,0,1,0,1,0,1,0,1,0,0,1
ZTF24aaechyv,0,1,0,1,0,1,0,1,0,0,1
ZTF24aaecnbe,0,0,1,1,0,1,0,1,0,1,0
ZTF24aaecnbf,0,1,0,1,0,0,1,1,0,1,0
ZTF24aaecnoj,1,0,0,0,0,0,0,0,0,0,0
ZTF24aaecofw,0,1,0,1,0,1,0,0,1,1,0
ZTF24aaecreq,0,1,0,0,1,1,0,1,0,1,0
ZTF24aaecrsn,0,0,1,1,0,1,0,1,0,1,0
ZTF24aaecshg,0,1,0,1,0,0,1,1,0,1,0
ZTF24aaectnx,0,1,0,1,0,1,0,1,0,0,1
ZTF24aaecwad,0,1,0,0,1,1,0,1,0,1,0
ZTF24aaecxcl,0,1,0,1,0,1,0,0,1,1,0
ZTF24aaecxiu,0,1,0,0,1,1,0,1,0,1,0
ZTF24aaecxun,0,1,0,1,0,1,0,0,1,1,0
ZTF24aaecxvz,0,1,0,0,1,1,0,1,0,1,0
ZTF24aaecxwe,0,1,0,1,0,0,1,1,0,1,0
ZTF24aaecygi,0,1,0,1,0,0,1,1,0,1,0
ZTF24aaeczdw,0,1,0,0,1,1,0,1,0,1,0
ZTF24aaedhfu,0,0,1,1,0,1,0,1,0,1,0
ZTF24aaedmmr,0,0,1,1,0,1,0,1,0,1,0
ZTF24aaedmph,0,1,0,1,0,1,0,0,1,1,0
ZTF24aaedohi,1,0,0,0,0,0,0,0,0,0,0
ZTF24aaedoyz,1,0,0,0,0,0,0,0,0,0,0
ZTF24aaedpbn,0,1,0,1,0,0,1,1,0,1,0
ZTF24aaedqzu,0,1,0,1,0,1,0,1,0,0,1
ZTF24aaedsmo,0,1,0,0,1,1,0,1,0,1,0
ZTF24aaedxtm,1,0,0,0,0,0,0,0,0,0,0
ZTF24aaeebxx,1,0,0,0,0,0,0,0,0,0,0
ZTF24aaeecbg,0,1,0,1,0,0,1,1,0,1,0
ZTF24aaeecfa,0,1,0,1,0,1,0,0,1,1,0
ZTF24aaeecid,0,0,1,1,0,1,0,1,0,1,0
ZTF24aaeecjy,0,1,0,0,1,1,0,1,0,1,0
ZTF24aaeecuf,0,1,0,1,0,0,1,1,0,1,0
ZTF24aaeedjj,0,1,0,1,0,1,0,0,1,1,0
ZTF24aaeejsb,0,1,0,0,1,1,0,1,0,1,0
ZTF24aaeekei,0,1,0,0,1,1,0,1,0,1,0
ZTF24aaefwoh,0,1,0,1,0,0,1,1,0,1,0
ZTF24aaefybn,0,1,0,1,0,1,0,0,1,1,0
ZTF24aaefynj,1,0,0,0,0,0,0,0,0,0,0
ZTF24aaegacl,0,1,0,1,0,1,0,1,0,0,1
ZTF24aaegfbm,0,0,1,1,0,1,0,1,0,1,0
ZTF24aaegfoq,1,0,0,0,0,0,0,0,0,0,0
ZTF24aaegmuf,1,0,0,0,0,0,0,0,0,0,0
ZTF24aaegrdv,0,1,0,1,0,1,0,1,0,0,1
ZTF24aaegrez,0,1,0,0,1,1,0,1,0,1,0
ZTF24aaegrlz,1,0,0,0,0,0,0,0,0,0,0
ZTF24aaegrmd,0,1,0,1,0,1,0,0,1,1,0
ZTF24aaegrrt,0,1,0,1,0,1,0,1,0,0,1
ZTF24aaegymd,0,1,0,0,1,1,0,1,0,1,0
ZTF24aaegypg,0,1,0,1,0,1,0,1,0,0,1
ZTF24aaegysh,0,1,0,0,1,1,0,1,0,1,0
ZTF24aaegzgl,0,1,0,1,0,1,0,0,1,1,0
ZTF24aaehdfj,0,1,0,1,0,1,0,0,1,1,0
ZTF24aaehdqg,0,1,0,1,0,1,0,1,0,0,1
ZTF24aaehdvj,0,0,1,1,0,1,0,1,0,1,0
ZTF24aaehepr,0,1,0,0,1,1,0,1,0,1,0
ZTF24aaehfgk,0,1,0,1,0,0,1,1,0,1,0
ZTF24aaehoag,0,1,0,1,0,1,0,1,0,0,1
ZTF24aaeicec,0,1,0,1,0,1,0,0,1,1,0
ZTF24aaeicxz,0,0,1,1,0,1,0,1,0,1,0
ZTF24aaeidiy,0,1,0,1,0,1,0,0,1,1,0
ZTF24aaeiepq,0,0,1,1,0,1,0,1,0,1,0
ZTF24aaeigjx,0,1,0,0,1,1,0,1,0,1,0
ZTF24aaeigqc,1,0,0,0,0,0,0,0,0,0,0
ZTF24aaeihsw,0,1,0,1,0,1,0,1,0,0,1
ZTF24aaeijfo,0,1,0,1,0,1,0,1,0,0,1
ZTF24aaeikvz,0,1,0,1,0,1,0,0,1,1,0
ZTF24aaeiorp,1,0,0,0,0,0,0,0,0,0,0
ZTF24aaeiqjt,0,1,0,1,0,0,1,1,0,1,0
ZTF24aaeitdx,0,1,0,1,0,0,1,1,0,1,0
ZTF24aaeiysg,0,1,0,0,1,1,0,1,0,1,0
ZTF24aaejdnx,0,1,0,1,0,1,0,0,1,1,0
ZTF24aaejdrs,0,0,1,1,0,1,0,1,0,1,0
ZTF24aaejdzc,0,1,0,1,0,1,0,0,1,1,0
ZTF24aaejecr,1,0,0,0,0,0,0,0,0,0,0
ZTF24aaejecu,0,1,0,1,0,0,1,1,0,1,0
ZTF24aaejefs,0,0,1,1,0,1,0,1,0,1,0
ZTF24aaejefu,0,1,0,1,0,0,1,1,0,1,0
ZTF24aaejegy,1,0,0,0,0,0,0,0,0,0,0
ZTF24aaejehf,0,1,0,1,0,1,0,0,1,1,0
ZTF24aaejeij,0,0,1,1,0,1,0,1,0,1,0
ZTF24aaejevl,0,1,0,0,1,1,0,1,0,1,0
ZTF24aaejiug,0,1,0,0,1,1,0,1,0,1,0
ZTF24aaejiuk,0,1,0,1,0,1,0,0,1,1,0
ZTF24aaejivf,0,1,0,1,0,1,0,1,0,0,1
ZTF24aaejiwf,0,1,0,1,0,1,0,1,0,0,1
ZTF24aaejiwq,0,1,0,0,1,1,0,1,0,1,0
ZTF24aaejixf,0,1,0,0,1,1,0,1,0,1,0
ZTF24aaejixs,1,0,0,0,0,0,0,0,0,0,0
ZTF24aaejjez,1,0,0,0,0,0,0,0,0,0,0
ZTF24aaejjfw,0,1,0,1,0,1,0,0,1,1,0
ZTF24aaejjmk,0,1,0,1,0,1,0,1,0,0,1
ZTF24aaejjps,0,1,0,1,0,0,1,1,0,1,0
ZTF24aaejjrp,0,1,0,1,0,1,0,0,1,1,0
ZTF24aaejjvd,0,0,1,1,0,1,0,1,0,1,0
ZTF24aaejjyy,0,0,1,1,0,1,0,1,0,1,0
ZTF24aaejjzc,1,0,0,0,0,0,0,0,0,0,0
ZTF24aaejker,1,0,0,0,0,0,0,0,0,0,0
ZTF24aaejkmy,0,1,0,1,0,0,1,1,0,1,0
ZTF24aaejmnz,0,0,1,1,0,1,0,1,0,1,0
ZTF24aaejmrk,0,1,0,0,1,1,0,1,0,1,0
ZTF24aaejngf,0,0,1,1,0,1,0,1,0,1,0
ZTF24aaejngs,0,1,0,1,0,1,0,1,0,0,1
ZTF24aaejoaj,0,1,0,1,0,1,0,0,1,1,0
ZTF24aaejovt,0,0,1,1,0,1,0,1,0,1,0
ZTF24aaejphz,0,1,0,1,0,0,1,1,0,1,0
ZTF24aaejrkq,0,1,0,0,1,1,0,1,0,1,0
ZTF24aaejrli,0,1,0,0,1,1,0,1,0,1,0
ZTF24aaejrlu,0,1,0,1,0,1,0,0,1,1,0
ZTF24aaejrmp,1,0,0,0,0,0,0,0,0,0,0
ZTF24aaejrnl,0,1,0,0,1,1,0,1,0,1,0
ZTF24aaejrwd,0,1,0,1,0,0,1,1,0,1,0
ZTF24aaejrwe,1,0,0,0,0,0,0,0,0,0,0
ZTF24aaejrxk,0,1,0,1,0,1,0,1,0,0,1
ZTF24aaejrxm,0,1,0,1,0,0,1,1,0,1,0
ZTF24aaejrxt,0,1,0,0,1,1,0,1,0,1,0
ZTF24aaejrxw,0,1,0,0,1,1,0,1,0,1,0
ZTF24aaejrzj,0,1,0,1,0,0,1,1,0,1,0
ZTF24aaejrzs,0,1,0,1,0,1,0,0,1,1,0
ZTF24aaejsaf,0,1,0,0,1,1,0,1,0,1,0
ZTF24aaejsah,0,0,1,1,0,1,0,1,0,1,0
ZTF24aaejscd,1,0,0,0,0,0,0,0,0,0,0
ZTF24aaejscg,1,0,0,0,0,0,0,0,0,0,0
ZTF24aaejsfc,0,1,0,0,1,1,0,1,0,1,0
ZTF24aaejsgc,0,1,0,1,0,1,0,0,1,1,0
ZTF24aaejsjp,0,1,0,1,0,1,0,1,0,0,1
ZTF24aaejsnl,0,1,0,1,0,1,0,1,0,0,1
ZTF24aaejsuf,0,1,0,1,0,1,0,1,0,0,1
ZTF24aaejsvh,1,0,0,0,0,0,0,0,0,0,0
ZTF24aaejtcc,0,1,0,0,1,1,0,1,0,1,0
ZTF24aaejtnv,0,0,1,1,0,1,0,1,0,1,0
ZTF24aaejtsv,0,1,0,1,0,0,1,1,0,1,0
ZTF24aaejvcx,0,0,1,1,0,1,0,1,0,1,0
ZTF24aaejvjd,0,1,0,1,0,1,0,1,0,0,1
ZTF24aaejvpa,0,1,0,0,1,1,0,1,0,1,0
ZTF24aaejvsw,0,1,0,1,0,1,0,0,1,1,0
ZTF24aaejvsz,1,0,0,0,0,0,0,0,0,0,0
ZTF24aaejwaa,0,1,0,1,0,1,0,0,1,1,0
ZTF24aaejwlc,1,0,0,0,0,0,0,0,0,0,0
ZTF24aaejwnx,1,0,0,0,0,0,0,0,0,0,0
ZTF24aaejwqq,0,0,1,1,0,1,0,1,0,1,0
ZTF24aaejwqv,0,1,0,0,1,1,0,1,0,1,0
ZTF24aaejwqw,0,1,0,0,1,1,0,1,0,1,0
ZTF24aaejwry,0,1,0,1,0,0,1,1,0,1,0
ZTF24aaejwsi,0,1,0,1,0,1,0,0,1,1,0
ZTF24aaejwsr,0,1,0,1,0,1,0,1,0,0,1
ZTF24aaejwss,1,0,0,0,0,0,0,0,0,0,0
ZTF24aaejwwu,1,0,0,0,0,0,0,0,0,0,0
ZTF24aaejwxi,1,0,0,0,0,0,0,0,0,0,0
ZTF24aaejwxv,0,0,1,1,0,1,0,1,0,1,0
ZTF24aaejwyx,0,1,0,1,0,1,0,0,1,1,0
ZTF24aaejwyz,0,1,0,1,0,0,1,1,0,1,0
ZTF24aaejwze,0,1,0,0,1,1,0,1,0,1,0
ZTF24aaejwzz,0,1,0,0,1,1,0,1,0,1,0
ZTF24aaejxbr,0,1,0,1,0,1,0,0,1,1,0
ZTF24aaejxrt,0,1,0,1,0,1,0,0,1,1,0
ZTF24aaejypw,0,1,0,1,0,1,0,0,1,1,0
ZTF24aaejyrd,1,0,0,0,0,0,0,0,0,0,0
ZTF24aaejyui,1,0,0,0,0,0,0,0,0,0,0
ZTF24aaejyvb,0,0,1,1,0,1,0,1,0,1,0
ZTF24aaejzlq,1,0,0,0,0,0,0,0,0,0,0
ZTF24aaejzmr,0,0,1,1,0,1,0,1,0,1,0
ZTF24aaekaaj,0,1,0,1,0,1,0,0,1,1,0
ZTF24aaekaby,0,1,0,1,0,1,0,1,0,0,1
ZTF24aaekanz,0,1,0,1,0,1,0,1,0,0,1
ZTF24aaekasw,0,1,0,0,1,1,0,1,0,1,0
ZTF24aaekawj,0,1,0,1,0,1,0,0,1,1,0
ZTF24aaekaxd,0,1,0,1,0,1,0,0,1,1,0
ZTF24aaekazg,1,0,0,0,0,0,0,0,0,0,0
ZTF24aaekbcb,0,1,0,1,0,1,0,0,1,1,0
ZTF24aaekbim,0,1,0,1,0,1,0,1,0,0,1
ZTF24aaekbjb,1,0,0,0,0,0,0,0,0,0,0
ZTF24aaekbji,0,0,1,1,0,1,0,1,0,1,0
ZTF24aaekbkq,1,0,0,0,0,0,0,0,0,0,0
ZTF24aaekblj,0,1,0,1,0,0,1,1,0,1,0
ZTF24aaekblu,0,1,0,1,0,1,0,0,1,1,0
ZTF24aaekbmc,1,0,0,0,0,0,0,0,0,0,0
ZTF24aaekbmr,0,1,0,1,0,0,1,1,0,1,0
ZTF24aaekbmv,0,1,0,1,0,1,0,0,1,1,0
ZTF24aaekbmx,0,0,1,1,0,1,0,1,0,1,0
ZTF24aaekbnm,0,0,1,1,0,1,0,1,0,1,0
ZTF24aaekboj,0,0,1,1,0,1,0,1,0,1,0
ZTF24aaekbou,0,1,0,1,0,1,0,1,0,0,1
ZTF24aaekbow,0,1,0,0,1,1,0,1,0,1,0
ZTF24aaekbpc,0,1,0,1,0,1,0,1,0,0,1
ZTF24aaekbre,0,1,0,1,0,0,1,1,0,1,0
ZTF24aaekbuc,0,1,0,1,0,0,1,1,0,1,0
ZTF24aaekbuk,0,0,1,1,0,1,0,1,0,1,0
ZTF24aaekbxi,0,1,0,1,0,1,0,1,0,0,1
ZTF24aaekbxr,0,1,0,0,1,1,0,1,0,1,0
ZTF24aaekbzn,0,1,0,1,0,1,0,1,0,0,1
ZTF24aaekccp,0,1,0,1,0,0,1,1,0,1,0
ZTF24aaekcdt,0,1,0,1,0,0,1,1,0,1,0
ZTF24aaekcgg,0,1,0,0,1,1,0,1,0,1,0
ZTF24aaekclg,0,0,1,1,0,1,0,1,0,1,0
ZTF24aaekdhi,0,1,0,1,0,1,0,0,1,1,0
ZTF24aaekdzy,0,0,1,1,0,1,0,1,0,1,0
ZTF24aaekefr,0,1,0,1,0,1,0,1,0,0,1
ZTF24aaekehs,0,1,0,1,0,0,1,1,0,1,0
ZTF24aaekeyy,0,0,1,1,0,1,0,1,0,1,0
ZTF24aaekgfm,0,1,0,1,0,1,0,0,1,1,0
ZTF24aaekgsw,0,1,0,1,0,1,0,1,0,0,1
ZTF24aaekhia,0,1,0,1,0,1,0,0,1,1,0
ZTF24aaekhmh,1,0,0,0,0,0,0,0,0,0,0
ZTF24aaekhtc,0,1,0,0,1,1,0,1,0,1,0
ZTF24aaekiym,0,1,0,0,1,1,0,1,0,1,0
ZTF24aaekjoi,0,1,0,1,0,1,0,1,0,0,1
ZTF24aaekjow,0,0,1,1,0,1,0,1,0,1,0
ZTF24aaekjue,0,1,0,1,0,0,1,1,0,1,0
ZTF24aaekkdl,0,1,0,0,1,1,0,1,0,1,0
ZTF24aaekkhc,0,1,0,0,1,1,0,1,0,1,0
ZTF24aaekkig,0,1,0,1,0,1,0,0,1,1,0
ZTF24aaekkin,1,0,0,0,0,0,0,0,0,0,0
ZTF24aaekkiz,0,1,0,1,0,0,1,1,0,1,0
ZTF24aaekkjv,0,1,0,1,0,1,0,1,0,0,1
ZTF24aaekkzy,0,1,0,1,0,0,1,1,0,1,0
ZTF24aaeklbv,0,1,0,0,1,1,0,1,0,1,0
ZTF24aaeklcd,0,1,0,1,0,1,0,1,0,0,1
ZTF24aaeklcj,0,1,0,1,0,0,1,1,0,1,0
ZTF24aaeklfm,1,0,0,0,0,0,0,0,0,0,0
ZTF24aaekmks,0,1,0,1,0,0,1,1,0,1,0
ZTF24aaekmnz,0,1,0,0,1,1,0,1,0,1,0
ZTF24aaeknhk,0,1,0,1,0,1,0,1,0,0,1
ZTF24aaeknmb,0,1,0,1,0,1,0,0,1,1,0
ZTF24aaeknoh,0,0,1,1,0,1,0,1,0,1,0
ZTF24aaekntf,0,1,0,1,0,1,0,1,0,0,1
ZTF24aaeknto,0,1,0,0,1,1,0,1,0,1,0
ZTF24aaekntr,0,1,0,1,0,0,1,1,0,1,0
ZTF24aaekntw,0,1,0,1,0,1,0,1,0,0,1
ZTF24aaeknuh,1,0,0,0,0,0,0,0,0,0,0
ZTF24aaeknuv,1,0,0,0,0,0,0,0,0,0,0
ZTF24aaeknvj,0,0,1,1,0,1,0,1,0,1,0
ZTF24aaeknvo,1,0,0,0,0,0,0,0,0,0,0
ZTF24aaeknxk,1,0,0,0,0,0,0,0,0,0,0
ZTF24aaeknxn,0,1,0,1,0,0,1,1,0,1,0
ZTF24aaeknxy,0,1,0,1,0,1,0,1,0,0,1
ZTF24aaeknya,0,0,1,1,0,1,0,1,0,1,0
ZTF24aaeknyh,1,0,0,0,0,0,0,0,0,0,0
ZTF24aaeknyi,0,1,0,1,0,1,0,1,0,0,1
ZTF24aaeknyx,1,0,0,0,0,0,0,0,0,0,0
ZTF24aaeknzl,0,1,0,1,0,1,0,0,1,1,0
ZTF24aaekoar,0,1,0,1,0,0,1,1,0,1,0
ZTF24aaekobc,0,0,1,1,0,1,0,1,0,1,0
ZTF24aaekobd,0,1,0,0,1,1,0,1,0,1,0
ZTF24aaekoch,1,0,0,0,0,0,0,0,0,0,0
ZTF24aaekocj,1,0,0,0,0,0,0,0,0,0,0
ZTF24aaekocp,0,1,0,1,0,1,0,1,0,0,1
ZTF24aaekofc,0,1,0,1,0,1,0,1,0,0,1
ZTF24aaekofi,1,0,0,0,0,0,0,0,0,0,0
ZTF24aaekofw,0,1,0,1,0,1,0,1,0,0,1
ZTF24aaekofz,0,1,0,1,0,0,1,1,0,1,0
ZTF24aaekoge,0,0,1,1,0,1,0,1,0,1,0
ZTF24aaekogg,0,1,0,1,0,0,1,1,0,1,0
ZTF24aaekogo,1,0,0,0,0,0,0,0,0,0,0
ZTF24aaekogp,1,0,0,0,0,0,0,0,0,0,0
ZTF24aaekohb,1,0,0,0,0,0,0,0,0,0,0
ZTF24aaekoif,1,0,0,0,0,0,0,0,0,0,0
ZTF24aaekoig,0,1,0,1,0,0,1,1,0,1,0
ZTF24aaekoii,0,1,0,1,0,0,1,1,0,1,0
ZTF24aaekois,0,1,0,1,0,0,1,1,0,1,0
ZTF24aaekojx,0,0,1,1,0,1,0,1,0,1,0
ZTF24aaekokt,0,0,1,1,0,1,0,1,0,1,0
ZTF24aaekoxr,0,1,0,1,0,1,0,0,1,1,0
ZTF24aaekpjz,0,1,0,0,1,1,0,1,0,1,0
ZTF24aaekqdj,0,0,1,1,0,1,0,1,0,1,0
ZTF24aaekqen,0,1,0,1,0,1,0,1,0,0,1
ZTF24aaekqfr,0,1,0,1,0,1,0,1,0,0,1
ZTF24aaekqld,1,0,0,0,0,0,0,0,0,0,0
ZTF24aaekqlm,0,1,0,1,0,0,1,1,0,1,0
ZTF24aaekqnh,0,1,0,1,0,1,0,0,1,1,0
ZTF24aaekqqf,0,0,1,1,0,1,0,1,0,1,0
ZTF24aaekqsh,0,1,0,1,0,1,0,0,1,1,0
ZTF24aaekqtt,0,1,0,1,0,1,0,1,0,0,1
ZTF24aaekquc,0,1,0,1,0,1,0,0,1,1,0
ZTF24aaekqug,0,1,0,1,0,0,1,1,0,1,0
ZTF24aaekqvx,0,1,0,0,1,1,0,1,0,1,0
ZTF24aaekqxp,0,1,0,1,0,1,0,1,0,0,1
ZTF24aaekrkc,0,0,1,1,0,1,0,1,0,1,0
ZTF24aaeldtm,0,1,0,1,0,1,0,0,1,1,0
ZTF24aaelfhf,0,1,0,0,1,1,0,1,0,1,0
ZTF24aaelhos,0,1,0,1,0,0,1,1,0,1,0
ZTF24aaellok,0,1,0,1,0,1,0,0,1,1,0
ZTF24aaellqe,0,1,0,1,0,0,1,1,0,1,0
ZTF24aaelmab,0,0,1,1,0,1,0,1,0,1,0
ZTF24aaelqdf,0,1,0,1,0,1,0,1,0,0,1
ZTF24aaeluzo,1,0,0,0,0,0,0,0,0,0,0
ZTF24aaemhso,0,0,1,1,0,1,0,1,0,1,0
ZTF24aaemxoy,0,1,0,1,0,1,0,0,1,1,0
ZTF24aaemxyh,0,1,0,0,1,1,0,1,0,1,0
ZTF24aaemydm,0,1,0,0,1,1,0,1,0,1,0
ZTF24aaemypj,0,1,0,0,1,1,0,1,0,1,0
ZTF24aaemzvj,0,0,1,1,0,1,0,1,0,1,0
ZTF24aaenaei,0,1,0,1,0,1,0,0,1,1,0
ZTF24aaenesb,1,0,0,0,0,0,0,0,0,0,0
ZTF24aaenkch,0,1,0,1,0,1,0,1,0,0,1
ZTF24aaenqke,0,1,0,1,0,1,0,0,1,1,0
ZTF24aaenrli,0,1,0,1,0,1,0,0,1,1,0
ZTF24aaensbu,0,0,1,1,0,1,0,1,0,1,0
ZTF24aaenthy,0,0,1,1,0,1,0,1,0,1,0
ZTF24aaenyyo,1,0,0,0,0,0,0,0,0,0,0
ZTF24aaeoisj,1,0,0,0,0,0,0,0,0,0,0
ZTF24aaeonfk,0,1,0,1,0,1,0,0,1,1,0
ZTF24aaeopqq,0,0,1,1,0,1,0,1,0,1,0
ZTF24aaeovti,0,1,0,1,0,0,1,1,0,1,0
ZTF24aaepaxl,0,0,1,1,0,1,0,1,0,1,0
ZTF24aaepbal,0,1,0,1,0,1,0,1,0,0,1
ZTF24aaepbwo,0,0,1,1,0,1,0,1,0,1,0
ZTF24aaepcog,1,0,0,0,0,0,0,0,0,0,0
ZTF24aaepead,0,0,1,1,0,1,0,1,0,1,0
ZTF24aaepkln,0,1,0,1,0,1,0,0,1,1,0
ZTF24aaepmql,0,1,0,1,0,1,0,0,1,1,0
ZTF24aaeppqr,0,1,0,1,0,0,1,1,0,1,0
ZTF24aaeqflw,0,0,1,1,0,1,0,1,0,1,0
ZTF24aaeqgeb,0,1,0,1,0,0,1,1,0,1,0
ZTF24aaeqgpy,0,1,0,0,1,1,0,1,0,1,0
ZTF24aaeqjmz,0,1,0,1,0,0,1,1,0,1,0
ZTF24aaerbbh,0,1,0,1,0,1,0,0,1,1,0
ZTF24aaerbpf,0,1,0,0,1,1,0,1,0,1,0
ZTF24aaercph,0,1,0,1,0,0,1,1,0,1,0
ZTF24aaereyh,0,1,0,0,1,1,0,1,0,1,0
ZTF24aaerezw,1,0,0,0,0,0,0,0,0,0,0
ZTF24aaerilc,0,1,0,1,0,1,0,0,1,1,0
ZTF24aaerjet,0,1,0,1,0,0,1,1,0,1,0
ZTF24aaernvb,0,1,0,1,0,1,0,0,1,1,0
ZTF24aaerorz,1,0,0,0,0,0,0,0,0,0,0
ZTF24aaersfc,0,0,1,1,0,1,0,1,0,1,0
ZTF24aaeruds,0,1,0,0,1,1,0,1,0,1,0
ZTF24aaerwmi,0,1,0,0,1,1,0,1,0,1,0
ZTF24aaerwyh,1,0,0,0,0,0,0,0,0,0,0
ZTF24aaerxko,0,1,0,1,0,1,0,0,1,1,0
ZTF24aaerxqv,0,0,1,1,0,1,0,1,0,1,0
ZTF24aaerxsk,0,1,0,1,0,1,0,0,1,1,0
ZTF24aaeryff,0,1,0,1,0,1,0,1,0,0,1
ZTF24aaerzgo,0,1,0,1,0,1,0,1,0,0,1
ZTF24aaerzgu,0,0,1,1,0,1,0,1,0,1,0
ZTF24aaethme,0,1,0,1,0,1,0,0,1,1,0
ZTF24aaetivw,0,1,0,0,1,1,0,1,0,1,0
ZTF24aaetiwd,0,1,0,1,0,1,0,1,0,0,1
ZTF24aaetofx,0,1,0,1,0,1,0,1,0,0,1
ZTF24aaetptc,0,1,0,1,0,0,1,1,0,1,0
ZTF24aaetuhk,0,0,1,1,0,1,0,1,0,1,0
ZTF24aaeuhwu,0,1,0,1,0,0,1,1,0,1,0
ZTF24aaewqxv,0,1,0,1,0,1,0,1,0,0,1
ZTF24aaeytxb,0,1,0,0,1,1,0,1,0,1,0
ZTF24aaezctt,0,1,0,0,1,1,0,1,0,1,0
ZTF24aaezfta,0,1,0,0,1,1,0,1,0,1,0
ZTF24aaezhuc,1,0,0,0,0,0,0,0,0,0,0
ZTF24aaezido,1,0,0,0,0,0,0,0,0,0,0
ZTF24aaezmio,0,1,0,0,1,1,0,1,0,1,0
ZTF24aaezrey,0,1,0,0,1,1,0,1,0,1,0
ZTF24aaezxsh,0,0,1,1,0,1,0,1,0,1,0
ZTF24aaezzgu,0,1,0,0,1,1,0,1,0,1,0
ZTF24aafaaiq,0,0,1,1,0,1,0,1,0,1,0
ZTF24aafaamo,0,1,0,1,0,1,0,0,1,1,0
ZTF24aafabqx,0,1,0,1,0,0,1,1,0,1,0
ZTF24aafabty,0,1,0,0,1,1,0,1,0,1,0
ZTF24aafahel,0,1,0,0,1,1,0,1,0,1,0
ZTF24aafahvv,0,1,0,1,0,1,0,1,0,0,1
ZTF24aafaien,0,0,1,1,0,1,0,1,0,1,0
ZTF24aafaiiw,1,0,0,0,0,0,0,0,0,0,0
ZTF24aafaiyw,1,0,0,0,0,0,0,0,0,0,0
ZTF24aafalbr,0,0,1,1,0,1,0,1,0,1,0
ZTF24aafaloh,0,1,0,1,0,1,0,1,0,0,1
ZTF24aafaoad,0,0,1,1,0,1,0,1,0,1,0
ZTF24aafaoet,0,1,0,1,0,0,1,1,0,1,0
ZTF24aafappu,0,1,0,1,0,1,0,0,1,1,0
ZTF24aafaqwm,1,0,0,0,0,0,0,0,0,0,0
ZTF24aafatkn,1,0,0,0,0,0,0,0,0,0,0
ZTF24aafawby,1,0,0,0,0,0,0,0,0,0,0
ZTF24aafaweo,0,0,1,1,0,1,0,1,0,1,0
ZTF24aafawjm,0,0,1,1,0,1,0,1,0,1,0
ZTF24aafaxed,0,1,0,1,0,1,0,1,0,0,1
ZTF24aafaxeg,1,0,0,0,0,0,0,0,0,0,0
ZTF24aafaxsw,0,1,0,0,1,1,0,1,0,1,0
ZTF24aafaxvf,0,1,0,1,0,0,1,1,0,1,0
ZTF24aafayav,1,0,0,0,0,0,0,0,0,0,0
ZTF24aafayfk,0,1,0,1,0,0,1,1,0,1,0
ZTF24aafaynj,0,1,0,1,0,0,1,1,0,1,0
ZTF24aafayup,0,1,0,0,1,1,0,1,0,1,0
ZTF24aafazdr,0,1,0,1,0,1,0,1,0,0,1
ZTF24aafazer,0,1,0,1,0,1,0,1,0,0,1
ZTF24aafazre,0,0,1,1,0,1,0,1,0,1,0
ZTF24aafbabh,1,0,0,0,0,0,0,0,0,0,0
ZTF24aafbais,1,0,0,0,0,0,0,0,0,0,0
ZTF24aafbanu,0,1,0,0,1,1,0,1,0,1,0
ZTF24aafbbno,1,0,0,0,0,0,0,0,0,0,0
ZTF24aafbbnt,0,0,1,1,0,1,0,1,0,1,0
ZTF24aafbboy,0,1,0,1,0,0,1,1,0,1,0
ZTF24aafbbwz,0,1,0,1,0,0,1,1,0,1,0
ZTF24aafbckq,0,1,0,0,1,1,0,1,0,1,0
ZTF24aafbdbf,1,0,0,0,0,0,0,0,0,0,0
ZTF24aafbdwb,1,0,0,0,0,0,0,0,0,0,0
ZTF24aafbfgj,0,1,0,1,0,1,0,1,0,0,1
ZTF24aafbfic,1,0,0,0,0,0,0,0,0,0,0
ZTF24aafbfoc,0,1,0,0,1,1,0,1,0,1,0
ZTF24aafbfuj,0,1,0,1,0,0,1,1,0,1,0
ZTF24aafbgaw,0,1,0,1,0,0,1,1,0,1,0
ZTF24aafbhbf,1,0,0,0,0,0,0,0,0,0,0
ZTF24aafbhez,0,1,0,1,0,0,1,1,0,1,0
ZTF24aafbhpi,0,1,0,1,0,1,0,0,1,1,0
ZTF24aafbifl,0,1,0,1,0,0,1,1,0,1,0
ZTF24aafbihp,0,0,1,1,0,1,0,1,0,1,0
ZTF24aafbjux,0,1,0,1,0,0,1,1,0,1,0
ZTF24aafbjyr,1,0,0,0,0,0,0,0,0,0,0
ZTF24aafbkob,1,0,0,0,0,0,0,0,0,0,0
ZTF24aafbkte,0,1,0,1,0,1,0,0,1,1,0
ZTF24aafbkyg,0,1,0,1,0,0,1,1,0,1,0
ZTF24aafblfk,1,0,0,0,0,0,0,0,0,0,0
ZTF24aafblxi,0,1,0,1,0,1,0,1,0,0,1
ZTF24aafbuws,0,0,1,1,0,1,0,1,0,1,0
ZTF24aafcjfn,1,0,0,0,0,0,0,0,0,0,0
ZTF24aafdxwp,0,0,1,1,0,1,0,1,0,1,0
ZTF24aafepfw,0,0,1,1,0,1,0,1,0,1,0
ZTF24aafeqxs,0,1,0,1,0,1,0,0,1,1,0
ZTF24aaferzj,0,1,0,0,1,1,0,1,0,1,0
ZTF24aaffjrc,0,1,0,0,1,1,0,1,0,1,0
ZTF24aafflua,0,1,0,1,0,1,0,0,1,1,0
ZTF24aaffnoc,0,1,0,1,0,0,1,1,0,1,0
ZTF24aaffqde,0,1,0,0,1,1,0,1,0,1,0
ZTF24aafftbs,0,1,0,1,0,0,1,1,0,1,0
ZTF24aaffxct,0,1,0,1,0,0,1,1,0,1,0
ZTF24aafggyx,0,0,1,1,0,1,0,1,0,1,0
ZTF24aafgmho,1,0,0,0,0,0,0,0,0,0,0
ZTF24aafgymb,0,1,0,1,0,1,0,1,0,0,1
ZTF24aafhmsp,0,1,0,1,0,0,1,1,0,1,0
ZTF24aafhxms,0,1,0,1,0,1,0,0,1,1,0
ZTF24aafhxoc,1,0,0,0,0,0,0,0,0,0,0
ZTF24aafiabb,0,1,0,0,1,1,0,1,0,1,0
ZTF24aafimlb,1,0,0,0,0,0,0,0,0,0,0
ZTF24aafindn,1,0,0,0,0,0,0,0,0,0,0
ZTF24aafinyi,0,1,0,1,0,1,0,1,0,0,1
ZTF24aafioqx,0,1,0,1,0,0,1,1,0,1,0
ZTF24aafiovf,0,0,1,1,0,1,0,1,0,1,0
ZTF24aafipbz,0,1,0,1,0,0,1,1,0,1,0
ZTF24aafiprb,0,1,0,1,0,1,0,1,0,0,1
ZTF24aafisdu,0,1,0,1,0,1,0,1,0,0,1
ZTF24aafivdv,0,1,0,1,0,1,0,1,0,0,1
ZTF24aafiyxu,0,1,0,0,1,1,0,1,0,1,0
ZTF24aafjawt,0,0,1,1,0,1,0,1,0,1,0
ZTF24aafjbvf,0,1,0,1,0,1,0,1,0,0,1
ZTF24aafjbvv,0,1,0,1,0,1,0,0,1,1,0
ZTF24aafjbwl,0,1,0,1,0,1,0,1,0,0,1
ZTF24aafjbwp,0,1,0,0,1,1,0,1,0,1,0
ZTF24aafjcij,0,1,0,1,0,0,1,1,0,1,0
ZTF24aafjcub,0,1,0,1,0,0,1,1,0,1,0
ZTF24aafjcuz,0,1,0,1,0,0,1,1,0,1,0
ZTF24aafjcxj,1,0,0,0,0,0,0,0,0,0,0
ZTF24aafjddh,0,1,0,0,1,1,0,1,0,1,0
ZTF24aafjdou,0,1,0,1,0,1,0,0,1,1,0
ZTF24aafjeek,0,1,0,1,0,0,1,1,0,1,0
ZTF24aafjgcw,0,1,0,0,1,1,0,1,0,1,0
ZTF24aafkgki,0,1,0,1,0,1,0,0,1,1,0
ZTF24aafkrqx,0,1,0,1,0,1,0,1,0,0,1
ZTF24aaflibv,0,1,0,1,0,0,1,1,0,1,0
ZTF24aafnwpr,0,1,0,1,0,1,0,1,0,0,1
ZTF24aafpddg,0,1,0,0,1,1,0,1,0,1,0
ZTF24aafpicp,0,1,0,0,1,1,0,1,0,1,0
ZTF24aafpzoc,0,0,1,1,0,1,0,1,0,1,0
ZTF24aafqcta,0,1,0,1,0,0,1,1,0,1,0
ZTF24aafqczx,0,1,0,1,0,1,0,1,0,0,1
ZTF24aafqddl,1,0,0,0,0,0,0,0,0,0,0
ZTF24aafqhyf,1,0,0,0,0,0,0,0,0,0,0
ZTF24aafqipb,1,0,0,0,0,0,0,0,0,0,0
ZTF24aafqita,0,0,1,1,0,1,0,1,0,1,0
ZTF24aafqmky,0,1,0,1,0,1,0,0,1,1,0
ZTF24aafqpnp,0,1,0,0,1,1,0,1,0,1,0
ZTF24aafqucu,0,0,1,1,0,1,0,1,0,1,0
ZTF24aafqule,0,1,0,1,0,0,1,1,0,1,0
ZTF24aafquot,1,0,0,0,0,0,0,0,0,0,0
ZTF24aafqvxv,0,0,1,1,0,1,0,1,0,1,0
ZTF24aafqwbf,0,1,0,1,0,1,0,1,0,0,1
ZTF24aafqwge,0,1,0,1,0,0,1,1,0,1,0
ZTF24aafqwgh,0,1,0,0,1,1,0,1,0,1,0
ZTF24aafqwww,0,1,0,0,1,1,0,1,0,1,0
ZTF24aafqxmg,0,1,0,1,0,1,0,1,0,0,1
ZTF24aafqxmu,0,1,0,0,1,1,0,1,0,1,0
ZTF24aafqxni,0,1,0,1,0,1,0,1,0,0,1
ZTF24aafqxyz,0,1,0,0,1,1,0,1,0,1,0
ZTF24aafqyax,1,0,0,0,0,0,0,0,0,0,0
ZTF24aafqyiw,0,1,0,1,0,1,0,0,1,1,0
ZTF24aafqyjy,0,1,0,0,1,1,0,1,0,1,0
ZTF24aafrabf,0,1,0,1,0,1,0,1,0,0,1
ZTF24aafraez,0,0,1,1,0,1,0,1,0,1,0
ZTF24aafrare,0,1,0,1,0,1,0,1,0,0,1
ZTF24aafrauw,1,0,0,0,0,0,0,0,0,0,0
ZTF24aafrbcv,0,1,0,1,0,1,0,1,0,0,1
ZTF24aafrbem,0,1,0,0,1,1,0,1,0,1,0
ZTF24aafrbik,1,0,0,0,0,0,0,0,0,0,0
ZTF24aafrcgh,0,1,0,0,1,1,0,1,0,1,0
ZTF24aafrcni,0,1,0,0,1,1,0,1,0,1,0
ZTF24aafrhtb,0,1,0,1,0,0,1,1,0,1,0
ZTF24aafroqa,0,1,0,1,0,1,0,1,0,0,1
ZTF24aaftqho,0,1,0,0,1,1,0,1,0,1,0
ZTF24aaftwkq,0,1,0,1,0,1,0,1,0,0,1
ZTF24aaftwmw,0,1,0,1,0,1,0,0,1,1,0
ZTF24aaftxvx,1,0,0,0,0,0,0,0,0,0,0
ZTF24aafudvi,1,0,0,0,0,0,0,0,0,0,0
ZTF24aafusqd,0,1,0,1,0,1,0,0,1,1,0
ZTF24aafutuq,0,1,0,1,0,1,0,1,0,0,1
ZTF24aafuubh,0,1,0,1,0,0,1,1,0,1,0
ZTF24aafuubt,0,1,0,1,0,1,0,1,0,0,1
ZTF24aafuvmu,0,1,0,1,0,1,0,0,1,1,0
ZTF24aafuzvc,0,1,0,1,0,1,0,1,0,0,1
ZTF24aafvcew,0,0,1,1,0,1,0,1,0,1,0
ZTF24aafvfrw,0,1,0,1,0,1,0,1,0,0,1
ZTF24aafvfvx,0,1,0,1,0,1,0,0,1,1,0
ZTF24aafvgya,0,1,0,1,0,1,0,0,1,1,0
ZTF24aafvgzk,0,1,0,1,0,1,0,0,1,1,0
ZTF24aafvhto,0,1,0,1,0,1,0,1,0,0,1
ZTF24aafvrbf,0,1,0,1,0,1,0,0,1,1,0
ZTF24aafvror,0,0,1,1,0,1,0,1,0,1,0
ZTF24aafxagu,0,0,1,1,0,1,0,1,0,1,0
ZTF24aafyxpj,0,1,0,0,1,1,0,1,0,1,0
ZTF24aagaoee,1,0,0,0,0,0,0,0,0,0,0
ZTF24aagbdtx,1,0,0,0,0,0,0,0,0,0,0
ZTF24aagcdzc,0,1,0,0,1,1,0,1,0,1,0
ZTF24aagchqx,0,0,1,1,0,1,0,1,0,1,0
ZTF24aagfewl,0,1,0,1,0,0,1,1,0,1,0
ZTF24aaghkxx,0,0,1,1,0,1,0,1,0,1,0
ZTF24aaghypx,0,1,0,1,0,1,0,0,1,1,0
ZTF24aagibxg,1,0,0,0,0,0,0,0,0,0,0
ZTF24aagihoy,0,1,0,1,0,1,0,1,0,0,1
ZTF24aagijll,0,1,0,1,0,0,1,1,0,1,0
ZTF24aagijmg,0,0,1,1,0,1,0,1,0,1,0
ZTF24aagijmm,1,0,0,0,0,0,0,0,0,0,0
ZTF24aagimfp,0,1,0,1,0,0,1,1,0,1,0
ZTF24aagimhq,1,0,0,0,0,0,0,0,0,0,0
ZTF24aagimkc,0,1,0,0,1,1,0,1,0,1,0
ZTF24aagioaa,0,1,0,1,0,0,1,1,0,1,0
ZTF24aagioey,0,1,0,1,0,1,0,1,0,0,1
ZTF24aagionf,0,0,1,1,0,1,0,1,0,1,0
ZTF24aagiqao,0,1,0,1,0,0,1,1,0,1,0
ZTF24aagitax,0,0,1,1,0,1,0,1,0,1,0
ZTF24aagivby,0,0,1,1,0,1,0,1,0,1,0
ZTF24aagiwoi,1,0,0,0,0,0,0,0,0,0,0
ZTF24aagiyez,0,1,0,1,0,1,0,0,1,1,0
ZTF24aagizeq,0,1,0,1,0,1,0,0,1,1,0
ZTF24aagizpr,1,0,0,0,0,0,0,0,0,0,0
ZTF24aagjaod,0,1,0,1,0,1,0,1,0,0,1
ZTF24aagjban,0,0,1,1,0,1,0,1,0,1,0
ZTF24aagjqcx,0,1,0,1,0,0,1,1,0,1,0
ZTF24aagjsrv,0,1,0,1,0,1,0,0,1,1,0
ZTF24aagkfta,1,0,0,0,0,0,0,0,0,0,0
ZTF24aagkjca,1,0,0,0,0,0,0,0,0,0,0
ZTF24aagkkmk,0,1,0,0,1,1,0,1,0,1,0
ZTF24aagknqr,0,1,0,1,0,1,0,1,0,0,1
ZTF24aagkorf,0,0,1,1,0,1,0,1,0,1,0
ZTF24aagkorj,0,1,0,1,0,1,0,0,1,1,0
ZTF24aagkors,0,1,0,1,0,1,0,0,1,1,0
ZTF24aagkpdd,1,0,0,0,0,0,0,0,0,0,0
ZTF24aagkqat,0,1,0,1,0,1,0,0,1,1,0
ZTF24aagkqvg,0,1,0,1,0,1,0,0,1,1,0
ZTF24aagksvd,1,0,0,0,0,0,0,0,0,0,0
ZTF24aagksvj,0,1,0,1,0,0,1,1,0,1,0
ZTF24aagktjv,0,1,0,0,1,1,0,1,0,1,0
ZTF24aagkurz,0,1,0,1,0,0,1,1,0,1,0
ZTF24aagkuss,1,0,0,0,0,0,0,0,0,0,0
ZTF24aagkuvq,0,1,0,0,1,1,0,1,0,1,0
ZTF24aagkuyp,1,0,0,0,0,0,0,0,0,0,0
ZTF24aagkvcm,1,0,0,0,0,0,0,0,0,0,0
ZTF24aagkvhf,0,1,0,1,0,1,0,1,0,0,1
ZTF24aagkvtr,0,1,0,1,0,1,0,1,0,0,1
ZTF24aagkwfe,0,1,0,1,0,1,0,0,1,1,0
ZTF24aagkwsv,0,1,0,1,0,0,1,1,0,1,0
ZTF24aagkxom,0,1,0,1,0,1,0,1,0,0,1
ZTF24aagkybr,1,0,0,0,0,0,0,0,0,0,0
ZTF24aagkycj,1,0,0,0,0,0,0,0,0,0,0
ZTF24aaglbaz,0,1,0,1,0,0,1,1,0,1,0
ZTF24aaglbgp,0,1,0,1,0,0,1,1,0,1,0
ZTF24aaglbpq,1,0,0,0,0,0,0,0,0,0,0
ZTF24aaglcfd,0,1,0,1,0,0,1,1,0,1,0
ZTF24aaglgon,0,1,0,1,0,1,0,0,1,1,0
ZTF24aaglgvf,0,1,0,0,1,1,0,1,0,1,0
ZTF24aaglhcx,0,1,0,0,1,1,0,1,0,1,0
ZTF24aagmclr,0,1,0,0,1,1,0,1,0,1,0
ZTF24aagmemj,0,1,0,0,1,1,0,1,0,1,0
ZTF24aagmhtq,1,0,0,0,0,0,0,0,0,0,0
ZTF24aagmhuw,0,1,0,1,0,1,0,1,0,0,1
ZTF24aagmhyr,0,1,0,0,1,1,0,1,0,1,0
ZTF24aagmlbd,1,0,0,0,0,0,0,0,0,0,0
ZTF24aagmnwu,0,1,0,1,0,0,1,1,0,1,0
ZTF24aagmoje,0,1,0,1,0,1,0,1,0,0,1
ZTF24aagmqfc,0,1,0,1,0,1,0,0,1,1,0
ZTF24aagmtbd,0,1,0,1,0,1,0,1,0,0,1
ZTF24aagndul,0,1,0,1,0,0,1,1,0,1,0
ZTF24aagngrp,1,0,0,0,0,0,0,0,0,0,0
ZTF24aagnlaw,0,1,0,1,0,1,0,1,0,0,1
ZTF24aagoblm,1,0,0,0,0,0,0,0,0,0,0
ZTF24aagoeyw,0,1,0,0,1,1,0,1,0,1,0
ZTF24aagohqt,0,1,0,1,0,0,1,1,0,1,0
ZTF24aagohvo,0,1,0,1,0,0,1,1,0,1,0
ZTF24aagoihx,1,0,0,0,0,0,0,0,0,0,0
ZTF24aagojei,0,1,0,1,0,1,0,0,1,1,0
ZTF24aagojzp,0,1,0,1,0,1,0,0,1,1,0
ZTF24aagokww,0,0,1,1,0,1,0,1,0,1,0
ZTF24aagolha,1,0,0,0,0,0,0,0,0,0,0
ZTF24aagoljl,1,0,0,0,0,0,0,0,0,0,0
ZTF24aagomqx,0,1,0,0,1,1,0,1,0,1,0
ZTF24aagoomr,0,1,0,1,0,1,0,1,0,0,1
ZTF24aagooop,0,1,0,1,0,0,1,1,0,1,0
ZTF24aagorgr,0,0,1,1,0,1,0,1,0,1,0
ZTF24aagoxto,0,1,0,0,1,1,0,1,0,1,0
ZTF24aagoxws,0,1,0,1,0,1,0,0,1,1,0
ZTF24aagoyrg,0,1,0,1,0,0,1,1,0,1,0
ZTF24aagozfg,1,0,0,0,0,0,0,0,0,0,0
ZTF24aagozyk,0,1,0,0,1,1,0,1,0,1,0
ZTF24aagpapz,0,1,0,1,0,1,0,0,1,1,0
ZTF24aagpbdb,0,1,0,1,0,1,0,0,1,1,0
ZTF24aagpbko,0,1,0,1,0,1,0,1,0,0,1
ZTF24aagpkwl,1,0,0,0,0,0,0,0,0,0,0
ZTF24aagpnec,1,0,0,0,0,0,0,0,0,0,0
ZTF24aagpnqq,0,0,1,1,0,1,0,1,0,1,0
ZTF24aagpnzt,0,1,0,1,0,0,1,1,0,1,0
ZTF24aagposo,0,1,0,0,1,1,0,1,0,1,0
ZTF24aagprsd,0,1,0,1,0,1,0,1,0,0,1
ZTF24aagpsrg,0,1,0,0,1,1,0,1,0,1,0
ZTF24aagpwsh,1,0,0,0,0,0,0,0,0,0,0
ZTF24aagqdnt,0,1,0,1,0,0,1,1,0,1,0
ZTF24aagqecv,0,1,0,0,1,1,0,1,0,1,0
ZTF24aagqget,0,0,1,1,0,1,0,1,0,1,0
ZTF24aagqhcf,0,1,0,1,0,1,0,1,0,0,1
ZTF24aagqjdt,0,1,0,1,0,1,0,1,0,0,1
ZTF24aagqkii,0,1,0,1,0,1,0,0,1,1,0
ZTF24aagqkxj,0,1,0,1,0,0,1,1,0,1,0
ZTF24aagqmbt,0,1,0,0,1,1,0,1,0,1,0
ZTF24aagqost,0,0,1,1,0,1,0,1,0,1,0
ZTF24aagquua,0,1,0,0,1,1,0,1,0,1,0
ZTF24aagqwkl,1,0,0,0,0,0,0,0,0,0,0
ZTF24aagscwk,1,0,0,0,0,0,0,0,0,0,0
ZTF24aagscxv,0,1,0,0,1,1,0,1,0,1,0
ZTF24aagssbr,0,1,0,1,0,1,0,0,1,1,0
ZTF24aagsycr,0,1,0,1,0,1,0,1,0,0,1
ZTF24aagszlm,0,1,0,0,1,1,0,1,0,1,0
ZTF24aagszql,0,0,1,1,0,1,0,1,0,1,0
ZTF24aagtcfs,0,1,0,1,0,1,0,0,1,1,0
ZTF24aagtcye,0,1,0,1,0,1,0,1,0,0,1
ZTF24aagtecy,0,1,0,1,0,1,0,0,1,1,0
ZTF24aagtefh,0,1,0,1,0,1,0,0,1,1,0
ZTF24aagtely,0,1,0,1,0,1,0,0,1,1,0
ZTF24aagterj,0,1,0,1,0,1,0,0,1,1,0
ZTF24aagteyn,0,1,0,0,1,1,0,1,0,1,0
ZTF24aagtfil,0,1,0,0,1,1,0,1,0,1,0
ZTF24aagtflw,1,0,0,0,0,0,0,0,0,0,0
ZTF24aagtgdd,0,1,0,0,1,1,0,1,0,1,0
ZTF24aagtgeo,0,1,0,1,0,1,0,0,1,1,0
ZTF24aagtgij,0,0,1,1,0,1,0,1,0,1,0
ZTF24aagtgln,0,0,1,1,0,1,0,1,0,1,0
ZTF24aagtgsl,0,1,0,1,0,0,1,1,0,1,0
ZTF24aagtguf,0,0,1,1,0,1,0,1,0,1,0
ZTF24aagtjfs,0,1,0,1,0,1,0,0,1,1,0
ZTF24aagtljk,1,0,0,0,0,0,0,0,0,0,0
ZTF24aagtllm,0,1,0,1,0,1,0,1,0,0,1
ZTF24aagtlpi,0,1,0,1,0,1,0,1,0,0,1
ZTF24aagtlvq,0,1,0,1,0,1,0,0,1,1,0
ZTF24aagtmbq,0,0,1,1,0,1,0,1,0,1,0
ZTF24aagtoll,0,0,1,1,0,1,0,1,0,1,0
ZTF24aagtqam,1,0,0,0,0,0,0,0,0,0,0
ZTF24aagttss,0,1,0,1,0,1,0,0,1,1,0
ZTF24aagtvit,0,1,0,1,0,1,0,0,1,1,0
ZTF24aaguabz,0,1,0,1,0,0,1,1,0,1,0
ZTF24aagugyl,0,1,0,1,0,1,0,1,0,0,1
ZTF24aagumha,0,1,0,1,0,0,1,1,0,1,0
ZTF24aagumpy,0,1,0,0,1,1,0,1,0,1,0
ZTF24aagumsd,0,1,0,1,0,1,0,1,0,0,1
ZTF24aagvyqk,1,0,0,0,0,0,0,0,0,0,0
ZTF24aagvysm,0,0,1,1,0,1,0,1,0,1,0
ZTF24aagwchu,1,0,0,0,0,0,0,0,0,0,0
ZTF24aagwdgs,0,1,0,1,0,1,0,1,0,0,1
ZTF24aagwqle,0,1,0,1,0,0,1,1,0,1,0
ZTF24aagwwkr,0,0,1,1,0,1,0,1,0,1,0
ZTF24aagxcdf,0,1,0,1,0,0,1,1,0,1,0
ZTF24aagxjbo,0,1,0,1,0,1,0,1,0,0,1
ZTF24aagxkbu,0,0,1,1,0,1,0,1,0,1,0
ZTF24aagxtxw,1,0,0,0,0,0,0,0,0,0,0
ZTF24aagxvri,1,0,0,0,0,0,0,0,0,0,0
ZTF24aagxwua,0,1,0,1,0,0,1,1,0,1,0
ZTF24aagycat,0,1,0,1,0,0,1,1,0,1,0
ZTF24aagzrgi,1,0,0,0,0,0,0,0,0,0,0
ZTF24aagzsfx,0,1,0,0,1,1,0,1,0,1,0
ZTF24aagzsyy,0,1,0,1,0,1,0,1,0,0,1
ZTF24aagzucr,1,0,0,0,0,0,0,0,0,0,0
ZTF24aagzunm,0,1,0,1,0,1,0,0,1,1,0
ZTF24aagzuuo,0,1,0,0,1,1,0,1,0,1,0
ZTF24aagzxje,1,0,0,0,0,0,0,0,0,0,0
ZTF24aagzznn,0,1,0,1,0,1,0,0,1,1,0
ZTF24aahaajg,0,1,0,1,0,1,0,1,0,0,1
ZTF24aahabfn,1,0,0,0,0,0,0,0,0,0,0
ZTF24aahabiv,0,1,0,1,0,1,0,1,0,0,1
ZTF24aahagwy,0,0,1,1,0,1,0,1,0,1,0
ZTF24aahahjj,1,0,0,0,0,0,0,0,0,0,0
ZTF24aahahri,0,1,0,1,0,1,0,0,1,1,0
ZTF24aahalmb,0,0,1,1,0,1,0,1,0,1,0
ZTF24aahangu,0,1,0,1,0,1,0,1,0,0,1
ZTF24aahaobp,0,1,0,1,0,0,1,1,0,1,0
ZTF24aahaomk,0,0,1,1,0,1,0,1,0,1,0
ZTF24aahapfo,0,1,0,1,0,1,0,1,0,0,1
ZTF24aahapwm,0,1,0,1,0,1,0,1,0,0,1
ZTF24aahbjtb,0,0,1,1,0,1,0,1,0,1,0
ZTF24aahbsbf,0,0,1,1,0,1,0,1,0,1,0
ZTF24aahctgm,0,1,0,0,1,1,0,1,0,1,0
ZTF24aahdigc,0,1,0,0,1,1,0,1,0,1,0
ZTF24aahdiif,0,1,0,0,1,1,0,1,0,1,0
ZTF24aahdimh,0,1,0,1,0,0,1,1,0,1,0
ZTF24aahdjkf,0,1,0,1,0,1,0,0,1,1,0
ZTF24aahdlqh,0,1,0,1,0,1,0,0,1,1,0
ZTF24aahdoyz,0,0,1,1,0,1,0,1,0,1,0
ZTF24aahdrmi,0,0,1,1,0,1,0,1,0,1,0
ZTF24aahdrmm,0,1,0,1,0,0,1,1,0,1,0
ZTF24aahdubu,0,1,0,1,0,0,1,1,0,1,0
ZTF24aahdvyc,1,0,0,0,0,0,0,0,0,0,0
ZTF24aaheada,0,1,0,1,0,1,0,0,1,1,0
ZTF24aaheadk,0,1,0,1,0,1,0,1,0,0,1
ZTF24aaheccq,0,1,0,1,0,0,1,1,0,1,0
ZTF24aahedme,0,0,1,1,0,1,0,1,0,1,0
ZTF24aaheedw,0,1,0,1,0,0,1,1,0,1,0
ZTF24aaheeel,0,0,1,1,0,1,0,1,0,1,0
ZTF24aaheeld,0,1,0,1,0,1,0,0,1,1,0
ZTF24aahefad,0,1,0,0,1,1,0,1,0,1,0
ZTF24aahefbh,0,1,0,1,0,0,1,1,0,1,0
ZTF24aaheona,0,1,0,0,1,1,0,1,0,1,0
ZTF24aaheozq,1,0,0,0,0,0,0,0,0,0,0
ZTF24aahepdc,0,1,0,1,0,1,0,1,0,0,1
ZTF24aahepii,1,0,0,0,0,0,0,0,0,0,0
ZTF24aaheprj,0,1,0,1,0,1,0,1,0,0,1
ZTF24aahesqo,0,1,0,0,1,1,0,1,0,1,0
ZTF24aahestt,0,1,0,1,0,0,1,1,0,1,0
ZTF24aahestx,1,0,0,0,0,0,0,0,0,0,0
ZTF24aahesvl,0,0,1,1,0,1,0,1,0,1,0
ZTF24aahetfd,1,0,0,0,0,0,0,0,0,0,0
ZTF24aahetfg,0,1,0,0,1,1,0,1,0,1,0
ZTF24aahevem,0,1,0,0,1,1,0,1,0,1,0
ZTF24aahexkf,0,1,0,1,0,1,0,0,1,1,0
ZTF24aahezwm,0,1,0,0,1,1,0,1,0,1,0
ZTF24aahfavy,1,0,0,0,0,0,0,0,0,0,0
ZTF24aahfiwn,0,1,0,0,1,1,0,1,0,1,0
ZTF24aahfknz,1,0,0,0,0,0,0,0,0,0,0
ZTF24aahfkru,0,1,0,1,0,1,0,0,1,1,0
ZTF24aahfltj,0,1,0,0,1,1,0,1,0,1,0
ZTF24aahgcwg,0,1,0,1,0,1,0,0,1,1,0
ZTF24aahgfap,0,1,0,0,1,1,0,1,0,1,0
ZTF24aahggdt,0,1,0,1,0,1,0,1,0,0,1
ZTF24aahghdc,0,0,1,1,0,1,0,1,0,1,0
ZTF24aahgjtn,0,0,1,1,0,1,0,1,0,1,0
ZTF24aahgkfu,0,0,1,1,0,1,0,1,0,1,0
ZTF24aahgkhh,0,1,0,1,0,1,0,1,0,0,1
ZTF24aahgktj,0,1,0,1,0,1,0,0,1,1,0
ZTF24aahgkxm,0,1,0,1,0,1,0,0,1,1,0
ZTF24aahgmyj,0,1,0,0,1,1,0,1,0,1,0
ZTF24aahgqwk,0,1,0,0,1,1,0,1,0,1,0
ZTF24aahgqxm,1,0,0,0,0,0,0,0,0,0,0
ZTF24aahgryu,0,1,0,1,0,1,0,0,1,1,0
ZTF24aahgwin,0,1,0,1,0,1,0,0,1,1,0
ZTF24aahgwss,0,1,0,1,0,1,0,0,1,1,0
ZTF24aahgxrx,1,0,0,0,0,0,0,0,0,0,0
ZTF24aahgybo,0,1,0,1,0,0,1,1,0,1,0
ZTF24aahgycb,0,0,1,1,0,1,0,1,0,1,0
ZTF24aahgzbr,1,0,0,0,0,0,0,0,0,0,0
ZTF24aahgzgu,0,1,0,1,0,1,0,1,0,0,1
ZTF24aahgzvu,0,1,0,1,0,0,1,1,0,1,0
ZTF24aahhanf,0,1,0,0,1,1,0,1,0,1,0
ZTF24aahhgky,0,1,0,1,0,1,0,1,0,0,1
ZTF24aahiakt,0,0,1,1,0,1,0,1,0,1,0
ZTF24aahiaqc,0,0,1,1,0,1,0,1,0,1,0
ZTF24aahiasc,1,0,0,0,0,0,0,0,0,0,0
ZTF24aahiase,0,1,0,1,0,1,0,0,1,1,0
ZTF24aahiawb,0,1,0,1,0,0,1,1,0,1,0
ZTF24aahibax,0,0,1,1,0,1,0,1,0,1,0
ZTF24aahibby,0,0,1,1,0,1,0,1,0,1,0
ZTF24aahiewj,0,0,1,1,0,1,0,1,0,1,0
ZTF24aahieyu,0,1,0,1,0,1,0,0,1,1,0
ZTF24aahifck,0,0,1,1,0,1,0,1,0,1,0
ZTF24aahiftv,1,0,0,0,0,0,0,0,0,0,0
ZTF24aahihak,1,0,0,0,0,0,0,0,0,0,0
ZTF24aahihcd,0,1,0,1,0,1,0,1,0,0,1
ZTF24aahihfj,0,1,0,1,0,1,0,0,1,1,0
ZTF24aahiibg,0,1,0,1,0,0,1,1,0,1,0
ZTF24aahiijx,0,1,0,0,1,1,0,1,0,1,0
ZTF24aahiimv,0,0,1,1,0,1,0,1,0,1,0
ZTF24aahiitr,0,1,0,1,0,0,1,1,0,1,0
ZTF24aahilam,0,0,1,1,0,1,0,1,0,1,0
ZTF24aahipde,1,0,0,0,0,0,0,0,0,0,0
ZTF24aahipdq,0,1,0,0,1,1,0,1,0,1,0
ZTF24aahiqvr,1,0,0,0,0,0,0,0,0,0,0
ZTF24aahitev,0,0,1,1,0,1,0,1,0,1,0
ZTF24aahjhtv,0,1,0,1,0,1,0,1,0,0,1
ZTF24aahjkdw,1,0,0,0,0,0,0,0,0,0,0
ZTF24aahjmqy,0,1,0,1,0,1,0,1,0,0,1
ZTF24aahkbco,0,1,0,0,1,1,0,1,0,1,0
ZTF24aahkbga,0,1,0,1,0,1,0,0,1,1,0
ZTF24aahkbia,0,1,0,1,0,1,0,1,0,0,1
ZTF24aahkbjk,1,0,0,0,0,0,0,0,0,0,0
ZTF24aahkboj,1,0,0,0,0,0,0,0,0,0,0
ZTF24aahkesn,1,0,0,0,0,0,0,0,0,0,0
ZTF24aahkfqb,0,1,0,1,0,0,1,1,0,1,0
ZTF24aahkglt,1,0,0,0,0,0,0,0,0,0,0
ZTF24aahkgqk,1,0,0,0,0,0,0,0,0,0,0
ZTF24aahkifq,0,1,0,1,0,1,0,0,1,1,0
ZTF24aahkoxx,0,1,0,1,0,1,0,1,0,0,1
ZTF24aahkpkx,1,0,0,0,0,0,0,0,0,0,0
ZTF24aahkptz,0,1,0,1,0,1,0,0,1,1,0
ZTF24aahkqfu,0,1,0,1,0,0,1,1,0,1,0
ZTF24aahkuep,0,1,0,1,0,0,1,1,0,1,0
ZTF24aahkujz,0,1,0,1,0,1,0,0,1,1,0
ZTF24aahkxtq,1,0,0,0,0,0,0,0,0,0,0
ZTF24aahkxyg,0,0,1,1,0,1,0,1,0,1,0
ZTF24aahkyrv,0,1,0,1,0,1,0,0,1,1,0
ZTF24aahkysr,0,0,1,1,0,1,0,1,0,1,0
ZTF24aahkysx,0,0,1,1,0,1,0,1,0,1,0
ZTF24aahkyzn,0,1,0,1,0,0,1,1,0,1,0
ZTF24aahlabb,0,1,0,1,0,1,0,0,1,1,0
ZTF24aahlctd,0,1,0,1,0,1,0,0,1,1,0
ZTF24aahldmv,0,1,0,1,0,1,0,1,0,0,1
ZTF24aahlvez,0,1,0,1,0,1,0,1,0,0,1
ZTF24aahlvpb,0,0,1,1,0,1,0,1,0,1,0
ZTF24aahmedu,0,1,0,0,1,1,0,1,0,1,0
ZTF24aahmtls,0,0,1,1,0,1,0,1,0,1,0
ZTF24aahmyct,0,1,0,1,0,1,0,1,0,0,1
ZTF24aahnefg,0,1,0,0,1,1,0,1,0,1,0
ZTF24aahngid,1,0,0,0,0,0,0,0,0,0,0
ZTF24aahnkky,0,1,0,0,1,1,0,1,0,1,0
ZTF24aahnklb,0,1,0,1,0,1,0,0,1,1,0
ZTF24aahnnsa,0,0,1,1,0,1,0,1,0,1,0
ZTF24aahnsbn,0,1,0,0,1,1,0,1,0,1,0
ZTF24aahnvay,1,0,0,0,0,0,0,0,0,0,0
ZTF24aahpcqp,1,0,0,0,0,0,0,0,0,0,0
ZTF24aahpffq,0,1,0,1,0,1,0,0,1,1,0
ZTF24aahqdid,0,1,0,1,0,1,0,0,1,1,0
ZTF24aahqotr,0,1,0,1,0,1,0,1,0,0,1
ZTF24aahqtpb,0,1,0,0,1,1,0,1,0,1,0
ZTF24aahsmhu,0,1,0,0,1,1,0,1,0,1,0
ZTF24aahspyx,1,0,0,0,0,0,0,0,0,0,0
ZTF24aahsssl,0,0,1,1,0,1,0,1,0,1,0
ZTF24aahsugx,0,1,0,1,0,0,1,1,0,1,0
ZTF24aahsukk,0,1,0,1,0,0,1,1,0,1,0
ZTF24aahsunv,0,1,0,1,0,0,1,1,0,1,0
ZTF24aahsuoj,0,1,0,0,1,1,0,1,0,1,0
ZTF24aahsyhe,1,0,0,0,0,0,0,0,0,0,0
ZTF24aahtabh,1,0,0,0,0,0,0,0,0,0,0
ZTF24aahtaer,0,0,1,1,0,1,0,1,0,1,0
ZTF24aahtagr,1,0,0,0,0,0,0,0,0,0,0
ZTF24aahtdfr,0,1,0,1,0,1,0,1,0,0,1
ZTF24aahterx,0,0,1,1,0,1,0,1,0,1,0
ZTF24aahtpuh,0,1,0,1,0,0,1,1,0,1,0
ZTF24aahtqlp,1,0,0,0,0,0,0,0,0,0,0
ZTF24aahtwzc,1,0,0,0,0,0,0,0,0,0,0
ZTF24aahuohu,0,1,0,1,0,1,0,1,0,0,1
ZTF24aahuuky,0,1,0,1,0,1,0,0,1,1,0
ZTF24aahuvsz,0,1,0,1,0,1,0,1,0,0,1
ZTF24aahvdii,0,1,0,1,0,1,0,1,0,0,1
ZTF24aahvgnv,0,1,0,1,0,1,0,1,0,0,1
ZTF24aahvvrj,0,1,0,1,0,1,0,0,1,1,0
ZTF24aahvvxu,0,1,0,1,0,1,0,0,1,1,0
ZTF24aahvwrb,1,0,0,0,0,0,0,0,0,0,0
ZTF24aahwbej,0,1,0,1,0,0,1,1,0,1,0
ZTF24aahwcbs,0,0,1,1,0,1,0,1,0,1,0
ZTF24aahwcei,0,1,0,1,0,0,1,1,0,1,0
ZTF24aahwcfq,0,1,0,1,0,0,1,1,0,1,0
ZTF24aahwfwb,0,1,0,1,0,1,0,1,0,0,1
ZTF24aahwhar,1,0,0,0,0,0,0,0,0,0,0
ZTF24aahwulu,0,1,0,0,1,1,0,1,0,1,0
ZTF24aahxgoa,0,1,0,1,0,1,0,1,0,0,1
ZTF24aahxmew,0,1,0,1,0,1,0,1,0,0,1
ZTF24aahxmmu,0,1,0,1,0,0,1,1,0,1,0
ZTF24aahxmqr,0,1,0,1,0,1,0,1,0,0,1
ZTF24aahxtqp,0,1,0,1,0,1,0,1,0,0,1
ZTF24aahxvle,0,0,1,1,0,1,0,1,0,1,0
ZTF24aahxyfp,0,1,0,0,1,1,0,1,0,1,0
ZTF24aahxymx,1,0,0,0,0,0,0,0,0,0,0
ZTF24aahxyte,0,1,0,0,1,1,0,1,0,1,0
ZTF24aahxyur,0,1,0,1,0,1,0,0,1,1,0
ZTF24aahxzcm,0,1,0,1,0,0,1,1,0,1,0
ZTF24aahxzdl,1,0,0,0,0,0,0,0,0,0,0
ZTF24aahxzdo,0,1,0,1,0,1,0,0,1,1,0
ZTF24aahyeey,0,1,0,1,0,0,1,1,0,1,0
ZTF24aahyeme,0,0,1,1,0,1,0,1,0,1,0
ZTF24aahyemw,0,1,0,1,0,1,0,0,1,1,0
ZTF24aahyeuj,0,1,0,1,0,0,1,1,0,1,0
ZTF24aahyewp,0,1,0,1,0,1,0,0,1,1,0
ZTF24aahyeym,0,1,0,1,0,1,0,1,0,0,1
ZTF24aahyfxn,0,1,0,1,0,1,0,0,1,1,0
ZTF24aahygcd,0,1,0,1,0,1,0,1,0,0,1
ZTF24aahzlcx,0,1,0,1,0,1,0,0,1,1,0
ZTF24aahznes,0,1,0,0,1,1,0,1,0,1,0
ZTF24aahzuph,0,1,0,1,0,1,0,0,1,1,0
ZTF24aahzyeb,0,1,0,0,1,1,0,1,0,1,0
ZTF24aaiaawk,0,0,1,1,0,1,0,1,0,1,0
ZTF24aaiahuu,1,0,0,0,0,0,0,0,0,0,0
ZTF24aaiahzo,1,0,0,0,0,0,0,0,0,0,0
ZTF24aaiakhd,0,1,0,1,0,1,0,0,1,1,0
ZTF24aaiaoxt,0,0,1,1,0,1,0,1,0,1,0
ZTF24aaibozv,0,1,0,1,0,1,0,0,1,1,0
ZTF24aaiceur,0,0,1,1,0,1,0,1,0,1,0
ZTF24aaicpfc,1,0,0,0,0,0,0,0,0,0,0
ZTF24aaicpor,0,1,0,1,0,1,0,0,1,1,0
ZTF24aaicquq,0,1,0,1,0,1,0,1,0,0,1
ZTF24aaictgf,1,0,0,0,0,0,0,0,0,0,0
ZTF24aaicuxb,0,1,0,1,0,1,0,1,0,0,1
ZTF24aaicwow,0,0,1,1,0,1,0,1,0,1,0
ZTF24aaidaen,0,1,0,1,0,1,0,0,1,1,0
ZTF24aaidakv,0,1,0,0,1,1,0,1,0,1,0
ZTF24aaidazw,0,1,0,1,0,1,0,1,0,0,1
ZTF24aaiddnn,0,1,0,1,0,1,0,1,0,0,1
ZTF24aaidfuf,0,0,1,1,0,1,0,1,0,1,0
ZTF24aaidgol,0,1,0,1,0,1,0,0,1,1,0
ZTF24aaidivx,0,0,1,1,0,1,0,1,0,1,0
ZTF24aaidkot,0,1,0,1,0,1,0,0,1,1,0
ZTF24aaidlsu,0,0,1,1,0,1,0,1,0,1,0
ZTF24aaidmmf,0,1,0,0,1,1,0,1,0,1,0
ZTF24aaidmzf,0,0,1,1,0,1,0,1,0,1,0
ZTF24aaidqtv,0,0,1,1,0,1,0,1,0,1,0
ZTF24aaidrar,0,0,1,1,0,1,0,1,0,1,0
ZTF24aaidrrt,0,1,0,1,0,1,0,0,1,1,0
ZTF24aaidulf,0,0,1,1,0,1,0,1,0,1,0
ZTF24aaiduss,1,0,0,0,0,0,0,0,0,0,0
ZTF24aaidxhn,0,1,0,1,0,0,1,1,0,1,0
ZTF24aaidygx,0,0,1,1,0,1,0,1,0,1,0
ZTF24aaiecwt,0,1,0,0,1,1,0,1,0,1,0
ZTF24aaieelb,1,0,0,0,0,0,0,0,0,0,0
ZTF24aaieemd,0,1,0,1,0,0,1,1,0,1,0
ZTF24aaieewd,0,1,0,0,1,1,0,1,0,1,0
ZTF24aaiefsd,0,0,1,1,0,1,0,1,0,1,0
ZTF24aaiefsh,0,0,1,1,0,1,0,1,0,1,0
ZTF24aaiegde,0,1,0,1,0,1,0,1,0,0,1
ZTF24aaiehgm,0,1,0,0,1,1,0,1,0,1,0
ZTF24aaiehgq,0,0,1,1,0,1,0,1,0,1,0
ZTF24aaiehiv,0,1,0,0,1,1,0,1,0,1,0
ZTF24aaieino,1,0,0,0,0,0,0,0,0,0,0
ZTF24aaieipb,1,0,0,0,0,0,0,0,0,0,0
ZTF24aaiemyl,0,1,0,1,0,1,0,1,0,0,1
ZTF24aaieovy,0,1,0,1,0,1,0,0,1,1,0
ZTF24aaieprk,0,0,1,1,0,1,0,1,0,1,0
ZTF24aaiessk,0,1,0,1,0,1,0,0,1,1,0
ZTF24aaiffry,0,1,0,1,0,1,0,1,0,0,1
ZTF24aaifgfd,1,0,0,0,0,0,0,0,0,0,0
ZTF24aaifila,0,1,0,0,1,1,0,1,0,1,0
ZTF24aaifkqk,0,1,0,0,1,1,0,1,0,1,0
ZTF24aaifnmf,0,0,1,1,0,1,0,1,0,1,0
ZTF24aaifnnw,0,1,0,1,0,1,0,0,1,1,0
ZTF24aaifnqi,0,1,0,1,0,0,1,1,0,1,0
ZTF24aaifokr,0,1,0,1,0,1,0,1,0,0,1
ZTF24aaifoot,1,0,0,0,0,0,0,0,0,0,0
ZTF24aaifopf,0,1,0,1,0,1,0,1,0,0,1
ZTF24aaifoyw,0,1,0,1,0,1,0,0,1,1,0
ZTF24aaifpjd,0,0,1,1,0,1,0,1,0,1,0
ZTF24aaifqft,0,0,1,1,0,1,0,1,0,1,0
ZTF24aaifqho,0,1,0,0,1,1,0,1,0,1,0
ZTF24aaifqoe,0,0,1,1,0,1,0,1,0,1,0
ZTF24aaifqxa,1,0,0,0,0,0,0,0,0,0,0
ZTF24aaifrbb,1,0,0,0,0,0,0,0,0,0,0
ZTF24aaifrnv,0,1,0,0,1,1,0,1,0,1,0
ZTF24aaifrrk,1,0,0,0,0,0,0,0,0,0,0
ZTF24aaifrse,0,0,1,1,0,1,0,1,0,1,0
ZTF24aaifrsq,0,0,1,1,0,1,0,1,0,1,0
ZTF24aaifsdx,0,1,0,1,0,1,0,0,1,1,0
ZTF24aaifsng,0,0,1,1,0,1,0,1,0,1,0
ZTF24aaifspn,1,0,0,0,0,0,0,0,0,0,0
ZTF24aaifsub,0,1,0,1,0,0,1,1,0,1,0
ZTF24aaiftcp,0,1,0,1,0,1,0,1,0,0,1
ZTF24aaiftha,0,1,0,0,1,1,0,1,0,1,0
ZTF24aaiftkn,0,1,0,1,0,0,1,1,0,1,0
ZTF24aaifuhn,1,0,0,0,0,0,0,0,0,0,0
ZTF24aaifvcs,1,0,0,0,0,0,0,0,0,0,0
ZTF24aaigart,0,0,1,1,0,1,0,1,0,1,0
ZTF24aaigath,0,1,0,0,1,1,0,1,0,1,0
ZTF24aaigavr,0,1,0,1,0,0,1,1,0,1,0
ZTF24aaigcbo,1,0,0,0,0,0,0,0,0,0,0
ZTF24aaigcit,0,1,0,0,1,1,0,1,0,1,0
ZTF24aaigqmu,1,0,0,0,0,0,0,0,0,0,0
ZTF24aaigrgd,0,1,0,1,0,1,0,1,0,0,1
ZTF24aaigrkd,0,1,0,1,0,1,0,0,1,1,0
ZTF24aaigrls,0,1,0,1,0,0,1,1,0,1,0
ZTF24aaiguia,0,1,0,0,1,1,0,1,0,1,0
ZTF24aaihvmx,0,1,0,0,1,1,0,1,0,1,0
ZTF24aaihwaq,0,1,0,1,0,1,0,0,1,1,0
ZTF24aaiigrt,0,1,0,1,0,0,1,1,0,1,0
ZTF24aaiinor,0,1,0,1,0,1,0,1,0,0,1
ZTF24aaiiobg,0,1,0,1,0,1,0,1,0,0,1
ZTF24aaiioiz,0,1,0,1,0,1,0,1,0,0,1
ZTF24aaiiual,0,0,1,1,0,1,0,1,0,1,0
ZTF24aaiivou,0,1,0,1,0,1,0,1,0,0,1
ZTF24aaiiwmw,1,0,0,0,0,0,0,0,0,0,0
ZTF24aaiixaa,1,0,0,0,0,0,0,0,0,0,0
ZTF24aaijcwe,1,0,0,0,0,0,0,0,0,0,0
ZTF24aaijfex,0,1,0,0,1,1,0,1,0,1,0
ZTF24aaijfol,0,1,0,1,0,0,1,1,0,1,0
ZTF24aaijgee,1,0,0,0,0,0,0,0,0,0,0
ZTF24aaijiob,1,0,0,0,0,0,0,0,0,0,0
ZTF24aaijiux,1,0,0,0,0,0,0,0,0,0,0
ZTF24aaijiwd,0,0,1,1,0,1,0,1,0,1,0
ZTF24aaijixf,0,1,0,1,0,0,1,1,0,1,0
ZTF24aaijmhq,0,1,0,1,0,1,0,1,0,0,1
ZTF24aaijmnq,0,1,0,1,0,0,1,1,0,1,0
ZTF24aaijnbj,0,1,0,1,0,1,0,1,0,0,1
ZTF24aaijnfl,1,0,0,0,0,0,0,0,0,0,0
ZTF24aaijngv,0,1,0,1,0,1,0,0,1,1,0
ZTF24aaijnoq,0,1,0,1,0,0,1,1,0,1,0
ZTF24aaijnyw,0,0,1,1,0,1,0,1,0,1,0
ZTF24aaijorn,0,1,0,1,0,1,0,1,0,0,1
ZTF24aaijoxp,1,0,0,0,0,0,0,0,0,0,0
ZTF24aaijpbj,0,0,1,1,0,1,0,1,0,1,0
ZTF24aaijpbw,0,1,0,0,1,1,0,1,0,1,0
ZTF24aaijqrd,0,1,0,1,0,1,0,1,0,0,1
ZTF24aaijqso,0,0,1,1,0,1,0,1,0,1,0
ZTF24aaijrvq,0,1,0,1,0,0,1,1,0,1,0
ZTF24aaijspl,0,1,0,1,0,1,0,1,0,0,1
ZTF24aaijsxa,0,0,1,1,0,1,0,1,0,1,0
ZTF24aaikgul,0,1,0,1,0,0,1,1,0,1,0
ZTF24aaikhbh,0,1,0,1,0,1,0,1,0,0,1
ZTF24aaikhir,0,1,0,1,0,1,0,1,0,0,1
ZTF24aaikhwb,1,0,0,0,0,0,0,0,0,0,0
ZTF24aaikhzw,0,1,0,1,0,1,0,1,0,0,1
ZTF24aaikith,0,0,1,1,0,1,0,1,0,1,0
ZTF24aaikkmf,0,1,0,0,1,1,0,1,0,1,0
ZTF24aaikmas,1,0,0,0,0,0,0,0,0,0,0
ZTF24aaikngy,0,1,0,1,0,1,0,0,1,1,0
ZTF24aaiknyx,0,1,0,1,0,1,0,0,1,1,0
ZTF24aaikobb,0,1,0,1,0,1,0,1,0,0,1
ZTF24aaikobd,0,1,0,1,0,0,1,1,0,1,0
ZTF24aaikoqp,0,1,0,1,0,1,0,1,0,0,1
ZTF24aaikpdk,0,1,0,1,0,1,0,0,1,1,0
ZTF24aaikqju,0,1,0,1,0,1,0,1,0,0,1
ZTF24aaiksuy,0,1,0,0,1,1,0,1,0,1,0
ZTF24aaiksyu,0,1,0,0,1,1,0,1,0,1,0
ZTF24aaikvqs,0,1,0,1,0,0,1,1,0,1,0
ZTF24aaikwul,0,1,0,0,1,1,0,1,0,1,0
ZTF24aailehx,1,0,0,0,0,0,0,0,0,0,0
ZTF24aailhuh,0,0,1,1,0,1,0,1,0,1,0
ZTF24aailmub,0,1,0,0,1,1,0,1,0,1,0
ZTF24aailtef,0,1,0,1,0,1,0,0,1,1,0
ZTF24aailwuf,0,0,1,1,0,1,0,1,0,1,0
ZTF24aailxgi,0,1,0,0,1,1,0,1,0,1,0
ZTF24aailzqs,0,1,0,1,0,1,0,1,0,0,1
ZTF24aaimdip,0,1,0,1,0,1,0,1,0,0,1
ZTF24aaimdlh,0,1,0,1,0,1,0,0,1,1,0
ZTF24aaimdtb,0,0,1,1,0,1,0,1,0,1,0
ZTF24aaimidg,1,0,0,0,0,0,0,0,0,0,0
ZTF24aaimlax,0,1,0,0,1,1,0,1,0,1,0
ZTF24aaimlee,0,0,1,1,0,1,0,1,0,1,0
ZTF24aaimliw,0,1,0,0,1,1,0,1,0,1,0
ZTF24aaimnyw,0,1,0,1,0,0,1,1,0,1,0
ZTF24aaimtih,1,0,0,0,0,0,0,0,0,0,0
ZTF24aaimtwb,1,0,0,0,0,0,0,0,0,0,0
ZTF24aaimwco,0,1,0,1,0,0,1,1,0,1,0
ZTF24aaimwvi,0,1,0,0,1,1,0,1,0,1,0
ZTF24aaimxae,0,1,0,1,0,1,0,0,1,1,0
ZTF24aaimxam,0,1,0,1,0,0,1,1,0,1,0
ZTF24aaimymx,0,1,0,1,0,1,0,0,1,1,0
ZTF24aaimzkp,0,1,0,0,1,1,0,1,0,1,0
ZTF24aaimzrr,0,1,0,1,0,1,0,0,1,1,0
ZTF24aaimzsr,0,1,0,0,1,1,0,1,0,1,0
ZTF24aainaay,0,1,0,1,0,0,1,1,0,1,0
ZTF24aainawc,1,0,0,0,0,0,0,0,0,0,0
ZTF24aainbbh,0,1,0,0,1,1,0,1,0,1,0
ZTF24aainqjk,0,1,0,0,1,1,0,1,0,1,0
ZTF24aainsjs,1,0,0,0,0,0,0,0,0,0,0
ZTF24aaintui,1,0,0,0,0,0,0,0,0,0,0
ZTF24aaioqpt,0,1,0,1,0,1,0,1,0,0,1
ZTF24aaiozrw,1,0,0,0,0,0,0,0,0,0,0
ZTF24aaipakz,0,1,0,1,0,1,0,0,1,1,0
ZTF24aaipblm,0,1,0,0,1,1,0,1,0,1,0
ZTF24aaipdqx,0,0,1,1,0,1,0,1,0,1,0
ZTF24aaipedk,0,0,1,1,0,1,0,1,0,1,0
ZTF24aaipysq,0,1,0,1,0,1,0,0,1,1,0
ZTF24aaiqeir,1,0,0,0,0,0,0,0,0,0,0
ZTF24aairnle,0,1,0,1,0,0,1,1,0,1,0
ZTF24aaironx,0,0,1,1,0,1,0,1,0,1,0
ZTF24aaisbeh,0,1,0,1,0,0,1,1,0,1,0
ZTF24aaiseaf,0,1,0,1,0,1,0,1,0,0,1
ZTF24aaisesk,0,0,1,1,0,1,0,1,0,1,0
ZTF24aaisnlp,1,0,0,0,0,0,0,0,0,0,0
ZTF24aaisoow,0,0,1,1,0,1,0,1,0,1,0
ZTF24aaistkr,0,1,0,0,1,1,0,1,0,1,0
ZTF24aaitfdw,0,1,0,1,0,1,0,1,0,0,1
ZTF24aaittjy,0,1,0,1,0,1,0,0,1,1,0
ZTF24aaitves,1,0,0,0,0,0,0,0,0,0,0
ZTF24aaitwnq,0,1,0,1,0,1,0,1,0,0,1
ZTF24aaiufvh,1,0,0,0,0,0,0,0,0,0,0
ZTF24aaiuhac,0,1,0,1,0,1,0,0,1,1,0
ZTF24aaiuhwk,0,1,0,1,0,1,0,0,1,1,0
ZTF24aaiuicb,1,0,0,0,0,0,0,0,0,0,0
ZTF24aaiuknj,1,0,0,0,0,0,0,0,0,0,0
ZTF24aaiuktd,1,0,0,0,0,0,0,0,0,0,0
ZTF24aaiuktj,0,1,0,1,0,1,0,1,0,0,1
ZTF24aaiulbk,0,1,0,1,0,1,0,0,1,1,0
ZTF24aaiumxd,1,0,0,0,0,0,0,0,0,0,0
ZTF24aaiuodq,0,0,1,1,0,1,0,1,0,1,0
ZTF24aaiuola,1,0,0,0,0,0,0,0,0,0,0
ZTF24aaiupls,0,1,0,1,0,1,0,0,1,1,0
ZTF24aaiupwx,0,1,0,1,0,1,0,0,1,1,0
ZTF24aaiuqjb,0,1,0,1,0,1,0,0,1,1,0
ZTF24aaiuqpl,0,1,0,0,1,1,0,1,0,1,0
ZTF24aaiuqul,0,1,0,0,1,1,0,1,0,1,0
ZTF24aaiuqww,0,1,0,1,0,1,0,0,1,1,0
ZTF24aaiurmt,0,1,0,0,1,1,0,1,0,1,0
ZTF24aaiurtu,1,0,0,0,0,0,0,0,0,0,0
ZTF24aaiurui,0,1,0,1,0,0,1,1,0,1,0
ZTF24aaiusvd,0,1,0,0,1,1,0,1,0,1,0
ZTF24aaiusyx,0,1,0,0,1,1,0,1,0,1,0
ZTF24aaiutfj,0,1,0,1,0,1,0,1,0,0,1
ZTF24aaiutfw,0,1,0,1,0,1,0,0,1,1,0
ZTF24aaiutge,1,0,0,0,0,0,0,0,0,0,0
ZTF24aaiutvo,0,1,0,1,0,1,0,0,1,1,0
ZTF24aaiutxe,0,1,0,1,0,0,1,1,0,1,0
ZTF24aaiutxk,0,1,0,1,0,0,1,1,0,1,0
ZTF24aaiutyh,0,1,0,1,0,1,0,1,0,0,1
ZTF24aaiuufs,0,1,0,1,0,1,0,1,0,0,1
ZTF24aaiuwbp,0,1,0,1,0,1,0,1,0,0,1
ZTF24aaiuwgd,0,1,0,1,0,0,1,1,0,1,0
ZTF24aaiuxej,0,1,0,1,0,0,1,1,0,1,0
ZTF24aaiuymx,1,0,0,0,0,0,0,0,0,0,0
ZTF24aaiuzgr,1,0,0,0,0,0,0,0,0,0,0
ZTF24aaiuzzx,0,1,0,0,1,1,0,1,0,1,0
ZTF24aaivblm,0,0,1,1,0,1,0,1,0,1,0
ZTF24aaivcou,1,0,0,0,0,0,0,0,0,0,0
ZTF24aaivcuq,0,0,1,1,0,1,0,1,0,1,0
ZTF24aaivdhn,0,1,0,1,0,1,0,0,1,1,0
ZTF24aaivfxe,0,1,0,0,1,1,0,1,0,1,0
ZTF24aaivgup,1,0,0,0,0,0,0,0,0,0,0
ZTF24aaivgvn,0,1,0,1,0,1,0,0,1,1,0
ZTF24aaivhhl,0,1,0,0,1,1,0,1,0,1,0
ZTF24aaivhlj,0,1,0,1,0,0,1,1,0,1,0
ZTF24aaivhpl,1,0,0,0,0,0,0,0,0,0,0
ZTF24aaivhuw,0,0,1,1,0,1,0,1,0,1,0
ZTF24aaivihc,0,1,0,0,1,1,0,1,0,1,0
ZTF24aaivimf,1,0,0,0,0,0,0,0,0,0,0
ZTF24aaivixl,0,1,0,1,0,1,0,0,1,1,0
ZTF24aaivize,0,1,0,1,0,1,0,1,0,0,1
ZTF24aaivjkc,0,1,0,1,0,1,0,0,1,1,0
ZTF24aaivksv,0,1,0,1,0,0,1,1,0,1,0
ZTF24aaivpcv,0,1,0,1,0,1,0,1,0,0,1
ZTF24aaivrhv,1,0,0,0,0,0,0,0,0,0,0
ZTF24aaivsgc,0,1,0,1,0,0,1,1,0,1,0
ZTF24aaivuth,0,1,0,0,1,1,0,1,0,1,0
ZTF24aaivuxh,0,1,0,0,1,1,0,1,0,1,0
ZTF24aaivvbx,1,0,0,0,0,0,0,0,0,0,0
ZTF24aaivvdr,0,0,1,1,0,1,0,1,0,1,0
ZTF24aaivvhw,0,1,0,0,1,1,0,1,0,1,0
ZTF24aaivvmu,1,0,0,0,0,0,0,0,0,0,0
ZTF24aaivvmx,0,1,0,1,0,1,0,0,1,1,0
ZTF24aaivwxy,1,0,0,0,0,0,0,0,0,0,0
ZTF24aaivxsx,0,1,0,1,0,0,1,1,0,1,0
ZTF24aaivypn,0,0,1,1,0,1,0,1,0,1,0
ZTF24aaivypp,0,0,1,1,0,1,0,1,0,1,0
ZTF24aaivyps,0,1,0,1,0,0,1,1,0,1,0
ZTF24aaivyzc,1,0,0,0,0,0,0,0,0,0,0
ZTF24aaivzcx,0,1,0,0,1,1,0,1,0,1,0
ZTF24aaivzgm,0,0,1,1,0,1,0,1,0,1,0
ZTF24aaivzpi,0,1,0,1,0,0,1,1,0,1,0
ZTF24aaivzpj,0,0,1,1,0,1,0,1,0,1,0
ZTF24aaivzwz,0,1,0,1,0,1,0,0,1,1,0
ZTF24aaiwaed,1,0,0,0,0,0,0,0,0,0,0
ZTF24aaiwaiq,1,0,0,0,0,0,0,0,0,0,0
ZTF24aaiwala,0,1,0,1,0,1,0,1,0,0,1
ZTF24aaiwalz,0,1,0,1,0,0,1,1,0,1,0
ZTF24aaiwart,1,0,0,0,0,0,0,0,0,0,0
ZTF24aaiwaua,0,1,0,1,0,1,0,0,1,1,0
ZTF24aaiwaup,0,0,1,1,0,1,0,1,0,1,0
ZTF24aaiwbat,1,0,0,0,0,0,0,0,0,0,0
ZTF24aaiwbem,0,1,0,1,0,1,0,1,0,0,1
ZTF24aaiwbnf,1,0,0,0,0,0,0,0,0,0,0
ZTF24aaiwbpx,0,1,0,0,1,1,0,1,0,1,0
ZTF24aaiwbrb,0,0,1,1,0,1,0,1,0,1,0
ZTF24aaiwbrj,0,0,1,1,0,1,0,1,0,1,0
ZTF24aaiwbwq,0,0,1,1,0,1,0,1,0,1,0
ZTF24aaiwbzg,1,0,0,0,0,0,0,0,0,0,0
ZTF24aaiwcbu,0,1,0,0,1,1,0,1,0,1,0
ZTF24aaiwcfx,0,1,0,1,0,1,0,1,0,0,1
ZTF24aaiwdrk,0,0,1,1,0,1,0,1,0,1,0
ZTF24aaiweap,0,1,0,1,0,0,1,1,0,1,0
ZTF24aaiwefo,0,0,1,1,0,1,0,1,0,1,0
ZTF24aaiwgtt,0,1,0,1,0,1,0,0,1,1,0
ZTF24aaiwibl,0,1,0,0,1,1,0,1,0,1,0
ZTF24aaiwidr,0,0,1,1,0,1,0,1,0,1,0
ZTF24aaiwvft,0,0,1,1,0,1,0,1,0,1,0
ZTF24aaiwwid,0,1,0,1,0,1,0,1,0,0,1
ZTF24aaixkul,0,1,0,0,1,1,0,1,0,1,0
ZTF24aaixoff,1,0,0,0,0,0,0,0,0,0,0
ZTF24aaixukq,0,1,0,1,0,1,0,1,0,0,1
ZTF24aaiyfnk,0,1,0,1,0,1,0,0,1,1,0
ZTF24aaiyjao,0,1,0,1,0,1,0,0,1,1,0
ZTF24aaiykod,0,1,0,1,0,1,0,0,1,1,0
ZTF24aaiylqr,0,1,0,1,0,1,0,0,1,1,0
ZTF24aaiyrta,1,0,0,0,0,0,0,0,0,0,0
ZTF24aaiywaa,0,1,0,0,1,1,0,1,0,1,0
ZTF24aaizbsu,0,1,0,1,0,1,0,1,0,0,1
ZTF24aaizckk,0,1,0,0,1,1,0,1,0,1,0
ZTF24aaizclt,0,0,1,1,0,1,0,1,0,1,0
ZTF24aaizcye,0,0,1,1,0,1,0,1,0,1,0
ZTF24aaizdbb,0,1,0,1,0,1,0,1,0,0,1
ZTF24aaizdtj,0,1,0,0,1,1,0,1,0,1,0
ZTF24aaizjkc,0,1,0,1,0,0,1,1,0,1,0
ZTF24aaizjyc,1,0,0,0,0,0,0,0,0,0,0
ZTF24aaizknm,0,1,0,1,0,1,0,1,0,0,1
ZTF24aaizlba,0,1,0,1,0,1,0,1,0,0,1
ZTF24aaizlmi,0,1,0,1,0,1,0,1,0,0,1
ZTF24aaizmiz,0,1,0,1,0,1,0,1,0,0,1
ZTF24aaiznoa,0,0,1,1,0,1,0,1,0,1,0
ZTF24aaizork,0,0,1,1,0,1,0,1,0,1,0
ZTF24aaizpno,0,1,0,0,1,1,0,1,0,1,0
ZTF24aaizqcb,0,0,1,1,0,1,0,1,0,1,0
ZTF24aaizqxi,0,1,0,1,0,0,1,1,0,1,0
ZTF24aajajnj,1,0,0,0,0,0,0,0,0,0,0
ZTF24aajamru,0,0,1,1,0,1,0,1,0,1,0
ZTF24aajandb,0,1,0,0,1,1,0,1,0,1,0
ZTF24aajarzh,0,1,0,1,0,0,1,1,0,1,0
ZTF24aajbpms,0,0,1,1,0,1,0,1,0,1,0
ZTF24aajbsxd,0,1,0,1,0,1,0,0,1,1,0
ZTF24aajbukh,1,0,0,0,0,0,0,0,0,0,0
ZTF24aajcgcw,0,0,1,1,0,1,0,1,0,1,0
ZTF24aajcvxm,0,1,0,1,0,1,0,0,1,1,0
ZTF24aajcyzd,0,1,0,1,0,0,1,1,0,1,0
ZTF24aajczao,1,0,0,0,0,0,0,0,0,0,0
ZTF24aajdcpa,0,1,0,1,0,1,0,0,1,1,0
ZTF24aajdcpk,1,0,0,0,0,0,0,0,0,0,0
ZTF24aajdcsk,0,0,1,1,0,1,0,1,0,1,0
ZTF24aajddmp,0,1,0,1,0,1,0,0,1,1,0
ZTF24aajdmlj,0,1,0,0,1,1,0,1,0,1,0
ZTF24aajdmlk,1,0,0,0,0,0,0,0,0,0,0
ZTF24aajdndi,0,0,1,1,0,1,0,1,0,1,0
ZTF24aajdnem,0,1,0,1,0,1,0,0,1,1,0
ZTF24aajdnfo,0,1,0,0,1,1,0,1,0,1,0
ZTF24aajdocj,0,0,1,1,0,1,0,1,0,1,0
ZTF24aajdopz,0,0,1,1,0,1,0,1,0,1,0
ZTF24aajdprd,0,0,1,1,0,1,0,1,0,1,0
ZTF24aajdqbw,0,0,1,1,0,1,0,1,0,1,0
ZTF24aajdqjo,0,1,0,1,0,1,0,1,0,0,1
ZTF24aajdtfi,0,1,0,1,0,1,0,1,0,0,1
ZTF24aajdtjs,0,1,0,1,0,1,0,0,1,1,0
ZTF24aajdtut,0,0,1,1,0,1,0,1,0,1,0
ZTF24aajecdi,1,0,0,0,0,0,0,0,0,0,0
ZTF24aajehne,1,0,0,0,0,0,0,0,0,0,0
ZTF24aajeuoc,0,0,1,1,0,1,0,1,0,1,0
ZTF24aajfeyx,1,0,0,0,0,0,0,0,0,0,0
ZTF24aajgmpr,0,1,0,1,0,1,0,1,0,0,1
ZTF24aajgotm,0,1,0,0,1,1,0,1,0,1,0
ZTF24aajgqli,0,1,0,0,1,1,0,1,0,1,0
ZTF24aajgwdv,0,1,0,1,0,1,0,0,1,1,0
ZTF24aajgxuq,0,1,0,0,1,1,0,1,0,1,0
ZTF24aajgyij,0,1,0,1,0,1,0,1,0,0,1
ZTF24aajhcne,0,1,0,0,1,1,0,1,0,1,0
ZTF24aajhkzp,0,1,0,1,0,1,0,0,1,1,0
ZTF24aajhlac,0,1,0,1,0,0,1,1,0,1,0
ZTF24aajhlhf,1,0,0,0,0,0,0,0,0,0,0
ZTF24aajhnsi,1,0,0,0,0,0,0,0,0,0,0
ZTF24aajhqrx,0,1,0,1,0,1,0,1,0,0,1
ZTF24aajhrid,1,0,0,0,0,0,0,0,0,0,0
ZTF24aajhtdw,1,0,0,0,0,0,0,0,0,0,0
ZTF24aajhtjl,0,1,0,1,0,0,1,1,0,1,0
ZTF24aajhxqs,1,0,0,0,0,0,0,0,0,0,0
ZTF24aajibfo,0,0,1,1,0,1,0,1,0,1,0
ZTF24aajibzs,0,1,0,1,0,1,0,1,0,0,1
ZTF24aajihvu,0,0,1,1,0,1,0,1,0,1,0
ZTF24aajioip,0,0,1,1,0,1,0,1,0,1,0
ZTF24aajipyx,0,1,0,1,0,0,1,1,0,1,0
ZTF24aajitnu,0,1,0,1,0,1,0,0,1,1,0
ZTF24aajittg,0,1,0,1,0,1,0,1,0,0,1
ZTF24aajivxa,0,0,1,1,0,1,0,1,0,1,0
ZTF24aajiyiv,0,1,0,1,0,0,1,1,0,1,0
ZTF24aajjcmb,0,1,0,1,0,0,1,1,0,1,0
ZTF24aajjdeo,0,1,0,1,0,1,0,1,0,0,1
ZTF24aajjdsx,1,0,0,0,0,0,0,0,0,0,0
ZTF24aajjhyf,0,1,0,1,0,1,0,1,0,0,1
ZTF24aajjlxy,0,0,1,1,0,1,0,1,0,1,0
ZTF24aajjmiy,0,1,0,0,1,1,0,1,0,1,0
ZTF24aajjmlk,0,0,1,1,0,1,0,1,0,1,0
ZTF24aajjnnh,0,1,0,1,0,1,0,1,0,0,1
ZTF24aajmhqc,1,0,0,0,0,0,0,0,0,0,0
ZTF24aajmjfr,0,1,0,1,0,1,0,0,1,1,0
ZTF24aajmlrq,0,1,0,1,0,0,1,1,0,1,0
ZTF24aajmlvz,0,1,0,1,0,1,0,0,1,1,0
ZTF24aajmmhu,0,1,0,1,0,0,1,1,0,1,0
ZTF24aajnhkm,1,0,0,0,0,0,0,0,0,0,0
ZTF24aajnwwr,0,1,0,1,0,0,1,1,0,1,0
ZTF24aajnytx,0,1,0,1,0,0,1,1,0,1,0
ZTF24aajocse,0,1,0,0,1,1,0,1,0,1,0
ZTF24aajoctb,0,1,0,1,0,1,0,1,0,0,1
ZTF24aajordk,1,0,0,0,0,0,0,0,0,0,0
ZTF24aajosqj,0,1,0,0,1,1,0,1,0,1,0
ZTF24aajowic,0,1,0,1,0,1,0,0,1,1,0
ZTF24aajoylm,0,1,0,1,0,0,1,1,0,1,0
ZTF24aajoyoc,0,1,0,1,0,0,1,1,0,1,0
ZTF24aajoytu,0,0,1,1,0,1,0,1,0,1,0
ZTF24aajozmt,0,1,0,1,0,1,0,0,1,1,0
ZTF24aajpchc,0,1,0,1,0,1,0,1,0,0,1
ZTF24aajpunm,0,1,0,1,0,1,0,0,1,1,0
ZTF24aajpwsl,0,1,0,1,0,0,1,1,0,1,0
ZTF24aajpwxw,0,1,0,1,0,1,0,1,0,0,1
ZTF24aajpxbu,0,1,0,1,0,0,1,1,0,1,0
ZTF24aajpzbr,0,1,0,1,0,1,0,1,0,0,1
ZTF24aajqkem,0,0,1,1,0,1,0,1,0,1,0
ZTF24aajqnzx,0,0,1,1,0,1,0,1,0,1,0
ZTF24aajqsti,0,0,1,1,0,1,0,1,0,1,0
ZTF24aajqtcy,0,1,0,1,0,1,0,0,1,1,0
ZTF24aajqtdv,1,0,0,0,0,0,0,0,0,0,0
ZTF24aajqwfs,0,1,0,1,0,1,0,1,0,0,1
ZTF24aajqwhw,0,1,0,1,0,1,0,1,0,0,1
ZTF24aajqwsm,0,0,1,1,0,1,0,1,0,1,0
ZTF24aajuyqs,0,1,0,1,0,1,0,0,1,1,0
ZTF24aajvikr,0,1,0,1,0,0,1,1,0,1,0
ZTF24aajvmgm,0,0,1,1,0,1,0,1,0,1,0
ZTF24aajvsoi,0,0,1,1,0,1,0,1,0,1,0
ZTF24aajvvhj,0,1,0,1,0,1,0,0,1,1,0
ZTF24aajvvnw,0,1,0,1,0,1,0,1,0,0,1
ZTF24aajvvop,1,0,0,0,0,0,0,0,0,0,0
ZTF24aajwczy,0,0,1,1,0,1,0,1,0,1,0
ZTF24aajxpmq,0,1,0,1,0,0,1,1,0,1,0
ZTF24aajxzbd,0,1,0,0,1,1,0,1,0,1,0
ZTF24aajykbr,0,1,0,1,0,0,1,1,0,1,0
ZTF24aajyxmx,0,1,0,1,0,0,1,1,0,1,0
ZTF24aajzkuk,1,0,0,0,0,0,0,0,0,0,0
ZTF24aajzmzf,1,0,0,0,0,0,0,0,0,0,0
ZTF24aajzvnv,0,0,1,1,0,1,0,1,0,1,0
ZTF24aakagbu,0,1,0,1,0,0,1,1,0,1,0
ZTF24aakaiqs,0,1,0,1,0,0,1,1,0,1,0
ZTF24aakajco,0,1,0,1,0,1,0,1,0,0,1
ZTF24aakajjy,0,1,0,1,0,1,0,0,1,1,0
ZTF24aakajtn,0,1,0,1,0,1,0,1,0,0,1
ZTF24aakanwe,0,1,0,0,1,1,0,1,0,1,0
ZTF24aakatms,0,1,0,1,0,1,0,0,1,1,0
ZTF24aakbhtk,0,1,0,1,0,1,0,1,0,0,1
ZTF24aakbibx,0,1,0,1,0,1,0,0,1,1,0
ZTF24aakbick,1,0,0,0,0,0,0,0,0,0,0
ZTF24aakbkee,0,1,0,1,0,1,0,1,0,0,1
ZTF24aakbpfj,1,0,0,0,0,0,0,0,0,0,0
ZTF24aakbptu,0,1,0,1,0,0,1,1,0,1,0
ZTF24aakbqjh,1,0,0,0,0,0,0,0,0,0,0
ZTF24aakcqsy,0,1,0,1,0,0,1,1,0,1,0
ZTF24aakdewk,0,1,0,0,1,1,0,1,0,1,0
ZTF24aakdffc,1,0,0,0,0,0,0,0,0,0,0
ZTF24aakdjgi,1,0,0,0,0,0,0,0,0,0,0
ZTF24aakdngi,0,0,1,1,0,1,0,1,0,1,0
ZTF24aakfdwc,0,1,0,0,1,1,0,1,0,1,0
ZTF24aakfgvg,0,1,0,1,0,1,0,1,0,0,1
ZTF24aakfltk,0,1,0,1,0,1,0,1,0,0,1
ZTF24aakfycl,0,1,0,0,1,1,0,1,0,1,0
ZTF24aakghyl,0,1,0,1,0,1,0,0,1,1,0
ZTF24aakmeyp,0,1,0,1,0,1,0,0,1,1,0
ZTF24aakmusb,1,0,0,0,0,0,0,0,0,0,0
ZTF24aaknlar,1,0,0,0,0,0,0,0,0,0,0
ZTF24aaknmjx,0,1,0,0,1,1,0,1,0,1,0
ZTF24aaknuvg,0,1,0,1,0,1,0,1,0,0,1
ZTF24aakocbz,0,1,0,1,0,1,0,0,1,1,0
ZTF24aakocjx,1,0,0,0,0,0,0,0,0,0,0
ZTF24aakoyfl,0,1,0,1,0,1,0,0,1,1,0
ZTF24aakpgfj,0,0,1,1,0,1,0,1,0,1,0
ZTF24aakpggq,1,0,0,0,0,0,0,0,0,0,0
ZTF24aakpolx,0,1,0,1,0,1,0,0,1,1,0
ZTF24aakprsy,0,1,0,1,0,1,0,1,0,0,1
ZTF24aakpsnq,0,0,1,1,0,1,0,1,0,1,0
ZTF24aakptxh,1,0,0,0,0,0,0,0,0,0,0
ZTF24aakpvnd,0,1,0,1,0,1,0,0,1,1,0
ZTF24aakpxif,0,1,0,1,0,1,0,0,1,1,0
ZTF24aakpxiy,1,0,0,0,0,0,0,0,0,0,0
ZTF24aakpyhl,1,0,0,0,0,0,0,0,0,0,0
ZTF24aakritl,1,0,0,0,0,0,0,0,0,0,0
ZTF24aakrqzs,0,1,0,1,0,1,0,0,1,1,0
ZTF24aakrsvx,0,1,0,1,0,0,1,1,0,1,0
ZTF24aakrsww,0,1,0,1,0,0,1,1,0,1,0
ZTF24aakshbw,1,0,0,0,0,0,0,0,0,0,0
ZTF24aakslfd,0,1,0,1,0,0,1,1,0,1,0
ZTF24aaksqsi,0,1,0,1,0,0,1,1,0,1,0
ZTF24aaksqvl,0,1,0,1,0,1,0,1,0,0,1
ZTF24aaktcvi,0,1,0,0,1,1,0,1,0,1,0
ZTF24aakthpb,0,1,0,0,1,1,0,1,0,1,0
ZTF24aaktnic,0,1,0,0,1,1,0,1,0,1,0
ZTF24aaktqfm,0,1,0,0,1,1,0,1,0,1,0
ZTF24aakudig,0,1,0,1,0,1,0,0,1,1,0
ZTF24aakusbm,0,1,0,0,1,1,0,1,0,1,0
ZTF24aakwijy,0,1,0,1,0,1,0,0,1,1,0
ZTF24aakwvbi,0,1,0,0,1,1,0,1,0,1,0
ZTF24aakxejp,1,0,0,0,0,0,0,0,0,0,0
ZTF24aakxkop,0,1,0,0,1,1,0,1,0,1,0
ZTF24aakxtlv,0,0,1,1,0,1,0,1,0,1,0
ZTF24aakxwww,0,1,0,1,0,1,0,0,1,1,0
ZTF24aakxzel,0,1,0,1,0,0,1,1,0,1,0
ZTF24aakyffp,1,0,0,0,0,0,0,0,0,0,0
ZTF24aakyfip,1,0,0,0,0,0,0,0,0,0,0
ZTF24aakykbz,0,0,1,1,0,1,0,1,0,1,0
ZTF24aakymro,1,0,0,0,0,0,0,0,0,0,0
ZTF24aakyqxt,0,1,0,0,1,1,0,1,0,1,0
ZTF24aakyrvc,0,0,1,1,0,1,0,1,0,1,0
ZTF24aakysdl,1,0,0,0,0,0,0,0,0,0,0
ZTF24aakysdt,0,0,1,1,0,1,0,1,0,1,0
ZTF24aakyszx,0,1,0,0,1,1,0,1,0,1,0
ZTF24aakzfdi,0,1,0,1,0,0,1,1,0,1,0
ZTF24aakzgmf,0,0,1,1,0,1,0,1,0,1,0
ZTF24aakzgnd,1,0,0,0,0,0,0,0,0,0,0
ZTF24aakzjlc,0,0,1,1,0,1,0,1,0,1,0
ZTF24aakzklx,0,1,0,1,0,1,0,1,0,0,1
ZTF24aakzmge,0,1,0,1,0,0,1,1,0,1,0
ZTF24aakzmiu,0,1,0,1,0,1,0,0,1,1,0
ZTF24aakzmsi,0,1,0,1,0,0,1,1,0,1,0
ZTF24aakznlz,0,1,0,1,0,1,0,1,0,0,1
ZTF24aakzofq,0,1,0,1,0,0,1,1,0,1,0
ZTF24aakzwog,0,1,0,1,0,0,1,1,0,1,0
ZTF24aakzwsk,0,1,0,1,0,1,0,0,1,1,0
ZTF24aakzwun,0,0,1,1,0,1,0,1,0,1,0
ZTF24aalaava,0,1,0,1,0,1,0,1,0,0,1
ZTF24aalacml,1,0,0,0,0,0,0,0,0,0,0
ZTF24aalaenc,0,1,0,1,0,1,0,1,0,0,1
ZTF24aalanst,0,1,0,1,0,0,1,1,0,1,0
ZTF24aalbbaf,1,0,0,0,0,0,0,0,0,0,0
ZTF24aalbbyp,1,0,0,0,0,0,0,0,0,0,0
ZTF24aalbbzp,0,1,0,0,1,1,0,1,0,1,0
ZTF24aalbehs,0,1,0,1,0,1,0,0,1,1,0
ZTF24aalbhuy,0,0,1,1,0,1,0,1,0,1,0
ZTF24aalbhwo,0,0,1,1,0,1,0,1,0,1,0
ZTF24aalbjng,0,0,1,1,0,1,0,1,0,1,0
ZTF24aalbjtf,0,1,0,0,1,1,0,1,0,1,0
ZTF24aalbjvu,0,1,0,1,0,1,0,1,0,0,1
ZTF24aalbjwi,0,1,0,1,0,1,0,1,0,0,1
ZTF24aalbkdo,0,1,0,1,0,1,0,1,0,0,1
ZTF24aalbnbl,0,1,0,1,0,1,0,1,0,0,1
ZTF24aalbonj,0,1,0,1,0,1,0,1,0,0,1
ZTF24aalbopw,0,1,0,1,0,1,0,0,1,1,0
ZTF24aalbsga,0,1,0,1,0,0,1,1,0,1,0
ZTF24aalbshy,1,0,0,0,0,0,0,0,0,0,0
ZTF24aalbttl,0,1,0,1,0,1,0,0,1,1,0
ZTF24aalbudj,0,1,0,0,1,1,0,1,0,1,0
ZTF24aalbulu,0,1,0,1,0,1,0,1,0,0,1
ZTF24aalbwgz,0,1,0,1,0,1,0,0,1,1,0
ZTF24aalbwog,0,1,0,1,0,0,1,1,0,1,0
ZTF24aalbwox,1,0,0,0,0,0,0,0,0,0,0
ZTF24aalbwpz,0,1,0,0,1,1,0,1,0,1,0
ZTF24aalbxdb,0,1,0,1,0,1,0,0,1,1,0
ZTF24aalbzkr,1,0,0,0,0,0,0,0,0,0,0
ZTF24aalbzot,0,1,0,1,0,1,0,0,1,1,0
ZTF24aalbzsa,0,0,1,1,0,1,0,1,0,1,0
ZTF24aalcbxx,0,1,0,1,0,0,1,1,0,1,0
ZTF24aalcdgs,0,0,1,1,0,1,0,1,0,1,0
ZTF24aalcdik,0,1,0,0,1,1,0,1,0,1,0
ZTF24aalcemv,0,1,0,1,0,1,0,0,1,1,0
ZTF24aalcenn,0,1,0,1,0,1,0,1,0,0,1
ZTF24aalceob,0,1,0,0,1,1,0,1,0,1,0
ZTF24aalcfbz,0,1,0,0,1,1,0,1,0,1,0
ZTF24aalcfes,1,0,0,0,0,0,0,0,0,0,0
ZTF24aalcfyh,0,1,0,0,1,1,0,1,0,1,0
ZTF24aalcgmc,0,1,0,1,0,1,0,0,1,1,0
ZTF24aalchzg,1,0,0,0,0,0,0,0,0,0,0
ZTF24aalcjbu,1,0,0,0,0,0,0,0,0,0,0
ZTF24aalcknq,1,0,0,0,0,0,0,0,0,0,0
ZTF24aalckpp,0,0,1,1,0,1,0,1,0,1,0
ZTF24aalcktq,0,1,0,1,0,1,0,1,0,0,1
ZTF24aalckxt,0,1,0,1,0,0,1,1,0,1,0
ZTF24aalclvz,0,1,0,1,0,1,0,0,1,1,0
ZTF24aalcopl,0,1,0,1,0,1,0,0,1,1,0
ZTF24aalctiw,1,0,0,0,0,0,0,0,0,0,0
ZTF24aalcvga,0,1,0,1,0,1,0,0,1,1,0
ZTF24aaldwfc,0,0,1,1,0,1,0,1,0,1,0
ZTF24aaleeji,0,1,0,1,0,0,1,1,0,1,0
ZTF24aalehva,0,0,1,1,0,1,0,1,0,1,0
ZTF24aaleiew,0,0,1,1,0,1,0,1,0,1,0
ZTF24aalepin,0,1,0,1,0,1,0,0,1,1,0
ZTF24aalerju,1,0,0,0,0,0,0,0,0,0,0
ZTF24aalesbg,0,0,1,1,0,1,0,1,0,1,0
ZTF24aaletve,0,1,0,1,0,0,1,1,0,1,0
ZTF24aalevym,0,1,0,1,0,0,1,1,0,1,0
ZTF24aalfcsq,0,1,0,0,1,1,0,1,0,1,0
ZTF24aalfgnv,1,0,0,0,0,0,0,0,0,0,0
ZTF24aalfhbt,1,0,0,0,0,0,0,0,0,0,0
ZTF24aalfioa,0,1,0,1,0,1,0,0,1,1,0
ZTF24aalfowt,1,0,0,0,0,0,0,0,0,0,0
ZTF24aalfpbb,0,1,0,0,1,1,0,1,0,1,0
ZTF24aalfyuf,0,1,0,1,0,0,1,1,0,1,0
ZTF24aalgkhi,0,1,0,0,1,1,0,1,0,1,0
ZTF24aalgogb,1,0,0,0,0,0,0,0,0,0,0
ZTF24aalgonm,1,0,0,0,0,0,0,0,0,0,0
ZTF24aalgoug,0,1,0,1,0,1,0,1,0,0,1
ZTF24aalgqhw,0,1,0,1,0,1,0,0,1,1,0
ZTF24aalgsay,0,1,0,1,0,0,1,1,0,1,0
ZTF24aalgtsg,0,1,0,1,0,1,0,1,0,0,1
ZTF24aalgtww,0,1,0,1,0,1,0,1,0,0,1
ZTF24aalgvxu,0,1,0,1,0,1,0,0,1,1,0
ZTF24aalgwti,0,1,0,0,1,1,0,1,0,1,0
ZTF24aalgxfl,0,1,0,1,0,1,0,1,0,0,1
ZTF24aalgxhz,0,1,0,0,1,1,0,1,0,1,0
ZTF24aalgxns,0,0,1,1,0,1,0,1,0,1,0
ZTF24aalgyiy,0,1,0,1,0,0,1,1,0,1,0
ZTF24aalgzll,0,1,0,1,0,1,0,0,1,1,0
ZTF24aalhatt,0,1,0,1,0,0,1,1,0,1,0
ZTF24aalhbbu,0,1,0,1,0,0,1,1,0,1,0
ZTF24aalhehh,0,1,0,1,0,1,0,0,1,1,0
ZTF24aalhgfz,0,1,0,0,1,1,0,1,0,1,0
ZTF24aalhhqr,0,1,0,0,1,1,0,1,0,1,0
ZTF24aalhjeu,0,0,1,1,0,1,0,1,0,1,0
ZTF24aalhjgr,0,1,0,1,0,1,0,0,1,1,0
ZTF24aalhjiw,0,1,0,1,0,1,0,1,0,0,1
ZTF24aalhrpd,0,1,0,1,0,1,0,1,0,0,1
ZTF24aalhskr,0,1,0,0,1,1,0,1,0,1,0
ZTF24aalhsri,0,1,0,1,0,1,0,1,0,0,1
ZTF24aaljolu,1,0,0,0,0,0,0,0,0,0,0
ZTF24aaljstu,0,1,0,1,0,1,0,1,0,0,1
ZTF24aaljswk,0,0,1,1,0,1,0,1,0,1,0
ZTF24aaljtes,0,1,0,1,0,0,1,1,0,1,0
ZTF24aalkzbo,0,1,0,1,0,1,0,1,0,0,1
ZTF24aallawf,0,1,0,0,1,1,0,1,0,1,0
ZTF24aallbzm,1,0,0,0,0,0,0,0,0,0,0
ZTF24aallcgq,0,1,0,0,1,1,0,1,0,1,0
ZTF24aallczu,0,1,0,0,1,1,0,1,0,1,0
ZTF24aallnfm,0,1,0,1,0,1,0,0,1,1,0
ZTF24aallpdt,0,1,0,1,0,0,1,1,0,1,0
ZTF24aallpvy,0,1,0,1,0,1,0,1,0,0,1
ZTF24aallryw,0,1,0,1,0,1,0,1,0,0,1
ZTF24aalmjgr,0,1,0,1,0,0,1,1,0,1,0
ZTF24aalmwbq,1,0,0,0,0,0,0,0,0,0,0
ZTF24aalmxih,0,1,0,1,0,0,1,1,0,1,0
ZTF24aalmycw,0,1,0,1,0,1,0,1,0,0,1
ZTF24aalmyfv,0,1,0,1,0,1,0,0,1,1,0
ZTF24aalmytd,0,1,0,1,0,0,1,1,0,1,0
ZTF24aalndou,0,1,0,1,0,1,0,0,1,1,0
ZTF24aalnewv,0,1,0,1,0,1,0,1,0,0,1
ZTF24aalnfgz,0,1,0,1,0,1,0,0,1,1,0
ZTF24aalnusq,0,1,0,1,0,1,0,1,0,0,1
ZTF24aalnzxp,0,1,0,0,1,1,0,1,0,1,0
ZTF24aaloeiz,0,1,0,1,0,1,0,0,1,1,0
ZTF24aalohwx,0,1,0,0,1,1,0,1,0,1,0
ZTF24aaloims,0,1,0,0,1,1,0,1,0,1,0
ZTF24aalojem,0,1,0,1,0,1,0,0,1,1,0
ZTF24aalokfu,1,0,0,0,0,0,0,0,0,0,0
ZTF24aaloqvu,0,1,0,1,0,0,1,1,0,1,0
ZTF24aalorhw,0,1,0,1,0,1,0,0,1,1,0
ZTF24aalorkg,0,1,0,1,0,0,1,1,0,1,0
ZTF24aalorlo,0,1,0,1,0,0,1,1,0,1,0
ZTF24aalosvq,0,1,0,1,0,1,0,0,1,1,0
ZTF24aalougs,0,0,1,1,0,1,0,1,0,1,0
ZTF24aalowhj,0,1,0,1,0,0,1,1,0,1,0
ZTF24aalphiy,0,1,0,1,0,1,0,0,1,1,0
ZTF24aalpjzm,0,0,1,1,0,1,0,1,0,1,0
ZTF24aalpkaw,0,0,1,1,0,1,0,1,0,1,0
ZTF24aalpqir,0,1,0,0,1,1,0,1,0,1,0
ZTF24aalpqnn,0,1,0,0,1,1,0,1,0,1,0
ZTF24aalpqwh,0,0,1,1,0,1,0,1,0,1,0
ZTF24aalpsin,0,1,0,1,0,1,0,1,0,0,1
ZTF24aalpxwi,1,0,0,0,0,0,0,0,0,0,0
ZTF24aalpzdw,0,1,0,0,1,1,0,1,0,1,0
ZTF24aalqbuc,0,1,0,0,1,1,0,1,0,1,0
ZTF24aalqccu,1,0,0,0,0,0,0,0,0,0,0
ZTF24aalqdew,0,1,0,0,1,1,0,1,0,1,0
ZTF24aalqgjr,0,0,1,1,0,1,0,1,0,1,0
ZTF24aalqgqc,0,1,0,1,0,0,1,1,0,1,0
ZTF24aalqhcm,0,1,0,1,0,0,1,1,0,1,0
ZTF24aalqimg,0,1,0,1,0,1,0,0,1,1,0
ZTF24aalqoij,0,1,0,0,1,1,0,1,0,1,0
ZTF24aalqqut,1,0,0,0,0,0,0,0,0,0,0
ZTF24aalqrpc,0,1,0,0,1,1,0,1,0,1,0
ZTF24aalqrqv,0,1,0,1,0,0,1,1,0,1,0
ZTF24aalqscn,1,0,0,0,0,0,0,0,0,0,0
ZTF24aalqwqi,0,1,0,1,0,1,0,1,0,0,1
ZTF24aalqzvs,0,1,0,1,0,0,1,1,0,1,0
ZTF24aalrbbp,1,0,0,0,0,0,0,0,0,0,0
ZTF24aalrjjb,0,1,0,1,0,0,1,1,0,1,0
ZTF24aalrjzr,0,1,0,1,0,1,0,0,1,1,0
ZTF24aalrkio,0,1,0,1,0,1,0,0,1,1,0
ZTF24aalrldn,0,1,0,1,0,0,1,1,0,1,0
ZTF24aalrmff,0,1,0,1,0,1,0,1,0,0,1
ZTF24aalrmkx,0,1,0,0,1,1,0,1,0,1,0
ZTF24aalrrwy,1,0,0,0,0,0,0,0,0,0,0
ZTF24aalspsz,0,1,0,0,1,1,0,1,0,1,0
ZTF24aalsrfn,1,0,0,0,0,0,0,0,0,0,0
ZTF24aalsuwb,0,1,0,1,0,1,0,1,0,0,1
ZTF24aaltyyy,0,1,0,1,0,1,0,0,1,1,0
ZTF24aaltzof,0,1,0,0,1,1,0,1,0,1,0
ZTF24aaltztx,0,0,1,1,0,1,0,1,0,1,0
ZTF24aalubmp,0,0,1,1,0,1,0,1,0,1,0
ZTF24aaluebq,1,0,0,0,0,0,0,0,0,0,0
ZTF24aalugfq,1,0,0,0,0,0,0,0,0,0,0
ZTF24aalujeu,1,0,0,0,0,0,0,0,0,0,0
ZTF24aalukjj,0,0,1,1,0,1,0,1,0,1,0
ZTF24aalumkz,0,1,0,0,1,1,0,1,0,1,0
ZTF24aalupkz,0,1,0,1,0,1,0,0,1,1,0
ZTF24aaluqqn,0,0,1,1,0,1,0,1,0,1,0
ZTF24aalvewk,0,0,1,1,0,1,0,1,0,1,0
ZTF24aalvppg,0,1,0,1,0,0,1,1,0,1,0
ZTF24aalvygp,0,1,0,1,0,1,0,0,1,1,0
ZTF24aalvyvv,0,1,0,1,0,1,0,0,1,1,0
ZTF24aalvzau,0,1,0,1,0,1,0,0,1,1,0
ZTF24aalwpej,0,0,1,1,0,1,0,1,0,1,0
ZTF24aalwvuf,0,1,0,1,0,1,0,1,0,0,1
ZTF24aalwwjb,0,1,0,1,0,0,1,1,0,1,0
ZTF24aalwwri,0,1,0,1,0,0,1,1,0,1,0
ZTF24aalwwst,0,1,0,1,0,0,1,1,0,1,0
ZTF24aalwzdi,1,0,0,0,0,0,0,0,0,0,0
ZTF24aalxgvt,0,1,0,1,0,1,0,0,1,1,0
ZTF24aalxlsj,0,1,0,1,0,1,0,1,0,0,1
ZTF24aalxmuu,1,0,0,0,0,0,0,0,0,0,0
ZTF24aalxqic,1,0,0,0,0,0,0,0,0,0,0
ZTF24aalzedi,0,1,0,1,0,1,0,1,0,0,1
ZTF24aalzefs,0,0,1,1,0,1,0,1,0,1,0
ZTF24aalzgpp,0,1,0,0,1,1,0,1,0,1,0
ZTF24aalzhlp,0,1,0,1,0,1,0,1,0,0,1
ZTF24aalzhtv,0,1,0,1,0,1,0,1,0,0,1
ZTF24aalzmaa,0,1,0,1,0,1,0,1,0,0,1
ZTF24aalznab,0,1,0,1,0,1,0,0,1,1,0
ZTF24aalznhl,0,1,0,1,0,1,0,1,0,0,1
ZTF24aalzofr,0,1,0,1,0,1,0,0,1,1,0
ZTF24aalzqje,0,1,0,0,1,1,0,1,0,1,0
ZTF24aalzqni,0,1,0,1,0,1,0,1,0,0,1
ZTF24aalzqyo,0,1,0,0,1,1,0,1,0,1,0
ZTF24aalzvfr,0,1,0,0,1,1,0,1,0,1,0
ZTF24aamadxv,0,1,0,0,1,1,0,1,0,1,0
ZTF24aamaiht,0,1,0,0,1,1,0,1,0,1,0
ZTF24aamaots,0,1,0,1,0,1,0,0,1,1,0
ZTF24aamapek,1,0,0,0,0,0,0,0,0,0,0
ZTF24aamavvu,0,1,0,1,0,1,0,1,0,0,1
ZTF24aambaia,0,1,0,1,0,1,0,0,1,1,0
ZTF24aambcaw,1,0,0,0,0,0,0,0,0,0,0
ZTF24aambzji,0,1,0,1,0,1,0,1,0,0,1
ZTF24aamcyet,0,1,0,0,1,1,0,1,0,1,0
ZTF24aamcyqy,1,0,0,0,0,0,0,0,0,0,0
ZTF24aamdfll,0,1,0,1,0,1,0,1,0,0,1
ZTF24aamdmfa,0,0,1,1,0,1,0,1,0,1,0
ZTF24aamdmlj,0,1,0,1,0,0,1,1,0,1,0
ZTF24aamdmzj,1,0,0,0,0,0,0,0,0,0,0
ZTF24aamdrex,0,1,0,0,1,1,0,1,0,1,0
ZTF24aamdvgg,0,1,0,0,1,1,0,1,0,1,0
ZTF24aamdytk,0,1,0,0,1,1,0,1,0,1,0
ZTF24aamecco,0,1,0,1,0,0,1,1,0,1,0
ZTF24aamegtb,0,1,0,1,0,1,0,0,1,1,0
ZTF24aamegzg,0,1,0,1,0,1,0,1,0,0,1
ZTF24aamehev,0,1,0,1,0,1,0,1,0,0,1
ZTF24aamevwy,0,0,1,1,0,1,0,1,0,1,0
ZTF24aamfaim,0,0,1,1,0,1,0,1,0,1,0
ZTF24aamffgo,0,1,0,1,0,1,0,1,0,0,1
ZTF24aamffqx,0,1,0,0,1,1,0,1,0,1,0
ZTF24aamffra,1,0,0,0,0,0,0,0,0,0,0
ZTF24aamfhof,0,1,0,1,0,1,0,0,1,1,0
ZTF24aamflvf,0,1,0,0,1,1,0,1,0,1,0
ZTF24aamfxsu,0,1,0,0,1,1,0,1,0,1,0
ZTF24aamfzwl,0,1,0,1,0,0,1,1,0,1,0
ZTF24aamgalt,0,1,0,1,0,1,0,1,0,0,1
ZTF24aamgbbn,0,1,0,0,1,1,0,1,0,1,0
ZTF24aamgbrs,0,1,0,1,0,1,0,1,0,0,1
ZTF24aamgbyq,1,0,0,0,0,0,0,0,0,0,0
ZTF24aamgchh,0,1,0,1,0,1,0,1,0,0,1
ZTF24aamgckq,1,0,0,0,0,0,0,0,0,0,0
ZTF24aamgdmz,0,0,1,1,0,1,0,1,0,1,0
ZTF24aamglni,0,1,0,0,1,1,0,1,0,1,0
ZTF24aamgsrg,0,1,0,1,0,1,0,1,0,0,1
ZTF24aamguan,0,1,0,1,0,0,1,1,0,1,0
ZTF24aamgutg,0,1,0,0,1,1,0,1,0,1,0
ZTF24aamgwdu,0,1,0,1,0,0,1,1,0,1,0
ZTF24aamgwrn,0,1,0,0,1,1,0,1,0,1,0
ZTF24aamhcur,0,1,0,1,0,0,1,1,0,1,0
ZTF24aamhfaf,0,1,0,0,1,1,0,1,0,1,0
ZTF24aamhhlt,0,1,0,1,0,1,0,1,0,0,1
ZTF24aamhkdd,0,1,0,1,0,1,0,1,0,0,1
ZTF24aamhkkz,0,1,0,0,1,1,0,1,0,1,0
ZTF24aamhkxo,0,1,0,0,1,1,0,1,0,1,0
ZTF24aamhlhm,0,1,0,1,0,1,0,0,1,1,0
ZTF24aamhock,0,0,1,1,0,1,0,1,0,1,0
ZTF24aamhsqn,1,0,0,0,0,0,0,0,0,0,0
ZTF24aamhucp,0,1,0,1,0,1,0,1,0,0,1
ZTF24aamhwlj,0,0,1,1,0,1,0,1,0,1,0
ZTF24aamhyxu,0,1,0,1,0,1,0,0,1,1,0
ZTF24aamifbk,0,1,0,1,0,1,0,1,0,0,1
ZTF24aamijkf,0,0,1,1,0,1,0,1,0,1,0
ZTF24aamijxq,0,0,1,1,0,1,0,1,0,1,0
ZTF24aamilir,0,1,0,0,1,1,0,1,0,1,0
ZTF24aamilmk,1,0,0,0,0,0,0,0,0,0,0
ZTF24aamilny,0,1,0,0,1,1,0,1,0,1,0
ZTF24aamilth,0,1,0,1,0,0,1,1,0,1,0
ZTF24aamilxy,0,1,0,1,0,0,1,1,0,1,0
ZTF24aamimek,1,0,0,0,0,0,0,0,0,0,0
ZTF24aaminbv,1,0,0,0,0,0,0,0,0,0,0
ZTF24aamiomv,0,1,0,1,0,0,1,1,0,1,0
ZTF24aamipnt,0,1,0,1,0,1,0,0,1,1,0
ZTF24aamipps,0,1,0,1,0,0,1,1,0,1,0
ZTF24aamjbpi,1,0,0,0,0,0,0,0,0,0,0
ZTF24aamjeeu,0,0,1,1,0,1,0,1,0,1,0
ZTF24aamjfhr,0,1,0,1,0,1,0,0,1,1,0
ZTF24aamjfvg,0,1,0,0,1,1,0,1,0,1,0
ZTF24aamjgee,0,1,0,1,0,0,1,1,0,1,0
ZTF24aamjkav,0,1,0,1,0,1,0,1,0,0,1
ZTF24aamjubm,0,1,0,1,0,1,0,0,1,1,0
ZTF24aamjyou,0,1,0,1,0,1,0,1,0,0,1
ZTF24aamkewd,1,0,0,0,0,0,0,0,0,0,0
ZTF24aamkiih,0,0,1,1,0,1,0,1,0,1,0
ZTF24aamktbc,1,0,0,0,0,0,0,0,0,0,0
ZTF24aamktvx,0,1,0,1,0,0,1,1,0,1,0
ZTF24aamlauj,0,1,0,0,1,1,0,1,0,1,0
ZTF24aamlauy,0,0,1,1,0,1,0,1,0,1,0
ZTF24aamlavu,0,0,1,1,0,1,0,1,0,1,0
ZTF24aamlzwg,0,1,0,1,0,1,0,1,0,0,1
ZTF24aammkkt,0,0,1,1,0,1,0,1,0,1,0
ZTF24aammkvn,0,0,1,1,0,1,0,1,0,1,0
ZTF24aammkyw,1,0,0,0,0,0,0,0,0,0,0
ZTF24aammlur,0,1,0,1,0,1,0,1,0,0,1
ZTF24aammvsq,0,1,0,0,1,1,0,1,0,1,0
ZTF24aammylz,1,0,0,0,0,0,0,0,0,0,0
ZTF24aammzbg,0,1,0,1,0,0,1,1,0,1,0
ZTF24aamnqeg,1,0,0,0,0,0,0,0,0,0,0
ZTF24aamnqig,1,0,0,0,0,0,0,0,0,0,0
ZTF24aamocmw,0,1,0,1,0,1,0,1,0,0,1
ZTF24aamoeod,0,0,1,1,0,1,0,1,0,1,0
ZTF24aamopla,0,1,0,1,0,0,1,1,0,1,0
ZTF24aampdkv,0,0,1,1,0,1,0,1,0,1,0
ZTF24aampdux,0,1,0,1,0,0,1,1,0,1,0
ZTF24aampehy,0,1,0,1,0,0,1,1,0,1,0
ZTF24aampfbp,0,1,0,0,1,1,0,1,0,1,0
ZTF24aamqabv,0,1,0,0,1,1,0,1,0,1,0
ZTF24aamqduh,0,1,0,1,0,1,0,0,1,1,0
ZTF24aamqdyh,0,1,0,1,0,1,0,0,1,1,0
ZTF24aamqgar,1,0,0,0,0,0,0,0,0,0,0
ZTF24aamqgnc,1,0,0,0,0,0,0,0,0,0,0
ZTF24aamqjma,0,0,1,1,0,1,0,1,0,1,0
ZTF24aamqkfd,0,1,0,1,0,0,1,1,0,1,0
ZTF24aamqrwk,0,1,0,1,0,0,1,1,0,1,0
ZTF24aamrdcw,0,1,0,1,0,1,0,0,1,1,0
ZTF24aamrheq,0,1,0,1,0,1,0,1,0,0,1
ZTF24aamrkkp,0,1,0,0,1,1,0,1,0,1,0
ZTF24aamrkny,0,1,0,1,0,0,1,1,0,1,0
ZTF24aamrqcu,0,0,1,1,0,1,0,1,0,1,0
ZTF24aamrspj,0,1,0,1,0,1,0,0,1,1,0
ZTF24aamrtbs,0,1,0,1,0,0,1,1,0,1,0
ZTF24aamshav,1,0,0,0,0,0,0,0,0,0,0
ZTF24aamskss,0,1,0,1,0,1,0,1,0,0,1
ZTF24aamsoyp,0,1,0,1,0,1,0,1,0,0,1
ZTF24aamspsr,0,1,0,1,0,0,1,1,0,1,0
ZTF24aamtdtq,0,1,0,0,1,1,0,1,0,1,0
ZTF24aamtpla,0,1,0,1,0,1,0,1,0,0,1
ZTF24aamttaz,0,1,0,1,0,1,0,1,0,0,1
ZTF24aamtwya,0,1,0,1,0,1,0,0,1,1,0
ZTF24aamtxrn,0,1,0,1,0,1,0,0,1,1,0
ZTF24aamtxwv,0,1,0,1,0,0,1,1,0,1,0
ZTF24aamtypj,0,1,0,1,0,1,0,0,1,1,0
ZTF24aamuafv,1,0,0,0,0,0,0,0,0,0,0
ZTF24aamvpyo,0,1,0,1,0,1,0,1,0,0,1
ZTF24aamvqry,0,1,0,1,0,0,1,1,0,1,0
ZTF24aamvrgo,0,1,0,0,1,1,0,1,0,1,0
ZTF24aamvsws,1,0,0,0,0,0,0,0,0,0,0
ZTF24aamvynn,0,1,0,1,0,0,1,1,0,1,0
ZTF24aamvzfc,0,1,0,1,0,0,1,1,0,1,0
ZTF24aamwkxp,1,0,0,0,0,0,0,0,0,0,0
ZTF24aamwozs,0,1,0,1,0,0,1,1,0,1,0
ZTF24aamwqkh,1,0,0,0,0,0,0,0,0,0,0
ZTF24aamwznr,1,0,0,0,0,0,0,0,0,0,0
ZTF24aamxmol,0,1,0,0,1,1,0,1,0,1,0
ZTF24aamxsfg,0,0,1,1,0,1,0,1,0,1,0
ZTF24aamxzkh,0,1,0,1,0,1,0,1,0,0,1
ZTF24aamydtt,0,1,0,0,1,1,0,1,0,1,0
ZTF24aamyjbf,0,1,0,0,1,1,0,1,0,1,0
ZTF24aamykhh,0,1,0,0,1,1,0,1,0,1,0
ZTF24aamyukz,0,1,0,1,0,0,1,1,0,1,0
ZTF24aamzftx,0,1,0,1,0,1,0,0,1,1,0
ZTF24aamzkeg,1,0,0,0,0,0,0,0,0,0,0
ZTF24aamzqsv,1,0,0,0,0,0,0,0,0,0,0
ZTF24aanaaqv,0,0,1,1,0,1,0,1,0,1,0
ZTF24aanaasa,0,1,0,1,0,1,0,0,1,1,0
ZTF24aanamle,0,1,0,1,0,1,0,0,1,1,0
ZTF24aanavqa,0,1,0,1,0,1,0,0,1,1,0
ZTF24aanaymu,0,1,0,1,0,0,1,1,0,1,0
ZTF24aanbbjl,0,1,0,0,1,1,0,1,0,1,0
ZTF24aanbhcy,1,0,0,0,0,0,0,0,0,0,0
ZTF24aanbinz,0,0,1,1,0,1,0,1,0,1,0
ZTF24aanbkep,0,0,1,1,0,1,0,1,0,1,0
ZTF24aanboby,0,1,0,0,1,1,0,1,0,1,0
ZTF24aanbpzv,1,0,0,0,0,0,0,0,0,0,0
ZTF24aanbsne,0,1,0,1,0,0,1,1,0,1,0
ZTF24aanbswr,0,0,1,1,0,1,0,1,0,1,0
ZTF24aancjmu,0,1,0,0,1,1,0,1,0,1,0
ZTF24aancjzy,0,1,0,1,0,1,0,0,1,1,0
ZTF24aancpjk,0,1,0,1,0,0,1,1,0,1,0
ZTF24aancwwv,0,1,0,1,0,1,0,1,0,0,1
ZTF24aanderj,1,0,0,0,0,0,0,0,0,0,0
ZTF24aandeta,0,1,0,1,0,0,1,1,0,1,0
ZTF24aandgka,1,0,0,0,0,0,0,0,0,0,0
ZTF24aandhbr,0,0,1,1,0,1,0,1,0,1,0
ZTF24aandotw,0,1,0,1,0,1,0,1,0,0,1
ZTF24aandwwz,0,1,0,0,1,1,0,1,0,1,0
ZTF24aaneoyr,0,0,1,1,0,1,0,1,0,1,0
ZTF24aangfcc,1,0,0,0,0,0,0,0,0,0,0
ZTF24aangkkm,0,1,0,1,0,1,0,0,1,1,0
ZTF24aanglfo,1,0,0,0,0,0,0,0,0,0,0
ZTF24aangmja,0,1,0,1,0,1,0,0,1,1,0
ZTF24aangsva,0,1,0,1,0,0,1,1,0,1,0
ZTF24aanhucy,0,1,0,1,0,1,0,0,1,1,0
ZTF24aanhwnv,0,1,0,1,0,1,0,0,1,1,0
ZTF24aanidzy,1,0,0,0,0,0,0,0,0,0,0
ZTF24aanieom,0,1,0,0,1,1,0,1,0,1,0
ZTF24aaniifw,0,1,0,1,0,1,0,1,0,0,1
ZTF24aanijuq,0,1,0,0,1,1,0,1,0,1,0
ZTF24aanitqt,0,1,0,1,0,1,0,1,0,0,1
ZTF24aanjbpi,0,1,0,1,0,1,0,1,0,0,1
ZTF24aanjche,0,1,0,1,0,0,1,1,0,1,0
ZTF24aanjcjn,0,1,0,1,0,1,0,0,1,1,0
ZTF24aanjcpm,0,1,0,1,0,1,0,0,1,1,0
ZTF24aanjnyl,1,0,0,0,0,0,0,0,0,0,0
ZTF24aanjvkm,1,0,0,0,0,0,0,0,0,0,0
ZTF24aanjxyn,0,1,0,1,0,0,1,1,0,1,0
ZTF24aankryh,0,1,0,0,1,1,0,1,0,1,0
ZTF24aankvdj,1,0,0,0,0,0,0,0,0,0,0
ZTF24aankvon,0,0,1,1,0,1,0,1,0,1,0
ZTF24aanlepr,0,1,0,1,0,0,1,1,0,1,0
ZTF24aanlfpa,0,1,0,1,0,1,0,1,0,0,1
ZTF24aanlsjp,0,1,0,1,0,1,0,1,0,0,1
ZTF24aanmanz,0,1,0,1,0,1,0,0,1,1,0
ZTF24aanmatk,0,1,0,1,0,1,0,0,1,1,0
ZTF24aanmiaj,0,1,0,0,1,1,0,1,0,1,0
ZTF24aanmitt,0,1,0,1,0,0,1,1,0,1,0
ZTF24aanmorm,1,0,0,0,0,0,0,0,0,0,0
ZTF24aanmrts,0,1,0,1,0,0,1,1,0,1,0
ZTF24aanmtls,0,0,1,1,0,1,0,1,0,1,0
ZTF24aanmvvy,0,1,0,0,1,1,0,1,0,1,0
ZTF24aanmxip,0,0,1,1,0,1,0,1,0,1,0
ZTF24aannaos,1,0,0,0,0,0,0,0,0,0,0
ZTF24aanndwv,0,1,0,1,0,1,0,1,0,0,1
ZTF24aannrxb,0,1,0,1,0,0,1,1,0,1,0
ZTF24aanozhr,0,1,0,0,1,1,0,1,0,1,0
ZTF24aanpkiz,0,1,0,1,0,1,0,1,0,0,1
ZTF24aanpztl,1,0,0,0,0,0,0,0,0,0,0
ZTF24aanqosm,0,1,0,1,0,1,0,1,0,0,1
ZTF24aanqxde,0,1,0,1,0,0,1,1,0,1,0
ZTF24aanrenf,0,1,0,1,0,0,1,1,0,1,0
ZTF24aanrjlf,1,0,0,0,0,0,0,0,0,0,0
ZTF24aanspht,0,1,0,1,0,0,1,1,0,1,0
ZTF24aanszes,0,0,1,1,0,1,0,1,0,1,0
ZTF24aantgzd,0,0,1,1,0,1,0,1,0,1,0
ZTF24aantnpg,0,1,0,1,0,1,0,0,1,1,0
ZTF24aantqiq,0,1,0,1,0,1,0,0,1,1,0
ZTF24aanttew,1,0,0,0,0,0,0,0,0,0,0
ZTF24aanubwv,1,0,0,0,0,0,0,0,0,0,0
ZTF24aanuttx,0,1,0,1,0,0,1,1,0,1,0
ZTF24aanvbbp,0,1,0,0,1,1,0,1,0,1,0
ZTF24aanviio,1,0,0,0,0,0,0,0,0,0,0
ZTF24aanvjid,0,1,0,0,1,1,0,1,0,1,0
ZTF24aanvssj,0,1,0,0,1,1,0,1,0,1,0
ZTF24aanvten,1,0,0,0,0,0,0,0,0,0,0
ZTF24aanvupu,0,1,0,1,0,1,0,0,1,1,0
ZTF24aanvuqk,0,0,1,1,0,1,0,1,0,1,0
ZTF24aanvxlw,0,1,0,0,1,1,0,1,0,1,0
ZTF24aanxdyg,0,1,0,1,0,0,1,1,0,1,0
ZTF24aanxetq,0,0,1,1,0,1,0,1,0,1,0
ZTF24aanxezz,0,1,0,0,1,1,0,1,0,1,0
ZTF24aanxflr,0,0,1,1,0,1,0,1,0,1,0
ZTF24aanxfzz,0,1,0,1,0,0,1,1,0,1,0
ZTF24aanxyhr,0,1,0,1,0,0,1,1,0,1,0
ZTF24aanyhwz,0,1,0,1,0,1,0,1,0,0,1
ZTF24aanzcuo,1,0,0,0,0,0,0,0,0,0,0
ZTF24aanzdnq,1,0,0,0,0,0,0,0,0,0,0
ZTF24aanzefe,1,0,0,0,0,0,0,0,0,0,0
ZTF24aanzeid,0,1,0,1,0,1,0,1,0,0,1
ZTF24aanzfci,0,1,0,1,0,0,1,1,0,1,0
ZTF24aanzjid,0,1,0,1,0,0,1,1,0,1,0
ZTF24aanzpra,0,1,0,1,0,1,0,1,0,0,1
ZTF24aanzyon,0,0,1,1,0,1,0,1,0,1,0
ZTF24aanzypu,0,1,0,1,0,1,0,0,1,1,0
ZTF24aaoaghn,0,1,0,0,1,1,0,1,0,1,0
ZTF24aaoamoj,0,1,0,1,0,1,0,1,0,0,1
ZTF24aaoaoee,1,0,0,0,0,0,0,0,0,0,0
ZTF24aaoasjl,1,0,0,0,0,0,0,0,0,0,0
ZTF24aaobewb,0,1,0,1,0,1,0,0,1,1,0
ZTF24aaobpwf,0,0,1,1,0,1,0,1,0,1,0
ZTF24aaobxcs,0,1,0,1,0,1,0,1,0,0,1
ZTF24aaocjwt,0,0,1,1,0,1,0,1,0,1,0
ZTF24aaocnkv,0,1,0,1,0,1,0,0,1,1,0
ZTF24aaocoef,0,1,0,1,0,1,0,0,1,1,0
ZTF24aaodato,0,1,0,0,1,1,0,1,0,1,0
ZTF24aaodcjv,1,0,0,0,0,0,0,0,0,0,0
ZTF24aaodngr,0,0,1,1,0,1,0,1,0,1,0
ZTF24aaodyxs,0,1,0,0,1,1,0,1,0,1,0
ZTF24aaodzrs,0,1,0,0,1,1,0,1,0,1,0
ZTF24aaoebqp,0,1,0,0,1,1,0,1,0,1,0
ZTF24aaoekje,0,1,0,1,0,1,0,0,1,1,0
ZTF24aaoemlu,0,1,0,1,0,1,0,0,1,1,0
ZTF24aaoepek,0,1,0,1,0,0,1,1,0,1,0
ZTF24aaoeptg,0,1,0,1,0,0,1,1,0,1,0
ZTF24aaoeqjw,0,0,1,1,0,1,0,1,0,1,0
ZTF24aaoeqnd,0,1,0,1,0,1,0,0,1,1,0
ZTF24aaoeroi,0,1,0,1,0,1,0,0,1,1,0
ZTF24aaoesxn,0,1,0,1,0,0,1,1,0,1,0
ZTF24aaoexqw,0,1,0,0,1,1,0,1,0,1,0
ZTF24aaofbap,0,1,0,0,1,1,0,1,0,1,0
ZTF24aaofibr,0,0,1,1,0,1,0,1,0,1,0
ZTF24aaofpuj,0,1,0,1,0,1,0,0,1,1,0
ZTF24aaofqot,1,0,0,0,0,0,0,0,0,0,0
ZTF24aaofvnv,0,1,0,1,0,1,0,0,1,1,0
ZTF24aaogccw,1,0,0,0,0,0,0,0,0,0,0
ZTF24aaoggcb,0,1,0,0,1,1,0,1,0,1,0
ZTF24aaohhpj,0,1,0,0,1,1,0,1,0,1,0
ZTF24aaoidpy,0,1,0,1,0,1,0,0,1,1,0
ZTF24aaoihda,1,0,0,0,0,0,0,0,0,0,0
ZTF24aaoihlo,1,0,0,0,0,0,0,0,0,0,0
ZTF24aaoikmz,1,0,0,0,0,0,0,0,0,0,0
ZTF24aaoiqbs,0,1,0,1,0,1,0,0,1,1,0
ZTF24aaolqqe,0,1,0,1,0,1,0,1,0,0,1
ZTF24aaomcqk,0,1,0,1,0,1,0,1,0,0,1
ZTF24aaomhvc,0,1,0,1,0,0,1,1,0,1,0
ZTF24aaomijg,0,1,0,1,0,0,1,1,0,1,0
ZTF24aaomloj,0,1,0,1,0,1,0,0,1,1,0
ZTF24aaomrmu,0,1,0,0,1,1,0,1,0,1,0
ZTF24aaomrsa,1,0,0,0,0,0,0,0,0,0,0
ZTF24aaomsan,0,1,0,1,0,0,1,1,0,1,0
ZTF24aaomxlw,0,1,0,0,1,1,0,1,0,1,0
ZTF24aaomzwy,0,0,1,1,0,1,0,1,0,1,0
ZTF24aaoniol,0,1,0,1,0,0,1,1,0,1,0
ZTF24aaonpbv,1,0,0,0,0,0,0,0,0,0,0
ZTF24aaoodsh,0,1,0,0,1,1,0,1,0,1,0
ZTF24aaookme,0,1,0,0,1,1,0,1,0,1,0
ZTF24aaoosca,0,1,0,0,1,1,0,1,0,1,0
ZTF24aaooupg,0,1,0,1,0,1,0,1,0,0,1
ZTF24aaooxfm,0,1,0,1,0,1,0,0,1,1,0
ZTF24aaopcca,0,0,1,1,0,1,0,1,0,1,0
ZTF24aaopngg,1,0,0,0,0,0,0,0,0,0,0
ZTF24aaopnuy,0,1,0,1,0,1,0,1,0,0,1
ZTF24aaoqbsx,0,1,0,1,0,0,1,1,0,1,0
ZTF24aaoqhfe,0,1,0,0,1,1,0,1,0,1,0
ZTF24aaoqram,1,0,0,0,0,0,0,0,0,0,0
ZTF24aaosjfz,0,1,0,1,0,1,0,0,1,1,0
ZTF24aaosjwl,0,1,0,1,0,1,0,1,0,0,1
ZTF24aaoskeh,1,0,0,0,0,0,0,0,0,0,0
ZTF24aaosldd,0,1,0,1,0,0,1,1,0,1,0
ZTF24aaosmwq,0,1,0,1,0,0,1,1,0,1,0
ZTF24aaosqfg,0,1,0,0,1,1,0,1,0,1,0
ZTF24aaosqgf,0,1,0,1,0,0,1,1,0,1,0
ZTF24aaosqqt,1,0,0,0,0,0,0,0,0,0,0
ZTF24aaosqtp,0,1,0,1,0,1,0,0,1,1,0
ZTF24aaosrdt,1,0,0,0,0,0,0,0,0,0,0
ZTF24aaostbr,0,1,0,1,0,0,1,1,0,1,0
ZTF24aaosvzx,0,1,0,1,0,0,1,1,0,1,0
ZTF24aaotkgp,1,0,0,0,0,0,0,0,0,0,0
ZTF24aaotkrh,0,1,0,1,0,1,0,1,0,0,1
ZTF24aaotqjy,0,1,0,1,0,1,0,0,1,1,0
ZTF24aaotrva,0,1,0,1,0,1,0,0,1,1,0
ZTF24aaotzpd,0,1,0,1,0,0,1,1,0,1,0
ZTF24aaoudyz,1,0,0,0,0,0,0,0,0,0,0
ZTF24aaoukon,0,1,0,1,0,0,1,1,0,1,0
ZTF24aaoupol,0,0,1,1,0,1,0,1,0,1,0
ZTF24aaouput,0,0,1,1,0,1,0,1,0,1,0
ZTF24aaouvhf,0,1,0,1,0,0,1,1,0,1,0
ZTF24aaouvvr,0,1,0,1,0,1,0,0,1,1,0
ZTF24aaouvwf,0,1,0,1,0,1,0,1,0,0,1
ZTF24aaouwxo,0,1,0,1,0,1,0,1,0,0,1
ZTF24aaouxbr,0,1,0,1,0,0,1,1,0,1,0
ZTF24aaouxun,0,1,0,0,1,1,0,1,0,1,0
ZTF24aaovbmc,1,0,0,0,0,0,0,0,0,0,0
ZTF24aaovcjw,0,1,0,0,1,1,0,1,0,1,0
ZTF24aaoveut,0,1,0,1,0,0,1,1,0,1,0
ZTF24aaovevk,0,1,0,0,1,1,0,1,0,1,0
ZTF24aaovfxc,1,0,0,0,0,0,0,0,0,0,0
ZTF24aaovhti,0,1,0,0,1,1,0,1,0,1,0
ZTF24aaovhwl,0,1,0,1,0,0,1,1,0,1,0
ZTF24aaoviad,0,0,1,1,0,1,0,1,0,1,0
ZTF24aaovigq,0,1,0,0,1,1,0,1,0,1,0
ZTF24aaovimg,0,0,1,1,0,1,0,1,0,1,0
ZTF24aaovimh,0,1,0,1,0,1,0,1,0,0,1
ZTF24aaoviqs,0,0,1,1,0,1,0,1,0,1,0
ZTF24aaovjfl,0,1,0,1,0,1,0,1,0,0,1
ZTF24aaovktv,0,1,0,1,0,1,0,1,0,0,1
ZTF24aaovmic,1,0,0,0,0,0,0,0,0,0,0
ZTF24aaovndh,0,1,0,1,0,1,0,0,1,1,0
ZTF24aaovndp,1,0,0,0,0,0,0,0,0,0,0
ZTF24aaovnhf,1,0,0,0,0,0,0,0,0,0,0
ZTF24aaovnjb,0,1,0,1,0,1,0,1,0,0,1
ZTF24aaovocy,0,1,0,1,0,1,0,1,0,0,1
ZTF24aaovohi,0,1,0,0,1,1,0,1,0,1,0
ZTF24aaovokk,0,1,0,1,0,1,0,0,1,1,0
ZTF24aaovpcc,0,1,0,1,0,1,0,1,0,0,1
ZTF24aaovpei,0,1,0,1,0,0,1,1,0,1,0
ZTF24aaovqdw,0,0,1,1,0,1,0,1,0,1,0
ZTF24aaovqwx,0,0,1,1,0,1,0,1,0,1,0
ZTF24aaovtpj,0,1,0,1,0,0,1,1,0,1,0
ZTF24aaovtqj,1,0,0,0,0,0,0,0,0,0,0
ZTF24aaovuub,0,1,0,1,0,1,0,0,1,1,0
ZTF24aaovvjo,0,1,0,1,0,1,0,0,1,1,0
ZTF24aaovwgw,0,1,0,1,0,1,0,1,0,0,1
ZTF24aaovxat,0,0,1,1,0,1,0,1,0,1,0
ZTF24aaovyix,1,0,0,0,0,0,0,0,0,0,0
ZTF24aaowaxt,0,1,0,1,0,1,0,1,0,0,1
ZTF24aaowbji,0,1,0,1,0,1,0,0,1,1,0
ZTF24aaowblc,1,0,0,0,0,0,0,0,0,0,0
ZTF24aaowbmw,0,1,0,0,1,1,0,1,0,1,0
ZTF24aaowcgv,0,1,0,1,0,1,0,1,0,0,1
ZTF24aaowcjv,0,1,0,1,0,1,0,0,1,1,0
ZTF24aaowdbj,1,0,0,0,0,0,0,0,0,0,0
ZTF24aaowdnk,0,1,0,1,0,0,1,1,0,1,0
ZTF24aaowelx,0,1,0,1,0,0,1,1,0,1,0
ZTF24aaowiqq,0,1,0,0,1,1,0,1,0,1,0
ZTF24aaowjtm,0,0,1,1,0,1,0,1,0,1,0
ZTF24aaowkjo,0,1,0,1,0,1,0,1,0,0,1
ZTF24aaowqna,1,0,0,0,0,0,0,0,0,0,0
ZTF24aaoxkkp,0,1,0,1,0,0,1,1,0,1,0
ZTF24aaoxmev,0,1,0,0,1,1,0,1,0,1,0
ZTF24aaoxpxs,0,1,0,1,0,1,0,1,0,0,1
ZTF24aaoxsgg,0,1,0,1,0,0,1,1,0,1,0
ZTF24aaoyfpn,0,1,0,1,0,1,0,0,1,1,0
ZTF24aaoyfqi,1,0,0,0,0,0,0,0,0,0,0
ZTF24aaoygvr,1,0,0,0,0,0,0,0,0,0,0
ZTF24aaoymvy,0,0,1,1,0,1,0,1,0,1,0
ZTF24aaoynzu,0,1,0,1,0,1,0,1,0,0,1
ZTF24aaoyomx,0,1,0,1,0,0,1,1,0,1,0
ZTF24aaoywdy,0,0,1,1,0,1,0,1,0,1,0
ZTF24aaoywvm,0,1,0,1,0,0,1,1,0,1,0
ZTF24aaoyxga,0,1,0,1,0,0,1,1,0,1,0
ZTF24aaoyzzi,0,0,1,1,0,1,0,1,0,1,0
ZTF24aaozczu,0,1,0,1,0,1,0,1,0,0,1
ZTF24aaozjpg,0,0,1,1,0,1,0,1,0,1,0
ZTF24aaozqbz,1,0,0,0,0,0,0,0,0,0,0
ZTF24aaoztow,0,1,0,1,0,1,0,1,0,0,1
ZTF24aaoztyr,0,1,0,1,0,0,1,1,0,1,0
ZTF24aaozwsw,0,1,0,1,0,1,0,0,1,1,0
ZTF24aaozxhx,0,1,0,0,1,1,0,1,0,1,0
ZTF24aapabru,0,1,0,1,0,1,0,0,1,1,0
ZTF24aapacad,0,0,1,1,0,1,0,1,0,1,0
ZTF24aapacjm,0,1,0,1,0,1,0,0,1,1,0
ZTF24aapadbb,0,1,0,1,0,1,0,1,0,0,1
ZTF24aapafck,0,0,1,1,0,1,0,1,0,1,0
ZTF24aapafjt,0,1,0,1,0,1,0,1,0,0,1
ZTF24aapajlj,0,1,0,1,0,1,0,1,0,0,1
ZTF24aapalwa,1,0,0,0,0,0,0,0,0,0,0
ZTF24aapanae,1,0,0,0,0,0,0,0,0,0,0
ZTF24aapaokv,1,0,0,0,0,0,0,0,0,0,0
ZTF24aapbpoz,0,1,0,1,0,1,0,0,1,1,0
ZTF24aapbtpw,1,0,0,0,0,0,0,0,0,0,0
ZTF24aapciba,0,0,1,1,0,1,0,1,0,1,0
ZTF24aapckni,0,1,0,1,0,1,0,0,1,1,0
ZTF24aapckvt,0,1,0,1,0,1,0,1,0,0,1
ZTF24aapcudz,0,0,1,1,0,1,0,1,0,1,0
ZTF24aapdlwr,0,1,0,1,0,0,1,1,0,1,0
ZTF24aapdqfh,0,1,0,1,0,1,0,1,0,0,1
ZTF24aapdqtv,1,0,0,0,0,0,0,0,0,0,0
ZTF24aapdret,0,1,0,1,0,1,0,0,1,1,0
ZTF24aapdtli,0,1,0,1,0,1,0,0,1,1,0
ZTF24aapdtys,0,1,0,1,0,1,0,1,0,0,1
ZTF24aapdztw,0,0,1,1,0,1,0,1,0,1,0
ZTF24aapeblm,1,0,0,0,0,0,0,0,0,0,0
ZTF24aapebzb,0,1,0,1,0,1,0,0,1,1,0
ZTF24aapedby,1,0,0,0,0,0,0,0,0,0,0
ZTF24aapenbt,0,0,1,1,0,1,0,1,0,1,0
ZTF24aapensl,0,1,0,1,0,1,0,1,0,0,1
ZTF24aapeocy,0,0,1,1,0,1,0,1,0,1,0
ZTF24aapeoli,0,1,0,1,0,1,0,1,0,0,1
ZTF24aapeooe,0,1,0,1,0,0,1,1,0,1,0
ZTF24aapestg,0,1,0,1,0,0,1,1,0,1,0
ZTF24aapeuut,0,0,1,1,0,1,0,1,0,1,0
ZTF24aapeuwj,0,1,0,1,0,0,1,1,0,1,0
ZTF24aapeuyd,0,1,0,0,1,1,0,1,0,1,0
ZTF24aapevgu,0,1,0,1,0,1,0,1,0,0,1
ZTF24aapewmr,1,0,0,0,0,0,0,0,0,0,0
ZTF24aapewnr,0,1,0,0,1,1,0,1,0,1,0
ZTF24aapewrp,1,0,0,0,0,0,0,0,0,0,0
ZTF24aapexhw,0,1,0,1,0,1,0,1,0,0,1
ZTF24aapexwt,0,0,1,1,0,1,0,1,0,1,0
ZTF24aapfalr,1,0,0,0,0,0,0,0,0,0,0
ZTF24aapfcas,0,1,0,0,1,1,0,1,0,1,0
ZTF24aapfcbo,0,0,1,1,0,1,0,1,0,1,0
ZTF24aapfcwz,0,0,1,1,0,1,0,1,0,1,0
ZTF24aapfecu,1,0,0,0,0,0,0,0,0,0,0
ZTF24aapffzm,0,0,1,1,0,1,0,1,0,1,0
ZTF24aapfhen,0,1,0,0,1,1,0,1,0,1,0
ZTF24aapfhtt,0,1,0,0,1,1,0,1,0,1,0
ZTF24aapfhxo,0,0,1,1,0,1,0,1,0,1,0
ZTF24aapfitu,0,1,0,1,0,0,1,1,0,1,0
ZTF24aapflld,0,1,0,1,0,1,0,1,0,0,1
ZTF24aapflot,0,1,0,1,0,1,0,1,0,0,1
ZTF24aapflrm,0,1,0,1,0,0,1,1,0,1,0
ZTF24aapfvsk,0,1,0,1,0,1,0,1,0,0,1
ZTF24aapgukh,0,1,0,1,0,1,0,1,0,0,1
ZTF24aapgxir,1,0,0,0,0,0,0,0,0,0,0
ZTF24aaphlby,1,0,0,0,0,0,0,0,0,0,0
ZTF24aaphldk,0,0,1,1,0,1,0,1,0,1,0
ZTF24aaphmlk,0,1,0,1,0,1,0,0,1,1,0
ZTF24aaphvnb,0,1,0,0,1,1,0,1,0,1,0
ZTF24aaphxhz,1,0,0,0,0,0,0,0,0,0,0
ZTF24aapihyl,0,1,0,1,0,0,1,1,0,1,0
ZTF24aapiqap,0,1,0,0,1,1,0,1,0,1,0
ZTF24aapjara,0,1,0,1,0,1,0,0,1,1,0
ZTF24aapjeqa,1,0,0,0,0,0,0,0,0,0,0
ZTF24aapjeyg,0,1,0,1,0,1,0,0,1,1,0
ZTF24aapjgzo,0,1,0,1,0,1,0,1,0,0,1
ZTF24aapjkfl,1,0,0,0,0,0,0,0,0,0,0
ZTF24aapkcfm,0,1,0,1,0,1,0,0,1,1,0
ZTF24aapklfe,0,1,0,0,1,1,0,1,0,1,0
ZTF24aapkvxg,1,0,0,0,0,0,0,0,0,0,0
ZTF24aaplfkj,0,1,0,1,0,1,0,1,0,0,1
ZTF24aaplgce,1,0,0,0,0,0,0,0,0,0,0
ZTF24aapoins,1,0,0,0,0,0,0,0,0,0,0
ZTF24aapowpf,1,0,0,0,0,0,0,0,0,0,0
ZTF24aapoxni,1,0,0,0,0,0,0,0,0,0,0
ZTF24aappels,0,0,1,1,0,1,0,1,0,1,0
ZTF24aapphpg,0,0,1,1,0,1,0,1,0,1,0
ZTF24aappiba,0,1,0,1,0,1,0,1,0,0,1
ZTF24aappidh,0,0,1,1,0,1,0,1,0,1,0
ZTF24aappiqs,0,1,0,1,0,1,0,0,1,1,0
ZTF24aappmtt,0,0,1,1,0,1,0,1,0,1,0
ZTF24aappsmi,0,1,0,0,1,1,0,1,0,1,0
ZTF24aappuas,0,1,0,1,0,0,1,1,0,1,0
ZTF24aappvbt,0,1,0,1,0,0,1,1,0,1,0
ZTF24aappyic,1,0,0,0,0,0,0,0,0,0,0
ZTF24aapqmag,0,1,0,1,0,1,0,0,1,1,0
ZTF24aapqsca,0,1,0,1,0,0,1,1,0,1,0
ZTF24aapqwzu,1,0,0,0,0,0,0,0,0,0,0
ZTF24aaprcqv,1,0,0,0,0,0,0,0,0,0,0
ZTF24aaprdke,1,0,0,0,0,0,0,0,0,0,0
ZTF24aapreur,0,0,1,1,0,1,0,1,0,1,0
ZTF24aaprhbl,0,1,0,0,1,1,0,1,0,1,0
ZTF24aaprioa,0,1,0,1,0,1,0,0,1,1,0
ZTF24aaprkyz,0,1,0,1,0,0,1,1,0,1,0
ZTF24aaprmqh,0,1,0,1,0,0,1,1,0,1,0
ZTF24aaprrcw,0,1,0,0,1,1,0,1,0,1,0
ZTF24aaprtht,0,1,0,1,0,0,1,1,0,1,0
ZTF24aapsadt,0,1,0,1,0,0,1,1,0,1,0
ZTF24aaptfnu,0,1,0,1,0,0,1,1,0,1,0
ZTF24aaptivw,1,0,0,0,0,0,0,0,0,0,0
ZTF24aaptjno,0,1,0,1,0,0,1,1,0,1,0
ZTF24aaptkmh,1,0,0,0,0,0,0,0,0,0,0
ZTF24aaptkmi,0,1,0,0,1,1,0,1,0,1,0
ZTF24aapuxre,1,0,0,0,0,0,0,0,0,0,0
ZTF24aapuyvy,1,0,0,0,0,0,0,0,0,0,0
ZTF24aapuzcc,0,1,0,0,1,1,0,1,0,1,0
ZTF24aapuzqy,0,1,0,1,0,0,1,1,0,1,0
ZTF24aapvana,0,1,0,1,0,1,0,0,1,1,0
ZTF24aapvbas,0,1,0,1,0,1,0,0,1,1,0
ZTF24aapvefr,0,1,0,1,0,1,0,1,0,0,1
ZTF24aapvelg,0,1,0,1,0,0,1,1,0,1,0
ZTF24aapvhnq,0,1,0,1,0,1,0,0,1,1,0
ZTF24aapvieu,0,1,0,0,1,1,0,1,0,1,0
ZTF24aapvimc,0,1,0,0,1,1,0,1,0,1,0
ZTF24aapvozi,1,0,0,0,0,0,0,0,0,0,0
ZTF24aapvpcp,0,1,0,1,0,1,0,1,0,0,1
ZTF24aapvwpn,0,1,0,1,0,0,1,1,0,1,0
ZTF24aapvwwc,0,0,1,1,0,1,0,1,0,1,0
ZTF24aapwajj,0,1,0,1,0,1,0,0,1,1,0
ZTF24aapwcgc,0,1,0,0,1,1,0,1,0,1,0
ZTF24aapwebs,1,0,0,0,0,0,0,0,0,0,0
ZTF24aapwjli,0,1,0,1,0,0,1,1,0,1,0
ZTF24aapwkmm,0,1,0,1,0,1,0,0,1,1,0
ZTF24aapwmqc,0,1,0,1,0,1,0,1,0,0,1
ZTF24aapwpjn,1,0,0,0,0,0,0,0,0,0,0
ZTF24aapwqsj,0,0,1,1,0,1,0,1,0,1,0
ZTF24aapwrfb,0,1,0,1,0,1,0,0,1,1,0
ZTF24aapwucw,0,1,0,1,0,0,1,1,0,1,0
ZTF24aapwxdw,1,0,0,0,0,0,0,0,0,0,0
ZTF24aapwxyw,1,0,0,0,0,0,0,0,0,0,0
ZTF24aapwzeq,1,0,0,0,0,0,0,0,0,0,0
ZTF24aapxjig,0,0,1,1,0,1,0,1,0,1,0
ZTF24aapxjle,0,1,0,1,0,1,0,0,1,1,0
ZTF24aapyivn,0,0,1,1,0,1,0,1,0,1,0
ZTF24aapyxzn,0,1,0,0,1,1,0,1,0,1,0
ZTF24aapzhau,0,1,0,1,0,0,1,1,0,1,0
ZTF24aapzibu,1,0,0,0,0,0,0,0,0,0,0
ZTF24aapziin,0,1,0,0,1,1,0,1,0,1,0
ZTF24aapzirf,0,0,1,1,0,1,0,1,0,1,0
ZTF24aapziux,1,0,0,0,0,0,0,0,0,0,0
ZTF24aapziyd,0,1,0,1,0,1,0,1,0,0,1
ZTF24aapzode,1,0,0,0,0,0,0,0,0,0,0
ZTF24aapzoix,0,1,0,1,0,1,0,1,0,0,1
ZTF24aapzosc,0,0,1,1,0,1,0,1,0,1,0
ZTF24aapzxna,0,1,0,1,0,1,0,0,1,1,0
ZTF24aapzzna,0,1,0,1,0,0,1,1,0,1,0
ZTF24aaqactp,1,0,0,0,0,0,0,0,0,0,0
ZTF24aaqaeby,0,1,0,0,1,1,0,1,0,1,0
ZTF24aaqaedj,0,1,0,1,0,1,0,1,0,0,1
ZTF24aaqbavg,0,1,0,0,1,1,0,1,0,1,0
ZTF24aaqbhex,0,1,0,1,0,0,1,1,0,1,0
ZTF24aaqbtsh,0,1,0,1,0,1,0,0,1,1,0
ZTF24aaqbuew,1,0,0,0,0,0,0,0,0,0,0
ZTF24aaqbzgj,0,1,0,1,0,1,0,1,0,0,1
ZTF24aaqcgny,0,1,0,1,0,1,0,0,1,1,0
ZTF24aaqcgyq,0,0,1,1,0,1,0,1,0,1,0
ZTF24aaqcrdh,1,0,0,0,0,0,0,0,0,0,0
ZTF24aaqcycs,0,0,1,1,0,1,0,1,0,1,0
ZTF24aaqcyga,1,0,0,0,0,0,0,0,0,0,0
ZTF24aaqczmb,0,1,0,1,0,0,1,1,0,1,0
ZTF24aaqdfsz,0,1,0,1,0,1,0,1,0,0,1
ZTF24aaqdgoq,0,1,0,1,0,0,1,1,0,1,0
ZTF24aaqdihg,0,0,1,1,0,1,0,1,0,1,0
ZTF24aaqdsdm,0,1,0,1,0,1,0,0,1,1,0
ZTF24aaqeggn,1,0,0,0,0,0,0,0,0,0,0
ZTF24aaqegmv,0,1,0,1,0,0,1,1,0,1,0
ZTF24aaqekif,1,0,0,0,0,0,0,0,0,0,0
ZTF24aaqfkpd,0,1,0,0,1,1,0,1,0,1,0
ZTF24aaqgdpu,0,0,1,1,0,1,0,1,0,1,0
ZTF24aaqgfrp,0,1,0,0,1,1,0,1,0,1,0
ZTF24aaqgjgr,0,0,1,1,0,1,0,1,0,1,0
ZTF24aaqiqpw,0,1,0,1,0,1,0,0,1,1,0
ZTF24aaqixox,1,0,0,0,0,0,0,0,0,0,0
ZTF24aaqixsx,0,0,1,1,0,1,0,1,0,1,0
ZTF24aaqiylh,0,1,0,1,0,1,0,1,0,0,1
ZTF24aaqjjer,1,0,0,0,0,0,0,0,0,0,0
ZTF24aaqjqrf,1,0,0,0,0,0,0,0,0,0,0
ZTF24aaqjtzh,0,1,0,0,1,1,0,1,0,1,0
ZTF24aaqklzm,0,1,0,1,0,1,0,1,0,0,1
ZTF24aaqkvyl,0,1,0,1,0,0,1,1,0,1,0
ZTF24aaqkwby,0,1,0,0,1,1,0,1,0,1,0
ZTF24aaqkyns,0,1,0,0,1,1,0,1,0,1,0
ZTF24aaqmdcs,1,0,0,0,0,0,0,0,0,0,0
ZTF24aaqmeyl,1,0,0,0,0,0,0,0,0,0,0
ZTF24aaqnqyb,0,1,0,1,0,1,0,1,0,0,1
ZTF24aaqnqze,0,1,0,1,0,0,1,1,0,1,0
ZTF24aaqnrpp,1,0,0,0,0,0,0,0,0,0,0
ZTF24aaqnszf,1,0,0,0,0,0,0,0,0,0,0
ZTF24aaqntfq,0,1,0,1,0,1,0,1,0,0,1
ZTF24aaqnttd,0,0,1,1,0,1,0,1,0,1,0
ZTF24aaqnvum,0,1,0,1,0,1,0,1,0,0,1
ZTF24aaqobbm,0,1,0,1,0,1,0,1,0,0,1
ZTF24aaqoezn,0,1,0,1,0,1,0,0,1,1,0
ZTF24aaqogsa,0,0,1,1,0,1,0,1,0,1,0
ZTF24aaqoiuu,0,1,0,0,1,1,0,1,0,1,0
ZTF24aaqowjr,0,1,0,1,0,0,1,1,0,1,0
ZTF24aaqpafv,0,1,0,1,0,0,1,1,0,1,0
ZTF24aaqpidm,0,1,0,1,0,1,0,1,0,0,1
ZTF24aaqpnac,0,1,0,1,0,1,0,1,0,0,1
ZTF24aaqpvnm,1,0,0,0,0,0,0,0,0,0,0
ZTF24aaqpwmu,1,0,0,0,0,0,0,0,0,0,0
ZTF24aaqpxiu,0,1,0,1,0,1,0,1,0,0,1
ZTF24aaqrkqa,0,1,0,1,0,1,0,0,1,1,0
ZTF24aaqseim,1,0,0,0,0,0,0,0,0,0,0
ZTF24aaqstac,1,0,0,0,0,0,0,0,0,0,0
ZTF24aaqtlyx,0,1,0,1,0,1,0,0,1,1,0
ZTF24aaqtode,1,0,0,0,0,0,0,0,0,0,0
ZTF24aaqtxkw,0,1,0,1,0,0,1,1,0,1,0
ZTF24aaqtzho,0,1,0,1,0,0,1,1,0,1,0
ZTF24aaqubvf,0,1,0,1,0,1,0,0,1,1,0
ZTF24aaqucwn,0,1,0,1,0,1,0,0,1,1,0
ZTF24aaquegq,1,0,0,0,0,0,0,0,0,0,0
ZTF24aaqugdz,0,1,0,1,0,0,1,1,0,1,0
ZTF24aaqugzv,1,0,0,0,0,0,0,0,0,0,0
ZTF24aaquixl,0,1,0,0,1,1,0,1,0,1,0
ZTF24aaqvnez,0,1,0,1,0,0,1,1,0,1,0
ZTF24aaqvpcl,0,1,0,0,1,1,0,1,0,1,0
ZTF24aaqvqlp,1,0,0,0,0,0,0,0,0,0,0
ZTF24aaqvqng,0,1,0,1,0,1,0,0,1,1,0
ZTF24aaqvwdf,0,1,0,1,0,0,1,1,0,1,0
ZTF24aaqwomt,0,1,0,1,0,1,0,0,1,1,0
ZTF24aaqwqet,0,1,0,0,1,1,0,1,0,1,0
ZTF24aaqxali,0,1,0,0,1,1,0,1,0,1,0
ZTF24aaqxaoz,1,0,0,0,0,0,0,0,0,0,0
ZTF24aaqxcpz,0,1,0,1,0,1,0,1,0,0,1
ZTF24aaqxcsr,1,0,0,0,0,0,0,0,0,0,0
ZTF24aaqxeuo,0,1,0,0,1,1,0,1,0,1,0
ZTF24aaqxfdw,1,0,0,0,0,0,0,0,0,0,0
ZTF24aaqxijg,0,1,0,0,1,1,0,1,0,1,0
ZTF24aaqxjcq,0,1,0,1,0,0,1,1,0,1,0
ZTF24aaqxjiu,0,1,0,0,1,1,0,1,0,1,0
ZTF24aaqxkuz,0,1,0,1,0,0,1,1,0,1,0
ZTF24aaqxkvr,0,1,0,1,0,1,0,0,1,1,0
ZTF24aaqxnui,0,1,0,1,0,1,0,1,0,0,1
ZTF24aaqxwvt,0,1,0,1,0,1,0,1,0,0,1
ZTF24aaqyenl,0,1,0,0,1,1,0,1,0,1,0
ZTF24aaqyypf,0,1,0,1,0,1,0,0,1,1,0
ZTF24aaqyzmv,0,1,0,0,1,1,0,1,0,1,0
ZTF24aaqzhhk,0,1,0,1,0,0,1,1,0,1,0
ZTF24aaqzkpr,0,1,0,0,1,1,0,1,0,1,0
ZTF24aaqzkzx,0,1,0,0,1,1,0,1,0,1,0
ZTF24aaqzmxj,0,0,1,1,0,1,0,1,0,1,0
ZTF24aaqzpcv,0,1,0,1,0,1,0,1,0,0,1
ZTF24aaqzpke,0,1,0,0,1,1,0,1,0,1,0
ZTF24aaqzpsb,1,0,0,0,0,0,0,0,0,0,0
ZTF24aaqzwso,0,1,0,1,0,0,1,1,0,1,0
ZTF24aaqzxyu,0,0,1,1,0,1,0,1,0,1,0
ZTF24aaqzycc,0,1,0,1,0,1,0,1,0,0,1
ZTF24aarafaw,0,1,0,1,0,1,0,1,0,0,1
ZTF24aaragna,0,1,0,1,0,0,1,1,0,1,0
ZTF24aarajmv,0,1,0,1,0,0,1,1,0,1,0
ZTF24aarajvc,0,1,0,1,0,1,0,1,0,0,1
ZTF24aarajyp,0,0,1,1,0,1,0,1,0,1,0
ZTF24aarbdll,0,1,0,1,0,1,0,1,0,0,1
ZTF24aarbequ,1,0,0,0,0,0,0,0,0,0,0
ZTF24aarbgtp,1,0,0,0,0,0,0,0,0,0,0
ZTF24aarbhiu,0,1,0,1,0,1,0,1,0,0,1
ZTF24aarbsdi,0,1,0,1,0,1,0,0,1,1,0
ZTF24aarbtar,1,0,0,0,0,0,0,0,0,0,0
ZTF24aarcdqo,0,1,0,0,1,1,0,1,0,1,0
ZTF24aardahz,0,1,0,1,0,1,0,0,1,1,0
ZTF24aardazo,0,1,0,1,0,1,0,0,1,1,0
ZTF24aardggz,1,0,0,0,0,0,0,0,0,0,0
ZTF24aardmeg,0,1,0,0,1,1,0,1,0,1,0
ZTF24aardmib,0,0,1,1,0,1,0,1,0,1,0
ZTF24aarecvo,0,1,0,1,0,1,0,0,1,1,0
ZTF24aareiqy,0,1,0,1,0,1,0,0,1,1,0
ZTF24aarfccy,0,1,0,1,0,0,1,1,0,1,0
ZTF24aarfjbb,0,0,1,1,0,1,0,1,0,1,0
ZTF24aargaif,0,1,0,1,0,0,1,1,0,1,0
ZTF24aargamg,0,0,1,1,0,1,0,1,0,1,0
ZTF24aargjpt,0,1,0,0,1,1,0,1,0,1,0
ZTF24aargoer,1,0,0,0,0,0,0,0,0,0,0
ZTF24aarjcvm,0,1,0,1,0,0,1,1,0,1,0
ZTF24aarjirz,0,1,0,1,0,1,0,1,0,0,1
ZTF24aarjrkl,0,1,0,1,0,1,0,1,0,0,1
ZTF24aarjrza,0,1,0,1,0,1,0,1,0,0,1
ZTF24aarjtni,0,1,0,1,0,0,1,1,0,1,0
ZTF24aarkfbu,0,0,1,1,0,1,0,1,0,1,0
ZTF24aarkrxi,0,1,0,1,0,1,0,0,1,1,0
ZTF24aarktae,0,1,0,1,0,1,0,0,1,1,0
ZTF24aarmsgp,0,0,1,1,0,1,0,1,0,1,0
ZTF24aarmyqx,0,1,0,1,0,0,1,1,0,1,0
ZTF24aarndoh,0,1,0,1,0,1,0,1,0,0,1
ZTF24aarnlnz,0,1,0,1,0,1,0,0,1,1,0
ZTF24aaronqk,0,1,0,1,0,1,0,1,0,0,1
ZTF24aarorkm,0,1,0,1,0,0,1,1,0,1,0
ZTF24aarotwf,0,1,0,1,0,1,0,0,1,1,0
ZTF24aarpfty,0,1,0,1,0,1,0,0,1,1,0
ZTF24aarpnnb,0,1,0,0,1,1,0,1,0,1,0
ZTF24aarpqjv,0,1,0,1,0,0,1,1,0,1,0
ZTF24aarptla,0,1,0,1,0,0,1,1,0,1,0
ZTF24aarpvyv,1,0,0,0,0,0,0,0,0,0,0
ZTF24aarpzmz,0,1,0,1,0,1,0,1,0,0,1
ZTF24aarqmlc,0,1,0,1,0,0,1,1,0,1,0
ZTF24aarqqhy,0,1,0,1,0,1,0,1,0,0,1
ZTF24aarqrkn,0,1,0,1,0,1,0,1,0,0,1
ZTF24aarrkmj,0,1,0,0,1,1,0,1,0,1,0
ZTF24aarrmvi,0,1,0,1,0,0,1,1,0,1,0
ZTF24aarrqlu,0,1,0,1,0,1,0,0,1,1,0
ZTF24aarrrkf,0,0,1,1,0,1,0,1,0,1,0
ZTF24aarrxiy,0,1,0,1,0,1,0,1,0,0,1
ZTF24aarrxpw,0,1,0,1,0,0,1,1,0,1,0
ZTF24aarsiur,0,0,1,1,0,1,0,1,0,1,0
ZTF24aartqxb,0,0,1,1,0,1,0,1,0,1,0
ZTF24aartuoc,0,1,0,1,0,0,1,1,0,1,0
ZTF24aaruczl,0,1,0,1,0,1,0,0,1,1,0
ZTF24aarujdy,0,1,0,1,0,1,0,0,1,1,0
ZTF24aarumtk,0,1,0,0,1,1,0,1,0,1,0
ZTF24aarunsw,0,1,0,1,0,0,1,1,0,1,0
ZTF24aaruybh,1,0,0,0,0,0,0,0,0,0,0
ZTF24aarvbxj,0,1,0,1,0,1,0,0,1,1,0
ZTF24aarvddm,0,1,0,1,0,1,0,1,0,0,1
ZTF24aarvdea,0,1,0,0,1,1,0,1,0,1,0
ZTF24aarvgge,0,1,0,1,0,1,0,0,1,1,0
ZTF24aarvhfv,1,0,0,0,0,0,0,0,0,0,0
ZTF24aarviqn,0,0,1,1,0,1,0,1,0,1,0
ZTF24aarvrgb,0,1,0,0,1,1,0,1,0,1,0
ZTF24aarvruf,0,1,0,0,1,1,0,1,0,1,0
ZTF24aarvrvi,0,1,0,1,0,1,0,1,0,0,1
ZTF24aarvwvr,0,1,0,0,1,1,0,1,0,1,0
ZTF24aarwbca,0,1,0,1,0,1,0,0,1,1,0
ZTF24aarwcla,0,1,0,1,0,1,0,0,1,1,0
ZTF24aarwdwz,0,1,0,1,0,0,1,1,0,1,0
ZTF24aarweix,0,1,0,1,0,0,1,1,0,1,0
ZTF24aarwldc,0,0,1,1,0,1,0,1,0,1,0
ZTF24aarwzus,1,0,0,0,0,0,0,0,0,0,0
ZTF24aarxcme,0,1,0,1,0,1,0,1,0,0,1
ZTF24aarxinn,0,1,0,1,0,0,1,1,0,1,0
ZTF24aarxirq,0,1,0,1,0,0,1,1,0,1,0
ZTF24aarxmkt,0,1,0,0,1,1,0,1,0,1,0
ZTF24aarxpcb,1,0,0,0,0,0,0,0,0,0,0
ZTF24aarxqyn,1,0,0,0,0,0,0,0,0,0,0
ZTF24aarxszi,1,0,0,0,0,0,0,0,0,0,0
ZTF24aarxwyd,1,0,0,0,0,0,0,0,0,0,0
ZTF24aarxxmm,0,0,1,1,0,1,0,1,0,1,0
ZTF24aarxybq,0,1,0,1,0,1,0,1,0,0,1
ZTF24aarybtv,1,0,0,0,0,0,0,0,0,0,0
ZTF24aarycxo,1,0,0,0,0,0,0,0,0,0,0
ZTF24aarymts,0,1,0,1,0,1,0,0,1,1,0
ZTF24aarywny,0,0,1,1,0,1,0,1,0,1,0
ZTF24aasaljy,0,1,0,1,0,1,0,1,0,0,1
ZTF24aasaqtr,0,1,0,1,0,1,0,1,0,0,1
ZTF24aasbleh,1,0,0,0,0,0,0,0,0,0,0
ZTF24aasblxj,0,1,0,0,1,1,0,1,0,1,0
ZTF24aasbosm,0,0,1,1,0,1,0,1,0,1,0
ZTF24aasbplk,0,0,1,1,0,1,0,1,0,1,0
ZTF24aasbqph,0,0,1,1,0,1,0,1,0,1,0
ZTF24aasbskm,1,0,0,0,0,0,0,0,0,0,0
ZTF24aasbssc,1,0,0,0,0,0,0,0,0,0,0
ZTF24aasbtjr,0,1,0,1,0,0,1,1,0,1,0
ZTF24aascngq,1,0,0,0,0,0,0,0,0,0,0
ZTF24aascoqo,1,0,0,0,0,0,0,0,0,0,0
ZTF24aascpbx,0,1,0,1,0,1,0,0,1,1,0
ZTF24aascytf,1,0,0,0,0,0,0,0,0,0,0
ZTF24aasdtkt,1,0,0,0,0,0,0,0,0,0,0
ZTF24aasegiw,0,1,0,1,0,1,0,0,1,1,0
ZTF24aasejrd,0,0,1,1,0,1,0,1,0,1,0
ZTF24aaserll,1,0,0,0,0,0,0,0,0,0,0
ZTF24aaseunp,1,0,0,0,0,0,0,0,0,0,0
ZTF24aasezgl,0,1,0,1,0,1,0,0,1,1,0
ZTF24aasfedj,0,1,0,0,1,1,0,1,0,1,0
ZTF24aasfepq,1,0,0,0,0,0,0,0,0,0,0
ZTF24aasffad,1,0,0,0,0,0,0,0,0,0,0
ZTF24aasfhzh,1,0,0,0,0,0,0,0,0,0,0
ZTF24aasfpum,0,1,0,1,0,1,0,1,0,0,1
ZTF24aasfuod,1,0,0,0,0,0,0,0,0,0,0
ZTF24aasfutg,0,1,0,1,0,1,0,1,0,0,1
ZTF24aasgaac,0,1,0,1,0,0,1,1,0,1,0
ZTF24aasgohq,0,1,0,0,1,1,0,1,0,1,0
ZTF24aashapy,1,0,0,0,0,0,0,0,0,0,0
ZTF24aashinc,0,1,0,1,0,0,1,1,0,1,0
ZTF24aashjbm,1,0,0,0,0,0,0,0,0,0,0
ZTF24aashkzh,1,0,0,0,0,0,0,0,0,0,0
ZTF24aashlqp,1,0,0,0,0,0,0,0,0,0,0
ZTF24aashwcc,0,1,0,1,0,0,1,1,0,1,0
ZTF24aashxbg,0,1,0,0,1,1,0,1,0,1,0
ZTF24aasifyn,0,1,0,0,1,1,0,1,0,1,0
ZTF24aasiien,0,1,0,1,0,1,0,0,1,1,0
ZTF24aasikhh,0,1,0,0,1,1,0,1,0,1,0
ZTF24aasimlu,0,1,0,1,0,0,1,1,0,1,0
ZTF24aasimut,1,0,0,0,0,0,0,0,0,0,0
ZTF24aasimvj,0,1,0,0,1,1,0,1,0,1,0
ZTF24aasioua,0,0,1,1,0,1,0,1,0,1,0
ZTF24aasjpxb,0,1,0,1,0,1,0,0,1,1,0
ZTF24aasjvaj,0,1,0,0,1,1,0,1,0,1,0
ZTF24aasjwgy,0,1,0,1,0,1,0,1,0,0,1
ZTF24aasjzkt,0,0,1,1,0,1,0,1,0,1,0
ZTF24aaskhrq,0,1,0,1,0,1,0,1,0,0,1
ZTF24aaskjim,1,0,0,0,0,0,0,0,0,0,0
ZTF24aaskklu,0,1,0,1,0,1,0,1,0,0,1
ZTF24aasktkt,0,1,0,1,0,1,0,1,0,0,1
ZTF24aasktmr,1,0,0,0,0,0,0,0,0,0,0
ZTF24aaslvce,0,1,0,1,0,0,1,1,0,1,0
ZTF24aasmghi,0,1,0,0,1,1,0,1,0,1,0
ZTF24aasmhtc,0,0,1,1,0,1,0,1,0,1,0
ZTF24aasmifj,0,1,0,1,0,0,1,1,0,1,0
ZTF24aasmvus,0,1,0,1,0,1,0,1,0,0,1
ZTF24aasmygp,0,0,1,1,0,1,0,1,0,1,0
ZTF24aasmyhs,0,0,1,1,0,1,0,1,0,1,0
ZTF24aasnahj,0,1,0,1,0,1,0,1,0,0,1
ZTF24aasnahv,0,1,0,1,0,1,0,0,1,1,0
ZTF24aasndwd,0,1,0,1,0,1,0,1,0,0,1
ZTF24aasnhqj,1,0,0,0,0,0,0,0,0,0,0
ZTF24aasnhtv,0,1,0,1,0,1,0,1,0,0,1
ZTF24aasntvs,0,1,0,1,0,1,0,0,1,1,0
ZTF24aasnxuf,0,1,0,1,0,1,0,1,0,0,1
ZTF24aasojjk,0,1,0,1,0,0,1,1,0,1,0
ZTF24aasokij,0,1,0,1,0,1,0,0,1,1,0
ZTF24aaspbdl,0,1,0,0,1,1,0,1,0,1,0
ZTF24aaspwim,0,1,0,1,0,1,0,1,0,0,1
ZTF24aasqdgk,0,1,0,1,0,1,0,0,1,1,0
ZTF24aasqeih,0,1,0,1,0,1,0,0,1,1,0
ZTF24aasrdow,0,1,0,1,0,1,0,1,0,0,1
ZTF24aasrexe,1,0,0,0,0,0,0,0,0,0,0
ZTF24aasrfth,0,1,0,1,0,0,1,1,0,1,0
ZTF24aasrgeg,1,0,0,0,0,0,0,0,0,0,0
ZTF24aasrgpz,0,1,0,1,0,1,0,0,1,1,0
ZTF24aasrhbc,0,0,1,1,0,1,0,1,0,1,0
ZTF24aasrhdc,1,0,0,0,0,0,0,0,0,0,0
ZTF24aasrqaf,0,1,0,1,0,0,1,1,0,1,0
ZTF24aasuurr,1,0,0,0,0,0,0,0,0,0,0
ZTF24aasuuxj,0,0,1,1,0,1,0,1,0,1,0
ZTF24aasuvrp,0,0,1,1,0,1,0,1,0,1,0
ZTF24aasvdze,0,0,1,1,0,1,0,1,0,1,0
ZTF24aasvedl,1,0,0,0,0,0,0,0,0,0,0
ZTF24aasvnnj,0,1,0,0,1,1,0,1,0,1,0
ZTF24aaswzot,0,0,1,1,0,1,0,1,0,1,0
ZTF24aasxiqu,0,1,0,0,1,1,0,1,0,1,0
ZTF24aasxjbb,0,1,0,1,0,0,1,1,0,1,0
ZTF24aasyngr,0,1,0,1,0,1,0,1,0,0,1
ZTF24aaszxtd,0,1,0,1,0,1,0,0,1,1,0
ZTF24aataehc,0,1,0,0,1,1,0,1,0,1,0
ZTF24aatakmz,0,0,1,1,0,1,0,1,0,1,0
ZTF24aataxft,0,1,0,1,0,0,1,1,0,1,0
ZTF24aatazjv,0,1,0,1,0,0,1,1,0,1,0
ZTF24aatbcnt,0,1,0,1,0,0,1,1,0,1,0
ZTF24aatbdvq,0,0,1,1,0,1,0,1,0,1,0
ZTF24aatbkoi,0,0,1,1,0,1,0,1,0,1,0
ZTF24aatblos,0,1,0,0,1,1,0,1,0,1,0
ZTF24aatbnzj,0,1,0,0,1,1,0,1,0,1,0
ZTF24aatbrat,0,1,0,1,0,1,0,0,1,1,0
ZTF24aatbucf,0,1,0,1,0,1,0,0,1,1,0
ZTF24aatbwnq,0,1,0,0,1,1,0,1,0,1,0
ZTF24aatbzmv,0,1,0,1,0,0,1,1,0,1,0
ZTF24aatcenz,0,0,1,1,0,1,0,1,0,1,0
ZTF24aatchag,0,1,0,0,1,1,0,1,0,1,0
ZTF24aatchko,1,0,0,0,0,0,0,0,0,0,0
ZTF24aatchxo,0,1,0,1,0,1,0,1,0,0,1
ZTF24aatcifa,0,1,0,0,1,1,0,1,0,1,0
ZTF24aatcjxq,0,0,1,1,0,1,0,1,0,1,0
ZTF24aatcowf,1,0,0,0,0,0,0,0,0,0,0
ZTF24aatcqgl,0,1,0,1,0,1,0,1,0,0,1
ZTF24aatdhqs,0,1,0,1,0,0,1,1,0,1,0
ZTF24aatdicx,0,1,0,1,0,1,0,0,1,1,0
ZTF24aatdjqu,0,0,1,1,0,1,0,1,0,1,0
ZTF24aatdjua,0,0,1,1,0,1,0,1,0,1,0
ZTF24aatdnep,0,1,0,1,0,0,1,1,0,1,0
ZTF24aatdnmf,0,1,0,1,0,0,1,1,0,1,0
ZTF24aatdpts,0,0,1,1,0,1,0,1,0,1,0
ZTF24aatdqgl,0,1,0,1,0,1,0,1,0,0,1
ZTF24aatdqht,0,1,0,1,0,1,0,1,0,0,1
ZTF24aatdtsr,1,0,0,0,0,0,0,0,0,0,0
ZTF24aatdufa,1,0,0,0,0,0,0,0,0,0,0
ZTF24aatduir,0,1,0,1,0,1,0,1,0,0,1
ZTF24aatdvad,0,1,0,1,0,0,1,1,0,1,0
ZTF24aatdxcw,0,0,1,1,0,1,0,1,0,1,0
ZTF24aatebgt,0,1,0,1,0,1,0,1,0,0,1
ZTF24aateouu,0,1,0,0,1,1,0,1,0,1,0
ZTF24aatewbz,1,0,0,0,0,0,0,0,0,0,0
ZTF24aatfbjn,0,0,1,1,0,1,0,1,0,1,0
ZTF24aatgswg,0,1,0,0,1,1,0,1,0,1,0
ZTF24aatgtrs,0,1,0,1,0,1,0,0,1,1,0
ZTF24aatgvrs,0,1,0,1,0,0,1,1,0,1,0
ZTF24aathrdz,0,1,0,1,0,1,0,1,0,0,1
ZTF24aathrfb,1,0,0,0,0,0,0,0,0,0,0
ZTF24aathrjy,0,0,1,1,0,1,0,1,0,1,0
ZTF24aathveu,0,0,1,1,0,1,0,1,0,1,0
ZTF24aathvil,0,1,0,1,0,0,1,1,0,1,0
ZTF24aathvwi,0,1,0,1,0,1,0,0,1,1,0
ZTF24aathyyq,1,0,0,0,0,0,0,0,0,0,0
ZTF24aathzgk,0,0,1,1,0,1,0,1,0,1,0
ZTF24aathzox,0,1,0,1,0,0,1,1,0,1,0
ZTF24aatiafq,1,0,0,0,0,0,0,0,0,0,0
ZTF24aatiawm,1,0,0,0,0,0,0,0,0,0,0
ZTF24aatibaw,1,0,0,0,0,0,0,0,0,0,0
ZTF24aatibqh,1,0,0,0,0,0,0,0,0,0,0
ZTF24aatidmj,0,1,0,1,0,0,1,1,0,1,0
ZTF24aatidwe,0,1,0,0,1,1,0,1,0,1,0
ZTF24aatiefz,1,0,0,0,0,0,0,0,0,0,0
ZTF24aatieok,1,0,0,0,0,0,0,0,0,0,0
ZTF24aatifep,0,1,0,0,1,1,0,1,0,1,0
ZTF24aatifmm,1,0,0,0,0,0,0,0,0,0,0
ZTF24aatifzm,0,1,0,0,1,1,0,1,0,1,0
ZTF24aatigmo,0,1,0,1,0,1,0,1,0,0,1
ZTF24aatigqp,1,0,0,0,0,0,0,0,0,0,0
ZTF24aatijro,0,1,0,1,0,1,0,0,1,1,0
ZTF24aatikta,0,1,0,1,0,1,0,1,0,0,1
ZTF24aatjphv,0,1,0,1,0,1,0,0,1,1,0
ZTF24aatjvgf,0,1,0,1,0,1,0,0,1,1,0
ZTF24aatjvqt,0,1,0,1,0,1,0,1,0,0,1
ZTF24aatkbpq,0,1,0,1,0,1,0,1,0,0,1
ZTF24aatkdmy,0,1,0,1,0,1,0,1,0,0,1
ZTF24aatkgip,0,1,0,1,0,0,1,1,0,1,0
ZTF24aatkmyu,0,1,0,1,0,0,1,1,0,1,0
ZTF24aatknpu,1,0,0,0,0,0,0,0,0,0,0
ZTF24aatknxm,0,1,0,1,0,0,1,1,0,1,0
ZTF24aatlqae,1,0,0,0,0,0,0,0,0,0,0
ZTF24aatlsjr,0,1,0,1,0,1,0,0,1,1,0
ZTF24aatlwuy,0,1,0,1,0,1,0,0,1,1,0
ZTF24aatpyzf,1,0,0,0,0,0,0,0,0,0,0
ZTF24aatqacu,0,1,0,1,0,1,0,0,1,1,0
ZTF24aatqahi,0,1,0,0,1,1,0,1,0,1,0
ZTF24aatqbrm,0,0,1,1,0,1,0,1,0,1,0
ZTF24aatqcbd,1,0,0,0,0,0,0,0,0,0,0
ZTF24aatqiio,0,0,1,1,0,1,0,1,0,1,0
ZTF24aatqiqq,1,0,0,0,0,0,0,0,0,0,0
ZTF24aatqjdb,0,1,0,1,0,0,1,1,0,1,0
ZTF24aatqmwy,0,1,0,1,0,0,1,1,0,1,0
ZTF24aatqqdj,0,1,0,0,1,1,0,1,0,1,0
ZTF24aatrkrg,1,0,0,0,0,0,0,0,0,0,0
ZTF24aatrvwr,1,0,0,0,0,0,0,0,0,0,0
ZTF24aatsegj,0,1,0,1,0,1,0,1,0,0,1
ZTF24aatslok,0,1,0,1,0,0,1,1,0,1,0
ZTF24aatsmxc,0,1,0,1,0,1,0,0,1,1,0
ZTF24aatsqkh,1,0,0,0,0,0,0,0,0,0,0
ZTF24aatsquf,0,1,0,1,0,0,1,1,0,1,0
ZTF24aatsrma,1,0,0,0,0,0,0,0,0,0,0
ZTF24aatvrhz,0,1,0,1,0,1,0,0,1,1,0
ZTF24aatvrik,0,1,0,0,1,1,0,1,0,1,0
ZTF24aatvsab,0,1,0,1,0,1,0,0,1,1,0
ZTF24aatvsjz,1,0,0,0,0,0,0,0,0,0,0
ZTF24aatvsud,0,1,0,1,0,1,0,0,1,1,0
ZTF24aatvsve,0,1,0,0,1,1,0,1,0,1,0
ZTF24aatvswq,0,1,0,0,1,1,0,1,0,1,0
ZTF24aatvubs,0,0,1,1,0,1,0,1,0,1,0
ZTF24aatvvco,0,1,0,1,0,1,0,0,1,1,0
ZTF24aatwclk,0,1,0,0,1,1,0,1,0,1,0
ZTF24aatwddy,0,1,0,1,0,1,0,0,1,1,0
ZTF24aatwnac,1,0,0,0,0,0,0,0,0,0,0
ZTF24aatwrgh,0,0,1,1,0,1,0,1,0,1,0
ZTF24aatwunq,0,0,1,1,0,1,0,1,0,1,0
ZTF24aatwwfo,0,1,0,1,0,1,0,1,0,0,1
ZTF24aatwwhu,0,1,0,0,1,1,0,1,0,1,0
ZTF24aatwwjf,0,1,0,1,0,1,0,1,0,0,1
ZTF24aatwwpj,0,1,0,1,0,0,1,1,0,1,0
ZTF24aatwxns,0,1,0,0,1,1,0,1,0,1,0
ZTF24aatxktr,1,0,0,0,0,0,0,0,0,0,0
ZTF24aatxmsz,0,1,0,1,0,1,0,0,1,1,0
ZTF24aatxths,0,1,0,1,0,0,1,1,0,1,0
ZTF24aatxxqi,0,1,0,1,0,1,0,1,0,0,1
ZTF24aatxyod,0,1,0,1,0,1,0,0,1,1,0
ZTF24aatyafe,0,1,0,1,0,0,1,1,0,1,0
ZTF24aatydah,0,1,0,1,0,0,1,1,0,1,0
ZTF24aatydxn,0,1,0,1,0,1,0,1,0,0,1
ZTF24aatyewx,1,0,0,0,0,0,0,0,0,0,0
ZTF24aatyffg,0,1,0,1,0,1,0,0,1,1,0
ZTF24aatyfug,1,0,0,0,0,0,0,0,0,0,0
ZTF24aatykdn,1,0,0,0,0,0,0,0,0,0,0
ZTF24aatykkg,0,1,0,0,1,1,0,1,0,1,0
ZTF24aatylpm,0,0,1,1,0,1,0,1,0,1,0
ZTF24aatytmb,0,1,0,1,0,1,0,0,1,1,0
ZTF24aatytqv,0,0,1,1,0,1,0,1,0,1,0
ZTF24aatytvb,0,1,0,1,0,1,0,1,0,0,1
ZTF24aatyzvo,0,1,0,1,0,1,0,1,0,0,1
ZTF24aatzabr,0,0,1,1,0,1,0,1,0,1,0
ZTF24aatzanw,0,1,0,0,1,1,0,1,0,1,0
ZTF24aatzgua,1,0,0,0,0,0,0,0,0,0,0
ZTF24aatzsjw,0,1,0,1,0,1,0,0,1,1,0
ZTF24aatzyow,1,0,0,0,0,0,0,0,0,0,0
ZTF24aauagwt,0,1,0,1,0,1,0,0,1,1,0
ZTF24aauahnc,0,1,0,1,0,1,0,0,1,1,0
ZTF24aauatou,0,0,1,1,0,1,0,1,0,1,0
ZTF24aaucclf,0,0,1,1,0,1,0,1,0,1,0
ZTF24aaucgie,0,1,0,1,0,1,0,1,0,0,1
ZTF24aaucsmk,0,1,0,1,0,0,1,1,0,1,0
ZTF24aaucuru,0,1,0,1,0,0,1,1,0,1,0
ZTF24aaucwba,1,0,0,0,0,0,0,0,0,0,0
ZTF24aauczwr,0,1,0,1,0,1,0,1,0,0,1
ZTF24aaudahz,0,1,0,1,0,0,1,1,0,1,0
ZTF24aaudanq,0,1,0,1,0,1,0,0,1,1,0
ZTF24aaudatm,0,1,0,0,1,1,0,1,0,1,0
ZTF24aaudcsq,0,1,0,0,1,1,0,1,0,1,0
ZTF24aauddzm,0,1,0,1,0,0,1,1,0,1,0
ZTF24aaudfic,0,1,0,1,0,0,1,1,0,1,0
ZTF24aaudgxr,0,1,0,0,1,1,0,1,0,1,0
ZTF24aaudjnm,0,1,0,1,0,1,0,0,1,1,0
ZTF24aaudlat,1,0,0,0,0,0,0,0,0,0,0
ZTF24aaudroc,0,0,1,1,0,1,0,1,0,1,0
ZTF24aaudwan,0,1,0,1,0,0,1,1,0,1,0
ZTF24aaudwdu,0,0,1,1,0,1,0,1,0,1,0
ZTF24aaudyhy,0,1,0,1,0,1,0,0,1,1,0
ZTF24aaueejq,0,1,0,1,0,1,0,1,0,0,1
ZTF24aauefgk,0,1,0,1,0,0,1,1,0,1,0
ZTF24aauegbs,0,1,0,1,0,1,0,0,1,1,0
ZTF24aauejvx,0,0,1,1,0,1,0,1,0,1,0
ZTF24aauekqv,0,1,0,1,0,1,0,0,1,1,0
ZTF24aauekth,0,1,0,1,0,1,0,0,1,1,0
ZTF24aauekto,0,1,0,1,0,1,0,1,0,0,1
ZTF24aauekuo,0,1,0,1,0,1,0,0,1,1,0
ZTF24aauekwz,0,1,0,0,1,1,0,1,0,1,0
ZTF24aauelbz,0,0,1,1,0,1,0,1,0,1,0
ZTF24aauengz,0,1,0,1,0,0,1,1,0,1,0
ZTF24aauepww,0,1,0,0,1,1,0,1,0,1,0
ZTF24aaueukr,0,1,0,1,0,1,0,0,1,1,0
ZTF24aaueusl,0,0,1,1,0,1,0,1,0,1,0
ZTF24aaueuzb,0,1,0,0,1,1,0,1,0,1,0
ZTF24aauevaw,1,0,0,0,0,0,0,0,0,0,0
ZTF24aauexwh,0,1,0,1,0,0,1,1,0,1,0
ZTF24aaufqkz,0,1,0,1,0,0,1,1,0,1,0
ZTF24aaufthu,0,1,0,1,0,0,1,1,0,1,0
ZTF24aaugavy,1,0,0,0,0,0,0,0,0,0,0
ZTF24aaugbew,0,1,0,1,0,1,0,0,1,1,0
ZTF24aaughlb,1,0,0,0,0,0,0,0,0,0,0
ZTF24aaugofp,0,1,0,1,0,0,1,1,0,1,0
ZTF24aaugpvz,0,1,0,1,0,1,0,0,1,1,0
ZTF24aaugvme,1,0,0,0,0,0,0,0,0,0,0
ZTF24aaugvyc,0,1,0,1,0,1,0,0,1,1,0
ZTF24aaugxnt,0,0,1,1,0,1,0,1,0,1,0
ZTF24aaugxrl,0,1,0,1,0,1,0,1,0,0,1
ZTF24aaugyvz,0,1,0,1,0,1,0,0,1,1,0
ZTF24aaugzuq,0,0,1,1,0,1,0,1,0,1,0
ZTF24aauhaxq,0,1,0,1,0,1,0,0,1,1,0
ZTF24aauhcmh,0,0,1,1,0,1,0,1,0,1,0
ZTF24aauhfht,0,1,0,0,1,1,0,1,0,1,0
ZTF24aauhnqm,0,1,0,0,1,1,0,1,0,1,0
ZTF24aaujhhf,0,1,0,1,0,0,1,1,0,1,0
ZTF24aaulmfi,1,0,0,0,0,0,0,0,0,0,0
ZTF24aaulmlv,1,0,0,0,0,0,0,0,0,0,0
ZTF24aaumcfz,0,0,1,1,0,1,0,1,0,1,0
ZTF24aaumfuq,0,1,0,0,1,1,0,1,0,1,0
ZTF24aaumfvx,0,1,0,0,1,1,0,1,0,1,0
ZTF24aaumgrp,1,0,0,0,0,0,0,0,0,0,0
ZTF24aaumhjo,1,0,0,0,0,0,0,0,0,0,0
ZTF24aaumhmm,0,1,0,1,0,1,0,0,1,1,0
ZTF24aaumhqd,0,1,0,1,0,1,0,0,1,1,0
ZTF24aaumtaw,0,1,0,1,0,1,0,0,1,1,0
ZTF24aaumtfj,0,1,0,1,0,1,0,1,0,0,1
ZTF24aaumxrc,0,1,0,1,0,0,1,1,0,1,0
ZTF24aaumydr,0,1,0,0,1,1,0,1,0,1,0
ZTF24aaumyfk,0,1,0,1,0,1,0,1,0,0,1
ZTF24aaumzhf,0,1,0,1,0,0,1,1,0,1,0
ZTF24aaunazz,0,1,0,1,0,0,1,1,0,1,0
ZTF24aauncwh,1,0,0,0,0,0,0,0,0,0,0
ZTF24aauntes,0,0,1,1,0,1,0,1,0,1,0
ZTF24aaunxxm,0,0,1,1,0,1,0,1,0,1,0
ZTF24aauoayi,0,1,0,1,0,1,0,1,0,0,1
ZTF24aauobib,1,0,0,0,0,0,0,0,0,0,0
ZTF24aauodgf,0,0,1,1,0,1,0,1,0,1,0
ZTF24aauoery,0,1,0,1,0,0,1,1,0,1,0
ZTF24aauoevl,0,1,0,1,0,1,0,1,0,0,1
ZTF24aauoica,1,0,0,0,0,0,0,0,0,0,0
ZTF24aauozaj,0,1,0,1,0,1,0,0,1,1,0
ZTF24aaupbxt,0,1,0,1,0,1,0,0,1,1,0
ZTF24aaupcqe,0,1,0,1,0,1,0,1,0,0,1
ZTF24aaupmlg,1,0,0,0,0,0,0,0,0,0,0
ZTF24aaupnbu,0,1,0,0,1,1,0,1,0,1,0
ZTF24aaupoba,0,1,0,0,1,1,0,1,0,1,0
ZTF24aaupoie,0,1,0,1,0,1,0,0,1,1,0
ZTF24aauprbn,0,1,0,1,0,1,0,0,1,1,0
ZTF24aauprgc,0,1,0,0,1,1,0,1,0,1,0
ZTF24aauprsg,0,1,0,1,0,0,1,1,0,1,0
ZTF24aautbcb,1,0,0,0,0,0,0,0,0,0,0
ZTF24aautdxb,1,0,0,0,0,0,0,0,0,0,0
ZTF24aautfia,0,0,1,1,0,1,0,1,0,1,0
ZTF24aautmzx,0,1,0,0,1,1,0,1,0,1,0
ZTF24aautouz,1,0,0,0,0,0,0,0,0,0,0
ZTF24aautrfo,1,0,0,0,0,0,0,0,0,0,0
ZTF24aauueye,0,1,0,1,0,1,0,1,0,0,1
ZTF24aauufbc,1,0,0,0,0,0,0,0,0,0,0
ZTF24aauuigu,0,0,1,1,0,1,0,1,0,1,0
ZTF24aauuiva,0,1,0,0,1,1,0,1,0,1,0
ZTF24aauulvn,0,1,0,1,0,1,0,0,1,1,0
ZTF24aauunir,0,0,1,1,0,1,0,1,0,1,0
ZTF24aauuovk,1,0,0,0,0,0,0,0,0,0,0
ZTF24aauvdrj,0,1,0,1,0,1,0,1,0,0,1
ZTF24aauvedh,0,1,0,0,1,1,0,1,0,1,0
ZTF24aauveqf,1,0,0,0,0,0,0,0,0,0,0
ZTF24aauvfow,0,0,1,1,0,1,0,1,0,1,0
ZTF24aauvgjm,0,0,1,1,0,1,0,1,0,1,0
ZTF24aauviwe,0,1,0,1,0,1,0,1,0,0,1
ZTF24aauvywv,1,0,0,0,0,0,0,0,0,0,0
ZTF24aauwfny,0,1,0,1,0,1,0,1,0,0,1
ZTF24aauwhfb,0,1,0,1,0,0,1,1,0,1,0
ZTF24aauypjo,1,0,0,0,0,0,0,0,0,0,0
ZTF24aauywft,0,1,0,1,0,1,0,0,1,1,0
ZTF24aauzdsf,0,0,1,1,0,1,0,1,0,1,0
ZTF24aauzzsl,0,1,0,1,0,1,0,0,1,1,0
ZTF24aavaawt,0,1,0,1,0,1,0,1,0,0,1
ZTF24aavapoe,0,1,0,1,0,1,0,0,1,1,0
ZTF24aavbmrv,0,1,0,1,0,0,1,1,0,1,0
ZTF24aavbrmw,0,1,0,1,0,0,1,1,0,1,0
ZTF24aavbrtq,0,1,0,1,0,1,0,0,1,1,0
ZTF24aavbvje,0,1,0,1,0,1,0,1,0,0,1
ZTF24aavcabo,0,1,0,0,1,1,0,1,0,1,0
ZTF24aavcbjr,0,1,0,1,0,0,1,1,0,1,0
ZTF24aavcbzo,0,1,0,0,1,1,0,1,0,1,0
ZTF24aavcexj,0,1,0,1,0,1,0,1,0,0,1
ZTF24aavcfby,0,1,0,1,0,1,0,0,1,1,0
ZTF24aavcwrv,0,0,1,1,0,1,0,1,0,1,0
ZTF24aavdbbm,0,1,0,1,0,1,0,1,0,0,1
ZTF24aavdxwf,0,1,0,1,0,0,1,1,0,1,0
ZTF24aaveqme,1,0,0,0,0,0,0,0,0,0,0
ZTF24aaveqpk,1,0,0,0,0,0,0,0,0,0,0
ZTF24aavextw,0,1,0,0,1,1,0,1,0,1,0
ZTF24aavgnxv,0,0,1,1,0,1,0,1,0,1,0
ZTF24aavgwal,1,0,0,0,0,0,0,0,0,0,0
ZTF24aavgzjf,1,0,0,0,0,0,0,0,0,0,0
ZTF24aavhseb,0,1,0,0,1,1,0,1,0,1,0
ZTF24aavhyax,0,1,0,1,0,1,0,0,1,1,0
ZTF24aaviaxx,0,1,0,1,0,1,0,1,0,0,1
ZTF24aavitul,0,1,0,0,1,1,0,1,0,1,0
ZTF24aavkhwi,0,1,0,1,0,0,1,1,0,1,0
ZTF24aavnjzn,0,0,1,1,0,1,0,1,0,1,0
ZTF24aavovrp,0,1,0,1,0,0,1,1,0,1,0
ZTF24aavpazc,0,1,0,0,1,1,0,1,0,1,0
ZTF24aavpduw,0,1,0,1,0,1,0,1,0,0,1
ZTF24aavpkmn,0,1,0,1,0,0,1,1,0,1,0
ZTF24aavpscs,0,0,1,1,0,1,0,1,0,1,0
ZTF24aavpxsr,0,0,1,1,0,1,0,1,0,1,0
ZTF24aavpzbc,0,0,1,1,0,1,0,1,0,1,0
ZTF24aavqfgx,0,1,0,1,0,1,0,1,0,0,1
ZTF24aavrdir,0,1,0,1,0,0,1,1,0,1,0
ZTF24aavrelg,0,0,1,1,0,1,0,1,0,1,0
ZTF24aavsbew,0,0,1,1,0,1,0,1,0,1,0
ZTF24aavsfuw,0,0,1,1,0,1,0,1,0,1,0
ZTF24aavsmko,0,1,0,1,0,0,1,1,0,1,0
ZTF24aavsnrj,0,0,1,1,0,1,0,1,0,1,0
ZTF24aavspwq,0,1,0,1,0,1,0,1,0,0,1
ZTF24aavsrpa,1,0,0,0,0,0,0,0,0,0,0
ZTF24aavttjp,1,0,0,0,0,0,0,0,0,0,0
ZTF24aavuwyw,0,1,0,1,0,0,1,1,0,1,0
ZTF24aavvuag,0,1,0,1,0,1,0,1,0,0,1
ZTF24aavwbuu,0,1,0,0,1,1,0,1,0,1,0
ZTF24aavwkhl,1,0,0,0,0,0,0,0,0,0,0
ZTF24aavwvne,0,0,1,1,0,1,0,1,0,1,0
ZTF24aavwxfn,1,0,0,0,0,0,0,0,0,0,0
ZTF24aavxknf,0,1,0,1,0,1,0,0,1,1,0
ZTF24aavxnqk,0,0,1,1,0,1,0,1,0,1,0
ZTF24aavxqhj,0,1,0,1,0,0,1,1,0,1,0
ZTF24aavxsrc,0,1,0,1,0,0,1,1,0,1,0
ZTF24aavyhrj,0,1,0,1,0,1,0,1,0,0,1
ZTF24aavyicb,0,1,0,1,0,1,0,1,0,0,1
ZTF24aavzchn,0,0,1,1,0,1,0,1,0,1,0
ZTF24aavzglr,0,1,0,1,0,0,1,1,0,1,0
ZTF24aavzhph,1,0,0,0,0,0,0,0,0,0,0
ZTF24aavzkuf,0,1,0,1,0,1,0,0,1,1,0
ZTF24aavzpcw,0,0,1,1,0,1,0,1,0,1,0
ZTF24aavzpdu,1,0,0,0,0,0,0,0,0,0,0
ZTF24aavzrue,0,1,0,1,0,1,0,0,1,1,0
ZTF24aavzubm,0,1,0,1,0,1,0,1,0,0,1
ZTF24aavzugl,0,0,1,1,0,1,0,1,0,1,0
ZTF24aavzwkd,0,1,0,1,0,1,0,0,1,1,0
ZTF24aavzytt,0,1,0,0,1,1,0,1,0,1,0
ZTF24aawadju,0,0,1,1,0,1,0,1,0,1,0
ZTF24aawafld,0,1,0,1,0,1,0,0,1,1,0
ZTF24aawakwl,0,1,0,1,0,1,0,0,1,1,0
ZTF24aawaumv,0,1,0,0,1,1,0,1,0,1,0
ZTF24aawawgj,0,0,1,1,0,1,0,1,0,1,0
ZTF24aawbbbq,0,1,0,1,0,1,0,1,0,0,1
ZTF24aawbgfo,0,1,0,1,0,1,0,1,0,0,1
ZTF24aawbicb,0,0,1,1,0,1,0,1,0,1,0
ZTF24aawbunv,0,1,0,1,0,0,1,1,0,1,0
ZTF24aawccjt,0,1,0,1,0,1,0,1,0,0,1
ZTF24aawctdf,1,0,0,0,0,0,0,0,0,0,0
ZTF24aawczhe,1,0,0,0,0,0,0,0,0,0,0
ZTF24aawdfta,1,0,0,0,0,0,0,0,0,0,0
ZTF24aawgjnz,0,1,0,1,0,0,1,1,0,1,0
ZTF24aawgyps,0,1,0,0,1,1,0,1,0,1,0
ZTF24aawhjnm,1,0,0,0,0,0,0,0,0,0,0
ZTF24aawhuoa,0,1,0,1,0,1,0,0,1,1,0
ZTF24aawitsa,1,0,0,0,0,0,0,0,0,0,0
ZTF24aawivgj,0,1,0,1,0,0,1,1,0,1,0
ZTF24aawivma,0,0,1,1,0,1,0,1,0,1,0
ZTF24aawjctx,0,1,0,1,0,1,0,0,1,1,0
ZTF24aawjqgo,1,0,0,0,0,0,0,0,0,0,0
ZTF24aawjwxx,0,1,0,0,1,1,0,1,0,1,0
ZTF24aawkgav,0,1,0,1,0,1,0,1,0,0,1
ZTF24aawkhdf,0,1,0,0,1,1,0,1,0,1,0
ZTF24aawktbk,1,0,0,0,0,0,0,0,0,0,0
ZTF24aawktlo,0,1,0,0,1,1,0,1,0,1,0
ZTF24aawkujt,0,1,0,1,0,1,0,1,0,0,1
ZTF24aawkwom,0,1,0,0,1,1,0,1,0,1,0
ZTF24aawlaup,0,1,0,1,0,1,0,0,1,1,0
ZTF24aawlglu,0,1,0,1,0,1,0,0,1,1,0
ZTF24aawlotq,0,1,0,1,0,0,1,1,0,1,0
ZTF24aawmfeg,0,1,0,1,0,1,0,0,1,1,0
ZTF24aawmfgu,0,1,0,1,0,0,1,1,0,1,0
ZTF24aawnlqs,0,1,0,0,1,1,0,1,0,1,0
ZTF24aawnqvy,0,1,0,1,0,1,0,0,1,1,0
ZTF24aawobjz,0,1,0,1,0,1,0,0,1,1,0
ZTF24aawoecs,1,0,0,0,0,0,0,0,0,0,0
ZTF24aawokit,0,1,0,0,1,1,0,1,0,1,0
ZTF24aawperf,0,0,1,1,0,1,0,1,0,1,0
ZTF24aawpwhq,0,1,0,1,0,1,0,1,0,0,1
ZTF24aawqnfq,0,1,0,1,0,0,1,1,0,1,0
ZTF24aawqrlf,0,1,0,1,0,1,0,1,0,0,1
ZTF24aawrboq,0,1,0,1,0,1,0,0,1,1,0
ZTF24aawrrbv,0,0,1,1,0,1,0,1,0,1,0
ZTF24aawrtgj,0,1,0,1,0,1,0,1,0,0,1
ZTF24aawruen,0,0,1,1,0,1,0,1,0,1,0
ZTF24aawruoc,0,1,0,1,0,1,0,0,1,1,0
ZTF24aawrxsp,0,0,1,1,0,1,0,1,0,1,0
ZTF24aawsctg,0,1,0,1,0,0,1,1,0,1,0
ZTF24aawscxn,0,1,0,0,1,1,0,1,0,1,0
ZTF24aawshuy,0,1,0,0,1,1,0,1,0,1,0
ZTF24aawsibi,0,0,1,1,0,1,0,1,0,1,0
ZTF24aawtgxc,0,1,0,0,1,1,0,1,0,1,0
ZTF24aawtoiv,0,1,0,0,1,1,0,1,0,1,0
ZTF24aawtruq,0,1,0,1,0,1,0,1,0,0,1
ZTF24aawunxf,0,0,1,1,0,1,0,1,0,1,0
ZTF24aawunyn,0,1,0,1,0,1,0,0,1,1,0
ZTF24aawupeh,0,1,0,1,0,1,0,1,0,0,1
ZTF24aawupfz,1,0,0,0,0,0,0,0,0,0,0
ZTF24aawurfo,0,1,0,1,0,0,1,1,0,1,0
ZTF24aawvqyh,0,1,0,1,0,1,0,0,1,1,0
ZTF24aawvrtc,0,1,0,1,0,1,0,0,1,1,0
ZTF24aawwzqz,0,1,0,0,1,1,0,1,0,1,0
ZTF24aawxnds,0,1,0,1,0,1,0,0,1,1,0
ZTF24aawxngf,1,0,0,0,0,0,0,0,0,0,0
ZTF24aawxnln,0,1,0,1,0,1,0,1,0,0,1
ZTF24aawxnpl,0,0,1,1,0,1,0,1,0,1,0
ZTF24aawxosj,0,0,1,1,0,1,0,1,0,1,0
ZTF24aawxovs,0,1,0,0,1,1,0,1,0,1,0
ZTF24aawxpan,0,1,0,1,0,1,0,1,0,0,1
ZTF24aawxpgg,0,0,1,1,0,1,0,1,0,1,0
ZTF24aawxqjl,0,1,0,0,1,1,0,1,0,1,0
ZTF24aawxqxa,0,0,1,1,0,1,0,1,0,1,0
ZTF24aawxron,0,1,0,1,0,0,1,1,0,1,0
ZTF24aawxrue,0,1,0,0,1,1,0,1,0,1,0
ZTF24aawxsyh,0,1,0,0,1,1,0,1,0,1,0
ZTF24aawxszd,0,0,1,1,0,1,0,1,0,1,0
ZTF24aawxtxh,0,0,1,1,0,1,0,1,0,1,0
ZTF24aawymyo,0,1,0,1,0,0,1,1,0,1,0
ZTF24aawymzs,0,0,1,1,0,1,0,1,0,1,0
ZTF24aawyrsn,0,1,0,1,0,1,0,0,1,1,0
ZTF24aaxalnx,0,0,1,1,0,1,0,1,0,1,0
ZTF24aaxapka,0,1,0,0,1,1,0,1,0,1,0
ZTF24aaxapqg,0,1,0,1,0,1,0,0,1,1,0
ZTF24aaxaptv,0,1,0,1,0,0,1,1,0,1,0
ZTF24aaxaqod,0,1,0,0,1,1,0,1,0,1,0
ZTF24aaxasok,0,0,1,1,0,1,0,1,0,1,0
ZTF24aaxattg,0,0,1,1,0,1,0,1,0,1,0
ZTF24aaxausq,0,1,0,1,0,1,0,1,0,0,1
ZTF24aaxavnf,0,0,1,1,0,1,0,1,0,1,0
ZTF24aaxbjca,0,1,0,1,0,0,1,1,0,1,0
ZTF24aaxdovm,0,1,0,1,0,0,1,1,0,1,0
ZTF24aaxdyfv,1,0,0,0,0,0,0,0,0,0,0
ZTF24aaxeayz,1,0,0,0,0,0,0,0,0,0,0
ZTF24aaxedad,0,1,0,1,0,0,1,1,0,1,0
ZTF24aaxedvf,0,1,0,1,0,1,0,0,1,1,0
ZTF24aaxeeah,0,1,0,0,1,1,0,1,0,1,0
ZTF24aaxefgt,0,0,1,1,0,1,0,1,0,1,0
ZTF24aaxeggd,0,1,0,1,0,0,1,1,0,1,0
ZTF24aaxflwb,0,1,0,1,0,1,0,0,1,1,0
ZTF24aaxfooq,0,1,0,1,0,1,0,0,1,1,0
ZTF24aaxfoxr,1,0,0,0,0,0,0,0,0,0,0
ZTF24aaxgcyi,0,1,0,1,0,0,1,1,0,1,0
ZTF24aaxgdmy,0,1,0,1,0,0,1,1,0,1,0
ZTF24aaxgebj,0,1,0,1,0,0,1,1,0,1,0
ZTF24aaxgiyr,0,1,0,1,0,1,0,0,1,1,0
ZTF24aaxhavk,0,1,0,0,1,1,0,1,0,1,0
ZTF24aaxhbfk,1,0,0,0,0,0,0,0,0,0,0
ZTF24aaxhbrb,0,1,0,0,1,1,0,1,0,1,0
ZTF24aaxhccp,1,0,0,0,0,0,0,0,0,0,0
ZTF24aaxhomn,1,0,0,0,0,0,0,0,0,0,0
ZTF24aaxhqas,0,1,0,1,0,1,0,0,1,1,0
ZTF24aaxhtbm,0,1,0,1,0,0,1,1,0,1,0
ZTF24aaxhtov,0,0,1,1,0,1,0,1,0,1,0
ZTF24aaxhxhf,0,1,0,1,0,1,0,1,0,0,1
ZTF24aaxhzrs,0,1,0,1,0,1,0,1,0,0,1
ZTF24aaxigzn,0,0,1,1,0,1,0,1,0,1,0
ZTF24aaxipgf,1,0,0,0,0,0,0,0,0,0,0
ZTF24aaxiuif,0,1,0,1,0,0,1,1,0,1,0
ZTF24aaxiuvg,1,0,0,0,0,0,0,0,0,0,0
ZTF24aaxiyco,0,1,0,1,0,1,0,0,1,1,0
ZTF24aaxizpd,0,1,0,1,0,0,1,1,0,1,0
ZTF24aaxjbzn,0,1,0,1,0,1,0,0,1,1,0
ZTF24aaxjjmx,0,1,0,0,1,1,0,1,0,1,0
ZTF24aaxjmgg,0,0,1,1,0,1,0,1,0,1,0
ZTF24aaxjnfs,0,1,0,1,0,1,0,0,1,1,0
ZTF24aaxjrap,0,1,0,1,0,1,0,0,1,1,0
ZTF24aaxjrpz,0,1,0,0,1,1,0,1,0,1,0
ZTF24aaxkhwm,0,1,0,1,0,1,0,1,0,0,1
ZTF24aaxkipy,0,0,1,1,0,1,0,1,0,1,0
ZTF24aaxkitr,1,0,0,0,0,0,0,0,0,0,0
ZTF24aaxknvo,1,0,0,0,0,0,0,0,0,0,0
ZTF24aaxlfam,0,1,0,1,0,1,0,0,1,1,0
ZTF24aaxlfem,1,0,0,0,0,0,0,0,0,0,0
ZTF24aaxlkrl,0,0,1,1,0,1,0,1,0,1,0
ZTF24aaxlnut,0,1,0,1,0,1,0,1,0,0,1
ZTF24aaxlnuv,0,1,0,1,0,0,1,1,0,1,0
ZTF24aaxltzr,0,0,1,1,0,1,0,1,0,1,0
ZTF24aaxlvvg,0,1,0,1,0,0,1,1,0,1,0
ZTF24aaxlzxr,0,0,1,1,0,1,0,1,0,1,0
ZTF24aaxmacd,0,1,0,0,1,1,0,1,0,1,0
ZTF24aaxmaxo,0,1,0,1,0,0,1,1,0,1,0
ZTF24aaxmayi,0,1,0,0,1,1,0,1,0,1,0
ZTF24aaxmecv,0,1,0,1,0,1,0,1,0,0,1
ZTF24aaxmiye,0,1,0,1,0,0,1,1,0,1,0
ZTF24aaxmmuu,0,1,0,1,0,0,1,1,0,1,0
ZTF24aaxmoec,0,1,0,1,0,1,0,1,0,0,1
ZTF24aaxmpgp,0,0,1,1,0,1,0,1,0,1,0
ZTF24aaxmpne,0,1,0,1,0,1,0,0,1,1,0
ZTF24aaxmpyh,0,0,1,1,0,1,0,1,0,1,0
ZTF24aaxmxyw,0,1,0,1,0,1,0,0,1,1,0
ZTF24aaxngwb,0,1,0,1,0,1,0,1,0,0,1
ZTF24aaxnldo,0,1,0,1,0,1,0,1,0,0,1
ZTF24aaxnmdw,1,0,0,0,0,0,0,0,0,0,0
ZTF24aaxnpgc,0,0,1,1,0,1,0,1,0,1,0
ZTF24aaxnrue,0,1,0,1,0,1,0,1,0,0,1
ZTF24aaxnvou,1,0,0,0,0,0,0,0,0,0,0
ZTF24aaxoasg,0,1,0,1,0,1,0,0,1,1,0
ZTF24aaxobdu,0,1,0,1,0,1,0,0,1,1,0
ZTF24aaxpgwg,1,0,0,0,0,0,0,0,0,0,0
ZTF24aaxpkmv,0,1,0,1,0,1,0,0,1,1,0
ZTF24aaxplgj,0,1,0,1,0,1,0,1,0,0,1
ZTF24aaxplkk,0,1,0,1,0,1,0,0,1,1,0
ZTF24aaxprsd,1,0,0,0,0,0,0,0,0,0,0
ZTF24aaxpsfl,1,0,0,0,0,0,0,0,0,0,0
ZTF24aaxpsrw,0,1,0,1,0,0,1,1,0,1,0
ZTF24aaxpsuf,0,1,0,1,0,1,0,0,1,1,0
ZTF24aaxqcvq,0,0,1,1,0,1,0,1,0,1,0
ZTF24aaxqguj,0,1,0,0,1,1,0,1,0,1,0
ZTF24aaxqhje,1,0,0,0,0,0,0,0,0,0,0
ZTF24aaxqnbe,0,0,1,1,0,1,0,1,0,1,0
ZTF24aaxqpui,0,1,0,0,1,1,0,1,0,1,0
ZTF24aaxqsey,1,0,0,0,0,0,0,0,0,0,0
ZTF24aaxqspe,0,1,0,1,0,1,0,0,1,1,0
ZTF24aaxqufu,0,1,0,0,1,1,0,1,0,1,0
ZTF24aaxqviu,0,1,0,1,0,0,1,1,0,1,0
ZTF24aaxqzmr,0,1,0,1,0,1,0,0,1,1,0
ZTF24aaxriia,1,0,0,0,0,0,0,0,0,0,0
ZTF24aaxrqad,0,1,0,1,0,0,1,1,0,1,0
ZTF24aaxrqmn,0,1,0,1,0,1,0,1,0,0,1
ZTF24aaxrsqx,0,1,0,1,0,1,0,1,0,0,1
ZTF24aaxrvxx,0,1,0,1,0,0,1,1,0,1,0
ZTF24aaxrwro,1,0,0,0,0,0,0,0,0,0,0
ZTF24aaxrxdp,1,0,0,0,0,0,0,0,0,0,0
ZTF24aaxrxgu,0,1,0,1,0,1,0,1,0,0,1
ZTF24aaxrxsp,1,0,0,0,0,0,0,0,0,0,0
ZTF24aaxryih,0,1,0,1,0,0,1,1,0,1,0
ZTF24aaxrzzp,0,1,0,1,0,1,0,1,0,0,1
ZTF24aaxsaeq,0,1,0,1,0,1,0,0,1,1,0
ZTF24aaxtboi,1,0,0,0,0,0,0,0,0,0,0
ZTF24aaxtfcy,0,1,0,1,0,1,0,0,1,1,0
ZTF24aaxtibi,0,1,0,1,0,1,0,1,0,0,1
ZTF24aaxtlix,1,0,0,0,0,0,0,0,0,0,0
ZTF24aaxtnhf,0,1,0,1,0,1,0,0,1,1,0
ZTF24aaxtoch,1,0,0,0,0,0,0,0,0,0,0
ZTF24aaxtrap,0,1,0,0,1,1,0,1,0,1,0
ZTF24aaxttry,0,1,0,1,0,1,0,0,1,1,0
ZTF24aaxtttu,0,1,0,0,1,1,0,1,0,1,0
ZTF24aaxtxpf,0,1,0,1,0,1,0,0,1,1,0
ZTF24aaxuaax,0,1,0,1,0,1,0,0,1,1,0
ZTF24aaxubgs,0,0,1,1,0,1,0,1,0,1,0
ZTF24aaxudbj,1,0,0,0,0,0,0,0,0,0,0
ZTF24aaxuodn,0,1,0,1,0,1,0,0,1,1,0
ZTF24aaxurfx,0,1,0,1,0,1,0,0,1,1,0
ZTF24aaxvbmg,1,0,0,0,0,0,0,0,0,0,0
ZTF24aaxvcmu,1,0,0,0,0,0,0,0,0,0,0
ZTF24aaxvjcx,0,1,0,0,1,1,0,1,0,1,0
ZTF24aaxvjhz,0,1,0,1,0,1,0,1,0,0,1
ZTF24aaxvkai,0,1,0,1,0,0,1,1,0,1,0
ZTF24aaxvscy,0,1,0,0,1,1,0,1,0,1,0
ZTF24aaxvspx,0,0,1,1,0,1,0,1,0,1,0
ZTF24aaxvwry,0,1,0,1,0,1,0,0,1,1,0
ZTF24aaxwmct,0,1,0,0,1,1,0,1,0,1,0
ZTF24aaxwnpx,0,1,0,0,1,1,0,1,0,1,0
ZTF24aaxwnvw,0,1,0,0,1,1,0,1,0,1,0
ZTF24aaxwxlf,0,1,0,0,1,1,0,1,0,1,0
ZTF24aaxwymv,0,1,0,1,0,1,0,0,1,1,0
ZTF24aaxxegw,0,1,0,1,0,0,1,1,0,1,0
ZTF24aaxxhcd,0,1,0,0,1,1,0,1,0,1,0
ZTF24aaxxmlv,0,1,0,1,0,0,1,1,0,1,0
ZTF24aaxytcm,0,1,0,1,0,1,0,1,0,0,1
ZTF24aaxyuds,0,1,0,1,0,1,0,1,0,0,1
ZTF24aaxzepz,0,1,0,1,0,0,1,1,0,1,0
ZTF24aaxzjdt,0,1,0,1,0,1,0,0,1,1,0
ZTF24aaxzkdq,0,1,0,1,0,0,1,1,0,1,0
ZTF24aaxzmyx,0,1,0,1,0,0,1,1,0,1,0
ZTF24aaxzwcr,0,1,0,1,0,1,0,0,1,1,0
ZTF24aayabgl,0,0,1,1,0,1,0,1,0,1,0
ZTF24aayadyr,0,1,0,0,1,1,0,1,0,1,0
ZTF24aayagxg,0,1,0,0,1,1,0,1,0,1,0
ZTF24aayahdk,0,1,0,1,0,0,1,1,0,1,0
ZTF24aayahfb,1,0,0,0,0,0,0,0,0,0,0
ZTF24aayahim,0,1,0,1,0,1,0,1,0,0,1
ZTF24aayaicq,0,1,0,0,1,1,0,1,0,1,0
ZTF24aayaidp,1,0,0,0,0,0,0,0,0,0,0
ZTF24aayajuw,0,1,0,0,1,1,0,1,0,1,0
ZTF24aayaljv,0,1,0,1,0,0,1,1,0,1,0
ZTF24aayamqa,0,1,0,1,0,0,1,1,0,1,0
ZTF24aayamtx,0,1,0,1,0,1,0,1,0,0,1
ZTF24aayamvt,0,1,0,1,0,0,1,1,0,1,0
ZTF24aayanqg,0,1,0,1,0,1,0,0,1,1,0
ZTF24aaybaek,0,1,0,1,0,1,0,0,1,1,0
ZTF24aaybafr,0,0,1,1,0,1,0,1,0,1,0
ZTF24aaybaqa,1,0,0,0,0,0,0,0,0,0,0
ZTF24aaybatu,0,1,0,1,0,1,0,0,1,1,0
ZTF24aaybbrk,0,1,0,1,0,0,1,1,0,1,0
ZTF24aaybeda,1,0,0,0,0,0,0,0,0,0,0
ZTF24aaybenz,0,1,0,1,0,1,0,0,1,1,0
ZTF24aaybfbo,0,1,0,1,0,1,0,0,1,1,0
ZTF24aaybjvl,0,1,0,0,1,1,0,1,0,1,0
ZTF24aaybugo,0,1,0,0,1,1,0,1,0,1,0
ZTF24aaybyaw,0,1,0,1,0,0,1,1,0,1,0
ZTF24aaycdea,0,1,0,1,0,0,1,1,0,1,0
ZTF24aaycdqm,0,1,0,1,0,1,0,0,1,1,0
ZTF24aaycidn,0,1,0,0,1,1,0,1,0,1,0
ZTF24aaydcxy,0,1,0,1,0,1,0,1,0,0,1
ZTF24aaydkhy,0,1,0,1,0,1,0,1,0,0,1
ZTF24aaydpre,0,0,1,1,0,1,0,1,0,1,0
ZTF24aaydvkl,0,1,0,1,0,1,0,1,0,0,1
ZTF24aaydvlo,0,0,1,1,0,1,0,1,0,1,0
ZTF24aaydybu,1,0,0,0,0,0,0,0,0,0,0
ZTF24aayeatn,1,0,0,0,0,0,0,0,0,0,0
ZTF24aayeetd,1,0,0,0,0,0,0,0,0,0,0
ZTF24aayegqu,1,0,0,0,0,0,0,0,0,0,0
ZTF24aayegzu,0,1,0,1,0,0,1,1,0,1,0
ZTF24aayeikp,0,1,0,1,0,1,0,0,1,1,0
ZTF24aayelxu,0,1,0,1,0,1,0,1,0,0,1
ZTF24aayemgy,0,1,0,1,0,1,0,1,0,0,1
ZTF24aayfgrd,0,1,0,1,0,1,0,0,1,1,0
ZTF24aayfivu,1,0,0,0,0,0,0,0,0,0,0
ZTF24aayfkif,0,1,0,1,0,1,0,0,1,1,0
ZTF24aayflcf,0,0,1,1,0,1,0,1,0,1,0
ZTF24aayfnzt,0,1,0,1,0,0,1,1,0,1,0
ZTF24aayfqie,0,1,0,1,0,1,0,1,0,0,1
ZTF24aaygcao,0,1,0,1,0,0,1,1,0,1,0
ZTF24aaygegk,0,1,0,0,1,1,0,1,0,1,0
ZTF24aayggvg,0,1,0,1,0,1,0,0,1,1,0
ZTF24aaygtcf,0,1,0,1,0,1,0,0,1,1,0
ZTF24aaygwqm,0,1,0,1,0,1,0,0,1,1,0
ZTF24aaygyxg,0,0,1,1,0,1,0,1,0,1,0
ZTF24aayhbth,0,1,0,1,0,1,0,1,0,0,1
ZTF24aayheno,1,0,0,0,0,0,0,0,0,0,0
ZTF24aayhfdn,0,1,0,1,0,1,0,0,1,1,0
ZTF24aayhknn,0,0,1,1,0,1,0,1,0,1,0
ZTF24aayhlje,0,0,1,1,0,1,0,1,0,1,0
ZTF24aayhopq,0,1,0,1,0,0,1,1,0,1,0
ZTF24aayhsai,1,0,0,0,0,0,0,0,0,0,0
ZTF24aayhznc,0,1,0,1,0,1,0,0,1,1,0
ZTF24aayiaeg,0,1,0,1,0,1,0,1,0,0,1
ZTF24aayiaek,1,0,0,0,0,0,0,0,0,0,0
ZTF24aayiihr,0,1,0,0,1,1,0,1,0,1,0
ZTF24aayiiia,0,1,0,1,0,1,0,0,1,1,0
ZTF24aayilwi,0,1,0,1,0,1,0,0,1,1,0
ZTF24aayiott,0,1,0,1,0,1,0,1,0,0,1
ZTF24aayiouw,0,0,1,1,0,1,0,1,0,1,0
ZTF24aayircu,1,0,0,0,0,0,0,0,0,0,0
ZTF24aayiscn,0,1,0,1,0,0,1,1,0,1,0
ZTF24aayizjg,0,1,0,1,0,1,0,1,0,0,1
ZTF24aayjchn,0,1,0,1,0,1,0,1,0,0,1
ZTF24aayjgxk,1,0,0,0,0,0,0,0,0,0,0
ZTF24aayjiuk,0,1,0,1,0,1,0,1,0,0,1
ZTF24aayjniq,0,0,1,1,0,1,0,1,0,1,0
ZTF24aayjrde,0,1,0,0,1,1,0,1,0,1,0
ZTF24aayjxlm,0,1,0,0,1,1,0,1,0,1,0
ZTF24aaykelu,0,1,0,1,0,1,0,1,0,0,1
ZTF24aaykfsk,1,0,0,0,0,0,0,0,0,0,0
ZTF24aaykimc,0,1,0,1,0,1,0,1,0,0,1
ZTF24aayllhp,0,1,0,0,1,1,0,1,0,1,0
ZTF24aaylrsd,1,0,0,0,0,0,0,0,0,0,0
ZTF24aaylyqp,0,1,0,1,0,1,0,0,1,1,0
ZTF24aaymfeh,0,1,0,0,1,1,0,1,0,1,0
ZTF24aaymgcw,0,1,0,1,0,1,0,1,0,0,1
ZTF24aaymiay,1,0,0,0,0,0,0,0,0,0,0
ZTF24aaymilu,0,1,0,0,1,1,0,1,0,1,0
ZTF24aaymmim,0,0,1,1,0,1,0,1,0,1,0
ZTF24aaymnts,1,0,0,0,0,0,0,0,0,0,0
ZTF24aaymouy,0,1,0,1,0,1,0,0,1,1,0
ZTF24aaymown,0,1,0,0,1,1,0,1,0,1,0
ZTF24aaymrap,1,0,0,0,0,0,0,0,0,0,0
ZTF24aaymrfe,0,1,0,1,0,1,0,1,0,0,1
ZTF24aaymrww,0,0,1,1,0,1,0,1,0,1,0
ZTF24aaymskk,0,1,0,0,1,1,0,1,0,1,0
ZTF24aaymurz,0,1,0,1,0,0,1,1,0,1,0
ZTF24aaymusv,0,1,0,1,0,1,0,0,1,1,0
ZTF24aaynaot,0,1,0,0,1,1,0,1,0,1,0
ZTF24aaynasw,1,0,0,0,0,0,0,0,0,0,0
ZTF24aaynbab,0,1,0,0,1,1,0,1,0,1,0
ZTF24aaynbdw,0,1,0,1,0,1,0,1,0,0,1
ZTF24aayncet,0,1,0,0,1,1,0,1,0,1,0
ZTF24aayncfc,0,1,0,0,1,1,0,1,0,1,0
ZTF24aayncsu,0,1,0,0,1,1,0,1,0,1,0
ZTF24aaynjfz,1,0,0,0,0,0,0,0,0,0,0
ZTF24aaynpgu,0,0,1,1,0,1,0,1,0,1,0
ZTF24aaynrjn,0,1,0,1,0,1,0,1,0,0,1
ZTF24aaynvya,0,1,0,0,1,1,0,1,0,1,0
ZTF24aaynwsi,0,1,0,0,1,1,0,1,0,1,0
ZTF24aaynyez,0,1,0,1,0,1,0,0,1,1,0
ZTF24aaynyoc,0,1,0,0,1,1,0,1,0,1,0
ZTF24aayolck,0,1,0,0,1,1,0,1,0,1,0
ZTF24aayontm,0,1,0,1,0,1,0,0,1,1,0
ZTF24aaypccg,0,1,0,1,0,1,0,0,1,1,0
ZTF24aaypcqo,0,1,0,0,1,1,0,1,0,1,0
ZTF24aaypesp,0,1,0,1,0,1,0,1,0,0,1
ZTF24aaypgwf,0,1,0,1,0,1,0,0,1,1,0
ZTF24aaypjcj,0,1,0,1,0,1,0,1,0,0,1
ZTF24aaypock,0,1,0,0,1,1,0,1,0,1,0
ZTF24aaypoky,0,1,0,1,0,1,0,1,0,0,1
ZTF24aayptez,0,1,0,1,0,1,0,1,0,0,1
ZTF24aaypyhu,0,1,0,0,1,1,0,1,0,1,0
ZTF24aaypyop,0,0,1,1,0,1,0,1,0,1,0
ZTF24aaypzcn,1,0,0,0,0,0,0,0,0,0,0
ZTF24aayqbgq,1,0,0,0,0,0,0,0,0,0,0
ZTF24aayqpqt,0,1,0,1,0,1,0,1,0,0,1
ZTF24aayqtiz,0,1,0,1,0,0,1,1,0,1,0
ZTF24aayqvjt,0,1,0,1,0,1,0,0,1,1,0
ZTF24aayrngv,0,1,0,1,0,1,0,1,0,0,1
ZTF24aayrqqk,0,1,0,1,0,1,0,0,1,1,0
ZTF24aayrwlj,0,1,0,1,0,0,1,1,0,1,0
ZTF24aayrwrx,0,0,1,1,0,1,0,1,0,1,0
ZTF24aayseoi,0,1,0,0,1,1,0,1,0,1,0
ZTF24aayshhu,0,1,0,1,0,1,0,0,1,1,0
ZTF24aaysjxq,0,1,0,1,0,0,1,1,0,1,0
ZTF24aayskvw,0,1,0,0,1,1,0,1,0,1,0
ZTF24aayspzj,0,1,0,1,0,0,1,1,0,1,0
ZTF24aaysuoo,0,0,1,1,0,1,0,1,0,1,0
ZTF24aaytcwj,0,1,0,1,0,1,0,1,0,0,1
ZTF24aaytxun,1,0,0,0,0,0,0,0,0,0,0
ZTF24aayucpn,0,1,0,1,0,1,0,1,0,0,1
ZTF24aayuduq,0,1,0,0,1,1,0,1,0,1,0
ZTF24aayuimp,0,0,1,1,0,1,0,1,0,1,0
ZTF24aayuocq,1,0,0,0,0,0,0,0,0,0,0
ZTF24aayuxkl,0,1,0,0,1,1,0,1,0,1,0
ZTF24aayvcrc,1,0,0,0,0,0,0,0,0,0,0
ZTF24aayvhho,0,1,0,1,0,1,0,1,0,0,1
ZTF24aaywofx,0,0,1,1,0,1,0,1,0,1,0
ZTF24aaywvsf,0,1,0,1,0,1,0,1,0,0,1
ZTF24aaywxgc,0,1,0,1,0,1,0,0,1,1,0
ZTF24aaywyyx,0,0,1,1,0,1,0,1,0,1,0
ZTF24aayxswy,0,0,1,1,0,1,0,1,0,1,0
ZTF24aayxyhd,0,0,1,1,0,1,0,1,0,1,0
ZTF24aayyjko,0,1,0,1,0,0,1,1,0,1,0
ZTF24aayylbv,0,1,0,1,0,0,1,1,0,1,0
ZTF24aayyvlc,1,0,0,0,0,0,0,0,0,0,0
ZTF24aayzcup,1,0,0,0,0,0,0,0,0,0,0
ZTF24aayzqzw,0,1,0,1,0,1,0,0,1,1,0
ZTF24aayzril,1,0,0,0,0,0,0,0,0,0,0
ZTF24aayzuvs,0,1,0,1,0,1,0,0,1,1,0
ZTF24aayzvyb,0,1,0,1,0,1,0,1,0,0,1
ZTF24aazafel,0,1,0,1,0,0,1,1,0,1,0
ZTF24aazaorg,1,0,0,0,0,0,0,0,0,0,0
ZTF24aazaxcq,0,1,0,1,0,1,0,1,0,0,1
ZTF24aazaxzt,1,0,0,0,0,0,0,0,0,0,0
ZTF24aazayql,0,1,0,1,0,1,0,1,0,0,1
ZTF24aazazxp,1,0,0,0,0,0,0,0,0,0,0
ZTF24aazazzo,0,1,0,1,0,0,1,1,0,1,0
ZTF24aazbbbo,0,1,0,0,1,1,0,1,0,1,0
ZTF24aazblzv,1,0,0,0,0,0,0,0,0,0,0
ZTF24aazfnry,1,0,0,0,0,0,0,0,0,0,0
ZTF24aazggci,1,0,0,0,0,0,0,0,0,0,0
ZTF24aazgnty,0,0,1,1,0,1,0,1,0,1,0
ZTF24aazgovy,0,1,0,1,0,0,1,1,0,1,0
ZTF24aazgyku,0,1,0,1,0,1,0,0,1,1,0
ZTF24aazhkqn,0,0,1,1,0,1,0,1,0,1,0
ZTF24aazjbkr,0,0,1,1,0,1,0,1,0,1,0
ZTF24aazjdml,0,1,0,1,0,1,0,1,0,0,1
ZTF24aazjpbb,0,1,0,1,0,1,0,0,1,1,0
ZTF24aazjpyg,0,1,0,1,0,0,1,1,0,1,0
ZTF24aazjzlb,0,1,0,1,0,1,0,0,1,1,0
ZTF24aazkvzi,0,1,0,1,0,0,1,1,0,1,0
ZTF24aazkzkl,0,1,0,1,0,1,0,0,1,1,0
ZTF24aazlmpe,0,1,0,1,0,0,1,1,0,1,0
ZTF24aazloim,0,0,1,1,0,1,0,1,0,1,0
ZTF24aazlori,0,1,0,1,0,1,0,0,1,1,0
ZTF24aazlrdt,0,1,0,1,0,1,0,0,1,1,0
ZTF24aazmhiu,0,1,0,1,0,0,1,1,0,1,0
ZTF24aazmqbf,0,1,0,1,0,0,1,1,0,1,0
ZTF24aazmtkk,0,1,0,1,0,1,0,1,0,0,1
ZTF24aazmtqd,0,1,0,1,0,1,0,1,0,0,1
ZTF24aazmujy,0,0,1,1,0,1,0,1,0,1,0
ZTF24aaznzoo,0,1,0,0,1,1,0,1,0,1,0
ZTF24aazpohj,0,1,0,1,0,1,0,1,0,0,1
ZTF24aazpqhq,1,0,0,0,0,0,0,0,0,0,0
ZTF24aazqagi,0,0,1,1,0,1,0,1,0,1,0
ZTF24aazqavh,0,0,1,1,0,1,0,1,0,1,0
ZTF24aazqcuz,0,0,1,1,0,1,0,1,0,1,0
ZTF24aazqczv,1,0,0,0,0,0,0,0,0,0,0
ZTF24aazqdbi,0,0,1,1,0,1,0,1,0,1,0
ZTF24aazqdjn,0,1,0,1,0,1,0,1,0,0,1
ZTF24aazqkmd,0,1,0,0,1,1,0,1,0,1,0
ZTF24aazqoct,0,0,1,1,0,1,0,1,0,1,0
ZTF24aazqtzt,0,1,0,1,0,1,0,0,1,1,0
ZTF24aazqyeu,0,1,0,1,0,1,0,0,1,1,0
ZTF24aazqypq,1,0,0,0,0,0,0,0,0,0,0
ZTF24aazrbmi,0,0,1,1,0,1,0,1,0,1,0
ZTF24aazrkhd,0,1,0,1,0,1,0,1,0,0,1
ZTF24aazsdgx,0,1,0,1,0,1,0,0,1,1,0
ZTF24aazslws,1,0,0,0,0,0,0,0,0,0,0
ZTF24aazsnkg,0,1,0,0,1,1,0,1,0,1,0
ZTF24aazsprl,1,0,0,0,0,0,0,0,0,0,0
ZTF24aazszfd,0,0,1,1,0,1,0,1,0,1,0
ZTF24aaztbct,0,0,1,1,0,1,0,1,0,1,0
ZTF24aaztdwy,0,1,0,0,1,1,0,1,0,1,0
ZTF24aaztfaa,0,1,0,1,0,1,0,0,1,1,0
ZTF24aaztgrn,0,1,0,1,0,0,1,1,0,1,0
ZTF24aazxyoa,0,1,0,1,0,0,1,1,0,1,0
ZTF24aazxztq,0,1,0,0,1,1,0,1,0,1,0
ZTF24aazyfjz,0,1,0,1,0,0,1,1,0,1,0
ZTF24aazykxx,0,1,0,0,1,1,0,1,0,1,0
ZTF24aazynka,0,1,0,1,0,1,0,0,1,1,0
ZTF24aazyygt,0,1,0,1,0,1,0,0,1,1,0
ZTF24aazzana,0,1,0,1,0,0,1,1,0,1,0
ZTF24aazzcci,1,0,0,0,0,0,0,0,0,0,0
ZTF24aazzdzq,0,1,0,0,1,1,0,1,0,1,0
ZTF24aazzkob,0,1,0,0,1,1,0,1,0,1,0
ZTF24aazzoef,0,1,0,1,0,0,1,1,0,1,0
ZTF24abaacvr,0,1,0,1,0,1,0,0,1,1,0
ZTF24ababosl,1,0,0,0,0,0,0,0,0,0,0
ZTF24abacaim,1,0,0,0,0,0,0,0,0,0,0
ZTF24abacbwh,0,1,0,1,0,0,1,1,0,1,0
ZTF24abaclyy,0,1,0,1,0,0,1,1,0,1,0
ZTF24abacxks,0,1,0,1,0,0,1,1,0,1,0
ZTF24abaczqu,0,1,0,0,1,1,0,1,0,1,0
ZTF24abadhzc,0,0,1,1,0,1,0,1,0,1,0
ZTF24abadioa,0,1,0,1,0,1,0,1,0,0,1
ZTF24abaghna,0,1,0,1,0,1,0,0,1,1,0
ZTF24abaghtf,0,1,0,1,0,0,1,1,0,1,0
ZTF24abagjgq,0,0,1,1,0,1,0,1,0,1,0
ZTF24abagndi,1,0,0,0,0,0,0,0,0,0,0
ZTF24abagnlx,0,1,0,0,1,1,0,1,0,1,0
ZTF24abagnws,0,0,1,1,0,1,0,1,0,1,0
ZTF24abagoni,0,0,1,1,0,1,0,1,0,1,0
ZTF24abagsld,0,0,1,1,0,1,0,1,0,1,0
ZTF24abaguss,1,0,0,0,0,0,0,0,0,0,0
ZTF24abagvia,1,0,0,0,0,0,0,0,0,0,0
ZTF24abagxhz,0,1,0,1,0,0,1,1,0,1,0
ZTF24abagxqc,1,0,0,0,0,0,0,0,0,0,0
ZTF24abagzjv,0,1,0,1,0,0,1,1,0,1,0
ZTF24abagzwo,0,1,0,1,0,1,0,0,1,1,0
ZTF24abahcgs,0,1,0,1,0,1,0,0,1,1,0
ZTF24abahdzf,0,1,0,0,1,1,0,1,0,1,0
ZTF24abahfvh,0,1,0,1,0,1,0,0,1,1,0
ZTF24abahkcv,0,1,0,0,1,1,0,1,0,1,0
ZTF24abahkmm,0,0,1,1,0,1,0,1,0,1,0
ZTF24abahkso,1,0,0,0,0,0,0,0,0,0,0
ZTF24abahmab,1,0,0,0,0,0,0,0,0,0,0
ZTF24abahnwe,0,1,0,1,0,1,0,0,1,1,0
ZTF24abahogf,1,0,0,0,0,0,0,0,0,0,0
ZTF24abaiddj,0,1,0,1,0,1,0,0,1,1,0
ZTF24abaiely,1,0,0,0,0,0,0,0,0,0,0
ZTF24abaigmt,1,0,0,0,0,0,0,0,0,0,0
ZTF24abaiioq,0,1,0,1,0,0,1,1,0,1,0
ZTF24abaiiql,0,0,1,1,0,1,0,1,0,1,0
ZTF24abaikjg,1,0,0,0,0,0,0,0,0,0,0
ZTF24abaikkq,1,0,0,0,0,0,0,0,0,0,0
ZTF24abainkk,1,0,0,0,0,0,0,0,0,0,0
ZTF24abaioqi,0,1,0,1,0,1,0,1,0,0,1
ZTF24abaipnc,0,1,0,1,0,0,1,1,0,1,0
ZTF24abairtj,0,1,0,1,0,1,0,1,0,0,1
ZTF24abaisov,1,0,0,0,0,0,0,0,0,0,0
ZTF24abaiuhu,0,1,0,1,0,1,0,1,0,0,1
ZTF24abaiwfi,0,1,0,1,0,1,0,0,1,1,0
ZTF24abaiwgc,0,1,0,1,0,1,0,0,1,1,0
ZTF24abaiwgs,1,0,0,0,0,0,0,0,0,0,0
ZTF24abaiwgy,1,0,0,0,0,0,0,0,0,0,0
ZTF24abaixbv,0,1,0,0,1,1,0,1,0,1,0
ZTF24abaiyab,0,1,0,1,0,1,0,1,0,0,1
ZTF24abaiyfq,0,1,0,1,0,1,0,1,0,0,1
ZTF24abaiyzw,1,0,0,0,0,0,0,0,0,0,0
ZTF24abajewv,1,0,0,0,0,0,0,0,0,0,0
ZTF24abajfuy,0,1,0,1,0,0,1,1,0,1,0
ZTF24abajhho,0,0,1,1,0,1,0,1,0,1,0
ZTF24abajmau,0,1,0,1,0,0,1,1,0,1,0
ZTF24abajqwo,0,1,0,1,0,0,1,1,0,1,0
ZTF24abajrbb,0,1,0,0,1,1,0,1,0,1,0
ZTF24abajruk,0,1,0,1,0,0,1,1,0,1,0
ZTF24abajssx,0,1,0,1,0,1,0,1,0,0,1
ZTF24abajxbl,0,1,0,1,0,1,0,0,1,1,0
ZTF24abajxlv,1,0,0,0,0,0,0,0,0,0,0
ZTF24abakave,0,1,0,1,0,1,0,1,0,0,1
ZTF24abakcyt,0,1,0,1,0,0,1,1,0,1,0
ZTF24abakdvu,0,1,0,1,0,1,0,1,0,0,1
ZTF24abakfvp,0,1,0,1,0,0,1,1,0,1,0
ZTF24abakgav,0,1,0,1,0,1,0,0,1,1,0
ZTF24abakhfr,0,1,0,1,0,1,0,0,1,1,0
ZTF24abakmjx,0,1,0,1,0,1,0,0,1,1,0
ZTF24abakmsb,0,0,1,1,0,1,0,1,0,1,0
ZTF24abakntk,0,1,0,1,0,0,1,1,0,1,0
ZTF24abakott,0,1,0,1,0,1,0,0,1,1,0
ZTF24abakpem,0,1,0,1,0,1,0,1,0,0,1
ZTF24abalaqb,0,1,0,1,0,0,1,1,0,1,0
ZTF24abalbsv,0,1,0,1,0,1,0,1,0,0,1
ZTF24abalcce,0,1,0,1,0,0,1,1,0,1,0
ZTF24abalhyv,1,0,0,0,0,0,0,0,0,0,0
ZTF24abalisc,0,1,0,1,0,0,1,1,0,1,0
ZTF24abaljca,0,1,0,1,0,0,1,1,0,1,0
ZTF24abaljlm,0,1,0,1,0,1,0,1,0,0,1
ZTF24abalkgn,0,0,1,1,0,1,0,1,0,1,0
ZTF24aballtd,0,0,1,1,0,1,0,1,0,1,0
ZTF24abalntn,0,1,0,1,0,1,0,0,1,1,0
ZTF24abalnuj,1,0,0,0,0,0,0,0,0,0,0
ZTF24abalrbb,0,1,0,1,0,1,0,1,0,0,1
ZTF24abalrrt,0,0,1,1,0,1,0,1,0,1,0
ZTF24abalrta,0,1,0,1,0,0,1,1,0,1,0
ZTF24abalsqc,0,0,1,1,0,1,0,1,0,1,0
ZTF24abalukk,0,1,0,0,1,1,0,1,0,1,0
ZTF24abalvlh,0,1,0,1,0,1,0,1,0,0,1
ZTF24abalwei,0,1,0,0,1,1,0,1,0,1,0
ZTF24abalwsz,0,1,0,0,1,1,0,1,0,1,0
ZTF24abalwvt,0,1,0,1,0,1,0,1,0,0,1
ZTF24abalxjn,0,1,0,1,0,0,1,1,0,1,0
ZTF24abalzao,0,0,1,1,0,1,0,1,0,1,0
ZTF24abalzdx,0,1,0,1,0,1,0,0,1,1,0
ZTF24abamagk,0,1,0,1,0,1,0,1,0,0,1
ZTF24abambcs,0,0,1,1,0,1,0,1,0,1,0
ZTF24abambhz,0,1,0,1,0,0,1,1,0,1,0
ZTF24abambkn,0,1,0,1,0,0,1,1,0,1,0
ZTF24abamcec,0,1,0,0,1,1,0,1,0,1,0
ZTF24abamcyk,0,0,1,1,0,1,0,1,0,1,0
ZTF24abamfnq,1,0,0,0,0,0,0,0,0,0,0
ZTF24abamfzm,0,1,0,1,0,1,0,1,0,0,1
ZTF24abamger,0,0,1,1,0,1,0,1,0,1,0
ZTF24abamgmg,0,1,0,1,0,1,0,0,1,1,0
ZTF24abamgpo,0,1,0,0,1,1,0,1,0,1,0
ZTF24abamgqb,0,1,0,1,0,1,0,0,1,1,0
ZTF24abamguy,0,1,0,1,0,1,0,0,1,1,0
ZTF24abamiep,0,1,0,1,0,0,1,1,0,1,0
ZTF24abamivp,0,1,0,1,0,1,0,1,0,0,1
ZTF24abamixp,0,1,0,1,0,1,0,0,1,1,0
ZTF24abamnch,0,1,0,1,0,1,0,1,0,0,1
ZTF24abamycz,0,1,0,1,0,1,0,0,1,1,0
ZTF24abanfwg,0,1,0,1,0,1,0,1,0,0,1
ZTF24abanpml,1,0,0,0,0,0,0,0,0,0,0
ZTF24abantux,1,0,0,0,0,0,0,0,0,0,0
ZTF24abaoqum,0,1,0,1,0,1,0,0,1,1,0
ZTF24abapaxu,0,1,0,0,1,1,0,1,0,1,0
ZTF24abapbmm,0,0,1,1,0,1,0,1,0,1,0
ZTF24abaprzp,0,1,0,1,0,0,1,1,0,1,0
ZTF24abapsnt,0,1,0,1,0,0,1,1,0,1,0
ZTF24abapsvo,0,1,0,0,1,1,0,1,0,1,0
ZTF24abaqgbl,0,1,0,1,0,1,0,1,0,0,1
ZTF24abaqlmy,1,0,0,0,0,0,0,0,0,0,0
ZTF24abaqlqo,0,0,1,1,0,1,0,1,0,1,0
ZTF24abaqlzi,0,1,0,1,0,1,0,1,0,0,1
ZTF24abaqmae,1,0,0,0,0,0,0,0,0,0,0
ZTF24abaqolc,0,0,1,1,0,1,0,1,0,1,0
ZTF24abaqsgl,0,0,1,1,0,1,0,1,0,1,0
ZTF24abaqsla,0,1,0,1,0,1,0,0,1,1,0
ZTF24abaqsmp,0,1,0,1,0,1,0,1,0,0,1
ZTF24abaqswy,0,1,0,1,0,0,1,1,0,1,0
ZTF24abaqvrr,1,0,0,0,0,0,0,0,0,0,0
ZTF24abaqxuo,0,1,0,0,1,1,0,1,0,1,0
ZTF24abarbgx,0,0,1,1,0,1,0,1,0,1,0
ZTF24abarcto,0,1,0,1,0,1,0,0,1,1,0
ZTF24abaretv,0,1,0,0,1,1,0,1,0,1,0
ZTF24abarfoi,0,1,0,0,1,1,0,1,0,1,0
ZTF24abarhqv,0,1,0,1,0,0,1,1,0,1,0
ZTF24abarjcr,0,0,1,1,0,1,0,1,0,1,0
ZTF24abarjiw,0,0,1,1,0,1,0,1,0,1,0
ZTF24abarkue,1,0,0,0,0,0,0,0,0,0,0
ZTF24abarlis,0,1,0,0,1,1,0,1,0,1,0
ZTF24abarljs,0,1,0,0,1,1,0,1,0,1,0
ZTF24abarnos,0,1,0,1,0,0,1,1,0,1,0
ZTF24abaroca,0,1,0,1,0,1,0,0,1,1,0
ZTF24abarohv,0,1,0,0,1,1,0,1,0,1,0
ZTF24abarupa,0,1,0,1,0,1,0,1,0,0,1
ZTF24abarzmc,0,1,0,1,0,1,0,0,1,1,0
ZTF24abasdex,1,0,0,0,0,0,0,0,0,0,0
ZTF24abasdhi,0,0,1,1,0,1,0,1,0,1,0
ZTF24abashrh,0,1,0,1,0,1,0,0,1,1,0
ZTF24abaskkm,1,0,0,0,0,0,0,0,0,0,0
ZTF24abaslzu,0,1,0,1,0,0,1,1,0,1,0
ZTF24abasodj,1,0,0,0,0,0,0,0,0,0,0
ZTF24abasohi,0,1,0,0,1,1,0,1,0,1,0
ZTF24abasojg,1,0,0,0,0,0,0,0,0,0,0
ZTF24abasotv,0,1,0,0,1,1,0,1,0,1,0
ZTF24abaspjb,1,0,0,0,0,0,0,0,0,0,0
ZTF24abasqzc,0,1,0,1,0,1,0,1,0,0,1
ZTF24abasrvz,0,0,1,1,0,1,0,1,0,1,0
ZTF24abasvvv,0,1,0,1,0,1,0,1,0,0,1
ZTF24abaswpz,0,1,0,1,0,1,0,1,0,0,1
ZTF24abasyff,1,0,0,0,0,0,0,0,0,0,0
ZTF24abatahp,0,1,0,1,0,1,0,0,1,1,0
ZTF24abatbok,1,0,0,0,0,0,0,0,0,0,0
ZTF24abatcfm,0,1,0,1,0,1,0,0,1,1,0
ZTF24abatcml,0,0,1,1,0,1,0,1,0,1,0
ZTF24abathjg,0,1,0,1,0,1,0,0,1,1,0
ZTF24abatmau,0,1,0,1,0,1,0,0,1,1,0
ZTF24abatmcm,0,1,0,1,0,1,0,0,1,1,0
ZTF24abatnmq,0,1,0,1,0,1,0,0,1,1,0
ZTF24abatozh,0,0,1,1,0,1,0,1,0,1,0
ZTF24abatpfn,0,1,0,0,1,1,0,1,0,1,0
ZTF24abatpip,0,1,0,1,0,0,1,1,0,1,0
ZTF24abatqqb,0,0,1,1,0,1,0,1,0,1,0
ZTF24abavoif,0,1,0,1,0,1,0,0,1,1,0
ZTF24abavusp,0,1,0,1,0,1,0,1,0,0,1
ZTF24abawhex,0,1,0,1,0,0,1,1,0,1,0
ZTF24abawzex,1,0,0,0,0,0,0,0,0,0,0
ZTF24abaxcdv,0,1,0,1,0,1,0,1,0,0,1
ZTF24abaxyhi,0,0,1,1,0,1,0,1,0,1,0
ZTF24abaydbm,0,0,1,1,0,1,0,1,0,1,0
ZTF24abayhhh,0,1,0,0,1,1,0,1,0,1,0
ZTF24abayjhr,0,1,0,1,0,0,1,1,0,1,0
ZTF24abayobk,1,0,0,0,0,0,0,0,0,0,0
ZTF24abayoiy,1,0,0,0,0,0,0,0,0,0,0
ZTF24abayojt,0,1,0,1,0,1,0,0,1,1,0
ZTF24abbblab,0,0,1,1,0,1,0,1,0,1,0
ZTF24abbbtki,0,1,0,0,1,1,0,1,0,1,0
ZTF24abbbttv,0,1,0,1,0,1,0,1,0,0,1
ZTF24abbcity,0,0,1,1,0,1,0,1,0,1,0
ZTF24abbcmal,0,1,0,0,1,1,0,1,0,1,0
ZTF24abbcrwn,1,0,0,0,0,0,0,0,0,0,0
ZTF24abbcxga,0,1,0,1,0,0,1,1,0,1,0
ZTF24abbcxoi,0,1,0,1,0,1,0,1,0,0,1
ZTF24abbddyw,0,1,0,1,0,1,0,1,0,0,1
ZTF24abbdlby,1,0,0,0,0,0,0,0,0,0,0
ZTF24abbdtfp,0,1,0,1,0,1,0,0,1,1,0
ZTF24abbenwl,0,0,1,1,0,1,0,1,0,1,0
ZTF24abbeuxl,0,1,0,1,0,1,0,0,1,1,0
ZTF24abbgfae,0,1,0,1,0,1,0,1,0,0,1
ZTF24abbghem,0,0,1,1,0,1,0,1,0,1,0
ZTF24abbgiyo,0,0,1,1,0,1,0,1,0,1,0
ZTF24abbgjue,0,1,0,1,0,0,1,1,0,1,0
ZTF24abbinoc,0,0,1,1,0,1,0,1,0,1,0
ZTF24abbinrr,0,1,0,1,0,1,0,0,1,1,0
ZTF24abbinsr,0,1,0,1,0,1,0,1,0,0,1
ZTF24abbiqob,0,0,1,1,0,1,0,1,0,1,0
ZTF24abbirmr,0,0,1,1,0,1,0,1,0,1,0
ZTF24abbizoj,0,1,0,1,0,1,0,1,0,0,1
ZTF24abbjtjc,0,1,0,1,0,0,1,1,0,1,0
ZTF24abbjwll,1,0,0,0,0,0,0,0,0,0,0
ZTF24abbkctb,0,1,0,1,0,1,0,0,1,1,0
ZTF24abbkkmh,1,0,0,0,0,0,0,0,0,0,0
ZTF24abbkopr,1,0,0,0,0,0,0,0,0,0,0
ZTF24abblgvr,0,1,0,1,0,1,0,1,0,0,1
ZTF24abbmiop,0,1,0,1,0,1,0,1,0,0,1
ZTF24abbovsz,0,1,0,1,0,1,0,0,1,1,0
ZTF24abbpail,1,0,0,0,0,0,0,0,0,0,0
ZTF24abbpfxj,0,1,0,1,0,1,0,0,1,1,0
ZTF24abbrcrq,1,0,0,0,0,0,0,0,0,0,0
ZTF24abbrmfl,1,0,0,0,0,0,0,0,0,0,0
ZTF24abbrvli,0,1,0,1,0,1,0,0,1,1,0
ZTF24abbsboo,0,1,0,1,0,0,1,1,0,1,0
ZTF24abbseuu,0,1,0,0,1,1,0,1,0,1,0
ZTF24abbsnih,0,1,0,1,0,1,0,1,0,0,1
ZTF24abbsuhu,0,1,0,0,1,1,0,1,0,1,0
ZTF24abbtegk,1,0,0,0,0,0,0,0,0,0,0
ZTF24abbtldx,0,1,0,1,0,1,0,1,0,0,1
ZTF24abbtmqs,0,0,1,1,0,1,0,1,0,1,0
ZTF24abbvpge,0,1,0,1,0,0,1,1,0,1,0
ZTF24abbwbgd,1,0,0,0,0,0,0,0,0,0,0
ZTF24abbwppe,1,0,0,0,0,0,0,0,0,0,0
ZTF24abbwrpa,1,0,0,0,0,0,0,0,0,0,0
ZTF24abbwwjr,1,0,0,0,0,0,0,0,0,0,0
ZTF24abbwztk,0,1,0,1,0,1,0,0,1,1,0
ZTF24abbxfal,0,0,1,1,0,1,0,1,0,1,0
ZTF24abbxjtr,0,1,0,1,0,1,0,0,1,1,0
ZTF24abbxqno,0,0,1,1,0,1,0,1,0,1,0
ZTF24abbybtj,0,0,1,1,0,1,0,1,0,1,0
ZTF24abbzhel,0,1,0,1,0,1,0,1,0,0,1
ZTF24abcalav,1,0,0,0,0,0,0,0,0,0,0
ZTF24abcbmug,0,0,1,1,0,1,0,1,0,1,0
ZTF24abcbnnt,0,1,0,0,1,1,0,1,0,1,0
ZTF24abcbnqc,0,1,0,1,0,1,0,0,1,1,0
ZTF24abcbofy,0,1,0,1,0,1,0,1,0,0,1
ZTF24abcbqxl,0,1,0,1,0,1,0,0,1,1,0
ZTF24abccail,1,0,0,0,0,0,0,0,0,0,0
ZTF24abccaua,0,1,0,1,0,1,0,0,1,1,0
ZTF24abcccrn,0,1,0,1,0,1,0,0,1,1,0
ZTF24abccoav,1,0,0,0,0,0,0,0,0,0,0
ZTF24abccris,0,1,0,1,0,1,0,1,0,0,1
ZTF24abccufc,0,0,1,1,0,1,0,1,0,1,0
ZTF24abcfiff,1,0,0,0,0,0,0,0,0,0,0
ZTF24abcfigw,0,0,1,1,0,1,0,1,0,1,0
ZTF24abcfink,1,0,0,0,0,0,0,0,0,0,0
ZTF24abcgrbl,0,1,0,1,0,1,0,1,0,0,1
ZTF24abchcrp,0,1,0,1,0,1,0,0,1,1,0
ZTF24abchygn,0,1,0,1,0,0,1,1,0,1,0
ZTF24abciekd,0,1,0,1,0,0,1,1,0,1,0
ZTF24abcierm,0,1,0,1,0,1,0,1,0,0,1
ZTF24abcihoe,0,1,0,1,0,0,1,1,0,1,0
ZTF24abcisxg,0,1,0,1,0,1,0,0,1,1,0
ZTF24abcitfj,0,1,0,1,0,0,1,1,0,1,0
ZTF24abcitle,0,1,0,0,1,1,0,1,0,1,0
ZTF24abcivmm,0,1,0,0,1,1,0,1,0,1,0
ZTF24abciwoe,0,0,1,1,0,1,0,1,0,1,0
ZTF24abcixyi,0,1,0,0,1,1,0,1,0,1,0
ZTF24abciyld,0,1,0,1,0,1,0,1,0,0,1
ZTF24abciyni,1,0,0,0,0,0,0,0,0,0,0
ZTF24abcizqd,0,0,1,1,0,1,0,1,0,1,0
ZTF24abcjbtj,0,1,0,0,1,1,0,1,0,1,0
ZTF24abcjgzl,0,1,0,0,1,1,0,1,0,1,0
ZTF24abcjjch,0,0,1,1,0,1,0,1,0,1,0
ZTF24abcjovt,0,1,0,1,0,1,0,0,1,1,0
ZTF24abcjxnj,0,1,0,1,0,1,0,0,1,1,0
ZTF24abckmtt,0,1,0,1,0,1,0,1,0,0,1
ZTF24abclhkj,1,0,0,0,0,0,0,0,0,0,0
ZTF24abclluv,0,1,0,1,0,1,0,1,0,0,1
ZTF24abclmam,0,1,0,1,0,1,0,1,0,0,1
ZTF24abcncwq,1,0,0,0,0,0,0,0,0,0,0
ZTF24abcnenk,0,1,0,1,0,1,0,0,1,1,0
ZTF24abcnfxa,0,1,0,1,0,0,1,1,0,1,0
ZTF24abcnhxx,0,1,0,1,0,1,0,1,0,0,1
ZTF24abcniti,0,1,0,0,1,1,0,1,0,1,0
ZTF24abcnjut,0,1,0,1,0,1,0,1,0,0,1
ZTF24abcnkdl,0,1,0,1,0,0,1,1,0,1,0
ZTF24abcnnlb,0,1,0,1,0,1,0,0,1,1,0
ZTF24abcoesl,0,1,0,1,0,1,0,1,0,0,1
ZTF24abcphus,1,0,0,0,0,0,0,0,0,0,0
ZTF24abcpmak,0,1,0,0,1,1,0,1,0,1,0
ZTF24abcpmkk,0,1,0,1,0,0,1,1,0,1,0
ZTF24abcqasv,1,0,0,0,0,0,0,0,0,0,0
ZTF24abcqato,0,1,0,1,0,1,0,0,1,1,0
ZTF24abcqaus,0,1,0,1,0,1,0,0,1,1,0
ZTF24abcqauy,0,1,0,1,0,1,0,0,1,1,0
ZTF24abcqcub,1,0,0,0,0,0,0,0,0,0,0
ZTF24abcrdha,0,1,0,1,0,1,0,0,1,1,0
ZTF24abcrfrr,1,0,0,0,0,0,0,0,0,0,0
ZTF24abcrgam,0,0,1,1,0,1,0,1,0,1,0
ZTF24abcrhvm,0,1,0,1,0,0,1,1,0,1,0
ZTF24abcrkrw,0,1,0,1,0,1,0,0,1,1,0
ZTF24abcrkus,1,0,0,0,0,0,0,0,0,0,0
ZTF24abcrlgd,0,1,0,0,1,1,0,1,0,1,0
ZTF24abcrnrm,0,0,1,1,0,1,0,1,0,1,0
ZTF24abcrpjm,0,1,0,1,0,1,0,1,0,0,1
ZTF24abcshrb,0,1,0,0,1,1,0,1,0,1,0
ZTF24abcsjdb,0,1,0,1,0,1,0,1,0,0,1
ZTF24abcsosy,0,0,1,1,0,1,0,1,0,1,0
ZTF24abcssul,1,0,0,0,0,0,0,0,0,0,0
ZTF24abcstvi,0,1,0,0,1,1,0,1,0,1,0
ZTF24abcsvlz,1,0,0,0,0,0,0,0,0,0,0
ZTF24abcsyba,0,1,0,1,0,0,1,1,0,1,0
ZTF24abctbor,0,1,0,1,0,1,0,0,1,1,0
ZTF24abctbqo,0,1,0,1,0,0,1,1,0,1,0
ZTF24abctheo,0,1,0,0,1,1,0,1,0,1,0
ZTF24abctntt,0,0,1,1,0,1,0,1,0,1,0
ZTF24abctpfk,0,1,0,1,0,0,1,1,0,1,0
ZTF24abctqda,1,0,0,0,0,0,0,0,0,0,0
ZTF24abctqhv,0,1,0,1,0,1,0,0,1,1,0
ZTF24abctqjh,0,1,0,1,0,0,1,1,0,1,0
ZTF24abctqur,0,1,0,1,0,1,0,1,0,0,1
ZTF24abctsci,0,1,0,1,0,1,0,1,0,0,1
ZTF24abcttud,0,0,1,1,0,1,0,1,0,1,0
ZTF24abcttuz,0,1,0,1,0,1,0,0,1,1,0
ZTF24abctunh,0,1,0,1,0,1,0,1,0,0,1
ZTF24abctvwe,0,1,0,1,0,1,0,1,0,0,1
ZTF24abcufal,0,0,1,1,0,1,0,1,0,1,0
ZTF24abcukcr,1,0,0,0,0,0,0,0,0,0,0
ZTF24abculod,0,0,1,1,0,1,0,1,0,1,0
ZTF24abcuqih,0,1,0,1,0,1,0,0,1,1,0
ZTF24abcuupv,0,0,1,1,0,1,0,1,0,1,0
ZTF24abcuuro,1,0,0,0,0,0,0,0,0,0,0
ZTF24abcuyyx,0,1,0,1,0,0,1,1,0,1,0
ZTF24abcvach,0,1,0,1,0,1,0,0,1,1,0
ZTF24abcvaoi,0,1,0,1,0,1,0,1,0,0,1
ZTF24abcvapx,1,0,0,0,0,0,0,0,0,0,0
ZTF24abcvfkm,0,1,0,1,0,0,1,1,0,1,0
ZTF24abcvjlp,0,1,0,1,0,1,0,1,0,0,1
ZTF24abcvpbl,1,0,0,0,0,0,0,0,0,0,0
ZTF24abcwcdw,0,0,1,1,0,1,0,1,0,1,0
ZTF24abcwniw,0,1,0,1,0,1,0,1,0,0,1
ZTF24abcwpkg,1,0,0,0,0,0,0,0,0,0,0
ZTF24abcwpoh,1,0,0,0,0,0,0,0,0,0,0
ZTF24abcwruk,0,1,0,1,0,1,0,1,0,0,1
ZTF24abcwvgz,0,1,0,1,0,1,0,1,0,0,1
ZTF24abcwvki,0,0,1,1,0,1,0,1,0,1,0
ZTF24abcwvuo,1,0,0,0,0,0,0,0,0,0,0
ZTF24abcwzpt,1,0,0,0,0,0,0,0,0,0,0
ZTF24abcxbtx,0,1,0,1,0,1,0,1,0,0,1
ZTF24abcxdoa,0,1,0,1,0,1,0,0,1,1,0
ZTF24abcxfhy,0,0,1,1,0,1,0,1,0,1,0
ZTF24abcxggo,0,1,0,1,0,0,1,1,0,1,0
ZTF24abcxscy,0,0,1,1,0,1,0,1,0,1,0
ZTF24abcxttp,0,1,0,1,0,0,1,1,0,1,0
ZTF24abcxxkk,0,1,0,1,0,1,0,1,0,0,1
ZTF24abcxyab,0,0,1,1,0,1,0,1,0,1,0
ZTF24abcyajd,0,1,0,1,0,1,0,1,0,0,1
ZTF24abcyelj,0,1,0,1,0,1,0,0,1,1,0
ZTF24abcyevp,0,1,0,1,0,1,0,1,0,0,1
ZTF24abcyfru,1,0,0,0,0,0,0,0,0,0,0
ZTF24abcyicp,0,1,0,1,0,1,0,0,1,1,0
ZTF24abcykte,0,1,0,1,0,1,0,1,0,0,1
ZTF24abcymjb,0,1,0,1,0,0,1,1,0,1,0
ZTF24abcyoby,0,1,0,1,0,0,1,1,0,1,0
ZTF24abcyplg,0,1,0,0,1,1,0,1,0,1,0
ZTF24abcziyd,0,1,0,1,0,1,0,1,0,0,1
ZTF24abdarsl,0,1,0,0,1,1,0,1,0,1,0
ZTF24abdaunk,0,0,1,1,0,1,0,1,0,1,0
ZTF24abdazpl,0,1,0,1,0,0,1,1,0,1,0
ZTF24abdbgot,1,0,0,0,0,0,0,0,0,0,0
ZTF24abdbkbn,1,0,0,0,0,0,0,0,0,0,0
ZTF24abddimr,0,1,0,1,0,0,1,1,0,1,0
ZTF24abddluv,0,1,0,1,0,0,1,1,0,1,0
ZTF24abddnky,0,1,0,1,0,1,0,1,0,0,1
ZTF24abddpgi,0,1,0,1,0,1,0,1,0,0,1
ZTF24abddplf,0,0,1,1,0,1,0,1,0,1,0
ZTF24abddtov,0,1,0,1,0,1,0,1,0,0,1
ZTF24abddtyz,0,1,0,1,0,1,0,1,0,0,1
ZTF24abddwin,0,1,0,1,0,0,1,1,0,1,0
ZTF24abddzvn,0,1,0,1,0,1,0,0,1,1,0
ZTF24abdeaei,0,1,0,1,0,0,1,1,0,1,0
ZTF24abdebfm,0,1,0,1,0,0,1,1,0,1,0
ZTF24abdfesp,0,1,0,0,1,1,0,1,0,1,0
ZTF24abdfesv,0,1,0,1,0,1,0,0,1,1,0
ZTF24abdfgtn,0,1,0,1,0,1,0,1,0,0,1
ZTF24abdfiie,1,0,0,0,0,0,0,0,0,0,0
ZTF24abdfoml,0,1,0,0,1,1,0,1,0,1,0
ZTF24abdfqwb,0,1,0,1,0,1,0,0,1,1,0
ZTF24abdfrwr,0,1,0,1,0,1,0,1,0,0,1
ZTF24abdftvd,0,1,0,1,0,0,1,1,0,1,0
ZTF24abdfude,0,1,0,1,0,1,0,0,1,1,0
ZTF24abdfusd,0,0,1,1,0,1,0,1,0,1,0
ZTF24abdfuwv,0,1,0,0,1,1,0,1,0,1,0
ZTF24abdgdng,0,1,0,1,0,1,0,1,0,0,1
ZTF24abdgglp,0,1,0,0,1,1,0,1,0,1,0
ZTF24abdggua,0,1,0,1,0,0,1,1,0,1,0
ZTF24abdgojq,0,1,0,1,0,1,0,0,1,1,0
ZTF24abdgptg,0,1,0,1,0,1,0,0,1,1,0
ZTF24abdgsjv,0,1,0,1,0,1,0,0,1,1,0
ZTF24abdhdwr,0,1,0,1,0,1,0,0,1,1,0
ZTF24abdhqso,0,0,1,1,0,1,0,1,0,1,0
ZTF24abdidhi,0,0,1,1,0,1,0,1,0,1,0
ZTF24abdijtu,1,0,0,0,0,0,0,0,0,0,0
ZTF24abdirwa,0,1,0,0,1,1,0,1,0,1,0
ZTF24abdiykr,1,0,0,0,0,0,0,0,0,0,0
ZTF24abdjbyl,0,1,0,0,1,1,0,1,0,1,0
ZTF24abdjere,0,1,0,1,0,1,0,1,0,0,1
ZTF24abdjhym,0,1,0,1,0,0,1,1,0,1,0
ZTF24abdjipv,0,1,0,1,0,1,0,0,1,1,0
ZTF24abdjirp,0,1,0,1,0,0,1,1,0,1,0
ZTF24abdjktl,0,1,0,1,0,1,0,1,0,0,1
ZTF24abdjlyq,0,1,0,1,0,1,0,0,1,1,0
ZTF24abdjmmc,1,0,0,0,0,0,0,0,0,0,0
ZTF24abdjsbz,1,0,0,0,0,0,0,0,0,0,0
ZTF24abdjthj,0,1,0,1,0,1,0,0,1,1,0
ZTF24abdjzhr,0,1,0,0,1,1,0,1,0,1,0
ZTF24abdkbub,0,1,0,1,0,1,0,1,0,0,1
ZTF24abdkfqu,0,0,1,1,0,1,0,1,0,1,0
ZTF24abdkhfe,0,0,1,1,0,1,0,1,0,1,0
ZTF24abdkhqn,0,1,0,1,0,1,0,0,1,1,0
ZTF24abdkknz,1,0,0,0,0,0,0,0,0,0,0
ZTF24abdktkt,1,0,0,0,0,0,0,0,0,0,0
ZTF24abdkzjr,1,0,0,0,0,0,0,0,0,0,0
ZTF24abdlaaq,0,0,1,1,0,1,0,1,0,1,0
ZTF24abdlfjv,1,0,0,0,0,0,0,0,0,0,0
ZTF24abdloub,1,0,0,0,0,0,0,0,0,0,0
ZTF24abdlsja,0,0,1,1,0,1,0,1,0,1,0
ZTF24abdlusb,0,1,0,1,0,1,0,0,1,1,0
ZTF24abdlutu,0,1,0,1,0,1,0,1,0,0,1
ZTF24abdlxlm,0,1,0,1,0,0,1,1,0,1,0
ZTF24abdlxry,0,1,0,0,1,1,0,1,0,1,0
ZTF24abdlzil,1,0,0,0,0,0,0,0,0,0,0
ZTF24abdmatq,0,1,0,1,0,1,0,0,1,1,0
ZTF24abdmfdh,0,0,1,1,0,1,0,1,0,1,0
ZTF24abdmfzl,0,1,0,1,0,0,1,1,0,1,0
ZTF24abdmlly,0,1,0,0,1,1,0,1,0,1,0
ZTF24abdmzim,0,1,0,1,0,1,0,0,1,1,0
ZTF24abdndji,0,1,0,1,0,1,0,1,0,0,1
ZTF24abdndte,1,0,0,0,0,0,0,0,0,0,0
ZTF24abdnfck,0,1,0,1,0,1,0,1,0,0,1
ZTF24abdnitu,0,1,0,1,0,1,0,1,0,0,1
ZTF24abdnluc,0,1,0,1,0,0,1,1,0,1,0
ZTF24abdnwgr,1,0,0,0,0,0,0,0,0,0,0
ZTF24abdojeb,0,0,1,1,0,1,0,1,0,1,0
ZTF24abdooog,0,1,0,1,0,1,0,0,1,1,0
ZTF24abdooqu,0,1,0,1,0,1,0,1,0,0,1
ZTF24abdoosm,0,0,1,1,0,1,0,1,0,1,0
ZTF24abdopnu,0,0,1,1,0,1,0,1,0,1,0
ZTF24abdopsv,1,0,0,0,0,0,0,0,0,0,0
ZTF24abdoqsk,0,1,0,1,0,1,0,0,1,1,0
ZTF24abdounl,0,1,0,1,0,1,0,1,0,0,1
ZTF24abdouuc,0,1,0,0,1,1,0,1,0,1,0
ZTF24abdpbkj,0,1,0,1,0,1,0,0,1,1,0
ZTF24abdpbnp,1,0,0,0,0,0,0,0,0,0,0
ZTF24abdpbqo,1,0,0,0,0,0,0,0,0,0,0
ZTF24abdpbts,0,1,0,1,0,0,1,1,0,1,0
ZTF24abdrcfn,0,1,0,1,0,1,0,1,0,0,1
ZTF24abdrfsx,0,1,0,1,0,1,0,0,1,1,0
ZTF24abdsfqf,0,1,0,1,0,0,1,1,0,1,0
ZTF24abdsgdk,1,0,0,0,0,0,0,0,0,0,0
ZTF24abdswvi,1,0,0,0,0,0,0,0,0,0,0
ZTF24abdtsag,1,0,0,0,0,0,0,0,0,0,0
ZTF24abdtszn,0,1,0,1,0,0,1,1,0,1,0
ZTF24abdtxkj,0,0,1,1,0,1,0,1,0,1,0
ZTF24abdulee,0,1,0,0,1,1,0,1,0,1,0
ZTF24abdumvs,0,1,0,1,0,0,1,1,0,1,0
ZTF24abdvpie,0,1,0,1,0,0,1,1,0,1,0
ZTF24abdvqov,0,0,1,1,0,1,0,1,0,1,0
ZTF24abdvrdp,0,1,0,1,0,1,0,1,0,0,1
ZTF24abdvwxr,0,1,0,1,0,1,0,0,1,1,0
ZTF24abdwekt,0,1,0,1,0,0,1,1,0,1,0
ZTF24abdwnub,0,1,0,1,0,0,1,1,0,1,0
ZTF24abdwreu,1,0,0,0,0,0,0,0,0,0,0
ZTF24abdwtmy,0,1,0,1,0,1,0,1,0,0,1
ZTF24abdwusy,0,1,0,1,0,0,1,1,0,1,0
ZTF24abdwway,0,1,0,1,0,0,1,1,0,1,0
ZTF24abdwwwp,0,1,0,1,0,1,0,1,0,0,1
ZTF24abdxiah,0,1,0,1,0,0,1,1,0,1,0
ZTF24abdxidm,0,1,0,0,1,1,0,1,0,1,0
ZTF24abdxjvl,0,1,0,1,0,0,1,1,0,1,0
ZTF24abdxkxk,0,1,0,1,0,0,1,1,0,1,0
ZTF24abdxlus,0,0,1,1,0,1,0,1,0,1,0
ZTF24abdxpyb,1,0,0,0,0,0,0,0,0,0,0
ZTF24abdysgm,0,1,0,0,1,1,0,1,0,1,0
ZTF24abdzbje,0,1,0,1,0,1,0,1,0,0,1
ZTF24abdzkva,0,0,1,1,0,1,0,1,0,1,0
ZTF24abdzopr,0,1,0,1,0,0,1,1,0,1,0
ZTF24abdzpin,0,1,0,1,0,1,0,1,0,0,1
ZTF24abdzqra,0,1,0,1,0,1,0,1,0,0,1
ZTF24abdzrdv,0,1,0,0,1,1,0,1,0,1,0
ZTF24abdzros,0,1,0,1,0,0,1,1,0,1,0
ZTF24abdztdh,1,0,0,0,0,0,0,0,0,0,0
ZTF24abdzwik,0,1,0,1,0,0,1,1,0,1,0
ZTF24abdzyyc,0,1,0,1,0,1,0,0,1,1,0
ZTF24abdzzep,0,0,1,1,0,1,0,1,0,1,0
ZTF24abeahmj,0,0,1,1,0,1,0,1,0,1,0
ZTF24abeajvh,0,1,0,1,0,1,0,1,0,0,1
ZTF24abebfxo,0,1,0,1,0,1,0,1,0,0,1
ZTF24abebgmf,0,1,0,1,0,0,1,1,0,1,0
ZTF24abebtgs,0,1,0,0,1,1,0,1,0,1,0
ZTF24abebyhn,0,0,1,1,0,1,0,1,0,1,0
ZTF24abecdma,1,0,0,0,0,0,0,0,0,0,0
ZTF24abeckgx,0,1,0,1,0,0,1,1,0,1,0
ZTF24abeckhv,1,0,0,0,0,0,0,0,0,0,0
ZTF24abeclus,1,0,0,0,0,0,0,0,0,0,0
ZTF24abeclwh,0,1,0,0,1,1,0,1,0,1,0
ZTF24abecqdx,0,0,1,1,0,1,0,1,0,1,0
ZTF24abectby,0,1,0,1,0,1,0,1,0,0,1
ZTF24abedhog,0,1,0,1,0,0,1,1,0,1,0
ZTF24abedoxw,0,1,0,0,1,1,0,1,0,1,0
ZTF24abedsbs,0,1,0,1,0,1,0,0,1,1,0
ZTF24abedtxr,0,0,1,1,0,1,0,1,0,1,0
ZTF24abedzpe,0,1,0,1,0,0,1,1,0,1,0
ZTF24abeebbl,1,0,0,0,0,0,0,0,0,0,0
ZTF24abeecbb,0,0,1,1,0,1,0,1,0,1,0
ZTF24abeeljm,0,1,0,1,0,1,0,0,1,1,0
ZTF24abeepsw,0,1,0,1,0,1,0,1,0,0,1
ZTF24abeesak,0,1,0,0,1,1,0,1,0,1,0
ZTF24abefeph,0,0,1,1,0,1,0,1,0,1,0
ZTF24abefmrx,0,1,0,0,1,1,0,1,0,1,0
ZTF24abefrsz,1,0,0,0,0,0,0,0,0,0,0
ZTF24abefser,0,1,0,0,1,1,0,1,0,1,0
ZTF24abefzcx,0,1,0,1,0,0,1,1,0,1,0
ZTF24abefzuh,0,1,0,1,0,1,0,1,0,0,1
ZTF24abegbxy,0,0,1,1,0,1,0,1,0,1,0
ZTF24abegiul,1,0,0,0,0,0,0,0,0,0,0
ZTF24abegmax,0,0,1,1,0,1,0,1,0,1,0
ZTF24abeixjv,1,0,0,0,0,0,0,0,0,0,0
ZTF24abejexe,0,0,1,1,0,1,0,1,0,1,0
ZTF24abejmqz,0,1,0,1,0,1,0,0,1,1,0
ZTF24abejopp,0,0,1,1,0,1,0,1,0,1,0
ZTF24abekcti,0,1,0,1,0,0,1,1,0,1,0
ZTF24abekczn,0,0,1,1,0,1,0,1,0,1,0
ZTF24abekejc,0,1,0,1,0,0,1,1,0,1,0
ZTF24abektbl,1,0,0,0,0,0,0,0,0,0,0
ZTF24abektkp,0,1,0,1,0,1,0,0,1,1,0
ZTF24abekvcz,1,0,0,0,0,0,0,0,0,0,0
ZTF24abekvlv,1,0,0,0,0,0,0,0,0,0,0
ZTF24abekyfg,0,1,0,0,1,1,0,1,0,1,0
ZTF24abelekq,0,1,0,0,1,1,0,1,0,1,0
ZTF24abelgwg,1,0,0,0,0,0,0,0,0,0,0
ZTF24abelhni,0,1,0,1,0,0,1,1,0,1,0
ZTF24abelucc,0,1,0,1,0,1,0,0,1,1,0
ZTF24abemebc,1,0,0,0,0,0,0,0,0,0,0
ZTF24abempjh,0,1,0,1,0,1,0,0,1,1,0
ZTF24abencqk,1,0,0,0,0,0,0,0,0,0,0
ZTF24abenibr,0,1,0,1,0,1,0,1,0,0,1
ZTF24abenotr,0,1,0,0,1,1,0,1,0,1,0
ZTF24abeoypw,1,0,0,0,0,0,0,0,0,0,0
ZTF24abepmwm,0,1,0,1,0,1,0,0,1,1,0
ZTF24abepnas,0,1,0,0,1,1,0,1,0,1,0
ZTF24abepoqi,0,0,1,1,0,1,0,1,0,1,0
ZTF24abeppdw,0,1,0,1,0,1,0,0,1,1,0
ZTF24abeqbjb,0,1,0,0,1,1,0,1,0,1,0
ZTF24abeqewu,0,1,0,1,0,0,1,1,0,1,0
ZTF24abeqjgr,0,1,0,1,0,0,1,1,0,1,0
ZTF24abeqneg,0,1,0,1,0,1,0,1,0,0,1
ZTF24abeqnyi,0,1,0,1,0,1,0,1,0,0,1
ZTF24abeqqfe,1,0,0,0,0,0,0,0,0,0,0
ZTF24aberipf,0,1,0,0,1,1,0,1,0,1,0
ZTF24abescrn,0,1,0,1,0,1,0,1,0,0,1
ZTF24abesfvf,0,1,0,1,0,1,0,0,1,1,0
ZTF24abesvjv,0,1,0,1,0,0,1,1,0,1,0
ZTF24abesygq,1,0,0,0,0,0,0,0,0,0,0
ZTF24abethzy,0,1,0,0,1,1,0,1,0,1,0
ZTF24abetsjy,0,1,0,1,0,0,1,1,0,1,0
ZTF24abeunlk,0,0,1,1,0,1,0,1,0,1,0
ZTF24abeutgz,0,0,1,1,0,1,0,1,0,1,0
ZTF24abevlcq,0,0,1,1,0,1,0,1,0,1,0
ZTF24abexezi,1,0,0,0,0,0,0,0,0,0,0
ZTF24abexmnf,0,1,0,0,1,1,0,1,0,1,0
ZTF24abeyfeg,0,1,0,1,0,1,0,1,0,0,1
ZTF24abeywka,1,0,0,0,0,0,0,0,0,0,0
ZTF24abezgvf,1,0,0,0,0,0,0,0,0,0,0
ZTF24abezhiq,0,1,0,1,0,1,0,0,1,1,0
ZTF24abezvvi,0,1,0,1,0,1,0,1,0,0,1
ZTF24abfaake,0,1,0,1,0,1,0,0,1,1,0
ZTF24abfaftf,0,1,0,0,1,1,0,1,0,1,0
ZTF24abfahny,0,1,0,1,0,1,0,0,1,1,0
ZTF24abfakmr,1,0,0,0,0,0,0,0,0,0,0
ZTF24abfaqgh,0,1,0,1,0,1,0,1,0,0,1
ZTF24abfayfp,0,0,1,1,0,1,0,1,0,1,0
ZTF24abfazpb,1,0,0,0,0,0,0,0,0,0,0
ZTF24abfbsdo,0,1,0,1,0,0,1,1,0,1,0
ZTF24abfbska,0,1,0,1,0,1,0,1,0,0,1
ZTF24abfbujf,0,1,0,1,0,0,1,1,0,1,0
ZTF24abfbwsn,0,1,0,1,0,1,0,0,1,1,0
ZTF24abfecnu,0,1,0,1,0,1,0,1,0,0,1
ZTF24abfezzu,1,0,0,0,0,0,0,0,0,0,0
ZTF24abffaqw,0,1,0,1,0,1,0,1,0,0,1
ZTF24abffcvg,0,1,0,1,0,1,0,1,0,0,1
ZTF24abffmny,0,0,1,1,0,1,0,1,0,1,0
ZTF24abffnia,1,0,0,0,0,0,0,0,0,0,0
ZTF24abffwyy,0,0,1,1,0,1,0,1,0,1,0
ZTF24abfgpvz,0,0,1,1,0,1,0,1,0,1,0
ZTF24abfhjot,0,1,0,0,1,1,0,1,0,1,0
ZTF24abfhkcm,0,1,0,0,1,1,0,1,0,1,0
ZTF24abfhmnb,0,1,0,1,0,1,0,1,0,0,1
ZTF24abfinav,0,0,1,1,0,1,0,1,0,1,0
ZTF24abfjmiq,0,1,0,1,0,1,0,1,0,0,1
ZTF24abflhlp,0,1,0,1,0,1,0,1,0,0,1
ZTF24abflsim,1,0,0,0,0,0,0,0,0,0,0
ZTF24abflvme,0,1,0,0,1,1,0,1,0,1,0
ZTF24abfnkzm,0,0,1,1,0,1,0,1,0,1,0
ZTF24abfoczc,1,0,0,0,0,0,0,0,0,0,0
ZTF24abfodqg,0,0,1,1,0,1,0,1,0,1,0
ZTF24abfodwq,0,1,0,1,0,0,1,1,0,1,0
ZTF24abfontr,0,1,0,1,0,1,0,0,1,1,0
ZTF24abfpdff,0,1,0,1,0,1,0,0,1,1,0
ZTF24abfpdna,0,1,0,0,1,1,0,1,0,1,0
ZTF24abfpdqm,1,0,0,0,0,0,0,0,0,0,0
ZTF24abfpdui,0,0,1,1,0,1,0,1,0,1,0
ZTF24abfpeaq,0,1,0,1,0,1,0,1,0,0,1
ZTF24abfpeiw,0,1,0,1,0,1,0,0,1,1,0
ZTF24abfpgyi,0,0,1,1,0,1,0,1,0,1,0
ZTF24abfppbm,0,1,0,0,1,1,0,1,0,1,0
ZTF24abfpprp,0,1,0,1,0,1,0,0,1,1,0
ZTF24abfqlcs,0,1,0,0,1,1,0,1,0,1,0
ZTF24abfqlkq,0,1,0,1,0,1,0,0,1,1,0
ZTF24abfqrqf,0,1,0,1,0,1,0,1,0,0,1
ZTF24abfqrwq,1,0,0,0,0,0,0,0,0,0,0
ZTF24abfqxem,0,0,1,1,0,1,0,1,0,1,0
ZTF24abfrdua,0,1,0,1,0,1,0,0,1,1,0
ZTF24abfrnqy,0,1,0,1,0,1,0,1,0,0,1
ZTF24abfsxsv,0,1,0,1,0,0,1,1,0,1,0
ZTF24abfsynd,1,0,0,0,0,0,0,0,0,0,0
ZTF24abftutl,0,1,0,0,1,1,0,1,0,1,0
ZTF24abfudxh,0,0,1,1,0,1,0,1,0,1,0
ZTF24abfuwbm,0,1,0,1,0,1,0,1,0,0,1
ZTF24abfuwoh,0,1,0,1,0,1,0,0,1,1,0
ZTF24abfwean,0,1,0,1,0,0,1,1,0,1,0
ZTF24abfwfak,0,1,0,1,0,0,1,1,0,1,0
ZTF24abfwlfu,0,0,1,1,0,1,0,1,0,1,0
ZTF24abfwlww,0,1,0,1,0,0,1,1,0,1,0
ZTF24abfwmpi,0,0,1,1,0,1,0,1,0,1,0
ZTF24abfxezy,0,1,0,1,0,0,1,1,0,1,0
ZTF24abfxxcp,0,1,0,1,0,0,1,1,0,1,0
ZTF24abfykmb,0,1,0,1,0,1,0,0,1,1,0
ZTF24abfyvsu,0,0,1,1,0,1,0,1,0,1,0
ZTF24abfzsgn,0,1,0,1,0,1,0,0,1,1,0
ZTF24abfzzhc,0,1,0,1,0,1,0,1,0,0,1
ZTF24abgbyot,1,0,0,0,0,0,0,0,0,0,0
ZTF24abgdovz,1,0,0,0,0,0,0,0,0,0,0
ZTF24abgdyvw,0,0,1,1,0,1,0,1,0,1,0
ZTF24abgefjl,0,1,0,0,1,1,0,1,0,1,0
ZTF24abgghrc,0,1,0,1,0,1,0,0,1,1,0
ZTF24abgjdrx,0,1,0,0,1,1,0,1,0,1,0
ZTF24abgjdxk,0,1,0,1,0,1,0,0,1,1,0
ZTF24abgjeoq,0,1,0,0,1,1,0,1,0,1,0
ZTF24abgkjag,0,1,0,1,0,1,0,0,1,1,0
ZTF24abglarx,0,1,0,0,1,1,0,1,0,1,0
ZTF24abgmnff,0,1,0,1,0,1,0,0,1,1,0
ZTF24abgnpdh,0,1,0,0,1,1,0,1,0,1,0
ZTF24abgnvov,0,1,0,0,1,1,0,1,0,1,0
ZTF24abgoeuh,1,0,0,0,0,0,0,0,0,0,0
ZTF24abgoldn,0,1,0,1,0,1,0,1,0,0,1
ZTF24abgpade,0,1,0,1,0,1,0,0,1,1,0
ZTF24abgqjpg,0,1,0,0,1,1,0,1,0,1,0
ZTF24abgqnvy,0,1,0,1,0,0,1,1,0,1,0
ZTF24abgqnwz,0,0,1,1,0,1,0,1,0,1,0
ZTF24abgrsdt,0,1,0,0,1,1,0,1,0,1,0
ZTF24abgscdl,0,1,0,1,0,1,0,1,0,0,1
ZTF24abgsswm,0,0,1,1,0,1,0,1,0,1,0
ZTF24abgsvwh,0,1,0,1,0,0,1,1,0,1,0
ZTF24abgswji,0,1,0,0,1,1,0,1,0,1,0
ZTF24abgtiuc,0,0,1,1,0,1,0,1,0,1,0
ZTF24abgulqv,1,0,0,0,0,0,0,0,0,0,0
ZTF24abgviom,1,0,0,0,0,0,0,0,0,0,0
ZTF24abgvkwg,0,1,0,0,1,1,0,1,0,1,0
ZTF24abgvrdl,0,1,0,1,0,1,0,1,0,0,1
ZTF24abgvscf,0,1,0,0,1,1,0,1,0,1,0
ZTF24abgwayg,0,1,0,1,0,1,0,0,1,1,0
ZTF24abgwcjj,1,0,0,0,0,0,0,0,0,0,0
ZTF24abgwdnf,0,1,0,1,0,1,0,0,1,1,0
ZTF24abgwdzv,0,1,0,1,0,1,0,0,1,1,0
ZTF24abgyqsl,1,0,0,0,0,0,0,0,0,0,0
ZTF24abgznbd,0,1,0,1,0,0,1,1,0,1,0
ZTF24abgzpea,0,1,0,1,0,1,0,1,0,0,1
ZTF24abgzsnd,0,1,0,1,0,0,1,1,0,1,0
ZTF24abhbfpu,0,0,1,1,0,1,0,1,0,1,0
ZTF24abhbjwi,0,1,0,1,0,1,0,0,1,1,0
ZTF24abhblai,0,0,1,1,0,1,0,1,0,1,0
ZTF24abhbnbk,0,0,1,1,0,1,0,1,0,1,0
ZTF24abhbsuq,0,0,1,1,0,1,0,1,0,1,0
ZTF24abhbvwm,0,1,0,1,0,0,1,1,0,1,0
ZTF24abhbwhc,0,1,0,0,1,1,0,1,0,1,0
ZTF24abhbwzx,0,1,0,1,0,1,0,1,0,0,1
ZTF24abhcaxp,1,0,0,0,0,0,0,0,0,0,0
ZTF24abhcehv,0,0,1,1,0,1,0,1,0,1,0
ZTF24abhdbod,0,1,0,0,1,1,0,1,0,1,0
ZTF24abhdptp,0,0,1,1,0,1,0,1,0,1,0
ZTF24abhdqpp,0,1,0,1,0,1,0,0,1,1,0
ZTF24abhduon,0,1,0,1,0,0,1,1,0,1,0
ZTF24abhdxsb,0,1,0,1,0,1,0,0,1,1,0
ZTF24abhdzkx,0,1,0,1,0,0,1,1,0,1,0
ZTF24abheyev,0,1,0,0,1,1,0,1,0,1,0
ZTF24abheyje,1,0,0,0,0,0,0,0,0,0,0
ZTF24abhfcrb,0,0,1,1,0,1,0,1,0,1,0
ZTF24abhfcts,1,0,0,0,0,0,0,0,0,0,0
ZTF24abhfemx,0,1,0,1,0,1,0,1,0,0,1
ZTF24abhfgdr,0,1,0,1,0,0,1,1,0,1,0
ZTF24abhfqms,0,1,0,1,0,1,0,1,0,0,1
ZTF24abhgrni,0,0,1,1,0,1,0,1,0,1,0
ZTF24abhhcof,0,1,0,1,0,1,0,1,0,0,1
ZTF24abhihcx,0,1,0,1,0,1,0,1,0,0,1
ZTF24abhjotc,0,1,0,0,1,1,0,1,0,1,0
ZTF24abhjruq,0,1,0,1,0,1,0,0,1,1,0
ZTF24abhjsld,1,0,0,0,0,0,0,0,0,0,0
ZTF24abhkdbn,1,0,0,0,0,0,0,0,0,0,0
ZTF24abhkdnr,1,0,0,0,0,0,0,0,0,0,0
ZTF24abhkfju,0,1,0,1,0,0,1,1,0,1,0
ZTF24abhkhbr,0,1,0,1,0,1,0,1,0,0,1
ZTF24abhkitv,0,1,0,1,0,0,1,1,0,1,0
ZTF24abhkjqx,0,1,0,1,0,1,0,1,0,0,1
ZTF24abhlmjz,1,0,0,0,0,0,0,0,0,0,0
ZTF24abhlpjl,0,1,0,1,0,0,1,1,0,1,0
ZTF24abhlrvz,1,0,0,0,0,0,0,0,0,0,0
ZTF24abhluet,1,0,0,0,0,0,0,0,0,0,0
ZTF24abhptym,0,1,0,0,1,1,0,1,0,1,0
ZTF24abhpvkq,0,1,0,1,0,1,0,0,1,1,0
ZTF24abhpyvf,0,1,0,1,0,1,0,1,0,0,1
ZTF24abhpzsq,0,1,0,1,0,1,0,1,0,0,1
ZTF24abhqgia,0,1,0,0,1,1,0,1,0,1,0
ZTF24abhrlfz,0,1,0,1,0,1,0,1,0,0,1
ZTF24abhrphm,1,0,0,0,0,0,0,0,0,0,0
ZTF24abhrqan,1,0,0,0,0,0,0,0,0,0,0
ZTF24abhrsjc,0,1,0,1,0,1,0,0,1,1,0
ZTF24abhstjv,1,0,0,0,0,0,0,0,0,0,0
ZTF24abhtadx,0,0,1,1,0,1,0,1,0,1,0
ZTF24abhtxit,0,0,1,1,0,1,0,1,0,1,0
ZTF24abhuswk,1,0,0,0,0,0,0,0,0,0,0
ZTF24abhvcij,0,0,1,1,0,1,0,1,0,1,0
ZTF24abhvotc,1,0,0,0,0,0,0,0,0,0,0
ZTF24abhwgju,0,0,1,1,0,1,0,1,0,1,0
ZTF24abhwtud,1,0,0,0,0,0,0,0,0,0,0
ZTF24abhwvrb,0,1,0,1,0,1,0,1,0,0,1
ZTF24abhwymz,0,1,0,1,0,1,0,0,1,1,0
ZTF24abhxaus,0,1,0,1,0,0,1,1,0,1,0
ZTF24abhxfdp,1,0,0,0,0,0,0,0,0,0,0
ZTF24abhxjeq,0,0,1,1,0,1,0,1,0,1,0
ZTF24abhxlsr,0,1,0,1,0,1,0,0,1,1,0
ZTF24abhxpgy,1,0,0,0,0,0,0,0,0,0,0
ZTF24abhxqnk,0,1,0,1,0,1,0,1,0,0,1
ZTF24abhzafp,0,1,0,1,0,0,1,1,0,1,0
ZTF24abhzshd,0,1,0,0,1,1,0,1,0,1,0
ZTF24abibcib,0,1,0,0,1,1,0,1,0,1,0
ZTF24abicrns,0,1,0,1,0,1,0,0,1,1,0
ZTF24abidbwr,0,1,0,1,0,1,0,0,1,1,0
ZTF24abidhrv,0,1,0,0,1,1,0,1,0,1,0
ZTF24abiesnr,1,0,0,0,0,0,0,0,0,0,0
ZTF24abietks,0,1,0,1,0,1,0,0,1,1,0
ZTF24abifpxn,0,1,0,1,0,1,0,0,1,1,0
ZTF24abihpmn,0,1,0,1,0,1,0,1,0,0,1
ZTF24abihuzi,0,1,0,1,0,1,0,1,0,0,1
ZTF24abihvgi,1,0,0,0,0,0,0,0,0,0,0
ZTF24abihwzh,0,0,1,1,0,1,0,1,0,1,0
ZTF24abihxql,0,1,0,0,1,1,0,1,0,1,0
ZTF24abihzun,0,1,0,1,0,0,1,1,0,1,0
ZTF24abiiabk,1,0,0,0,0,0,0,0,0,0,0
ZTF24abiiahf,0,1,0,1,0,0,1,1,0,1,0
ZTF24abiibso,0,1,0,1,0,1,0,1,0,0,1
ZTF24abiiepg,0,1,0,1,0,1,0,1,0,0,1
ZTF24abiieub,0,1,0,1,0,1,0,1,0,0,1
ZTF24abiifei,1,0,0,0,0,0,0,0,0,0,0
ZTF24abiighy,0,0,1,1,0,1,0,1,0,1,0
ZTF24abiigji,0,1,0,1,0,1,0,1,0,0,1
ZTF24abiigov,0,1,0,1,0,1,0,1,0,0,1
ZTF24abiigva,0,0,1,1,0,1,0,1,0,1,0
ZTF24abiihsz,0,0,1,1,0,1,0,1,0,1,0
ZTF24abiiiuh,0,1,0,1,0,1,0,0,1,1,0
ZTF24abiiiyf,0,1,0,0,1,1,0,1,0,1,0
ZTF24abiijcy,0,0,1,1,0,1,0,1,0,1,0
ZTF24abiikba,0,1,0,1,0,1,0,1,0,0,1
ZTF24abiiksg,1,0,0,0,0,0,0,0,0,0,0
ZTF24abiikzm,0,1,0,0,1,1,0,1,0,1,0
ZTF24abiilbk,0,1,0,1,0,1,0,1,0,0,1
ZTF24abiimsa,0,1,0,1,0,1,0,1,0,0,1
ZTF24abiinxu,0,0,1,1,0,1,0,1,0,1,0
ZTF24abiinyr,0,1,0,1,0,0,1,1,0,1,0
ZTF24abiipir,0,1,0,0,1,1,0,1,0,1,0
ZTF24abiipqg,1,0,0,0,0,0,0,0,0,0,0
ZTF24abiiqmx,1,0,0,0,0,0,0,0,0,0,0
ZTF24abiixhe,1,0,0,0,0,0,0,0,0,0,0
ZTF24abiixrb,0,1,0,1,0,1,0,1,0,0,1
ZTF24abiiyvw,0,1,0,1,0,1,0,1,0,0,1
ZTF24abijafw,0,1,0,1,0,1,0,0,1,1,0
ZTF24abijcdx,0,1,0,0,1,1,0,1,0,1,0
ZTF24abijgwh,0,1,0,1,0,0,1,1,0,1,0
ZTF24abikdmj,0,1,0,1,0,0,1,1,0,1,0
ZTF24abikscm,0,0,1,1,0,1,0,1,0,1,0
ZTF24abikstg,0,1,0,0,1,1,0,1,0,1,0
ZTF24abiksvk,0,0,1,1,0,1,0,1,0,1,0
ZTF24abikybo,1,0,0,0,0,0,0,0,0,0,0
ZTF24abilerw,0,1,0,1,0,0,1,1,0,1,0
ZTF24abiltvb,0,1,0,1,0,1,0,1,0,0,1
ZTF24abimmze,0,0,1,1,0,1,0,1,0,1,0
ZTF24abimnpm,0,0,1,1,0,1,0,1,0,1,0
ZTF24abimtdl,0,0,1,1,0,1,0,1,0,1,0
ZTF24abimzth,0,1,0,1,0,1,0,1,0,0,1
ZTF24abinama,0,0,1,1,0,1,0,1,0,1,0
ZTF24abinbgx,0,1,0,0,1,1,0,1,0,1,0
ZTF24abincya,1,0,0,0,0,0,0,0,0,0,0
ZTF24abindek,0,1,0,1,0,1,0,1,0,0,1
ZTF24abinhbc,0,1,0,1,0,1,0,1,0,0,1
ZTF24abinjdn,1,0,0,0,0,0,0,0,0,0,0
ZTF24abinjlk,1,0,0,0,0,0,0,0,0,0,0
ZTF24abinlkz,0,1,0,0,1,1,0,1,0,1,0
ZTF24abinmuf,0,1,0,1,0,1,0,0,1,1,0
ZTF24abinnjz,0,1,0,1,0,1,0,1,0,0,1
ZTF24abinxqu,0,1,0,1,0,1,0,1,0,0,1
ZTF24abinyst,0,0,1,1,0,1,0,1,0,1,0
ZTF24abinyya,0,1,0,0,1,1,0,1,0,1,0
ZTF24abiolkd,0,0,1,1,0,1,0,1,0,1,0
ZTF24abiopiy,1,0,0,0,0,0,0,0,0,0,0
ZTF24abiovti,1,0,0,0,0,0,0,0,0,0,0
ZTF24abiptsw,0,1,0,1,0,0,1,1,0,1,0
ZTF24abipxwv,1,0,0,0,0,0,0,0,0,0,0
ZTF24abipyia,0,1,0,1,0,0,1,1,0,1,0
ZTF24abipytc,0,1,0,0,1,1,0,1,0,1,0
ZTF24abiqjlw,0,1,0,1,0,0,1,1,0,1,0
ZTF24abirxnz,0,1,0,1,0,0,1,1,0,1,0
ZTF24abisbqg,0,1,0,1,0,0,1,1,0,1,0
ZTF24abislzl,0,1,0,1,0,1,0,1,0,0,1
ZTF24abityxo,1,0,0,0,0,0,0,0,0,0,0
ZTF24abitzlb,0,1,0,0,1,1,0,1,0,1,0
ZTF24abiuizp,0,1,0,0,1,1,0,1,0,1,0
ZTF24abiumhn,0,0,1,1,0,1,0,1,0,1,0
ZTF24abiuojq,0,1,0,0,1,1,0,1,0,1,0
ZTF24abivcdd,0,0,1,1,0,1,0,1,0,1,0
ZTF24abivkgx,0,0,1,1,0,1,0,1,0,1,0
ZTF24abiwsnm,0,1,0,1,0,1,0,0,1,1,0
ZTF24abiwssp,0,1,0,1,0,1,0,1,0,0,1
ZTF24abiwuca,1,0,0,0,0,0,0,0,0,0,0
ZTF24abiwuzl,1,0,0,0,0,0,0,0,0,0,0
ZTF24abixoin,0,0,1,1,0,1,0,1,0,1,0
ZTF24abixvae,0,0,1,1,0,1,0,1,0,1,0
ZTF24abixvyb,0,0,1,1,0,1,0,1,0,1,0
ZTF24abixzdk,0,0,1,1,0,1,0,1,0,1,0
ZTF24abiydie,0,1,0,1,0,1,0,1,0,0,1
ZTF24abiyjty,0,1,0,1,0,0,1,1,0,1,0
ZTF24abiyjws,0,1,0,0,1,1,0,1,0,1,0
ZTF24abiykzk,0,1,0,1,0,1,0,1,0,0,1
ZTF24abiyvvk,0,1,0,1,0,1,0,1,0,0,1
ZTF24abiyxye,0,1,0,1,0,1,0,0,1,1,0
ZTF24abizagi,0,0,1,1,0,1,0,1,0,1,0
ZTF24abizouc,1,0,0,0,0,0,0,0,0,0,0
ZTF24abizqut,0,1,0,0,1,1,0,1,0,1,0
ZTF24abizspq,0,1,0,0,1,1,0,1,0,1,0
ZTF24abizubg,0,0,1,1,0,1,0,1,0,1,0
ZTF24abizwme,1,0,0,0,0,0,0,0,0,0,0
ZTF24abizyga,1,0,0,0,0,0,0,0,0,0,0
ZTF24abjaeuw,0,0,1,1,0,1,0,1,0,1,0
ZTF24abjakdm,0,1,0,0,1,1,0,1,0,1,0
ZTF24abjanqa,0,0,1,1,0,1,0,1,0,1,0
ZTF24abjaqus,0,1,0,1,0,1,0,0,1,1,0
ZTF24abjarim,0,0,1,1,0,1,0,1,0,1,0
ZTF24abjcmby,0,1,0,1,0,1,0,0,1,1,0
ZTF24abjcrge,0,1,0,1,0,0,1,1,0,1,0
ZTF24abjczpg,0,1,0,1,0,1,0,1,0,0,1
ZTF24abjdahk,0,1,0,1,0,1,0,1,0,0,1
ZTF24abjdfnx,0,1,0,1,0,1,0,1,0,0,1
ZTF24abjdfwl,0,1,0,1,0,0,1,1,0,1,0
ZTF24abjdgpw,1,0,0,0,0,0,0,0,0,0,0
ZTF24abjdyma,0,1,0,1,0,1,0,1,0,0,1
ZTF24abjfblb,1,0,0,0,0,0,0,0,0,0,0
ZTF24abjfhjr,1,0,0,0,0,0,0,0,0,0,0
ZTF24abjfnih,0,1,0,1,0,1,0,0,1,1,0
ZTF24abjfuew,0,1,0,0,1,1,0,1,0,1,0
ZTF24abjfuhw,0,1,0,1,0,0,1,1,0,1,0
ZTF24abjfusl,1,0,0,0,0,0,0,0,0,0,0
ZTF24abjhwoa,0,1,0,1,0,1,0,1,0,0,1
ZTF24abjhzyi,0,1,0,1,0,1,0,0,1,1,0
ZTF24abjibqy,0,1,0,1,0,1,0,0,1,1,0
ZTF24abjihcm,0,1,0,1,0,0,1,1,0,1,0
ZTF24abjihzs,0,1,0,1,0,1,0,0,1,1,0
ZTF24abjimjj,0,1,0,1,0,0,1,1,0,1,0
ZTF24abjinjf,1,0,0,0,0,0,0,0,0,0,0
ZTF24abjiogp,0,1,0,0,1,1,0,1,0,1,0
ZTF24abjivrv,0,1,0,0,1,1,0,1,0,1,0
ZTF24abjkgdc,0,1,0,1,0,0,1,1,0,1,0
ZTF24abjklze,1,0,0,0,0,0,0,0,0,0,0
ZTF24abjlflk,0,1,0,1,0,1,0,0,1,1,0
ZTF24abjlhsb,0,1,0,1,0,0,1,1,0,1,0
ZTF24abjloyj,0,0,1,1,0,1,0,1,0,1,0
ZTF24abjlwiy,0,0,1,1,0,1,0,1,0,1,0
ZTF24abjlxqz,0,1,0,1,0,0,1,1,0,1,0
ZTF24abjmfht,0,0,1,1,0,1,0,1,0,1,0
ZTF24abjnlpw,0,0,1,1,0,1,0,1,0,1,0
ZTF24abjnvbt,0,1,0,1,0,0,1,1,0,1,0
ZTF24abjnyrf,0,0,1,1,0,1,0,1,0,1,0
ZTF24abjnyyw,1,0,0,0,0,0,0,0,0,0,0
ZTF24abjnzck,0,1,0,1,0,0,1,1,0,1,0
ZTF24abjptnu,0,0,1,1,0,1,0,1,0,1,0
ZTF24abjpxea,0,1,0,0,1,1,0,1,0,1,0
ZTF24abjqbpj,0,1,0,1,0,1,0,1,0,0,1
ZTF24abjqrvk,0,0,1,1,0,1,0,1,0,1,0
ZTF24abjqxnc,0,1,0,1,0,1,0,0,1,1,0
ZTF24abjrcrr,0,1,0,0,1,1,0,1,0,1,0
ZTF24abjrdxb,0,1,0,1,0,0,1,1,0,1,0
ZTF24abjsdsv,0,1,0,0,1,1,0,1,0,1,0
ZTF24abjsell,1,0,0,0,0,0,0,0,0,0,0
ZTF24abjurxw,1,0,0,0,0,0,0,0,0,0,0
ZTF24abjuvlf,0,0,1,1,0,1,0,1,0,1,0
ZTF24abjuvmf,0,0,1,1,0,1,0,1,0,1,0
ZTF24abjwthw,1,0,0,0,0,0,0,0,0,0,0
ZTF24abjxsvq,0,1,0,1,0,0,1,1,0,1,0
ZTF24abkaksu,0,1,0,0,1,1,0,1,0,1,0
ZTF24abkamut,0,1,0,1,0,1,0,0,1,1,0
ZTF24abkanvh,0,1,0,0,1,1,0,1,0,1,0
ZTF24abkauuv,0,1,0,1,0,1,0,1,0,0,1
ZTF24abkayhy,0,1,0,0,1,1,0,1,0,1,0
ZTF24abkbany,0,1,0,1,0,1,0,1,0,0,1
ZTF24abkbonv,1,0,0,0,0,0,0,0,0,0,0
ZTF24abkbrya,0,1,0,1,0,1,0,1,0,0,1
ZTF24abkbzpc,0,1,0,1,0,1,0,1,0,0,1
ZTF24abkcder,0,1,0,1,0,1,0,0,1,1,0
ZTF24abkcwlr,0,1,0,1,0,1,0,0,1,1,0
ZTF24abkcyrn,0,0,1,1,0,1,0,1,0,1,0
ZTF24abkcyyz,0,1,0,1,0,0,1,1,0,1,0
ZTF24abkcyzb,1,0,0,0,0,0,0,0,0,0,0
ZTF24abkdgld,1,0,0,0,0,0,0,0,0,0,0
ZTF24abkdjqd,0,1,0,1,0,0,1,1,0,1,0
ZTF24abkdnzl,0,1,0,1,0,0,1,1,0,1,0
ZTF24abkdrsk,0,1,0,1,0,0,1,1,0,1,0
ZTF24abkegqp,1,0,0,0,0,0,0,0,0,0,0
ZTF24abkeifs,0,1,0,1,0,0,1,1,0,1,0
ZTF24abkenqi,0,1,0,0,1,1,0,1,0,1,0
ZTF24abkfmfr,0,1,0,0,1,1,0,1,0,1,0
ZTF24abkgrck,0,1,0,1,0,1,0,1,0,0,1
ZTF24abkgvhk,1,0,0,0,0,0,0,0,0,0,0
ZTF24abkiblx,1,0,0,0,0,0,0,0,0,0,0
ZTF24abkiexn,0,1,0,0,1,1,0,1,0,1,0
ZTF24abkigwa,0,1,0,1,0,1,0,1,0,0,1
ZTF24abkjvcw,0,1,0,1,0,1,0,0,1,1,0
ZTF24abkjvpc,0,1,0,1,0,0,1,1,0,1,0
ZTF24abkjwjl,0,1,0,1,0,0,1,1,0,1,0
ZTF24abkkayv,0,1,0,1,0,0,1,1,0,1,0
ZTF24abkkbqj,0,1,0,1,0,1,0,0,1,1,0
ZTF24abkkcpq,0,1,0,1,0,1,0,0,1,1,0
ZTF24abkkcuy,0,1,0,1,0,1,0,1,0,0,1
ZTF24abkkefr,0,1,0,1,0,1,0,0,1,1,0
ZTF24abkkego,0,1,0,1,0,1,0,1,0,0,1
ZTF24abkkhbu,0,1,0,1,0,1,0,0,1,1,0
ZTF24abkklly,0,1,0,1,0,1,0,0,1,1,0
ZTF24abkklzc,0,1,0,1,0,1,0,1,0,0,1
ZTF24abkkmvu,0,0,1,1,0,1,0,1,0,1,0
ZTF24abkkney,0,1,0,1,0,0,1,1,0,1,0
ZTF24abkkntz,0,0,1,1,0,1,0,1,0,1,0
ZTF24abkkqew,0,0,1,1,0,1,0,1,0,1,0
ZTF24abkktst,1,0,0,0,0,0,0,0,0,0,0
ZTF24abkkwcf,0,1,0,0,1,1,0,1,0,1,0
ZTF24abkkwls,0,1,0,0,1,1,0,1,0,1,0
ZTF24abkkylj,0,1,0,1,0,1,0,1,0,0,1
ZTF24abkkytk,0,0,1,1,0,1,0,1,0,1,0
ZTF24abklezc,1,0,0,0,0,0,0,0,0,0,0
ZTF24abklffr,0,0,1,1,0,1,0,1,0,1,0
ZTF24abklinf,0,1,0,1,0,1,0,1,0,0,1
ZTF24abkljjx,0,0,1,1,0,1,0,1,0,1,0
ZTF24abkmamp,0,1,0,1,0,1,0,1,0,0,1
ZTF24abkmcwj,0,1,0,1,0,1,0,0,1,1,0
ZTF24abkmlip,0,1,0,1,0,1,0,0,1,1,0
ZTF24abkmoid,1,0,0,0,0,0,0,0,0,0,0
ZTF24abknpaq,1,0,0,0,0,0,0,0,0,0,0
ZTF24abknwzh,0,1,0,1,0,0,1,1,0,1,0
ZTF24abkrkyb,0,1,0,0,1,1,0,1,0,1,0
ZTF24abkrlwo,0,1,0,1,0,0,1,1,0,1,0
ZTF24abkrxba,0,1,0,1,0,1,0,0,1,1,0
ZTF24abksqnf,0,1,0,0,1,1,0,1,0,1,0
ZTF24abksxna,0,1,0,0,1,1,0,1,0,1,0
ZTF24abktczk,0,0,1,1,0,1,0,1,0,1,0
ZTF24abktlhw,0,1,0,1,0,1,0,1,0,0,1
ZTF24abktplc,0,0,1,1,0,1,0,1,0,1,0
ZTF24abkubkr,0,0,1,1,0,1,0,1,0,1,0
ZTF24abkunht,1,0,0,0,0,0,0,0,0,0,0
ZTF24abkupqf,0,1,0,1,0,0,1,1,0,1,0
ZTF24abkwbxi,0,0,1,1,0,1,0,1,0,1,0
ZTF24abkwtxd,0,1,0,1,0,1,0,1,0,0,1
ZTF24abkwyft,1,0,0,0,0,0,0,0,0,0,0
ZTF24abkxlic,0,1,0,1,0,0,1,1,0,1,0
ZTF24abkxznu,0,1,0,1,0,1,0,0,1,1,0
ZTF24abkyfiz,1,0,0,0,0,0,0,0,0,0,0
ZTF24abkynub,0,0,1,1,0,1,0,1,0,1,0
ZTF24ableoob,0,1,0,1,0,0,1,1,0,1,0
ZTF24ableslr,0,0,1,1,0,1,0,1,0,1,0
ZTF24ableufc,0,0,1,1,0,1,0,1,0,1,0
ZTF24ablfjnk,0,0,1,1,0,1,0,1,0,1,0
ZTF24ablfkdp,0,1,0,0,1,1,0,1,0,1,0
ZTF24ablflcx,0,0,1,1,0,1,0,1,0,1,0
ZTF24ablflun,1,0,0,0,0,0,0,0,0,0,0
ZTF24ablflur,0,1,0,0,1,1,0,1,0,1,0
ZTF24ablfmuh,0,1,0,1,0,1,0,1,0,0,1
ZTF24ablfqye,1,0,0,0,0,0,0,0,0,0,0
ZTF24ablfrqn,0,1,0,1,0,1,0,1,0,0,1
ZTF24ablfshg,1,0,0,0,0,0,0,0,0,0,0
ZTF24ablfujv,1,0,0,0,0,0,0,0,0,0,0
ZTF24ablfyfu,0,1,0,1,0,0,1,1,0,1,0
ZTF24ablfyhk,1,0,0,0,0,0,0,0,0,0,0
ZTF24ablfznc,0,1,0,1,0,1,0,0,1,1,0
ZTF24ablgaga,0,0,1,1,0,1,0,1,0,1,0
ZTF24ablgasd,0,1,0,1,0,1,0,0,1,1,0
ZTF24ablgcwp,0,1,0,1,0,0,1,1,0,1,0
ZTF24ablgdax,0,1,0,0,1,1,0,1,0,1,0
ZTF24ablgdym,0,0,1,1,0,1,0,1,0,1,0
ZTF24ablgfbz,0,0,1,1,0,1,0,1,0,1,0
ZTF24ablgfqn,0,1,0,1,0,1,0,0,1,1,0
ZTF24ablgjvz,0,0,1,1,0,1,0,1,0,1,0
ZTF24ablglml,0,1,0,1,0,1,0,1,0,0,1
ZTF24ablgnlm,0,1,0,1,0,0,1,1,0,1,0
ZTF24ablhsco,1,0,0,0,0,0,0,0,0,0,0
ZTF24ablhsrx,0,0,1,1,0,1,0,1,0,1,0
ZTF24ablhyir,1,0,0,0,0,0,0,0,0,0,0
ZTF24ablipds,0,1,0,1,0,0,1,1,0,1,0
ZTF24abljgfu,1,0,0,0,0,0,0,0,0,0,0
ZTF24abljiit,0,1,0,1,0,0,1,1,0,1,0
ZTF24abljlca,0,1,0,1,0,1,0,0,1,1,0
ZTF24abljmgf,0,1,0,1,0,1,0,1,0,0,1
ZTF24abljppz,1,0,0,0,0,0,0,0,0,0,0
ZTF24ablkeoh,0,0,1,1,0,1,0,1,0,1,0
ZTF24ablkerb,1,0,0,0,0,0,0,0,0,0,0
ZTF24ablkgwk,0,1,0,1,0,0,1,1,0,1,0
ZTF24ablkmbz,0,1,0,0,1,1,0,1,0,1,0
ZTF24ablkmlf,0,1,0,0,1,1,0,1,0,1,0
ZTF24ablknkm,0,1,0,0,1,1,0,1,0,1,0
ZTF24ablkoli,0,1,0,1,0,1,0,0,1,1,0
ZTF24ablkpzt,1,0,0,0,0,0,0,0,0,0,0
ZTF24ablkqwu,1,0,0,0,0,0,0,0,0,0,0
ZTF24ablkvhz,1,0,0,0,0,0,0,0,0,0,0
ZTF24ablkvjn,1,0,0,0,0,0,0,0,0,0,0
ZTF24ablkvvn,0,1,0,1,0,1,0,0,1,1,0
ZTF24ablkvzt,1,0,0,0,0,0,0,0,0,0,0
ZTF24ablkwit,1,0,0,0,0,0,0,0,0,0,0
ZTF24ablkxcw,0,1,0,1,0,0,1,1,0,1,0
ZTF24ablkzta,0,1,0,1,0,0,1,1,0,1,0
ZTF24abllcko,1,0,0,0,0,0,0,0,0,0,0
ZTF24abllcml,0,1,0,1,0,1,0,0,1,1,0
ZTF24ablleez,0,1,0,1,0,1,0,1,0,0,1
ZTF24ablleoq,0,1,0,1,0,0,1,1,0,1,0
ZTF24abllesy,0,1,0,0,1,1,0,1,0,1,0
ZTF24ablmkjp,0,0,1,1,0,1,0,1,0,1,0
ZTF24ablmtto,0,1,0,1,0,1,0,0,1,1,0
ZTF24ablmzzi,1,0,0,0,0,0,0,0,0,0,0
ZTF24ablnexm,1,0,0,0,0,0,0,0,0,0,0
ZTF24ablngaq,1,0,0,0,0,0,0,0,0,0,0
ZTF24ablngsa,1,0,0,0,0,0,0,0,0,0,0
ZTF24ablnmez,1,0,0,0,0,0,0,0,0,0,0
ZTF24ablnmlk,0,1,0,1,0,1,0,0,1,1,0
ZTF24ablnpfm,0,1,0,1,0,0,1,1,0,1,0
ZTF24ablnplh,0,1,0,1,0,1,0,0,1,1,0
ZTF24ablntoj,1,0,0,0,0,0,0,0,0,0,0
ZTF24abloann,0,1,0,0,1,1,0,1,0,1,0
ZTF24abloatb,1,0,0,0,0,0,0,0,0,0,0
ZTF24abloavr,0,1,0,0,1,1,0,1,0,1,0
ZTF24ablofbd,0,0,1,1,0,1,0,1,0,1,0
ZTF24ablohnx,1,0,0,0,0,0,0,0,0,0,0
ZTF24ablokpr,0,0,1,1,0,1,0,1,0,1,0
ZTF24ablooju,1,0,0,0,0,0,0,0,0,0,0
ZTF24ablozhf,0,1,0,1,0,1,0,1,0,0,1
ZTF24ablozqg,0,1,0,1,0,1,0,1,0,0,1
ZTF24ablozwz,0,1,0,0,1,1,0,1,0,1,0
ZTF24ablpekx,0,1,0,0,1,1,0,1,0,1,0
ZTF24ablphkn,0,1,0,1,0,1,0,0,1,1,0
ZTF24ablpjgq,1,0,0,0,0,0,0,0,0,0,0
ZTF24ablpojh,0,1,0,1,0,1,0,0,1,1,0
ZTF24ablqead,1,0,0,0,0,0,0,0,0,0,0
ZTF24ablrntc,0,0,1,1,0,1,0,1,0,1,0
ZTF24ablroer,0,1,0,1,0,1,0,1,0,0,1
ZTF24ablrqbf,0,1,0,1,0,1,0,0,1,1,0
ZTF24ablrsya,0,1,0,1,0,1,0,0,1,1,0
ZTF24ablrtvu,1,0,0,0,0,0,0,0,0,0,0
ZTF24ablryzb,0,0,1,1,0,1,0,1,0,1,0
ZTF24ablsajd,0,1,0,0,1,1,0,1,0,1,0
ZTF24ablsdwk,0,1,0,1,0,0,1,1,0,1,0
ZTF24ablsknd,0,1,0,1,0,0,1,1,0,1,0
ZTF24ablsnly,0,1,0,1,0,0,1,1,0,1,0
ZTF24ablsrxa,0,0,1,1,0,1,0,1,0,1,0
ZTF24ablssfw,1,0,0,0,0,0,0,0,0,0,0
ZTF24ablsyyj,0,1,0,0,1,1,0,1,0,1,0
ZTF24abltdnn,0,1,0,1,0,0,1,1,0,1,0
ZTF24abltieo,0,1,0,1,0,1,0,0,1,1,0
ZTF24abltxrh,0,1,0,1,0,1,0,0,1,1,0
ZTF24abltxth,0,1,0,0,1,1,0,1,0,1,0
ZTF24ablucio,1,0,0,0,0,0,0,0,0,0,0
ZTF24abluhat,0,1,0,1,0,1,0,0,1,1,0
ZTF24abluhgj,0,1,0,0,1,1,0,1,0,1,0
ZTF24abluhpp,1,0,0,0,0,0,0,0,0,0,0
ZTF24abluhqv,0,1,0,0,1,1,0,1,0,1,0
ZTF24abluhsy,0,1,0,1,0,1,0,0,1,1,0
ZTF24abluiau,0,1,0,1,0,0,1,1,0,1,0
ZTF24abluivz,0,1,0,1,0,0,1,1,0,1,0
ZTF24ablujja,0,1,0,1,0,1,0,0,1,1,0
ZTF24ablujma,1,0,0,0,0,0,0,0,0,0,0
ZTF24ablujmp,0,1,0,1,0,1,0,0,1,1,0
ZTF24abluoht,0,1,0,1,0,1,0,1,0,0,1
ZTF24abluybf,0,1,0,0,1,1,0,1,0,1,0
ZTF24abluyoy,0,0,1,1,0,1,0,1,0,1,0
ZTF24abluyre,0,1,0,0,1,1,0,1,0,1,0
ZTF24abluzge,0,1,0,0,1,1,0,1,0,1,0
ZTF24ablvbgb,0,1,0,1,0,1,0,1,0,0,1
ZTF24ablvfpw,0,1,0,1,0,1,0,1,0,0,1
ZTF24ablvlvy,0,1,0,1,0,1,0,1,0,0,1
ZTF24ablvrxa,0,1,0,1,0,1,0,1,0,0,1
ZTF24ablvstm,1,0,0,0,0,0,0,0,0,0,0
ZTF24ablxait,1,0,0,0,0,0,0,0,0,0,0
ZTF24ablxcdq,1,0,0,0,0,0,0,0,0,0,0
ZTF24ablxivt,1,0,0,0,0,0,0,0,0,0,0
ZTF24ablycdk,1,0,0,0,0,0,0,0,0,0,0
ZTF24ablypqy,0,1,0,1,0,0,1,1,0,1,0
ZTF24ablyqrw,0,1,0,1,0,0,1,1,0,1,0
ZTF24ablyrkg,0,1,0,1,0,0,1,1,0,1,0
ZTF24ablyxkp,0,0,1,1,0,1,0,1,0,1,0
ZTF24ablyxmn,0,0,1,1,0,1,0,1,0,1,0
ZTF24ablyyik,0,0,1,1,0,1,0,1,0,1,0
ZTF24ablzbhm,0,1,0,1,0,1,0,1,0,0,1
ZTF24ablzdlw,0,1,0,0,1,1,0,1,0,1,0
ZTF24ablzltr,0,1,0,1,0,0,1,1,0,1,0
ZTF24ablzrea,0,1,0,0,1,1,0,1,0,1,0
ZTF24abmaplm,0,1,0,1,0,0,1,1,0,1,0
ZTF24abmblhk,1,0,0,0,0,0,0,0,0,0,0
ZTF24abmbpiq,0,1,0,0,1,1,0,1,0,1,0
ZTF24abmbpwa,0,1,0,1,0,1,0,1,0,0,1
ZTF24abmdebl,0,1,0,0,1,1,0,1,0,1,0
ZTF24abmdmgz,0,1,0,1,0,0,1,1,0,1,0
ZTF24abmecim,1,0,0,0,0,0,0,0,0,0,0
ZTF24abmehce,0,1,0,1,0,1,0,1,0,0,1
ZTF24abmeyrl,0,1,0,1,0,1,0,1,0,0,1
ZTF24abmezbd,0,1,0,0,1,1,0,1,0,1,0
ZTF24abmezgd,1,0,0,0,0,0,0,0,0,0,0
ZTF24abmfauy,1,0,0,0,0,0,0,0,0,0,0
ZTF24abmfcvu,0,1,0,1,0,0,1,1,0,1,0
ZTF24abmfemn,0,1,0,1,0,0,1,1,0,1,0
ZTF24abmffvh,0,1,0,0,1,1,0,1,0,1,0
ZTF24abmfgxy,0,1,0,1,0,0,1,1,0,1,0
ZTF24abmfhws,1,0,0,0,0,0,0,0,0,0,0
ZTF24abmfiql,0,1,0,0,1,1,0,1,0,1,0
ZTF24abmhrjk,0,1,0,0,1,1,0,1,0,1,0
ZTF24abmjqzf,0,0,1,1,0,1,0,1,0,1,0
ZTF24abmkdnc,1,0,0,0,0,0,0,0,0,0,0
ZTF24abmkfuz,0,1,0,1,0,0,1,1,0,1,0
ZTF24abmkrgk,0,1,0,1,0,1,0,0,1,1,0
ZTF24abmkros,0,0,1,1,0,1,0,1,0,1,0
ZTF24abmkruw,0,1,0,1,0,1,0,1,0,0,1
ZTF24abmksdo,0,1,0,1,0,1,0,1,0,0,1
ZTF24abmkseg,0,1,0,1,0,1,0,1,0,0,1
ZTF24abmktku,0,1,0,1,0,1,0,1,0,0,1
ZTF24abmldzc,0,1,0,1,0,0,1,1,0,1,0
ZTF24abmllgk,0,1,0,1,0,1,0,0,1,1,0
ZTF24abmlnnv,0,1,0,0,1,1,0,1,0,1,0
ZTF24abmlvew,1,0,0,0,0,0,0,0,0,0,0
ZTF24abmlvxh,1,0,0,0,0,0,0,0,0,0,0
ZTF24abmmavi,0,0,1,1,0,1,0,1,0,1,0
ZTF24abmmjry,0,1,0,1,0,1,0,0,1,1,0
ZTF24abmmstm,0,1,0,1,0,0,1,1,0,1,0
ZTF24abmnjdc,0,1,0,1,0,1,0,1,0,0,1
ZTF24abmovph,0,1,0,1,0,1,0,0,1,1,0
ZTF24abmpzmg,1,0,0,0,0,0,0,0,0,0,0
ZTF24abmqdca,1,0,0,0,0,0,0,0,0,0,0
ZTF24abmqran,0,1,0,1,0,1,0,0,1,1,0
ZTF24abmqrts,0,1,0,0,1,1,0,1,0,1,0
ZTF24abmquim,0,1,0,0,1,1,0,1,0,1,0
ZTF24abmqwjo,0,0,1,1,0,1,0,1,0,1,0
ZTF24abmqxki,0,1,0,1,0,1,0,1,0,0,1
ZTF24abmscnf,1,0,0,0,0,0,0,0,0,0,0
ZTF24abmsqaz,0,1,0,1,0,1,0,1,0,0,1
ZTF24abmsqmq,0,1,0,1,0,0,1,1,0,1,0
ZTF24abmsukb,0,1,0,1,0,1,0,1,0,0,1
ZTF24abmsvda,0,1,0,1,0,0,1,1,0,1,0
ZTF24abmufwg,1,0,0,0,0,0,0,0,0,0,0
ZTF24abmugqo,0,1,0,0,1,1,0,1,0,1,0
ZTF24abmuhbu,0,0,1,1,0,1,0,1,0,1,0
ZTF24abmumbg,0,0,1,1,0,1,0,1,0,1,0
ZTF24abmumeh,0,1,0,1,0,1,0,0,1,1,0
ZTF24abmummp,0,1,0,0,1,1,0,1,0,1,0
ZTF24abmuold,0,1,0,1,0,1,0,1,0,0,1
ZTF24abmuwqd,0,1,0,1,0,1,0,1,0,0,1
ZTF24abmxzcu,0,1,0,0,1,1,0,1,0,1,0
ZTF24abmyogn,1,0,0,0,0,0,0,0,0,0,0
ZTF24abmyoit,0,1,0,0,1,1,0,1,0,1,0
ZTF24abmyong,0,1,0,1,0,1,0,0,1,1,0
ZTF24abmyoph,0,0,1,1,0,1,0,1,0,1,0
ZTF24abmyoun,0,1,0,1,0,1,0,0,1,1,0
ZTF24abmypje,0,1,0,1,0,1,0,0,1,1,0
ZTF24abmyttk,0,0,1,1,0,1,0,1,0,1,0
ZTF24abmzbym,0,1,0,0,1,1,0,1,0,1,0
ZTF24abnaado,1,0,0,0,0,0,0,0,0,0,0
ZTF24abnabck,0,1,0,1,0,1,0,1,0,0,1
ZTF24abnafgr,0,1,0,1,0,0,1,1,0,1,0
ZTF24abnafkr,0,1,0,1,0,1,0,1,0,0,1
ZTF24abnajxt,1,0,0,0,0,0,0,0,0,0,0
ZTF24abnapky,0,0,1,1,0,1,0,1,0,1,0
ZTF24abnbcpd,0,0,1,1,0,1,0,1,0,1,0
ZTF24abneqze,0,1,0,1,0,1,0,0,1,1,0
ZTF24abnfjob,0,1,0,1,0,1,0,0,1,1,0
ZTF24abnfnyw,1,0,0,0,0,0,0,0,0,0,0
ZTF24abnfuyr,0,1,0,1,0,1,0,1,0,0,1
ZTF24abngizr,0,0,1,1,0,1,0,1,0,1,0
ZTF24abngpuc,0,0,1,1,0,1,0,1,0,1,0
ZTF24abnjcgt,1,0,0,0,0,0,0,0,0,0,0
ZTF24abnjxll,0,1,0,1,0,1,0,1,0,0,1
ZTF24abnmchs,1,0,0,0,0,0,0,0,0,0,0
ZTF24abnoldv,0,1,0,1,0,1,0,1,0,0,1
ZTF24abnpdky,0,1,0,1,0,0,1,1,0,1,0
ZTF24abnpdmk,0,1,0,1,0,1,0,1,0,0,1
ZTF24abnpekj,0,1,0,1,0,0,1,1,0,1,0
ZTF24abnpelc,0,1,0,1,0,1,0,0,1,1,0
ZTF24abnpiop,0,1,0,1,0,0,1,1,0,1,0
ZTF24abnppal,1,0,0,0,0,0,0,0,0,0,0
ZTF24abnppsj,0,1,0,1,0,1,0,0,1,1,0
ZTF24abnpslz,0,1,0,1,0,1,0,0,1,1,0
ZTF24abnpwcx,0,1,0,1,0,0,1,1,0,1,0
ZTF24abnqnpw,0,1,0,0,1,1,0,1,0,1,0
ZTF24abnqqmr,0,1,0,0,1,1,0,1,0,1,0
ZTF24abnrdua,1,0,0,0,0,0,0,0,0,0,0
ZTF24abnregl,0,1,0,1,0,0,1,1,0,1,0
ZTF24abnrufq,1,0,0,0,0,0,0,0,0,0,0
ZTF24abnsaax,0,1,0,1,0,1,0,1,0,0,1
ZTF24abnsght,0,1,0,1,0,0,1,1,0,1,0
ZTF24abnsgyi,0,1,0,0,1,1,0,1,0,1,0
ZTF24abnsgzr,0,1,0,1,0,1,0,0,1,1,0
ZTF24abnshco,0,1,0,0,1,1,0,1,0,1,0
ZTF24abnshyt,0,0,1,1,0,1,0,1,0,1,0
ZTF24abnsjoq,0,0,1,1,0,1,0,1,0,1,0
ZTF24abnsndl,0,1,0,1,0,0,1,1,0,1,0
ZTF24abnsndr,0,1,0,1,0,1,0,1,0,0,1
ZTF24abnsnqv,1,0,0,0,0,0,0,0,0,0,0
ZTF24abntcca,0,1,0,1,0,0,1,1,0,1,0
ZTF24abntfcc,0,1,0,1,0,1,0,0,1,1,0
ZTF24abnthqf,1,0,0,0,0,0,0,0,0,0,0
ZTF24abntkpa,0,1,0,1,0,1,0,1,0,0,1
ZTF24abntmja,0,1,0,1,0,0,1,1,0,1,0
ZTF24abntsaw,0,1,0,0,1,1,0,1,0,1,0
ZTF24abnuaus,0,1,0,1,0,0,1,1,0,1,0
ZTF24abnucbu,0,1,0,1,0,0,1,1,0,1,0
ZTF24abnvoty,0,1,0,1,0,1,0,0,1,1,0
ZTF24abnwnqs,0,1,0,1,0,1,0,1,0,0,1
ZTF24abnxfrq,0,0,1,1,0,1,0,1,0,1,0
ZTF24abnxpkm,1,0,0,0,0,0,0,0,0,0,0
ZTF24abnxrvh,0,1,0,1,0,0,1,1,0,1,0
ZTF24abnxwtu,1,0,0,0,0,0,0,0,0,0,0
ZTF24abnxwvi,0,1,0,1,0,1,0,0,1,1,0
ZTF24abnxxtr,0,1,0,0,1,1,0,1,0,1,0
ZTF24abnxzlj,0,1,0,1,0,0,1,1,0,1,0
ZTF24abnyans,0,1,0,1,0,1,0,0,1,1,0
ZTF24abnyauj,0,1,0,1,0,1,0,1,0,0,1
ZTF24abnyirw,0,1,0,1,0,1,0,1,0,0,1
ZTF24abnyoun,0,1,0,0,1,1,0,1,0,1,0
ZTF24abnyplv,0,0,1,1,0,1,0,1,0,1,0
ZTF24abnypyh,0,1,0,0,1,1,0,1,0,1,0
ZTF24abnyrsx,0,1,0,1,0,0,1,1,0,1,0
ZTF24abnyruv,0,1,0,1,0,1,0,1,0,0,1
ZTF24abnytmr,0,1,0,1,0,1,0,0,1,1,0
ZTF24abnytzz,1,0,0,0,0,0,0,0,0,0,0
ZTF24abnywbg,0,1,0,1,0,0,1,1,0,1,0
ZTF24abnywtw,1,0,0,0,0,0,0,0,0,0,0
ZTF24abnyycd,0,1,0,1,0,0,1,1,0,1,0
ZTF24abnyyfe,0,1,0,1,0,1,0,1,0,0,1
ZTF24abnyzkq,0,1,0,1,0,1,0,0,1,1,0
ZTF24abnzbso,0,1,0,0,1,1,0,1,0,1,0
ZTF24abnzedo,0,1,0,1,0,1,0,1,0,0,1
ZTF24abnztcd,0,0,1,1,0,1,0,1,0,1,0
ZTF24abnztph,0,1,0,0,1,1,0,1,0,1,0
ZTF24abnzvha,0,1,0,1,0,1,0,1,0,0,1
ZTF24abnzydd,0,1,0,0,1,1,0,1,0,1,0
ZTF24aboaeip,0,1,0,0,1,1,0,1,0,1,0
ZTF24aboakqo,0,1,0,1,0,1,0,1,0,0,1
ZTF24aboausi,0,0,1,1,0,1,0,1,0,1,0
ZTF24aboawrf,0,1,0,1,0,1,0,1,0,0,1
ZTF24abobfow,1,0,0,0,0,0,0,0,0,0,0
ZTF24abobgca,0,1,0,0,1,1,0,1,0,1,0
ZTF24abobuji,0,1,0,1,0,0,1,1,0,1,0
ZTF24abocnko,0,1,0,1,0,1,0,0,1,1,0
ZTF24abocnoi,0,1,0,1,0,1,0,1,0,0,1
ZTF24abocwde,0,1,0,1,0,1,0,0,1,1,0
ZTF24abodpkx,0,0,1,1,0,1,0,1,0,1,0
ZTF24abodret,0,1,0,1,0,1,0,1,0,0,1
ZTF24abodvbz,0,1,0,1,0,1,0,1,0,0,1
ZTF24abodysq,0,1,0,1,0,1,0,0,1,1,0
ZTF24aboefhq,0,1,0,0,1,1,0,1,0,1,0
ZTF24aboeiao,0,1,0,1,0,1,0,1,0,0,1
ZTF24aboeilj,0,0,1,1,0,1,0,1,0,1,0
ZTF24aboelkg,1,0,0,0,0,0,0,0,0,0,0
ZTF24aboemrx,1,0,0,0,0,0,0,0,0,0,0
ZTF24aboezkc,0,1,0,1,0,1,0,1,0,0,1
ZTF24abofcaj,1,0,0,0,0,0,0,0,0,0,0
ZTF24abofcbv,1,0,0,0,0,0,0,0,0,0,0
ZTF24abofewn,0,0,1,1,0,1,0,1,0,1,0
ZTF24abofhwg,0,0,1,1,0,1,0,1,0,1,0
ZTF24abofsxa,0,1,0,1,0,1,0,0,1,1,0
ZTF24abofwmj,0,1,0,0,1,1,0,1,0,1,0
ZTF24abofwql,0,0,1,1,0,1,0,1,0,1,0
ZTF24abofxtj,0,1,0,1,0,1,0,1,0,0,1
ZTF24abogfen,0,1,0,1,0,1,0,1,0,0,1
ZTF24abogfzd,0,0,1,1,0,1,0,1,0,1,0
ZTF24abogien,0,1,0,0,1,1,0,1,0,1,0
ZTF24abognnv,0,1,0,1,0,1,0,1,0,0,1
ZTF24abogqfo,1,0,0,0,0,0,0,0,0,0,0
ZTF24abogweb,0,1,0,1,0,0,1,1,0,1,0
ZTF24aboheoh,0,1,0,1,0,0,1,1,0,1,0
ZTF24abohqwt,0,1,0,1,0,1,0,1,0,0,1
ZTF24abohvte,0,1,0,0,1,1,0,1,0,1,0
ZTF24aboihqy,0,1,0,0,1,1,0,1,0,1,0
ZTF24aboiisq,0,1,0,0,1,1,0,1,0,1,0
ZTF24aboinfr,1,0,0,0,0,0,0,0,0,0,0
ZTF24aboivqg,0,1,0,1,0,1,0,0,1,1,0
ZTF24aboiyai,0,1,0,1,0,0,1,1,0,1,0
ZTF24abojabp,1,0,0,0,0,0,0,0,0,0,0
ZTF24abojdmz,0,0,1,1,0,1,0,1,0,1,0
ZTF24abojiiz,0,1,0,0,1,1,0,1,0,1,0
ZTF24abojikx,0,1,0,1,0,0,1,1,0,1,0
ZTF24abojqpw,1,0,0,0,0,0,0,0,0,0,0
ZTF24abojqxo,0,1,0,1,0,1,0,1,0,0,1
ZTF24abojycn,0,0,1,1,0,1,0,1,0,1,0
ZTF24abojywb,0,1,0,1,0,0,1,1,0,1,0
ZTF24abokcrd,1,0,0,0,0,0,0,0,0,0,0
ZTF24abokdaj,1,0,0,0,0,0,0,0,0,0,0
ZTF24abokdca,0,1,0,0,1,1,0,1,0,1,0
ZTF24abokdhw,1,0,0,0,0,0,0,0,0,0,0
ZTF24abokdnf,0,0,1,1,0,1,0,1,0,1,0
ZTF24abokgyn,0,1,0,0,1,1,0,1,0,1,0
ZTF24abokpyn,0,0,1,1,0,1,0,1,0,1,0
ZTF24abokzab,0,1,0,1,0,1,0,1,0,0,1
ZTF24aboldby,0,1,0,0,1,1,0,1,0,1,0
ZTF24aboldee,1,0,0,0,0,0,0,0,0,0,0
ZTF24aboljcf,0,1,0,1,0,0,1,1,0,1,0
ZTF24abolyxg,0,1,0,1,0,0,1,1,0,1,0
ZTF24abonrde,0,1,0,0,1,1,0,1,0,1,0
ZTF24aboocoy,0,1,0,0,1,1,0,1,0,1,0
ZTF24aboofuy,0,1,0,1,0,0,1,1,0,1,0
ZTF24aboohjs,0,1,0,0,1,1,0,1,0,1,0
ZTF24abookyi,0,1,0,1,0,0,1,1,0,1,0
ZTF24aboqfdy,0,1,0,1,0,1,0,0,1,1,0
ZTF24aboqltp,0,1,0,1,0,0,1,1,0,1,0
ZTF24aboqsxx,0,1,0,1,0,1,0,1,0,0,1
ZTF24aboshbi,0,1,0,1,0,0,1,1,0,1,0
ZTF24abotjlo,0,1,0,1,0,1,0,1,0,0,1
ZTF24abotjza,0,0,1,1,0,1,0,1,0,1,0
ZTF24abotkkc,0,1,0,1,0,1,0,1,0,0,1
ZTF24abotlnq,1,0,0,0,0,0,0,0,0,0,0
ZTF24abottme,0,1,0,1,0,0,1,1,0,1,0
ZTF24abotxle,0,1,0,1,0,0,1,1,0,1,0
ZTF24abouekz,1,0,0,0,0,0,0,0,0,0,0
ZTF24aboukdf,0,1,0,1,0,1,0,0,1,1,0
ZTF24aboukmj,0,0,1,1,0,1,0,1,0,1,0
ZTF24abouksy,0,1,0,0,1,1,0,1,0,1,0
ZTF24aboukuf,0,0,1,1,0,1,0,1,0,1,0
ZTF24abouyal,0,1,0,0,1,1,0,1,0,1,0
ZTF24abowptn,0,0,1,1,0,1,0,1,0,1,0
ZTF24aboxgtb,1,0,0,0,0,0,0,0,0,0,0
ZTF24aboxugg,0,1,0,1,0,0,1,1,0,1,0
ZTF24aboyicq,0,1,0,1,0,1,0,1,0,0,1
ZTF24aboykug,0,0,1,1,0,1,0,1,0,1,0
ZTF24abozaua,0,1,0,1,0,1,0,1,0,0,1
ZTF24abozgbp,1,0,0,0,0,0,0,0,0,0,0
ZTF24abozrgf,0,0,1,1,0,1,0,1,0,1,0
ZTF24abozrrj,0,1,0,1,0,0,1,1,0,1,0
ZTF24abpaagj,0,1,0,0,1,1,0,1,0,1,0
ZTF24abpaxjp,0,1,0,1,0,0,1,1,0,1,0
ZTF24abpbhvy,0,1,0,1,0,0,1,1,0,1,0
ZTF24abpbius,0,1,0,1,0,1,0,0,1,1,0
ZTF24abpbiwj,1,0,0,0,0,0,0,0,0,0,0
ZTF24abpbiwo,0,0,1,1,0,1,0,1,0,1,0
ZTF24abpbiwu,0,1,0,1,0,1,0,1,0,0,1
ZTF24abpdtkf,0,1,0,1,0,1,0,1,0,0,1
ZTF24abpfxtc,0,1,0,1,0,0,1,1,0,1,0
ZTF24abphheh,1,0,0,0,0,0,0,0,0,0,0
ZTF24abpiomq,0,1,0,1,0,1,0,1,0,0,1
ZTF24abpjlto,0,1,0,1,0,0,1,1,0,1,0
ZTF24abpooja,0,1,0,1,0,0,1,1,0,1,0
ZTF24abpoqxi,0,0,1,1,0,1,0,1,0,1,0
ZTF24abpowdn,0,1,0,1,0,1,0,0,1,1,0
ZTF24abpqerw,0,1,0,1,0,1,0,0,1,1,0
ZTF24abpqeun,0,1,0,1,0,0,1,1,0,1,0
ZTF24abpqghw,0,1,0,1,0,0,1,1,0,1,0
ZTF24abpqgsf,0,1,0,0,1,1,0,1,0,1,0
ZTF24abpqhjo,0,1,0,1,0,1,0,0,1,1,0
ZTF24abprezh,1,0,0,0,0,0,0,0,0,0,0
ZTF24abprfmk,0,1,0,0,1,1,0,1,0,1,0
ZTF24abprgaj,0,1,0,1,0,1,0,0,1,1,0
ZTF24abprheu,0,1,0,0,1,1,0,1,0,1,0
ZTF24abprmky,0,1,0,1,0,1,0,0,1,1,0
ZTF24abprrom,0,1,0,1,0,1,0,1,0,0,1
ZTF24abprrsk,0,1,0,0,1,1,0,1,0,1,0
ZTF24abpruda,0,1,0,1,0,1,0,0,1,1,0
ZTF24abptosc,0,1,0,0,1,1,0,1,0,1,0
ZTF24abptqdc,1,0,0,0,0,0,0,0,0,0,0
ZTF24abpttlq,0,0,1,1,0,1,0,1,0,1,0
ZTF24abpuatr,0,1,0,1,0,1,0,0,1,1,0
ZTF24abpusqp,1,0,0,0,0,0,0,0,0,0,0
ZTF24abpuzcc,0,1,0,0,1,1,0,1,0,1,0
ZTF24abpvane,0,1,0,1,0,0,1,1,0,1,0
ZTF24abpveav,0,1,0,1,0,1,0,0,1,1,0
ZTF24abpvqxe,0,1,0,0,1,1,0,1,0,1,0
ZTF24abpvupp,1,0,0,0,0,0,0,0,0,0,0
ZTF24abpvyhi,0,1,0,1,0,0,1,1,0,1,0
ZTF24abpwehl,0,1,0,0,1,1,0,1,0,1,0
ZTF24abpwejm,0,1,0,1,0,0,1,1,0,1,0
ZTF24abpwhph,1,0,0,0,0,0,0,0,0,0,0
ZTF24abpwkph,0,1,0,1,0,1,0,1,0,0,1
ZTF24abpwnyt,0,1,0,1,0,1,0,1,0,0,1
ZTF24abpwuzs,0,1,0,0,1,1,0,1,0,1,0
ZTF24abpwwcs,0,1,0,0,1,1,0,1,0,1,0
ZTF24abpwxgq,0,1,0,1,0,0,1,1,0,1,0
ZTF24abpxaso,0,1,0,1,0,0,1,1,0,1,0
ZTF24abpxbbk,0,0,1,1,0,1,0,1,0,1,0
ZTF24abpxbqw,1,0,0,0,0,0,0,0,0,0,0
ZTF24abpxetg,1,0,0,0,0,0,0,0,0,0,0
ZTF24abpygzx,0,1,0,0,1,1,0,1,0,1,0
ZTF24abpykhc,0,0,1,1,0,1,0,1,0,1,0
ZTF24abpyloz,0,1,0,1,0,1,0,0,1,1,0
ZTF24abpynxw,0,1,0,1,0,1,0,1,0,0,1
ZTF24abpzstt,0,0,1,1,0,1,0,1,0,1,0
ZTF24abpzuwu,0,1,0,1,0,1,0,0,1,1,0
ZTF24abpzvan,1,0,0,0,0,0,0,0,0,0,0
ZTF24abpzvqo,0,1,0,1,0,1,0,1,0,0,1
ZTF24abpzwwe,0,1,0,1,0,1,0,1,0,0,1
ZTF24abpzxep,1,0,0,0,0,0,0,0,0,0,0
ZTF24abqaeai,0,1,0,1,0,0,1,1,0,1,0
ZTF24abqaesu,0,1,0,1,0,1,0,1,0,0,1
ZTF24abqbyxd,0,1,0,1,0,0,1,1,0,1,0
ZTF24abqcboq,0,1,0,1,0,1,0,1,0,0,1
ZTF24abqccoe,0,1,0,1,0,0,1,1,0,1,0
ZTF24abqciuv,0,1,0,1,0,1,0,1,0,0,1
ZTF24abqcmlh,1,0,0,0,0,0,0,0,0,0,0
ZTF24abqcoqv,1,0,0,0,0,0,0,0,0,0,0
ZTF24abqctph,0,1,0,1,0,1,0,0,1,1,0
ZTF24abqdcod,1,0,0,0,0,0,0,0,0,0,0
ZTF24abqdhvr,0,0,1,1,0,1,0,1,0,1,0
ZTF24abqdibv,0,1,0,0,1,1,0,1,0,1,0
ZTF24abqdvwa,0,1,0,1,0,1,0,0,1,1,0
ZTF24abqeglz,0,1,0,0,1,1,0,1,0,1,0
ZTF24abqepli,0,1,0,1,0,0,1,1,0,1,0
ZTF24abqepqp,1,0,0,0,0,0,0,0,0,0,0
ZTF24abqesjc,0,1,0,1,0,1,0,0,1,1,0
ZTF24abqeskn,0,0,1,1,0,1,0,1,0,1,0
ZTF24abqesrx,0,1,0,0,1,1,0,1,0,1,0
ZTF24abqeuyv,0,1,0,1,0,0,1,1,0,1,0
ZTF24abqewll,0,1,0,0,1,1,0,1,0,1,0
ZTF24abqewog,0,1,0,1,0,0,1,1,0,1,0
ZTF24abqewqp,0,1,0,1,0,1,0,0,1,1,0
ZTF24abqexho,0,1,0,0,1,1,0,1,0,1,0
ZTF24abqexqg,0,1,0,1,0,0,1,1,0,1,0
ZTF24abqezdw,1,0,0,0,0,0,0,0,0,0,0
ZTF24abqfcep,0,1,0,1,0,1,0,1,0,0,1
ZTF24abqfcfl,0,0,1,1,0,1,0,1,0,1,0
ZTF24abqfcsp,1,0,0,0,0,0,0,0,0,0,0
ZTF24abqfdav,0,1,0,1,0,0,1,1,0,1,0
ZTF24abqfdci,0,1,0,0,1,1,0,1,0,1,0
ZTF24abqfloo,0,1,0,1,0,0,1,1,0,1,0
ZTF24abqkitr,0,1,0,1,0,0,1,1,0,1,0
ZTF24abqkjqh,0,1,0,1,0,1,0,0,1,1,0
ZTF24abqkkqz,1,0,0,0,0,0,0,0,0,0,0
ZTF24abqkmcy,0,1,0,0,1,1,0,1,0,1,0
ZTF24abqldnm,0,1,0,0,1,1,0,1,0,1,0
ZTF24abqljik,0,1,0,1,0,0,1,1,0,1,0
ZTF24abqlltm,0,1,0,1,0,1,0,0,1,1,0
ZTF24abqllyr,0,1,0,1,0,1,0,0,1,1,0
ZTF24abqlrdc,0,1,0,1,0,0,1,1,0,1,0
ZTF24abqmyfv,1,0,0,0,0,0,0,0,0,0,0
ZTF24abqnbwr,0,1,0,1,0,0,1,1,0,1,0
ZTF24abqndfj,0,1,0,0,1,1,0,1,0,1,0
ZTF24abqndmy,0,1,0,0,1,1,0,1,0,1,0
ZTF24abqnecj,1,0,0,0,0,0,0,0,0,0,0
ZTF24abqomjm,0,1,0,0,1,1,0,1,0,1,0
ZTF24abqozsv,0,1,0,0,1,1,0,1,0,1,0
ZTF24abqpbas,0,1,0,1,0,1,0,0,1,1,0
ZTF24abqpshs,0,0,1,1,0,1,0,1,0,1,0
ZTF24abqqijk,0,1,0,1,0,1,0,1,0,0,1
ZTF24abqqmmi,0,0,1,1,0,1,0,1,0,1,0
ZTF24abqqoxy,1,0,0,0,0,0,0,0,0,0,0
ZTF24abqqven,0,1,0,1,0,0,1,1,0,1,0
ZTF24abqrmng,0,1,0,0,1,1,0,1,0,1,0
ZTF24abqtejp,1,0,0,0,0,0,0,0,0,0,0
ZTF24abqtfqo,0,1,0,0,1,1,0,1,0,1,0
ZTF24abqtlxj,0,1,0,1,0,0,1,1,0,1,0
ZTF24abqtmtt,0,1,0,1,0,0,1,1,0,1,0
ZTF24abquwan,0,1,0,1,0,0,1,1,0,1,0
ZTF24abqwubu,0,1,0,1,0,1,0,1,0,0,1
ZTF24abqwuul,1,0,0,0,0,0,0,0,0,0,0
ZTF24abqwuuu,0,1,0,1,0,0,1,1,0,1,0
ZTF24abqwuyx,0,1,0,1,0,1,0,0,1,1,0
ZTF24abqxfih,0,0,1,1,0,1,0,1,0,1,0
ZTF24abqxysf,0,1,0,1,0,1,0,0,1,1,0
ZTF24abqykxi,0,1,0,1,0,0,1,1,0,1,0
ZTF24abqzwao,0,1,0,0,1,1,0,1,0,1,0
ZTF24abrcsrl,0,1,0,1,0,0,1,1,0,1,0
ZTF24abremyy,1,0,0,0,0,0,0,0,0,0,0
ZTF24abrfiya,0,1,0,0,1,1,0,1,0,1,0
ZTF24abrfkuo,1,0,0,0,0,0,0,0,0,0,0
ZTF24abrfplt,0,1,0,1,0,1,0,1,0,0,1
ZTF24abrgkap,0,1,0,1,0,0,1,1,0,1,0
ZTF24abrhwmu,0,0,1,1,0,1,0,1,0,1,0
ZTF24abrhxcq,0,1,0,1,0,1,0,0,1,1,0
ZTF24abribcl,0,1,0,0,1,1,0,1,0,1,0
ZTF24abribvc,0,1,0,0,1,1,0,1,0,1,0
ZTF24abricne,0,1,0,1,0,1,0,1,0,0,1
ZTF24abrieht,0,1,0,0,1,1,0,1,0,1,0
ZTF24abriexo,0,0,1,1,0,1,0,1,0,1,0
ZTF24abrigzn,0,1,0,1,0,0,1,1,0,1,0
ZTF24abrimcv,0,1,0,0,1,1,0,1,0,1,0
ZTF24abripcp,1,0,0,0,0,0,0,0,0,0,0
ZTF24abrkavq,0,1,0,1,0,0,1,1,0,1,0
ZTF24abrkbhg,0,1,0,1,0,0,1,1,0,1,0
ZTF24abrkbor,0,1,0,0,1,1,0,1,0,1,0
ZTF24abrkikf,0,0,1,1,0,1,0,1,0,1,0
ZTF24abrkybg,0,1,0,0,1,1,0,1,0,1,0
ZTF24abrlcoo,0,1,0,0,1,1,0,1,0,1,0
ZTF24abrlkcg,0,0,1,1,0,1,0,1,0,1,0
ZTF24abrmdti,0,0,1,1,0,1,0,1,0,1,0
ZTF24abrnllc,0,0,1,1,0,1,0,1,0,1,0
ZTF24abrnlty,1,0,0,0,0,0,0,0,0,0,0
ZTF24abrntfl,0,1,0,1,0,1,0,0,1,1,0
ZTF24abrooqt,0,0,1,1,0,1,0,1,0,1,0
ZTF24abropkg,0,1,0,1,0,0,1,1,0,1,0
ZTF24abrorjk,0,1,0,1,0,1,0,1,0,0,1
ZTF24abrowfx,0,1,0,0,1,1,0,1,0,1,0
ZTF24abrpaxx,0,1,0,1,0,1,0,0,1,1,0
ZTF24abrpcos,0,1,0,1,0,1,0,0,1,1,0
ZTF24abrpedj,1,0,0,0,0,0,0,0,0,0,0
ZTF24abrpezq,0,0,1,1,0,1,0,1,0,1,0
ZTF24abrpfwp,0,1,0,0,1,1,0,1,0,1,0
ZTF24abrpgkc,0,1,0,1,0,0,1,1,0,1,0
ZTF24abrpkbf,0,1,0,0,1,1,0,1,0,1,0
ZTF24abrpqhh,0,1,0,0,1,1,0,1,0,1,0
ZTF24abrpuyh,0,1,0,1,0,1,0,1,0,0,1
ZTF24abrrind,0,1,0,1,0,1,0,0,1,1,0
ZTF24abrrpbn,1,0,0,0,0,0,0,0,0,0,0
ZTF24abrsyfe,1,0,0,0,0,0,0,0,0,0,0
ZTF24abrtngt,0,1,0,1,0,1,0,0,1,1,0
ZTF24abruaqt,0,0,1,1,0,1,0,1,0,1,0
ZTF24abrwkrm,0,1,0,1,0,0,1,1,0,1,0
ZTF24abrwosb,0,1,0,0,1,1,0,1,0,1,0
ZTF24abryppo,0,0,1,1,0,1,0,1,0,1,0
ZTF24abrywzn,0,1,0,0,1,1,0,1,0,1,0
ZTF24abryxat,0,0,1,1,0,1,0,1,0,1,0
ZTF24abryyok,0,1,0,1,0,1,0,1,0,0,1
ZTF24abryzhm,0,1,0,1,0,1,0,0,1,1,0
ZTF24abrzdoy,0,1,0,1,0,0,1,1,0,1,0
ZTF24abrzrdb,1,0,0,0,0,0,0,0,0,0,0
ZTF24absbhfe,0,0,1,1,0,1,0,1,0,1,0
ZTF24absdolw,0,1,0,0,1,1,0,1,0,1,0
ZTF24absdprx,0,1,0,0,1,1,0,1,0,1,0
ZTF24absdpry,0,1,0,1,0,0,1,1,0,1,0
ZTF24absdpsd,0,1,0,1,0,1,0,1,0,0,1
ZTF24absdptl,0,1,0,1,0,1,0,1,0,0,1
ZTF24absdysr,0,1,0,0,1,1,0,1,0,1,0
ZTF24absdzss,1,0,0,0,0,0,0,0,0,0,0
ZTF24absfvyv,0,1,0,0,1,1,0,1,0,1,0
ZTF24absfynl,0,1,0,1,0,1,0,1,0,0,1
ZTF24absgbyi,0,1,0,1,0,0,1,1,0,1,0
ZTF24abshyhp,1,0,0,0,0,0,0,0,0,0,0
ZTF24abshykw,0,1,0,1,0,0,1,1,0,1,0
ZTF24abshyxi,0,1,0,0,1,1,0,1,0,1,0
ZTF24abshzyl,0,1,0,1,0,1,0,1,0,0,1
ZTF24absiagd,0,1,0,1,0,1,0,0,1,1,0
ZTF24absiasi,0,1,0,1,0,1,0,0,1,1,0
ZTF24absibhe,0,1,0,1,0,1,0,1,0,0,1
ZTF24absjfzb,0,1,0,1,0,0,1,1,0,1,0
ZTF24absjpac,0,1,0,0,1,1,0,1,0,1,0
ZTF24abslvcw,1,0,0,0,0,0,0,0,0,0,0
ZTF24absmlcw,0,1,0,0,1,1,0,1,0,1,0
ZTF24absmlws,0,0,1,1,0,1,0,1,0,1,0
ZTF24absmmua,0,1,0,1,0,1,0,1,0,0,1
ZTF24absmnsk,1,0,0,0,0,0,0,0,0,0,0
ZTF24absmntg,0,1,0,0,1,1,0,1,0,1,0
ZTF24absnyux,0,1,0,0,1,1,0,1,0,1,0
ZTF24absossk,0,0,1,1,0,1,0,1,0,1,0
ZTF24abspaxa,0,1,0,0,1,1,0,1,0,1,0
ZTF24absrfdz,0,1,0,1,0,0,1,1,0,1,0
ZTF24absrpsn,1,0,0,0,0,0,0,0,0,0,0
ZTF24absscjs,0,1,0,1,0,0,1,1,0,1,0
ZTF24abssgik,0,1,0,1,0,0,1,1,0,1,0
ZTF24abssgpr,0,1,0,1,0,1,0,0,1,1,0
ZTF24abssgro,0,1,0,0,1,1,0,1,0,1,0
ZTF24abssxcb,0,1,0,0,1,1,0,1,0,1,0
ZTF24abstjwq,0,1,0,1,0,1,0,1,0,0,1
ZTF24abstqpk,0,0,1,1,0,1,0,1,0,1,0
ZTF24absvjur,0,1,0,1,0,1,0,1,0,0,1
ZTF24absvmrh,0,1,0,1,0,1,0,0,1,1,0
ZTF24absvpeh,0,0,1,1,0,1,0,1,0,1,0
ZTF24absvund,0,0,1,1,0,1,0,1,0,1,0
ZTF24absvuop,0,0,1,1,0,1,0,1,0,1,0
ZTF24absvysl,0,1,0,1,0,1,0,0,1,1,0
ZTF24absvyug,0,1,0,0,1,1,0,1,0,1,0
ZTF24absvzdo,0,1,0,0,1,1,0,1,0,1,0
ZTF24abswbne,1,0,0,0,0,0,0,0,0,0,0
ZTF24abswfcx,0,1,0,0,1,1,0,1,0,1,0
ZTF24abswjac,1,0,0,0,0,0,0,0,0,0,0
ZTF24abswphp,0,1,0,0,1,1,0,1,0,1,0
ZTF24abswzji,0,1,0,0,1,1,0,1,0,1,0
ZTF24absxhea,0,0,1,1,0,1,0,1,0,1,0
ZTF24absxyrg,0,1,0,0,1,1,0,1,0,1,0
ZTF24absyxru,0,0,1,1,0,1,0,1,0,1,0
ZTF24abszbeu,1,0,0,0,0,0,0,0,0,0,0
ZTF24abszknn,0,1,0,1,0,1,0,0,1,1,0
ZTF24abszkov,1,0,0,0,0,0,0,0,0,0,0
ZTF24abszmtu,0,1,0,0,1,1,0,1,0,1,0
ZTF24abszpfh,0,1,0,0,1,1,0,1,0,1,0
ZTF24abszzbd,0,1,0,1,0,1,0,1,0,0,1
ZTF24abtafub,0,1,0,1,0,0,1,1,0,1,0
ZTF24abtagcf,0,0,1,1,0,1,0,1,0,1,0
ZTF24abtahhb,0,1,0,1,0,0,1,1,0,1,0
ZTF24abtahrk,0,1,0,1,0,1,0,1,0,0,1
ZTF24abtajyv,0,1,0,1,0,1,0,1,0,0,1
ZTF24abtaqoc,1,0,0,0,0,0,0,0,0,0,0
ZTF24abtaqry,1,0,0,0,0,0,0,0,0,0,0
ZTF24abtaqvw,0,0,1,1,0,1,0,1,0,1,0
ZTF24abtareh,0,0,1,1,0,1,0,1,0,1,0
ZTF24abtartn,1,0,0,0,0,0,0,0,0,0,0
ZTF24abtataj,0,0,1,1,0,1,0,1,0,1,0
ZTF24abtbalq,1,0,0,0,0,0,0,0,0,0,0
ZTF24abtbekx,0,1,0,0,1,1,0,1,0,1,0
ZTF24abtbilp,0,1,0,1,0,0,1,1,0,1,0
ZTF24abtbtdw,0,1,0,1,0,1,0,0,1,1,0
ZTF24abtdfgx,1,0,0,0,0,0,0,0,0,0,0
ZTF24abtdixv,0,0,1,1,0,1,0,1,0,1,0
ZTF24abtdjad,0,1,0,1,0,1,0,0,1,1,0
ZTF24abtdufn,1,0,0,0,0,0,0,0,0,0,0
ZTF24abtdxps,0,1,0,1,0,1,0,0,1,1,0
ZTF24abtdzkl,0,1,0,1,0,1,0,0,1,1,0
ZTF24abteakh,1,0,0,0,0,0,0,0,0,0,0
ZTF24abteama,1,0,0,0,0,0,0,0,0,0,0
ZTF24abteder,0,1,0,1,0,1,0,1,0,0,1
ZTF24abtedxc,0,0,1,1,0,1,0,1,0,1,0
ZTF24abteeyt,1,0,0,0,0,0,0,0,0,0,0
ZTF24abtegkc,0,1,0,1,0,0,1,1,0,1,0
ZTF24abteglw,1,0,0,0,0,0,0,0,0,0,0
ZTF24abtegwk,0,0,1,1,0,1,0,1,0,1,0
ZTF24abtekir,1,0,0,0,0,0,0,0,0,0,0
ZTF24abtekov,0,1,0,1,0,1,0,0,1,1,0
ZTF24abtekts,1,0,0,0,0,0,0,0,0,0,0
ZTF24abtfolv,1,0,0,0,0,0,0,0,0,0,0
ZTF24abtfuul,0,1,0,0,1,1,0,1,0,1,0
ZTF24abtgags,0,0,1,1,0,1,0,1,0,1,0
ZTF24abtgerm,0,0,1,1,0,1,0,1,0,1,0
ZTF24abtgmpw,0,1,0,1,0,1,0,0,1,1,0
ZTF24abthytw,0,1,0,1,0,0,1,1,0,1,0
ZTF24abtjarv,0,1,0,1,0,1,0,0,1,1,0
ZTF24abtjevq,0,0,1,1,0,1,0,1,0,1,0
ZTF24abtjewj,0,0,1,1,0,1,0,1,0,1,0
ZTF24abtjiii,0,1,0,0,1,1,0,1,0,1,0
ZTF24abtjjsg,0,1,0,0,1,1,0,1,0,1,0
ZTF24abtjlsb,0,1,0,1,0,1,0,0,1,1,0
ZTF24abtjpqu,0,0,1,1,0,1,0,1,0,1,0
ZTF24abtkbhs,0,1,0,1,0,0,1,1,0,1,0
ZTF24abtkbvq,0,1,0,1,0,1,0,1,0,0,1
ZTF24abtkwcf,0,1,0,1,0,1,0,1,0,0,1
ZTF24abtkwfd,0,1,0,0,1,1,0,1,0,1,0
ZTF24abtlpat,0,1,0,1,0,1,0,1,0,0,1
ZTF24abtlsjj,0,1,0,1,0,1,0,1,0,0,1
ZTF24abtltqp,0,1,0,1,0,1,0,1,0,0,1
ZTF24abtmgwr,0,1,0,1,0,1,0,1,0,0,1
ZTF24abtmgyw,1,0,0,0,0,0,0,0,0,0,0
ZTF24abtnbmx,0,1,0,0,1,1,0,1,0,1,0
ZTF24abtnefk,1,0,0,0,0,0,0,0,0,0,0
ZTF24abtnkbi,0,1,0,1,0,1,0,1,0,0,1
ZTF24abtnlrl,0,1,0,0,1,1,0,1,0,1,0
ZTF24abtnsxe,0,1,0,1,0,0,1,1,0,1,0
ZTF24abtntic,1,0,0,0,0,0,0,0,0,0,0
ZTF24abtnwcp,0,1,0,1,0,0,1,1,0,1,0
ZTF24abtnwev,0,0,1,1,0,1,0,1,0,1,0
ZTF24abtoaue,0,0,1,1,0,1,0,1,0,1,0
ZTF24abtocih,0,0,1,1,0,1,0,1,0,1,0
ZTF24abtocko,1,0,0,0,0,0,0,0,0,0,0
ZTF24abtocmm,0,1,0,1,0,1,0,0,1,1,0
ZTF24abtokax,0,0,1,1,0,1,0,1,0,1,0
ZTF24abtokmh,0,1,0,1,0,1,0,1,0,0,1
ZTF24abtokrc,0,0,1,1,0,1,0,1,0,1,0
ZTF24abtosvw,1,0,0,0,0,0,0,0,0,0,0
ZTF24abtowfy,0,1,0,0,1,1,0,1,0,1,0
ZTF24abtozjs,0,1,0,1,0,0,1,1,0,1,0
ZTF24abtpdyl,0,1,0,1,0,0,1,1,0,1,0
ZTF24abtpimt,0,1,0,1,0,1,0,0,1,1,0
ZTF24abtpjwc,0,1,0,0,1,1,0,1,0,1,0
ZTF24abtpjyl,0,1,0,0,1,1,0,1,0,1,0
ZTF24abtpkiy,0,1,0,1,0,0,1,1,0,1,0
ZTF24abtpkzh,1,0,0,0,0,0,0,0,0,0,0
ZTF24abtqgdd,1,0,0,0,0,0,0,0,0,0,0
ZTF24abtqndt,1,0,0,0,0,0,0,0,0,0,0
ZTF24abtqpdt,0,1,0,1,0,1,0,0,1,1,0
ZTF24abtqrov,1,0,0,0,0,0,0,0,0,0,0
ZTF24abtqvyz,0,1,0,1,0,0,1,1,0,1,0
ZTF24abtqwke,1,0,0,0,0,0,0,0,0,0,0
ZTF24abtqxnm,0,0,1,1,0,1,0,1,0,1,0
ZTF24abtqxzk,0,1,0,1,0,1,0,0,1,1,0
ZTF24abtqyac,0,1,0,0,1,1,0,1,0,1,0
ZTF24abtqzos,1,0,0,0,0,0,0,0,0,0,0
ZTF24abtqzpl,0,1,0,0,1,1,0,1,0,1,0
ZTF24abtrckg,0,1,0,1,0,1,0,0,1,1,0
ZTF24abtrdou,0,1,0,1,0,1,0,0,1,1,0
ZTF24abtrjtf,0,1,0,1,0,1,0,0,1,1,0
ZTF24abtroak,0,1,0,0,1,1,0,1,0,1,0
ZTF24abtrvov,0,1,0,1,0,0,1,1,0,1,0
ZTF24abttauc,0,1,0,1,0,1,0,1,0,0,1
ZTF24abttlhz,1,0,0,0,0,0,0,0,0,0,0
ZTF24abttmdn,0,1,0,1,0,1,0,0,1,1,0
ZTF24abttoju,0,1,0,0,1,1,0,1,0,1,0
ZTF24abttpxy,0,1,0,1,0,0,1,1,0,1,0
ZTF24abttqna,0,1,0,1,0,0,1,1,0,1,0
ZTF24abttris,0,0,1,1,0,1,0,1,0,1,0
ZTF24abttrxd,0,1,0,0,1,1,0,1,0,1,0
ZTF24abtubud,1,0,0,0,0,0,0,0,0,0,0
ZTF24abtungn,0,1,0,0,1,1,0,1,0,1,0
ZTF24abtuqgi,0,1,0,0,1,1,0,1,0,1,0
ZTF24abtuqmp,0,1,0,0,1,1,0,1,0,1,0
ZTF24abturkw,0,1,0,1,0,1,0,1,0,0,1
ZTF24abtzpka,0,0,1,1,0,1,0,1,0,1,0
ZTF24abtzsno,0,1,0,1,0,0,1,1,0,1,0
ZTF24abubgdg,0,1,0,1,0,0,1,1,0,1,0
ZTF24abubjhh,1,0,0,0,0,0,0,0,0,0,0
ZTF24abubkhz,0,1,0,1,0,1,0,1,0,0,1
ZTF24abubofh,0,1,0,1,0,1,0,1,0,0,1
ZTF24abubojg,0,1,0,1,0,1,0,1,0,0,1
ZTF24abuchul,0,1,0,1,0,0,1,1,0,1,0
ZTF24abucjfx,0,1,0,1,0,0,1,1,0,1,0
ZTF24abuclbj,0,0,1,1,0,1,0,1,0,1,0
ZTF24abuctpt,0,1,0,1,0,1,0,1,0,0,1
ZTF24abuddym,0,0,1,1,0,1,0,1,0,1,0
ZTF24abueiws,0,1,0,1,0,1,0,0,1,1,0
ZTF24abuerbi,0,1,0,1,0,0,1,1,0,1,0
ZTF24abuetzf,0,0,1,1,0,1,0,1,0,1,0
ZTF24abuezgh,0,1,0,1,0,0,1,1,0,1,0
ZTF24abuezxx,1,0,0,0,0,0,0,0,0,0,0
ZTF24abufkgl,0,1,0,1,0,1,0,1,0,0,1
ZTF24abugiko,0,1,0,1,0,1,0,0,1,1,0
ZTF24abugkym,0,1,0,1,0,0,1,1,0,1,0
ZTF24abugqth,0,0,1,1,0,1,0,1,0,1,0
ZTF24abugsqh,0,1,0,1,0,0,1,1,0,1,0
ZTF24abugvux,0,0,1,1,0,1,0,1,0,1,0
ZTF24abugxai,1,0,0,0,0,0,0,0,0,0,0
ZTF24abugzpf,0,1,0,1,0,1,0,1,0,0,1
ZTF24abuhaup,0,1,0,1,0,1,0,0,1,1,0
ZTF24abuhbcr,0,1,0,0,1,1,0,1,0,1,0
ZTF24abuhfmt,0,0,1,1,0,1,0,1,0,1,0
ZTF24abuhgle,1,0,0,0,0,0,0,0,0,0,0
ZTF24abuhkdm,0,0,1,1,0,1,0,1,0,1,0
ZTF24abuhkxc,1,0,0,0,0,0,0,0,0,0,0
ZTF24abuhlja,0,1,0,0,1,1,0,1,0,1,0
ZTF24abuhlps,0,1,0,1,0,0,1,1,0,1,0
ZTF24abuhlra,1,0,0,0,0,0,0,0,0,0,0
ZTF24abuhlwq,0,1,0,1,0,1,0,0,1,1,0
ZTF24abuhmgy,0,0,1,1,0,1,0,1,0,1,0
ZTF24abunqbl,0,1,0,1,0,1,0,0,1,1,0
ZTF24abuntvn,0,1,0,1,0,1,0,0,1,1,0
ZTF24abunutj,1,0,0,0,0,0,0,0,0,0,0
ZTF24abuqgob,1,0,0,0,0,0,0,0,0,0,0
ZTF24abuqxjx,0,1,0,0,1,1,0,1,0,1,0
ZTF24aburarm,1,0,0,0,0,0,0,0,0,0,0
ZTF24aburata,0,1,0,1,0,1,0,1,0,0,1
ZTF24aburdxa,0,1,0,1,0,1,0,1,0,0,1
ZTF24aburemr,0,1,0,0,1,1,0,1,0,1,0
ZTF24aburvph,0,0,1,1,0,1,0,1,0,1,0
ZTF24abuscki,0,1,0,0,1,1,0,1,0,1,0
ZTF24abuskvx,0,1,0,1,0,0,1,1,0,1,0
ZTF24abutbim,0,1,0,1,0,0,1,1,0,1,0
ZTF24abutkox,1,0,0,0,0,0,0,0,0,0,0
ZTF24abutlnn,0,0,1,1,0,1,0,1,0,1,0
ZTF24abutmcu,0,1,0,1,0,1,0,0,1,1,0
ZTF24abutmue,0,1,0,0,1,1,0,1,0,1,0
ZTF24abutvtk,0,0,1,1,0,1,0,1,0,1,0
ZTF24abuudqq,0,1,0,1,0,0,1,1,0,1,0
ZTF24abuugtf,0,1,0,1,0,1,0,0,1,1,0
ZTF24abuunna,0,1,0,1,0,1,0,0,1,1,0
ZTF24abuuzbr,0,1,0,1,0,1,0,0,1,1,0
ZTF24abuvdii,0,1,0,0,1,1,0,1,0,1,0
ZTF24abuveqj,0,1,0,0,1,1,0,1,0,1,0
ZTF24abuvhck,0,1,0,1,0,1,0,0,1,1,0
ZTF24abuvirg,1,0,0,0,0,0,0,0,0,0,0
ZTF24abuvisc,1,0,0,0,0,0,0,0,0,0,0
ZTF24abuviyp,0,1,0,0,1,1,0,1,0,1,0
ZTF24abuvjgs,0,1,0,1,0,1,0,1,0,0,1
ZTF24abuvjib,0,1,0,0,1,1,0,1,0,1,0
ZTF24abuvkdq,0,0,1,1,0,1,0,1,0,1,0
ZTF24abuvkge,1,0,0,0,0,0,0,0,0,0,0
ZTF24abuvlqg,0,1,0,1,0,0,1,1,0,1,0
ZTF24abuvltp,1,0,0,0,0,0,0,0,0,0,0
ZTF24abuvmuo,1,0,0,0,0,0,0,0,0,0,0
ZTF24abuvnmi,0,0,1,1,0,1,0,1,0,1,0
ZTF24abuvtvj,1,0,0,0,0,0,0,0,0,0,0
ZTF24abuvxap,0,1,0,0,1,1,0,1,0,1,0
ZTF24abuwdub,1,0,0,0,0,0,0,0,0,0,0
ZTF24abuwwrg,1,0,0,0,0,0,0,0,0,0,0
ZTF24abuxcnp,0,1,0,0,1,1,0,1,0,1,0
ZTF24abuxivw,0,1,0,1,0,1,0,1,0,0,1
ZTF24abuyefl,0,1,0,1,0,1,0,0,1,1,0
ZTF24abuylxw,0,1,0,1,0,0,1,1,0,1,0
ZTF24abuznqn,1,0,0,0,0,0,0,0,0,0,0
ZTF24abuzqwe,0,1,0,0,1,1,0,1,0,1,0
ZTF24abuzrrr,0,0,1,1,0,1,0,1,0,1,0
ZTF24abuztql,0,1,0,1,0,1,0,1,0,0,1
ZTF24abvaehj,0,1,0,1,0,1,0,0,1,1,0
ZTF24abvbbnv,0,0,1,1,0,1,0,1,0,1,0
ZTF24abvbjqe,1,0,0,0,0,0,0,0,0,0,0
ZTF24abvbzbd,0,1,0,1,0,0,1,1,0,1,0
ZTF24abvcdfk,0,1,0,1,0,0,1,1,0,1,0
ZTF24abvcdsn,0,1,0,0,1,1,0,1,0,1,0
ZTF24abvdaoi,1,0,0,0,0,0,0,0,0,0,0
ZTF24abvdzbs,0,1,0,0,1,1,0,1,0,1,0
ZTF24abvecpv,0,1,0,0,1,1,0,1,0,1,0
ZTF24abveomu,0,0,1,1,0,1,0,1,0,1,0
ZTF24abvetao,0,1,0,1,0,1,0,1,0,0,1
ZTF24abvevsc,0,0,1,1,0,1,0,1,0,1,0
ZTF24abvevzs,1,0,0,0,0,0,0,0,0,0,0
ZTF24abvexcx,1,0,0,0,0,0,0,0,0,0,0
ZTF24abvfviq,1,0,0,0,0,0,0,0,0,0,0
ZTF24abvfxas,0,1,0,0,1,1,0,1,0,1,0
ZTF24abvgcgc,0,1,0,1,0,1,0,0,1,1,0
ZTF24abvgcwv,0,1,0,1,0,0,1,1,0,1,0
ZTF24abvgeno,0,1,0,1,0,0,1,1,0,1,0
ZTF24abvgewv,0,1,0,1,0,0,1,1,0,1,0
ZTF24abvgeyz,0,1,0,1,0,0,1,1,0,1,0
ZTF24abvgfgb,0,1,0,1,0,0,1,1,0,1,0
ZTF24abvgfin,1,0,0,0,0,0,0,0,0,0,0
ZTF24abvgfvm,0,1,0,1,0,1,0,0,1,1,0
ZTF24abvggin,0,1,0,1,0,1,0,0,1,1,0
ZTF24abvghof,1,0,0,0,0,0,0,0,0,0,0
ZTF24abvgiln,0,1,0,1,0,0,1,1,0,1,0
ZTF24abvgioq,0,1,0,1,0,1,0,1,0,0,1
ZTF24abvgiqb,0,0,1,1,0,1,0,1,0,1,0
ZTF24abvgisg,0,1,0,1,0,0,1,1,0,1,0
ZTF24abvgiuh,1,0,0,0,0,0,0,0,0,0,0
ZTF24abvgjvd,1,0,0,0,0,0,0,0,0,0,0
ZTF24abvgmnt,0,1,0,1,0,1,0,1,0,0,1
ZTF24abvgnfu,0,0,1,1,0,1,0,1,0,1,0
ZTF24abvgnzs,0,0,1,1,0,1,0,1,0,1,0
ZTF24abvgobp,0,1,0,1,0,0,1,1,0,1,0
ZTF24abvgooe,0,1,0,1,0,1,0,1,0,0,1
ZTF24abvgpqr,1,0,0,0,0,0,0,0,0,0,0
ZTF24abvgprj,0,1,0,1,0,0,1,1,0,1,0
ZTF24abvgprx,0,1,0,0,1,1,0,1,0,1,0
ZTF24abvgptk,0,1,0,1,0,1,0,1,0,0,1
ZTF24abvgpxi,0,1,0,1,0,0,1,1,0,1,0
ZTF24abvgqsp,0,0,1,1,0,1,0,1,0,1,0
ZTF24abvhchd,1,0,0,0,0,0,0,0,0,0,0
ZTF24abvifxm,0,1,0,0,1,1,0,1,0,1,0
ZTF24abvjgoj,1,0,0,0,0,0,0,0,0,0,0
ZTF24abvjszl,0,0,1,1,0,1,0,1,0,1,0
ZTF24abvknct,0,0,1,1,0,1,0,1,0,1,0
ZTF24abvkswe,0,1,0,0,1,1,0,1,0,1,0
ZTF24abvlilj,0,1,0,1,0,0,1,1,0,1,0
ZTF24abvnmfb,0,1,0,1,0,1,0,0,1,1,0
ZTF24abvofas,1,0,0,0,0,0,0,0,0,0,0
ZTF24abvokqe,1,0,0,0,0,0,0,0,0,0,0
ZTF24abvoxim,0,1,0,1,0,1,0,1,0,0,1
ZTF24abvrnpa,0,0,1,1,0,1,0,1,0,1,0
ZTF24abvtglw,1,0,0,0,0,0,0,0,0,0,0
ZTF24abvtjxn,0,1,0,1,0,1,0,0,1,1,0
ZTF24abvtkzl,0,1,0,1,0,1,0,1,0,0,1
ZTF24abvtoyo,0,1,0,1,0,1,0,0,1,1,0
ZTF24abvukpp,0,1,0,1,0,1,0,1,0,0,1
ZTF24abvuunk,1,0,0,0,0,0,0,0,0,0,0
ZTF24abvuydm,0,1,0,1,0,1,0,1,0,0,1
ZTF24abvylvw,0,0,1,1,0,1,0,1,0,1,0
ZTF24abvytin,1,0,0,0,0,0,0,0,0,0,0
ZTF24abvzbtk,0,1,0,1,0,1,0,0,1,1,0
ZTF24abvzbvl,1,0,0,0,0,0,0,0,0,0,0
ZTF24abvzfgd,0,1,0,1,0,1,0,1,0,0,1
ZTF24abwadvl,0,1,0,1,0,0,1,1,0,1,0
ZTF24abwbfbd,0,1,0,1,0,1,0,1,0,0,1
ZTF24abwbqzx,0,1,0,0,1,1,0,1,0,1,0
ZTF24abwbyie,0,1,0,1,0,0,1,1,0,1,0
ZTF24abwcerr,0,1,0,0,1,1,0,1,0,1,0
ZTF24abwckqi,0,1,0,0,1,1,0,1,0,1,0
ZTF24abwcmsm,1,0,0,0,0,0,0,0,0,0,0
ZTF24abwcqgy,0,1,0,0,1,1,0,1,0,1,0
ZTF24abwcufa,0,0,1,1,0,1,0,1,0,1,0
ZTF24abwcuiz,0,1,0,0,1,1,0,1,0,1,0
ZTF24abwcujs,0,1,0,1,0,1,0,0,1,1,0
ZTF24abwcuwy,0,1,0,0,1,1,0,1,0,1,0
ZTF24abwcygj,0,1,0,1,0,1,0,1,0,0,1
ZTF24abwcylq,0,0,1,1,0,1,0,1,0,1,0
ZTF24abwdtof,0,1,0,0,1,1,0,1,0,1,0
ZTF24abwdtqv,0,1,0,1,0,0,1,1,0,1,0
ZTF24abwdtsj,1,0,0,0,0,0,0,0,0,0,0
ZTF24abwdtxf,0,1,0,1,0,0,1,1,0,1,0
ZTF24abwdtzj,0,1,0,1,0,1,0,1,0,0,1
ZTF24abwdvif,1,0,0,0,0,0,0,0,0,0,0
ZTF24abweokc,0,1,0,0,1,1,0,1,0,1,0
ZTF24abwgurw,0,1,0,0,1,1,0,1,0,1,0
ZTF24abwhdkv,0,1,0,0,1,1,0,1,0,1,0
ZTF24abwhukn,0,0,1,1,0,1,0,1,0,1,0
ZTF24abwigvs,1,0,0,0,0,0,0,0,0,0,0
ZTF24abwinhc,0,1,0,1,0,1,0,0,1,1,0
ZTF24abwjpgf,0,1,0,0,1,1,0,1,0,1,0
ZTF24abwjreb,0,1,0,1,0,0,1,1,0,1,0
ZTF24abwjtzv,0,1,0,1,0,1,0,0,1,1,0
ZTF24abwkugn,1,0,0,0,0,0,0,0,0,0,0
ZTF24abwkuol,0,1,0,1,0,1,0,0,1,1,0
ZTF24abwkxwh,1,0,0,0,0,0,0,0,0,0,0
ZTF24abwledt,0,1,0,1,0,0,1,1,0,1,0
ZTF24abwledu,0,1,0,1,0,0,1,1,0,1,0
ZTF24abwlfed,1,0,0,0,0,0,0,0,0,0,0
ZTF24abwlgbo,1,0,0,0,0,0,0,0,0,0,0
ZTF24abwlhjm,0,1,0,1,0,1,0,1,0,0,1
ZTF24abwlhln,0,1,0,0,1,1,0,1,0,1,0
ZTF24abwlhlo,0,1,0,1,0,1,0,0,1,1,0
ZTF24abwlhmc,0,1,0,1,0,1,0,1,0,0,1
ZTF24abwljiw,0,1,0,1,0,0,1,1,0,1,0
ZTF24abwljjk,1,0,0,0,0,0,0,0,0,0,0
ZTF24abwmydg,0,1,0,1,0,0,1,1,0,1,0
ZTF24abwmzop,0,1,0,1,0,1,0,1,0,0,1
ZTF24abwqvsu,0,1,0,1,0,1,0,0,1,1,0
ZTF24abwsfdk,0,1,0,0,1,1,0,1,0,1,0
ZTF24abwsqff,0,1,0,1,0,1,0,1,0,0,1
ZTF24abwsujt,0,1,0,0,1,1,0,1,0,1,0
ZTF24abwsvqt,1,0,0,0,0,0,0,0,0,0,0
ZTF24abwsvtl,0,1,0,1,0,0,1,1,0,1,0
ZTF24abwtnbh,1,0,0,0,0,0,0,0,0,0,0
ZTF24abwtpan,1,0,0,0,0,0,0,0,0,0,0
ZTF24abwuuir,0,1,0,1,0,0,1,1,0,1,0
ZTF24abwuuiu,1,0,0,0,0,0,0,0,0,0,0
ZTF24abwuvhs,0,1,0,1,0,1,0,0,1,1,0
ZTF24abwzugp,0,1,0,1,0,0,1,1,0,1,0
ZTF24abxbllg,0,1,0,0,1,1,0,1,0,1,0
ZTF24abxfuog,0,1,0,1,0,1,0,1,0,0,1
ZTF24abxgget,1,0,0,0,0,0,0,0,0,0,0
ZTF24abxgjrp,0,1,0,0,1,1,0,1,0,1,0
ZTF24abxgkcy,0,1,0,1,0,1,0,0,1,1,0
ZTF24abxglmz,0,1,0,1,0,1,0,0,1,1,0
ZTF24abxgpzc,0,1,0,0,1,1,0,1,0,1,0
ZTF24abxgsjr,1,0,0,0,0,0,0,0,0,0,0
ZTF24abxhvxq,0,1,0,1,0,0,1,1,0,1,0
ZTF24abxmivu,0,1,0,1,0,0,1,1,0,1,0
ZTF24abxmjfj,1,0,0,0,0,0,0,0,0,0,0
ZTF24abxvnqs,0,1,0,1,0,0,1,1,0,1,0
ZTF24abxvoop,1,0,0,0,0,0,0,0,0,0,0
ZTF24abxvpxg,0,1,0,1,0,1,0,1,0,0,1
ZTF24abxvtew,0,0,1,1,0,1,0,1,0,1,0
ZTF24abxvulk,0,1,0,1,0,0,1,1,0,1,0
ZTF24abxvuqw,1,0,0,0,0,0,0,0,0,0,0
ZTF24abxwfhw,0,1,0,1,0,0,1,1,0,1,0
ZTF24abxxfzd,0,1,0,1,0,0,1,1,0,1,0
ZTF24abxyfev,0,1,0,1,0,1,0,1,0,0,1
ZTF24abxypam,0,0,1,1,0,1,0,1,0,1,0
ZTF24abxypis,0,1,0,0,1,1,0,1,0,1,0
ZTF24abxypwh,0,1,0,1,0,1,0,1,0,0,1
ZTF24abxyrjh,1,0,0,0,0,0,0,0,0,0,0
ZTF24abxzdek,0,0,1,1,0,1,0,1,0,1,0
ZTF24abyarea,1,0,0,0,0,0,0,0,0,0,0
ZTF24abyatmu,0,1,0,1,0,1,0,0,1,1,0
ZTF24abyatui,0,0,1,1,0,1,0,1,0,1,0
ZTF24abybdbw,1,0,0,0,0,0,0,0,0,0,0
ZTF24abybdrm,0,1,0,1,0,1,0,0,1,1,0
ZTF24abycwdb,0,1,0,1,0,0,1,1,0,1,0
ZTF24abycwgk,0,1,0,0,1,1,0,1,0,1,0
ZTF24abydeyp,1,0,0,0,0,0,0,0,0,0,0
ZTF24abydhdo,0,1,0,1,0,1,0,1,0,0,1
ZTF24abydkda,0,1,0,1,0,1,0,1,0,0,1
ZTF24abydkju,0,0,1,1,0,1,0,1,0,1,0
ZTF24abydsgu,0,1,0,1,0,1,0,0,1,1,0
ZTF24abydvcs,0,1,0,0,1,1,0,1,0,1,0
ZTF24abydxpq,0,1,0,1,0,0,1,1,0,1,0
ZTF24abyegeg,0,1,0,1,0,0,1,1,0,1,0
ZTF24abyegwp,0,1,0,1,0,1,0,0,1,1,0
ZTF24abyehsi,1,0,0,0,0,0,0,0,0,0,0
ZTF24abyejak,1,0,0,0,0,0,0,0,0,0,0
ZTF24abyekog,1,0,0,0,0,0,0,0,0,0,0
ZTF24abyeldd,1,0,0,0,0,0,0,0,0,0,0
ZTF24abyeoec,0,1,0,1,0,1,0,1,0,0,1
ZTF24abyeoiq,0,0,1,1,0,1,0,1,0,1,0
ZTF24abyfcft,1,0,0,0,0,0,0,0,0,0,0
ZTF24abyfotc,0,1,0,1,0,1,0,1,0,0,1
ZTF24abygatq,0,1,0,1,0,1,0,1,0,0,1
ZTF24abygbss,0,1,0,1,0,0,1,1,0,1,0
ZTF24abygeqh,0,1,0,0,1,1,0,1,0,1,0
ZTF24abygvke,0,1,0,1,0,1,0,0,1,1,0
ZTF24abyhhhl,0,1,0,0,1,1,0,1,0,1,0
ZTF24abyhhmn,1,0,0,0,0,0,0,0,0,0,0
ZTF24abyhkwl,1,0,0,0,0,0,0,0,0,0,0
ZTF24abyhkxw,0,1,0,0,1,1,0,1,0,1,0
ZTF24abyhldl,0,1,0,1,0,1,0,1,0,0,1
ZTF24abyhlom,0,1,0,0,1,1,0,1,0,1,0
ZTF24abyhmfn,0,0,1,1,0,1,0,1,0,1,0
ZTF24abyhmih,0,0,1,1,0,1,0,1,0,1,0
ZTF24abyhmra,0,1,0,1,0,1,0,1,0,0,1
ZTF24abyhowu,0,0,1,1,0,1,0,1,0,1,0
ZTF24abyhssd,0,0,1,1,0,1,0,1,0,1,0
ZTF24abyhswm,1,0,0,0,0,0,0,0,0,0,0
ZTF24abyhunm,1,0,0,0,0,0,0,0,0,0,0
ZTF24abyhuuo,0,1,0,0,1,1,0,1,0,1,0
ZTF24abyhwff,0,1,0,0,1,1,0,1,0,1,0
ZTF24abyhxmt,0,1,0,1,0,1,0,0,1,1,0
ZTF24abyibnx,0,1,0,1,0,0,1,1,0,1,0
ZTF24abyipps,0,0,1,1,0,1,0,1,0,1,0
ZTF24abyiqka,0,1,0,1,0,1,0,0,1,1,0
ZTF24abyitfx,0,1,0,1,0,1,0,1,0,0,1
ZTF24abyityc,1,0,0,0,0,0,0,0,0,0,0
ZTF24abyiuvo,0,1,0,1,0,1,0,1,0,0,1
ZTF24abyjeos,0,1,0,0,1,1,0,1,0,1,0
ZTF24abyjzxe,0,0,1,1,0,1,0,1,0,1,0
ZTF24abykdvr,0,1,0,0,1,1,0,1,0,1,0
ZTF24abykoen,0,1,0,1,0,0,1,1,0,1,0
ZTF24abykosx,0,1,0,1,0,1,0,1,0,0,1
ZTF24abykpfq,0,1,0,1,0,1,0,0,1,1,0
ZTF24abyksfn,1,0,0,0,0,0,0,0,0,0,0
ZTF24abyksuf,1,0,0,0,0,0,0,0,0,0,0
ZTF24abyktrz,1,0,0,0,0,0,0,0,0,0,0
ZTF24abykuea,0,1,0,0,1,1,0,1,0,1,0
ZTF24abykufb,0,1,0,0,1,1,0,1,0,1,0
ZTF24abykwsy,1,0,0,0,0,0,0,0,0,0,0
ZTF24abykwta,0,1,0,1,0,0,1,1,0,1,0
ZTF24abykyaj,0,1,0,0,1,1,0,1,0,1,0
ZTF24abykybc,0,1,0,1,0,1,0,1,0,0,1
ZTF24abykyge,0,1,0,1,0,0,1,1,0,1,0
ZTF24abykygm,0,1,0,1,0,0,1,1,0,1,0
ZTF24abykyhc,0,1,0,1,0,1,0,0,1,1,0
ZTF24abykzaw,1,0,0,0,0,0,0,0,0,0,0
ZTF24abykzcq,0,1,0,1,0,0,1,1,0,1,0
ZTF24abylbgi,0,1,0,1,0,1,0,1,0,0,1
ZTF24abylbjf,0,1,0,1,0,1,0,0,1,1,0
ZTF24abylbjv,0,0,1,1,0,1,0,1,0,1,0
ZTF24abylbll,0,1,0,1,0,1,0,0,1,1,0
ZTF24abylepq,0,1,0,1,0,0,1,1,0,1,0
ZTF24abylevb,0,1,0,0,1,1,0,1,0,1,0
ZTF24abylqgo,0,1,0,1,0,0,1,1,0,1,0
ZTF24abymwoh,0,0,1,1,0,1,0,1,0,1,0
ZTF24abynapy,0,1,0,1,0,1,0,0,1,1,0
ZTF24abyneij,0,0,1,1,0,1,0,1,0,1,0
ZTF24abynice,0,1,0,0,1,1,0,1,0,1,0
ZTF24abynpec,1,0,0,0,0,0,0,0,0,0,0
ZTF24abynrxq,0,1,0,1,0,0,1,1,0,1,0
ZTF24abynyet,0,1,0,1,0,1,0,1,0,0,1
ZTF24abyocnp,0,1,0,0,1,1,0,1,0,1,0
ZTF24abyofbb,1,0,0,0,0,0,0,0,0,0,0
ZTF24abyqzpi,0,0,1,1,0,1,0,1,0,1,0
ZTF24abyrxua,0,1,0,1,0,1,0,1,0,0,1
ZTF24abyrzfi,0,1,0,1,0,1,0,0,1,1,0
ZTF24abysppj,0,1,0,0,1,1,0,1,0,1,0
ZTF24abysuvn,0,1,0,1,0,1,0,1,0,0,1
ZTF24abyugbi,0,1,0,1,0,0,1,1,0,1,0
ZTF24abyuqty,0,1,0,1,0,0,1,1,0,1,0
ZTF24abyurnd,0,1,0,1,0,1,0,1,0,0,1
ZTF24abyutxq,0,1,0,1,0,1,0,0,1,1,0
ZTF24abyvidz,0,1,0,1,0,1,0,1,0,0,1
ZTF24abyvims,0,1,0,1,0,1,0,0,1,1,0
ZTF24abyvmkn,1,0,0,0,0,0,0,0,0,0,0
ZTF24abyxivp,0,1,0,1,0,0,1,1,0,1,0
ZTF24abyzbkt,0,1,0,1,0,0,1,1,0,1,0
ZTF24abyzmiw,0,1,0,1,0,1,0,0,1,1,0
ZTF24abyzmqj,0,1,0,1,0,0,1,1,0,1,0
ZTF24abyzync,1,0,0,0,0,0,0,0,0,0,0
ZTF24abzapei,0,1,0,0,1,1,0,1,0,1,0
ZTF24abzasey,0,1,0,1,0,1,0,1,0,0,1
ZTF24abzatbl,0,1,0,0,1,1,0,1,0,1,0
ZTF24abzatfh,0,1,0,1,0,1,0,1,0,0,1
ZTF24abzbchk,0,1,0,1,0,1,0,1,0,0,1
ZTF24abzbjma,0,0,1,1,0,1,0,1,0,1,0
ZTF24abzbssa,0,1,0,1,0,1,0,0,1,1,0
ZTF24abzdccf,0,1,0,1,0,0,1,1,0,1,0
ZTF24abzfwgy,1,0,0,0,0,0,0,0,0,0,0
ZTF24abzjeod,1,0,0,0,0,0,0,0,0,0,0
ZTF24abzkdil,0,0,1,1,0,1,0,1,0,1,0
ZTF24abzkfuo,0,1,0,0,1,1,0,1,0,1,0
ZTF24abzkrce,1,0,0,0,0,0,0,0,0,0,0
ZTF24abzkrcz,0,1,0,0,1,1,0,1,0,1,0
ZTF24abzkrhw,0,1,0,1,0,0,1,1,0,1,0
ZTF24abzkrma,0,1,0,1,0,1,0,0,1,1,0
ZTF24abzksbl,0,1,0,1,0,1,0,1,0,0,1
ZTF24abzkvev,0,1,0,0,1,1,0,1,0,1,0
ZTF24abzlfhf,0,0,1,1,0,1,0,1,0,1,0
ZTF24abzlpie,0,1,0,1,0,1,0,0,1,1,0
ZTF24abzltdv,0,1,0,1,0,0,1,1,0,1,0
ZTF24abzmbei,1,0,0,0,0,0,0,0,0,0,0
ZTF24abzmqxz,0,1,0,1,0,1,0,0,1,1,0
ZTF24abzmqyb,0,1,0,1,0,0,1,1,0,1,0
ZTF24abznxgb,0,1,0,0,1,1,0,1,0,1,0
ZTF24abzovbw,0,1,0,1,0,1,0,1,0,0,1
ZTF24abzowxv,0,1,0,0,1,1,0,1,0,1,0
ZTF24abzpaxz,0,1,0,1,0,1,0,1,0,0,1
ZTF24abzqtga,1,0,0,0,0,0,0,0,0,0,0
ZTF24abzqupe,0,1,0,1,0,1,0,0,1,1,0
ZTF24abzrkyw,0,1,0,0,1,1,0,1,0,1,0
ZTF24abzrmoo,0,1,0,1,0,1,0,1,0,0,1
ZTF24abzrzhz,0,1,0,0,1,1,0,1,0,1,0
ZTF24abzsflr,0,0,1,1,0,1,0,1,0,1,0
ZTF24abzsqjc,0,1,0,1,0,1,0,0,1,1,0
ZTF24abzsrpo,0,1,0,0,1,1,0,1,0,1,0
ZTF24abzstda,0,0,1,1,0,1,0,1,0,1,0
ZTF24abzsuck,0,1,0,1,0,0,1,1,0,1,0
ZTF24abztbsc,0,1,0,1,0,0,1,1,0,1,0
ZTF24abztkrq,0,1,0,1,0,1,0,0,1,1,0
ZTF24abztxiq,1,0,0,0,0,0,0,0,0,0,0
ZTF24abzvnew,0,1,0,0,1,1,0,1,0,1,0
ZTF24abzvpgp,0,1,0,1,0,1,0,1,0,0,1
ZTF24abzvpqu,0,1,0,1,0,0,1,1,0,1,0
ZTF24abzvqfu,0,1,0,1,0,1,0,1,0,0,1
ZTF24abzvqtp,0,1,0,1,0,1,0,1,0,0,1
ZTF24abzvrls,1,0,0,0,0,0,0,0,0,0,0
ZTF24abzvsbq,1,0,0,0,0,0,0,0,0,0,0
ZTF24abzvskp,0,1,0,1,0,1,0,1,0,0,1
ZTF24abzvymr,1,0,0,0,0,0,0,0,0,0,0
ZTF24abzvyoq,1,0,0,0,0,0,0,0,0,0,0
ZTF24abzvzfb,0,1,0,1,0,0,1,1,0,1,0
ZTF24abzvzki,0,0,1,1,0,1,0,1,0,1,0
ZTF24abzwnsr,0,1,0,1,0,1,0,1,0,0,1
ZTF24abzwnym,0,1,0,1,0,1,0,1,0,0,1
ZTF24abzwoej,0,1,0,1,0,1,0,1,0,0,1
ZTF24abzwpda,0,1,0,1,0,1,0,0,1,1,0
ZTF24abzwpeq,0,1,0,1,0,1,0,0,1,1,0
ZTF24abzwphv,0,0,1,1,0,1,0,1,0,1,0
ZTF24abzwpig,1,0,0,0,0,0,0,0,0,0,0
ZTF24abzwpje,0,0,1,1,0,1,0,1,0,1,0
ZTF24abzwpkx,0,1,0,1,0,1,0,0,1,1,0
ZTF24abzwpmd,0,0,1,1,0,1,0,1,0,1,0
ZTF24abzwpqf,0,0,1,1,0,1,0,1,0,1,0
ZTF24abzwreb,0,1,0,0,1,1,0,1,0,1,0
ZTF24abzwsfk,0,1,0,1,0,0,1,1,0,1,0
ZTF24abzwudv,0,1,0,1,0,1,0,0,1,1,0
ZTF24abzwviq,0,1,0,0,1,1,0,1,0,1,0
ZTF24abzwzbx,1,0,0,0,0,0,0,0,0,0,0
ZTF24abzwzfv,0,1,0,1,0,1,0,1,0,0,1
ZTF24abzxalv,0,0,1,1,0,1,0,1,0,1,0
ZTF24abzxeih,0,1,0,1,0,1,0,0,1,1,0
ZTF24abzxgbv,0,1,0,1,0,1,0,0,1,1,0
ZTF24abzxgoy,1,0,0,0,0,0,0,0,0,0,0
ZTF24abzxgxl,0,1,0,0,1,1,0,1,0,1,0
ZTF24abzxlyf,0,1,0,1,0,1,0,1,0,0,1
ZTF24abzynpy,1,0,0,0,0,0,0,0,0,0,0
ZTF24abzzplu,0,1,0,1,0,1,0,0,1,1,0
ZTF24acabreb,0,1,0,1,0,1,0,0,1,1,0
ZTF24acabtet,1,0,0,0,0,0,0,0,0,0,0
ZTF24acabtui,0,1,0,0,1,1,0,1,0,1,0
ZTF24acabxwm,0,1,0,1,0,0,1,1,0,1,0
ZTF24acabzjg,0,1,0,1,0,1,0,0,1,1,0
ZTF24acaccrk,0,1,0,1,0,1,0,0,1,1,0
ZTF24acacdwj,0,0,1,1,0,1,0,1,0,1,0
ZTF24acacebz,0,1,0,1,0,1,0,0,1,1,0
ZTF24acacecq,0,1,0,1,0,0,1,1,0,1,0
ZTF24acacehl,1,0,0,0,0,0,0,0,0,0,0
ZTF24acacekv,0,1,0,0,1,1,0,1,0,1,0
ZTF24acacewv,0,0,1,1,0,1,0,1,0,1,0
ZTF24acacexk,0,1,0,1,0,1,0,0,1,1,0
ZTF24acacfap,1,0,0,0,0,0,0,0,0,0,0
ZTF24acacfds,0,1,0,0,1,1,0,1,0,1,0
ZTF24acacfdu,0,1,0,1,0,0,1,1,0,1,0
ZTF24acacfgw,0,1,0,1,0,0,1,1,0,1,0
ZTF24acacflw,0,1,0,1,0,1,0,0,1,1,0
ZTF24acacfpl,0,1,0,1,0,0,1,1,0,1,0
ZTF24acaclrl,0,1,0,1,0,0,1,1,0,1,0
ZTF24acacmen,0,1,0,1,0,1,0,1,0,0,1
ZTF24acacsqv,0,0,1,1,0,1,0,1,0,1,0
ZTF24acactdg,0,0,1,1,0,1,0,1,0,1,0
ZTF24acadbcv,1,0,0,0,0,0,0,0,0,0,0
ZTF24acadcrr,0,0,1,1,0,1,0,1,0,1,0
ZTF24acadeyn,0,1,0,1,0,0,1,1,0,1,0
ZTF24acadiud,0,1,0,1,0,0,1,1,0,1,0
ZTF24acadkzi,1,0,0,0,0,0,0,0,0,0,0
ZTF24acadxpr,0,1,0,0,1,1,0,1,0,1,0
ZTF24acadyyl,0,1,0,1,0,1,0,0,1,1,0
ZTF24acaegth,0,0,1,1,0,1,0,1,0,1,0
ZTF24acaemhp,0,1,0,1,0,0,1,1,0,1,0
ZTF24acaeuup,1,0,0,0,0,0,0,0,0,0,0
ZTF24acagift,0,0,1,1,0,1,0,1,0,1,0
ZTF24acahdfe,0,0,1,1,0,1,0,1,0,1,0
ZTF24acahmla,1,0,0,0,0,0,0,0,0,0,0
ZTF24acahpvk,0,1,0,1,0,0,1,1,0,1,0
ZTF24acahruq,0,1,0,1,0,0,1,1,0,1,0
ZTF24acahtsl,0,1,0,1,0,1,0,0,1,1,0
ZTF24acahtyk,0,1,0,1,0,1,0,1,0,0,1
ZTF24acahuab,0,0,1,1,0,1,0,1,0,1,0
ZTF24acahubb,0,1,0,1,0,1,0,1,0,0,1
ZTF24acahubh,1,0,0,0,0,0,0,0,0,0,0
ZTF24acahubi,0,0,1,1,0,1,0,1,0,1,0
ZTF24acahuhy,0,1,0,1,0,0,1,1,0,1,0
ZTF24acahvpq,0,1,0,1,0,0,1,1,0,1,0
ZTF24acahvpy,0,0,1,1,0,1,0,1,0,1,0
ZTF24acahvqs,1,0,0,0,0,0,0,0,0,0,0
ZTF24acahvqw,0,0,1,1,0,1,0,1,0,1,0
ZTF24acahvqx,1,0,0,0,0,0,0,0,0,0,0
ZTF24acahvsh,1,0,0,0,0,0,0,0,0,0,0
ZTF24acahwsm,0,1,0,1,0,1,0,1,0,0,1
ZTF25aaaafak,0,1,0,1,0,1,0,1,0,0,1
ZTF25aaaafge,0,0,1,1,0,1,0,1,0,1,0
ZTF25aaaaper,1,0,0,0,0,0,0,0,0,0,0
ZTF25aaaapes,1,0,0,0,0,0,0,0,0,0,0
ZTF25aaaaqex,1,0,0,0,0,0,0,0,0,0,0
ZTF25aaaauxw,0,1,0,1,0,1,0,1,0,0,1
ZTF25aaaavqb,0,0,1,1,0,1,0,1,0,1,0
ZTF25aaaawig,0,1,0,1,0,1,0,0,1,1,0
ZTF25aaabbyo,0,1,0,1,0,0,1,1,0,1,0
ZTF25aaabezb,0,1,0,0,1,1,0,1,0,1,0
ZTF25aaabnwi,0,1,0,1,0,0,1,1,0,1,0
ZTF25aaabvre,0,1,0,1,0,1,0,1,0,0,1
ZTF25aaacrri,0,1,0,1,0,1,0,0,1,1,0
ZTF25aaacure,0,1,0,1,0,1,0,0,1,1,0
ZTF25aaadbif,0,1,0,1,0,0,1,1,0,1,0
ZTF25aaadfll,0,1,0,1,0,0,1,1,0,1,0
ZTF25aaadgii,0,1,0,1,0,1,0,1,0,0,1
ZTF25aaadytl,0,1,0,0,1,1,0,1,0,1,0
ZTF25aaaexrb,0,0,1,1,0,1,0,1,0,1,0
ZTF25aaaeyzz,0,1,0,1,0,1,0,1,0,0,1
ZTF25aaafbbk,0,0,1,1,0,1,0,1,0,1,0
ZTF25aaafxvn,0,1,0,1,0,1,0,1,0,0,1
ZTF25aaagbkt,0,1,0,1,0,1,0,1,0,0,1
ZTF25aaahknq,0,1,0,1,0,0,1,1,0,1,0
ZTF25aaajudz,0,0,1,1,0,1,0,1,0,1,0
ZTF25aaajuyx,0,1,0,1,0,1,0,0,1,1,0
ZTF25aaakjli,0,1,0,1,0,1,0,1,0,0,1
ZTF25aaakjsi,0,1,0,0,1,1,0,1,0,1,0
ZTF25aaakman,0,1,0,0,1,1,0,1,0,1,0
ZTF25aaakmkh,1,0,0,0,0,0,0,0,0,0,0
ZTF25aaaknab,0,1,0,1,0,1,0,1,0,0,1
ZTF25aaaknyc,0,1,0,1,0,1,0,0,1,1,0
ZTF25aaaktmc,0,1,0,1,0,0,1,1,0,1,0
ZTF25aaaktqb,0,1,0,1,0,1,0,0,1,1,0
ZTF25aaakvca,0,1,0,1,0,1,0,0,1,1,0
ZTF25aaakxjj,0,1,0,0,1,1,0,1,0,1,0
ZTF25aaalevu,1,0,0,0,0,0,0,0,0,0,0
ZTF25aaallgo,1,0,0,0,0,0,0,0,0,0,0
ZTF25aaaluwi,0,0,1,1,0,1,0,1,0,1,0
ZTF25aaamfqz,0,1,0,1,0,0,1,1,0,1,0
ZTF25aaamnql,0,1,0,1,0,0,1,1,0,1,0
ZTF25aaamujv,0,0,1,1,0,1,0,1,0,1,0
ZTF25aaamwhw,1,0,0,0,0,0,0,0,0,0,0
ZTF25aaanbtg,1,0,0,0,0,0,0,0,0,0,0
ZTF25aaaoerf,1,0,0,0,0,0,0,0,0,0,0
ZTF25aaaoinj,0,1,0,0,1,1,0,1,0,1,0
ZTF25aaaonai,0,1,0,1,0,1,0,1,0,0,1
ZTF25aaaoupu,0,1,0,1,0,1,0,0,1,1,0
ZTF25aaaovwf,0,0,1,1,0,1,0,1,0,1,0
ZTF25aaaprdb,0,1,0,0,1,1,0,1,0,1,0
ZTF25aaaqjfc,1,0,0,0,0,0,0,0,0,0,0
ZTF25aaaqkbi,0,1,0,1,0,1,0,0,1,1,0
ZTF25aaaqvke,0,1,0,1,0,1,0,0,1,1,0
ZTF25aaasqqk,1,0,0,0,0,0,0,0,0,0,0
ZTF25aaataex,0,1,0,1,0,0,1,1,0,1,0
ZTF25aaatafw,0,1,0,1,0,1,0,0,1,1,0
ZTF25aaatnmd,0,1,0,1,0,1,0,1,0,0,1
ZTF25aaavbeu,1,0,0,0,0,0,0,0,0,0,0
ZTF25aaawenb,1,0,0,0,0,0,0,0,0,0,0
ZTF25aaawpmf,0,1,0,1,0,1,0,0,1,1,0
ZTF25aaaywoo,1,0,0,0,0,0,0,0,0,0,0
ZTF25aaaywqk,0,0,1,1,0,1,0,1,0,1,0
ZTF25aaazbyk,1,0,0,0,0,0,0,0,0,0,0
ZTF25aaazrdg,0,0,1,1,0,1,0,1,0,1,0
ZTF25aaaztqq,0,1,0,1,0,1,0,0,1,1,0
ZTF25aaaztqr,1,0,0,0,0,0,0,0,0,0,0
ZTF25aaaztvi,0,1,0,1,0,0,1,1,0,1,0
ZTF25aaaztvy,0,1,0,1,0,1,0,0,1,1,0
ZTF25aaaztwh,0,1,0,0,1,1,0,1,0,1,0
ZTF25aaaztwi,0,1,0,1,0,0,1,1,0,1,0
ZTF25aaazuaw,0,0,1,1,0,1,0,1,0,1,0
ZTF25aaazubd,0,0,1,1,0,1,0,1,0,1,0
ZTF25aaazubi,1,0,0,0,0,0,0,0,0,0,0
ZTF25aaazvar,1,0,0,0,0,0,0,0,0,0,0
ZTF25aaazvbb,0,1,0,1,0,1,0,0,1,1,0
ZTF25aaazwcl,0,1,0,1,0,1,0,0,1,1,0
ZTF25aaazwpv,0,1,0,1,0,1,0,0,1,1,0
ZTF25aabebix,0,0,1,1,0,1,0,1,0,1,0
ZTF25aabehgz,0,1,0,1,0,1,0,1,0,0,1
ZTF25aabfzwm,0,0,1,1,0,1,0,1,0,1,0
ZTF25aabjeiy,0,1,0,1,0,1,0,0,1,1,0
ZTF25aablyqw,0,1,0,0,1,1,0,1,0,1,0
ZTF25aabmbjx,0,1,0,1,0,1,0,1,0,0,1
ZTF25aabmcjz,1,0,0,0,0,0,0,0,0,0,0
ZTF25aabmhdd,0,1,0,1,0,0,1,1,0,1,0
ZTF25aabnwba,0,1,0,0,1,1,0,1,0,1,0
ZTF25aabosqp,0,0,1,1,0,1,0,1,0,1,0
ZTF25aaboumb,1,0,0,0,0,0,0,0,0,0,0
ZTF25aabowed,0,1,0,1,0,1,0,0,1,1,0
ZTF25aabowly,0,1,0,1,0,1,0,0,1,1,0
ZTF25aabphpd,0,1,0,1,0,0,1,1,0,1,0
ZTF25aabqdqc,0,1,0,1,0,0,1,1,0,1,0
ZTF25aabqggv,0,0,1,1,0,1,0,1,0,1,0
ZTF25aabreke,0,1,0,1,0,1,0,1,0,0,1
ZTF25aabskal,0,1,0,0,1,1,0,1,0,1,0
ZTF25aabsnwc,0,1,0,1,0,1,0,0,1,1,0
ZTF25aabsnyf,0,1,0,0,1,1,0,1,0,1,0
ZTF25aabuyyy,0,0,1,1,0,1,0,1,0,1,0
ZTF25aabzaam,0,1,0,1,0,1,0,1,0,0,1
ZTF25aabzbex,0,1,0,0,1,1,0,1,0,1,0
ZTF25aabzkxv,0,1,0,0,1,1,0,1,0,1,0
ZTF25aabztpo,0,1,0,1,0,0,1,1,0,1,0
ZTF25aacaopu,0,1,0,0,1,1,0,1,0,1,0
ZTF25aacaqhy,0,0,1,1,0,1,0,1,0,1,0
ZTF25aacaslr,0,1,0,0,1,1,0,1,0,1,0
ZTF25aacasop,0,1,0,0,1,1,0,1,0,1,0
ZTF25aacautg,0,0,1,1,0,1,0,1,0,1,0
ZTF25aacawpa,1,0,0,0,0,0,0,0,0,0,0
ZTF25aacaxkg,0,1,0,1,0,0,1,1,0,1,0
ZTF25aacaxqv,0,1,0,1,0,0,1,1,0,1,0
ZTF25aacazti,0,1,0,1,0,1,0,1,0,0,1
ZTF25aacaztz,0,1,0,1,0,1,0,1,0,0,1
ZTF25aacbbqh,0,1,0,1,0,0,1,1,0,1,0
ZTF25aacbhct,1,0,0,0,0,0,0,0,0,0,0
ZTF25aacblvq,1,0,0,0,0,0,0,0,0,0,0
ZTF25aacbvcx,0,1,0,0,1,1,0,1,0,1,0
ZTF25aaccmjq,0,1,0,1,0,0,1,1,0,1,0
ZTF25aaccqfa,1,0,0,0,0,0,0,0,0,0,0
ZTF25aaccwwm,0,1,0,0,1,1,0,1,0,1,0
ZTF25aacddmf,1,0,0,0,0,0,0,0,0,0,0
ZTF25aacdetb,0,1,0,1,0,1,0,1,0,0,1
ZTF25aacdheo,0,0,1,1,0,1,0,1,0,1,0
ZTF25aacdilx,1,0,0,0,0,0,0,0,0,0,0
ZTF25aacdipy,0,1,0,0,1,1,0,1,0,1,0
ZTF25aacdjzo,0,1,0,0,1,1,0,1,0,1,0
ZTF25aacdjzy,0,1,0,1,0,0,1,1,0,1,0
ZTF25aacdkan,0,1,0,1,0,1,0,0,1,1,0
ZTF25aacdkws,0,0,1,1,0,1,0,1,0,1,0
ZTF25aacdlpf,0,1,0,1,0,1,0,0,1,1,0
ZTF25aacdlqc,0,1,0,1,0,1,0,1,0,0,1
ZTF25aacdlqg,0,1,0,0,1,1,0,1,0,1,0
ZTF25aacdlqv,0,1,0,1,0,1,0,1,0,0,1
ZTF25aacdnrt,0,1,0,1,0,1,0,1,0,0,1
ZTF25aacdxnv,1,0,0,0,0,0,0,0,0,0,0
ZTF25aaceblr,0,1,0,1,0,1,0,1,0,0,1
ZTF25aacehow,1,0,0,0,0,0,0,0,0,0,0
ZTF25aaceirn,0,1,0,1,0,1,0,0,1,1,0
ZTF25aacelyq,0,0,1,1,0,1,0,1,0,1,0
ZTF25aacerkv,1,0,0,0,0,0,0,0,0,0,0
ZTF25aaceybo,0,1,0,1,0,1,0,1,0,0,1
ZTF25aacezgb,1,0,0,0,0,0,0,0,0,0,0
ZTF25aacezmr,0,1,0,0,1,1,0,1,0,1,0
ZTF25aacfcvl,0,1,0,0,1,1,0,1,0,1,0
ZTF25aacgoiv,0,1,0,0,1,1,0,1,0,1,0
ZTF25aacgqru,0,0,1,1,0,1,0,1,0,1,0
ZTF25aacgvsm,0,1,0,1,0,1,0,0,1,1,0
ZTF25aachhhw,0,1,0,1,0,0,1,1,0,1,0
ZTF25aachqbl,0,1,0,0,1,1,0,1,0,1,0
ZTF25aachupz,1,0,0,0,0,0,0,0,0,0,0
ZTF25aachybh,0,0,1,1,0,1,0,1,0,1,0
ZTF25aachzgf,0,1,0,1,0,0,1,1,0,1,0
ZTF25aachzjr,0,0,1,1,0,1,0,1,0,1,0
ZTF25aachzkj,0,1,0,1,0,0,1,1,0,1,0
ZTF25aacibch,0,1,0,0,1,1,0,1,0,1,0
ZTF25aacibgj,0,1,0,1,0,1,0,1,0,0,1
ZTF25aacicco,0,1,0,1,0,1,0,1,0,0,1
ZTF25aacicju,0,1,0,1,0,0,1,1,0,1,0
ZTF25aaciinz,0,1,0,1,0,1,0,0,1,1,0
ZTF25aaciknm,0,1,0,1,0,1,0,1,0,0,1
ZTF25aaciqcm,0,1,0,1,0,1,0,1,0,0,1
ZTF25aaciuqq,0,1,0,1,0,0,1,1,0,1,0
ZTF25aacjccb,0,1,0,1,0,0,1,1,0,1,0
ZTF25aacjfra,0,0,1,1,0,1,0,1,0,1,0
ZTF25aacjoxx,0,1,0,0,1,1,0,1,0,1,0
ZTF25aacjoyn,0,0,1,1,0,1,0,1,0,1,0
ZTF25aacjpcn,0,1,0,1,0,1,0,1,0,0,1
ZTF25aackiry,0,1,0,1,0,1,0,0,1,1,0
ZTF25aackkec,0,0,1,1,0,1,0,1,0,1,0
ZTF25aaclacj,0,1,0,1,0,1,0,0,1,1,0
ZTF25aacldzw,1,0,0,0,0,0,0,0,0,0,0
ZTF25aaclhqq,0,1,0,1,0,1,0,0,1,1,0
ZTF25aacljwu,0,1,0,1,0,1,0,0,1,1,0
ZTF25aaclklv,0,1,0,1,0,1,0,1,0,0,1
ZTF25aaclsok,0,1,0,0,1,1,0,1,0,1,0
ZTF25aacmbmg,0,1,0,0,1,1,0,1,0,1,0
ZTF25aacmcvv,0,0,1,1,0,1,0,1,0,1,0
ZTF25aacmesw,1,0,0,0,0,0,0,0,0,0,0
ZTF25aacmftn,0,1,0,1,0,1,0,0,1,1,0
ZTF25aacmhol,0,1,0,1,0,0,1,1,0,1,0
ZTF25aacmhpl,1,0,0,0,0,0,0,0,0,0,0
ZTF25aacmwcv,0,0,1,1,0,1,0,1,0,1,0
ZTF25aacmwii,0,0,1,1,0,1,0,1,0,1,0
ZTF25aacnode,0,0,1,1,0,1,0,1,0,1,0
ZTF25aacnour,0,1,0,1,0,1,0,0,1,1,0
ZTF25aacnufw,0,1,0,1,0,1,0,1,0,0,1
ZTF25aacoubx,0,1,0,1,0,1,0,0,1,1,0
ZTF25aacoyku,0,1,0,1,0,0,1,1,0,1,0
ZTF25aacpoph,1,0,0,0,0,0,0,0,0,0,0
ZTF25aacpwyg,1,0,0,0,0,0,0,0,0,0,0
ZTF25aacqgbm,0,1,0,1,0,1,0,0,1,1,0
ZTF25aacqhbf,0,1,0,1,0,1,0,1,0,0,1
ZTF25aacqhvc,0,1,0,1,0,1,0,0,1,1,0
ZTF25aacqigz,0,0,1,1,0,1,0,1,0,1,0
ZTF25aacqtcq,0,1,0,1,0,1,0,1,0,0,1
ZTF25aacrfjw,0,1,0,0,1,1,0,1,0,1,0
ZTF25aacrlnf,0,1,0,0,1,1,0,1,0,1,0
ZTF25aacrwou,0,1,0,1,0,0,1,1,0,1,0
ZTF25aacrxhz,0,0,1,1,0,1,0,1,0,1,0
ZTF25aactdcs,0,1,0,1,0,1,0,0,1,1,0
ZTF25aactdtp,0,1,0,0,1,1,0,1,0,1,0
ZTF25aactemy,1,0,0,0,0,0,0,0,0,0,0
ZTF25aactenu,0,1,0,1,0,0,1,1,0,1,0
ZTF25aaczjrc,0,1,0,1,0,1,0,0,1,1,0
ZTF25aaczoqw,0,0,1,1,0,1,0,1,0,1,0
ZTF25aadacaj,1,0,0,0,0,0,0,0,0,0,0
ZTF25aadanpr,0,1,0,1,0,1,0,0,1,1,0
ZTF25aadcfqv,0,1,0,1,0,0,1,1,0,1,0
ZTF25aadcxfd,1,0,0,0,0,0,0,0,0,0,0
ZTF25aadcyjo,0,1,0,1,0,1,0,1,0,0,1
ZTF25aadcylv,1,0,0,0,0,0,0,0,0,0,0
ZTF25aaddgfc,0,1,0,1,0,1,0,0,1,1,0
ZTF25aaddjwr,0,1,0,1,0,1,0,0,1,1,0
ZTF25aaddkie,0,1,0,1,0,1,0,1,0,0,1
ZTF25aaddrbu,0,1,0,1,0,0,1,1,0,1,0
ZTF25aaddzfw,0,1,0,1,0,1,0,1,0,0,1
ZTF25aaddzhg,0,1,0,1,0,1,0,0,1,1,0
ZTF25aadetbt,0,0,1,1,0,1,0,1,0,1,0
ZTF25aadevqv,1,0,0,0,0,0,0,0,0,0,0
ZTF25aadexjn,0,1,0,1,0,0,1,1,0,1,0
ZTF25aadfeui,1,0,0,0,0,0,0,0,0,0,0
ZTF25aadfktz,0,1,0,1,0,1,0,0,1,1,0
ZTF25aadfkug,0,1,0,1,0,1,0,1,0,0,1
ZTF25aadfmfe,0,1,0,1,0,1,0,0,1,1,0
ZTF25aadfmod,0,1,0,1,0,0,1,1,0,1,0
ZTF25aadfqjb,1,0,0,0,0,0,0,0,0,0,0
ZTF25aadfsmz,0,1,0,1,0,1,0,1,0,0,1
ZTF25aadfujt,1,0,0,0,0,0,0,0,0,0,0
ZTF25aadfulz,0,1,0,1,0,1,0,0,1,1,0
ZTF25aadfupz,0,0,1,1,0,1,0,1,0,1,0
ZTF25aadfurk,0,1,0,1,0,1,0,0,1,1,0
ZTF25aadfuyb,0,0,1,1,0,1,0,1,0,1,0
ZTF25aadfuzq,0,1,0,0,1,1,0,1,0,1,0
ZTF25aadfvdt,0,1,0,1,0,1,0,1,0,0,1
ZTF25aadfwhq,0,1,0,0,1,1,0,1,0,1,0
ZTF25aadfwjd,1,0,0,0,0,0,0,0,0,0,0
ZTF25aadfwoz,0,1,0,1,0,1,0,1,0,0,1
ZTF25aadfxze,0,1,0,1,0,0,1,1,0,1,0
ZTF25aadgaku,0,1,0,1,0,0,1,1,0,1,0
ZTF25aadgaqe,1,0,0,0,0,0,0,0,0,0,0
ZTF25aadgbsu,0,1,0,0,1,1,0,1,0,1,0
ZTF25aadgbsx,1,0,0,0,0,0,0,0,0,0,0
ZTF25aadgcki,0,1,0,0,1,1,0,1,0,1,0
ZTF25aadgclu,0,1,0,1,0,1,0,1,0,0,1
ZTF25aadgcqi,0,1,0,0,1,1,0,1,0,1,0
ZTF25aadgcto,1,0,0,0,0,0,0,0,0,0,0
ZTF25aadgdow,0,0,1,1,0,1,0,1,0,1,0
ZTF25aadgdpu,0,1,0,1,0,0,1,1,0,1,0
ZTF25aadgeiq,1,0,0,0,0,0,0,0,0,0,0
ZTF25aadghow,0,1,0,0,1,1,0,1,0,1,0
ZTF25aadgima,0,1,0,1,0,0,1,1,0,1,0
ZTF25aadhlbd,0,1,0,0,1,1,0,1,0,1,0
ZTF25aadhltj,0,1,0,0,1,1,0,1,0,1,0
ZTF25aadhmta,0,1,0,1,0,1,0,0,1,1,0
ZTF25aadhobh,1,0,0,0,0,0,0,0,0,0,0
ZTF25aadhoxh,0,1,0,1,0,0,1,1,0,1,0
ZTF25aadhqbx,1,0,0,0,0,0,0,0,0,0,0
ZTF25aadhtfg,1,0,0,0,0,0,0,0,0,0,0
ZTF25aadhuav,1,0,0,0,0,0,0,0,0,0,0
ZTF25aadictv,0,1,0,1,0,0,1,1,0,1,0
ZTF25aadiczi,0,1,0,1,0,1,0,1,0,0,1
ZTF25aadigin,0,1,0,1,0,0,1,1,0,1,0
ZTF25aadigrr,1,0,0,0,0,0,0,0,0,0,0
ZTF25aadiwtk,0,1,0,1,0,1,0,0,1,1,0
ZTF25aadjatp,0,0,1,1,0,1,0,1,0,1,0
ZTF25aadjsie,0,1,0,1,0,1,0,1,0,0,1
ZTF25aadjukb,1,0,0,0,0,0,0,0,0,0,0
ZTF25aadkgix,0,0,1,1,0,1,0,1,0,1,0
ZTF25aadkrpn,0,1,0,1,0,0,1,1,0,1,0
ZTF25aadkudx,0,1,0,1,0,1,0,1,0,0,1
ZTF25aadlcbi,1,0,0,0,0,0,0,0,0,0,0
ZTF25aadlgef,0,1,0,1,0,1,0,0,1,1,0
ZTF25aadlhgd,0,1,0,1,0,0,1,1,0,1,0
ZTF25aadlhqn,0,0,1,1,0,1,0,1,0,1,0
ZTF25aadlhrm,0,1,0,0,1,1,0,1,0,1,0
ZTF25aadlhzw,1,0,0,0,0,0,0,0,0,0,0
ZTF25aadllib,0,1,0,0,1,1,0,1,0,1,0
ZTF25aadllii,0,0,1,1,0,1,0,1,0,1,0
ZTF25aadllil,0,1,0,1,0,0,1,1,0,1,0
ZTF25aadlodi,0,1,0,1,0,1,0,0,1,1,0
ZTF25aadlotg,0,0,1,1,0,1,0,1,0,1,0
ZTF25aadlqdf,1,0,0,0,0,0,0,0,0,0,0
ZTF25aadlqev,0,1,0,0,1,1,0,1,0,1,0
ZTF25aadlqew,0,1,0,0,1,1,0,1,0,1,0
ZTF25aadlqfo,0,1,0,1,0,1,0,0,1,1,0
ZTF25aadlqfq,0,1,0,1,0,1,0,0,1,1,0
ZTF25aadlqig,0,1,0,1,0,1,0,1,0,0,1
ZTF25aadlrie,0,1,0,0,1,1,0,1,0,1,0
ZTF25aadlsub,0,1,0,1,0,0,1,1,0,1,0
ZTF25aadltat,0,1,0,1,0,1,0,0,1,1,0
ZTF25aadltny,0,1,0,1,0,0,1,1,0,1,0
ZTF25aadltrf,0,1,0,1,0,1,0,0,1,1,0
ZTF25aadltwl,1,0,0,0,0,0,0,0,0,0,0
ZTF25aadltyg,0,1,0,1,0,1,0,1,0,0,1
ZTF25aadluey,0,0,1,1,0,1,0,1,0,1,0
ZTF25aadlugr,1,0,0,0,0,0,0,0,0,0,0
ZTF25aadmaqa,1,0,0,0,0,0,0,0,0,0,0
ZTF25aadngyo,0,1,0,1,0,1,0,0,1,1,0
ZTF25aadnodg,0,1,0,0,1,1,0,1,0,1,0
ZTF25aadnogd,0,1,0,1,0,1,0,0,1,1,0
ZTF25aadnokz,0,1,0,1,0,0,1,1,0,1,0
ZTF25aadnpqj,0,0,1,1,0,1,0,1,0,1,0
ZTF25aadnpyi,1,0,0,0,0,0,0,0,0,0,0
ZTF25aadnqsn,0,1,0,0,1,1,0,1,0,1,0
ZTF25aadnqwd,0,0,1,1,0,1,0,1,0,1,0
ZTF25aadnryr,1,0,0,0,0,0,0,0,0,0,0
ZTF25aadnsei,1,0,0,0,0,0,0,0,0,0,0
ZTF25aadnsja,0,1,0,1,0,0,1,1,0,1,0
ZTF25aadnsku,0,1,0,1,0,1,0,0,1,1,0
ZTF25aadnsyh,1,0,0,0,0,0,0,0,0,0,0
ZTF25aadnsyu,0,1,0,1,0,1,0,1,0,0,1
ZTF25aadnthv,0,1,0,1,0,1,0,1,0,0,1
ZTF25aadntob,0,0,1,1,0,1,0,1,0,1,0
ZTF25aadntzd,0,0,1,1,0,1,0,1,0,1,0
ZTF25aadnucz,0,1,0,1,0,1,0,1,0,0,1
ZTF25aadnuje,0,1,0,1,0,1,0,1,0,0,1
ZTF25aadnujq,1,0,0,0,0,0,0,0,0,0,0
ZTF25aadnumh,1,0,0,0,0,0,0,0,0,0,0
ZTF25aadnunz,0,1,0,1,0,1,0,1,0,0,1
ZTF25aadnvuz,0,1,0,0,1,1,0,1,0,1,0
ZTF25aadnwdc,0,1,0,1,0,1,0,1,0,0,1
ZTF25aadnwdl,0,0,1,1,0,1,0,1,0,1,0
ZTF25aadnwmq,0,0,1,1,0,1,0,1,0,1,0
ZTF25aadnxae,0,1,0,0,1,1,0,1,0,1,0
ZTF25aadnxtg,0,1,0,1,0,1,0,1,0,0,1
ZTF25aadnxuk,1,0,0,0,0,0,0,0,0,0,0
ZTF25aadnxup,0,0,1,1,0,1,0,1,0,1,0
ZTF25aadnxyi,0,1,0,1,0,1,0,0,1,1,0
ZTF25aadnyok,0,1,0,0,1,1,0,1,0,1,0
ZTF25aadnzrg,0,1,0,1,0,1,0,1,0,0,1
ZTF25aadoahz,0,0,1,1,0,1,0,1,0,1,0
ZTF25aadoawe,0,0,1,1,0,1,0,1,0,1,0
ZTF25aadobgc,1,0,0,0,0,0,0,0,0,0,0
ZTF25aadobna,0,0,1,1,0,1,0,1,0,1,0
ZTF25aadobqx,0,1,0,1,0,0,1,1,0,1,0
ZTF25aadocfd,1,0,0,0,0,0,0,0,0,0,0
ZTF25aadocrz,0,0,1,1,0,1,0,1,0,1,0
ZTF25aadodbm,0,1,0,0,1,1,0,1,0,1,0
ZTF25aadoddr,0,1,0,1,0,0,1,1,0,1,0
ZTF25aadodey,0,1,0,0,1,1,0,1,0,1,0
ZTF25aadodik,1,0,0,0,0,0,0,0,0,0,0
ZTF25aadodiz,0,1,0,1,0,0,1,1,0,1,0
ZTF25aadodos,0,0,1,1,0,1,0,1,0,1,0
ZTF25aadodxk,0,1,0,0,1,1,0,1,0,1,0
ZTF25aadoeph,0,1,0,0,1,1,0,1,0,1,0
ZTF25aadofac,0,0,1,1,0,1,0,1,0,1,0
ZTF25aadofkl,0,0,1,1,0,1,0,1,0,1,0
ZTF25aadogcx,0,1,0,1,0,1,0,0,1,1,0
ZTF25aadogdb,0,1,0,1,0,1,0,1,0,0,1
ZTF25aadohxh,1,0,0,0,0,0,0,0,0,0,0
ZTF25aadojaj,0,0,1,1,0,1,0,1,0,1,0
ZTF25aadojpy,1,0,0,0,0,0,0,0,0,0,0
ZTF25aadomdx,0,1,0,1,0,0,1,1,0,1,0
ZTF25aadomvq,1,0,0,0,0,0,0,0,0,0,0
ZTF25aadonjk,0,1,0,1,0,0,1,1,0,1,0
ZTF25aadoply,1,0,0,0,0,0,0,0,0,0,0
ZTF25aadorcp,0,1,0,1,0,1,0,0,1,1,0
ZTF25aadorvj,0,1,0,1,0,0,1,1,0,1,0
ZTF25aadoubr,1,0,0,0,0,0,0,0,0,0,0
ZTF25aadowcj,0,1,0,0,1,1,0,1,0,1,0
ZTF25aadowyf,0,1,0,1,0,0,1,1,0,1,0
ZTF25aadoydt,0,1,0,1,0,1,0,0,1,1,0
ZTF25aadoyhz,1,0,0,0,0,0,0,0,0,0,0
ZTF25aadoyxk,0,1,0,0,1,1,0,1,0,1,0
ZTF25aadoyxv,0,1,0,1,0,1,0,0,1,1,0
ZTF25aadozie,0,1,0,1,0,0,1,1,0,1,0
ZTF25aadozji,0,1,0,1,0,1,0,1,0,0,1
ZTF25aadpagd,0,1,0,1,0,1,0,0,1,1,0
ZTF25aadpbbz,0,1,0,0,1,1,0,1,0,1,0
ZTF25aadpbre,0,1,0,1,0,1,0,0,1,1,0
ZTF25aadpbrz,0,1,0,1,0,1,0,0,1,1,0
ZTF25aadpbzc,1,0,0,0,0,0,0,0,0,0,0
ZTF25aadpcyd,0,1,0,0,1,1,0,1,0,1,0
ZTF25aadpdoo,1,0,0,0,0,0,0,0,0,0,0
ZTF25aadpdzc,0,1,0,1,0,1,0,1,0,0,1
ZTF25aadpemn,0,1,0,1,0,0,1,1,0,1,0
ZTF25aadpgpv,0,1,0,1,0,1,0,1,0,0,1
ZTF25aadpldb,0,1,0,0,1,1,0,1,0,1,0
ZTF25aadpmzs,0,1,0,0,1,1,0,1,0,1,0
ZTF25aadpnxs,0,1,0,1,0,1,0,1,0,0,1
ZTF25aadpseq,0,1,0,1,0,1,0,1,0,0,1
ZTF25aadptup,0,1,0,1,0,0,1,1,0,1,0
ZTF25aadqafc,1,0,0,0,0,0,0,0,0,0,0
ZTF25aadqagj,0,1,0,1,0,1,0,1,0,0,1
ZTF25aadqblq,1,0,0,0,0,0,0,0,0,0,0
ZTF25aadqbsu,1,0,0,0,0,0,0,0,0,0,0
ZTF25aadqccx,0,0,1,1,0,1,0,1,0,1,0
ZTF25aadqeea,0,0,1,1,0,1,0,1,0,1,0
ZTF25aadqeid,0,0,1,1,0,1,0,1,0,1,0
ZTF25aadqlam,0,1,0,1,0,1,0,0,1,1,0
ZTF25aadqmhr,0,1,0,1,0,1,0,0,1,1,0
ZTF25aadqnpq,0,1,0,0,1,1,0,1,0,1,0
ZTF25aadqpde,0,1,0,1,0,1,0,1,0,0,1
ZTF25aadqsrc,0,0,1,1,0,1,0,1,0,1,0
ZTF25aadrhla,0,1,0,0,1,1,0,1,0,1,0
ZTF25aadrkik,0,1,0,1,0,1,0,1,0,0,1
ZTF25aadrorc,1,0,0,0,0,0,0,0,0,0,0
ZTF25aadrpsj,0,1,0,1,0,1,0,1,0,0,1
ZTF25aadrree,0,0,1,1,0,1,0,1,0,1,0
ZTF25aadrsoy,0,1,0,1,0,1,0,0,1,1,0
ZTF25aadrzjk,0,0,1,1,0,1,0,1,0,1,0
ZTF25aadrzrj,1,0,0,0,0,0,0,0,0,0,0
ZTF25aadsabl,0,0,1,1,0,1,0,1,0,1,0
ZTF25aadsgsu,1,0,0,0,0,0,0,0,0,0,0
ZTF25aadsrcr,0,1,0,1,0,1,0,0,1,1,0
ZTF25aadsrdp,0,0,1,1,0,1,0,1,0,1,0
ZTF25aadstwz,0,1,0,1,0,1,0,1,0,0,1
ZTF25aadtbha,0,1,0,1,0,1,0,1,0,0,1
ZTF25aadtgiq,0,1,0,1,0,0,1,1,0,1,0
ZTF25aadtusj,1,0,0,0,0,0,0,0,0,0,0
ZTF25aadupwg,1,0,0,0,0,0,0,0,0,0,0
ZTF25aadurqw,0,1,0,1,0,1,0,0,1,1,0
ZTF25aadusao,0,1,0,1,0,0,1,1,0,1,0
ZTF25aaduubv,0,1,0,1,0,0,1,1,0,1,0
ZTF25aadvbhh,0,1,0,0,1,1,0,1,0,1,0
ZTF25aadvjpx,1,0,0,0,0,0,0,0,0,0,0
ZTF25aadvkre,0,1,0,0,1,1,0,1,0,1,0
ZTF25aadvwok,0,1,0,0,1,1,0,1,0,1,0
ZTF25aadwasr,0,1,0,1,0,1,0,1,0,0,1
ZTF25aadwees,0,1,0,1,0,1,0,0,1,1,0
ZTF25aadwhdp,0,1,0,1,0,1,0,0,1,1,0
ZTF25aadwoyl,0,1,0,1,0,1,0,1,0,0,1
ZTF25aadwpdr,0,1,0,1,0,1,0,0,1,1,0
ZTF25aadwrly,0,1,0,1,0,0,1,1,0,1,0
ZTF25aadwwji,0,1,0,1,0,0,1,1,0,1,0
ZTF25aadwwom,0,1,0,0,1,1,0,1,0,1,0
ZTF25aadwyyz,0,1,0,1,0,0,1,1,0,1,0
ZTF25aadxhcj,0,1,0,0,1,1,0,1,0,1,0
ZTF25aadxhoo,0,0,1,1,0,1,0,1,0,1,0
ZTF25aadxhvs,1,0,0,0,0,0,0,0,0,0,0
ZTF25aadxllq,0,1,0,1,0,0,1,1,0,1,0
ZTF25aadxmgc,0,1,0,1,0,1,0,1,0,0,1
ZTF25aadxqku,0,1,0,1,0,1,0,1,0,0,1
ZTF25aadxqnz,0,1,0,0,1,1,0,1,0,1,0
ZTF25aadxquh,0,1,0,1,0,1,0,1,0,0,1
ZTF25aadxqzy,1,0,0,0,0,0,0,0,0,0,0
ZTF25aadxspw,0,1,0,1,0,1,0,1,0,0,1
ZTF25aadxtcu,0,1,0,0,1,1,0,1,0,1,0
ZTF25aadxtjo,0,1,0,1,0,1,0,1,0,0,1
ZTF25aadxtva,1,0,0,0,0,0,0,0,0,0,0
ZTF25aadxvnk,0,0,1,1,0,1,0,1,0,1,0
ZTF25aadxxbt,0,1,0,1,0,0,1,1,0,1,0
ZTF25aadxxyk,0,1,0,1,0,1,0,1,0,0,1
ZTF25aadxytz,1,0,0,0,0,0,0,0,0,0,0
ZTF25aadxzdc,0,0,1,1,0,1,0,1,0,1,0
ZTF25aadxzjt,1,0,0,0,0,0,0,0,0,0,0
ZTF25aadxzst,0,1,0,1,0,0,1,1,0,1,0
ZTF25aadycqx,0,1,0,1,0,0,1,1,0,1,0
ZTF25aadydef,0,1,0,0,1,1,0,1,0,1,0
ZTF25aadydhp,0,1,0,1,0,1,0,1,0,0,1
ZTF25aadyhts,0,1,0,1,0,0,1,1,0,1,0
ZTF25aadyikc,1,0,0,0,0,0,0,0,0,0,0
ZTF25aadyiqd,0,1,0,0,1,1,0,1,0,1,0
ZTF25aadyiyf,0,0,1,1,0,1,0,1,0,1,0
ZTF25aadyjsb,0,1,0,1,0,1,0,0,1,1,0
ZTF25aadyogm,0,1,0,1,0,1,0,1,0,0,1
ZTF25aadyoid,0,1,0,1,0,1,0,0,1,1,0
ZTF25aadypmk,1,0,0,0,0,0,0,0,0,0,0
ZTF25aadyrml,0,0,1,1,0,1,0,1,0,1,0
ZTF25aadyxov,0,1,0,1,0,1,0,1,0,0,1
ZTF25aadyzik,0,1,0,1,0,0,1,1,0,1,0
ZTF25aadyzky,1,0,0,0,0,0,0,0,0,0,0
ZTF25aadzabe,1,0,0,0,0,0,0,0,0,0,0
ZTF25aadzgtw,0,1,0,1,0,0,1,1,0,1,0
ZTF25aadzgxo,0,1,0,0,1,1,0,1,0,1,0
ZTF25aadzhii,0,1,0,0,1,1,0,1,0,1,0
ZTF25aadzhpw,1,0,0,0,0,0,0,0,0,0,0
ZTF25aadzhqf,1,0,0,0,0,0,0,0,0,0,0
ZTF25aadzkpv,0,1,0,1,0,1,0,1,0,0,1
ZTF25aadzltm,0,1,0,0,1,1,0,1,0,1,0
ZTF25aadznjl,0,1,0,1,0,1,0,1,0,0,1
ZTF25aadzotq,0,1,0,1,0,1,0,1,0,0,1
ZTF25aadzqvz,1,0,0,0,0,0,0,0,0,0,0
ZTF25aadzugw,0,1,0,0,1,1,0,1,0,1,0
ZTF25aadzwbs,0,1,0,1,0,0,1,1,0,1,0
ZTF25aadzwhw,0,1,0,1,0,0,1,1,0,1,0
ZTF25aaeahys,1,0,0,0,0,0,0,0,0,0,0
ZTF25aaeamcn,0,0,1,1,0,1,0,1,0,1,0
ZTF25aaeamfl,0,1,0,1,0,1,0,0,1,1,0
ZTF25aaeaqkh,0,1,0,1,0,1,0,0,1,1,0
ZTF25aaeaquu,0,0,1,1,0,1,0,1,0,1,0
ZTF25aaearne,0,1,0,1,0,1,0,1,0,0,1
ZTF25aaeaubq,0,1,0,0,1,1,0,1,0,1,0
ZTF25aaeavsz,1,0,0,0,0,0,0,0,0,0,0
ZTF25aaeaxvh,0,1,0,1,0,1,0,1,0,0,1
ZTF25aaebctc,0,1,0,1,0,1,0,1,0,0,1
ZTF25aaebfgd,0,1,0,0,1,1,0,1,0,1,0
ZTF25aaebkdz,0,0,1,1,0,1,0,1,0,1,0
ZTF25aaeblfr,0,1,0,1,0,0,1,1,0,1,0
ZTF25aaebqmi,0,1,0,1,0,1,0,1,0,0,1
ZTF25aaebqvl,0,1,0,1,0,1,0,1,0,0,1
ZTF25aaebtmq,0,1,0,1,0,0,1,1,0,1,0
ZTF25aaebwtr,0,1,0,1,0,1,0,1,0,0,1
ZTF25aaebysd,1,0,0,0,0,0,0,0,0,0,0
ZTF25aaecatq,0,1,0,1,0,1,0,0,1,1,0
ZTF25aaechat,0,1,0,0,1,1,0,1,0,1,0
ZTF25aaeckse,0,1,0,1,0,1,0,1,0,0,1
ZTF25aaeckya,1,0,0,0,0,0,0,0,0,0,0
ZTF25aaedgfn,0,1,0,1,0,1,0,1,0,0,1
ZTF25aaedhhj,1,0,0,0,0,0,0,0,0,0,0
ZTF25aaedhzi,0,0,1,1,0,1,0,1,0,1,0
ZTF25aaedkfn,0,0,1,1,0,1,0,1,0,1,0
ZTF25aaedorq,0,1,0,1,0,1,0,0,1,1,0
ZTF25aaedtjs,0,1,0,0,1,1,0,1,0,1,0
ZTF25aaeebbs,0,1,0,0,1,1,0,1,0,1,0
ZTF25aaeebxj,1,0,0,0,0,0,0,0,0,0,0
ZTF25aaeejzq,0,1,0,1,0,1,0,1,0,0,1
ZTF25aaeelxw,0,1,0,1,0,1,0,1,0,0,1
ZTF25aaeeopt,1,0,0,0,0,0,0,0,0,0,0
ZTF25aaeetrh,1,0,0,0,0,0,0,0,0,0,0
ZTF25aaeewey,0,0,1,1,0,1,0,1,0,1,0
ZTF25aaeewxc,1,0,0,0,0,0,0,0,0,0,0
ZTF25aaefglk,0,1,0,1,0,0,1,1,0,1,0
ZTF25aaefhty,1,0,0,0,0,0,0,0,0,0,0
ZTF25aaefjfq,0,1,0,0,1,1,0,1,0,1,0
ZTF25aaefmes,0,1,0,1,0,1,0,0,1,1,0
ZTF25aaefniz,1,0,0,0,0,0,0,0,0,0,0
ZTF25aaefpjy,0,1,0,0,1,1,0,1,0,1,0
ZTF25aaegdlz,0,1,0,1,0,1,0,1,0,0,1
ZTF25aaeggke,0,0,1,1,0,1,0,1,0,1,0
ZTF25aaeghtk,0,1,0,1,0,0,1,1,0,1,0
ZTF25aaegoou,0,1,0,1,0,0,1,1,0,1,0
ZTF25aaegrwh,1,0,0,0,0,0,0,0,0,0,0
ZTF25aaeipwf,0,0,1,1,0,1,0,1,0,1,0
ZTF25aaeiwjc,0,1,0,0,1,1,0,1,0,1,0
ZTF25aaeixax,0,1,0,1,0,1,0,1,0,0,1
ZTF25aaekosb,0,1,0,1,0,0,1,1,0,1,0
ZTF25aaelikl,0,0,1,1,0,1,0,1,0,1,0
ZTF25aaelkws,0,1,0,1,0,0,1,1,0,1,0
ZTF25aaemcwa,0,1,0,1,0,1,0,0,1,1,0
ZTF25aaenuvz,0,1,0,1,0,1,0,0,1,1,0
ZTF25aaeojyp,0,1,0,1,0,0,1,1,0,1,0
ZTF25aaeptir,0,0,1,1,0,1,0,1,0,1,0
ZTF25aaeqwlo,1,0,0,0,0,0,0,0,0,0,0
ZTF25aaeqxzj,0,0,1,1,0,1,0,1,0,1,0
ZTF25aaestyd,0,0,1,1,0,1,0,1,0,1,0
ZTF25aaeuesi,0,1,0,1,0,1,0,0,1,1,0
ZTF25aaeuevy,0,1,0,1,0,1,0,1,0,0,1
ZTF25aaewwhy,0,0,1,1,0,1,0,1,0,1,0
ZTF25aaexmjo,0,1,0,1,0,1,0,0,1,1,0
ZTF25aaexoyf,0,0,1,1,0,1,0,1,0,1,0
ZTF25aaeyhmn,0,1,0,1,0,1,0,1,0,0,1
ZTF25aafcoaa,0,0,1,1,0,1,0,1,0,1,0
ZTF25aafdqwn,0,0,1,1,0,1,0,1,0,1,0
ZTF25aafdsui,0,0,1,1,0,1,0,1,0,1,0
ZTF25aafdudw,0,1,0,1,0,1,0,0,1,1,0
ZTF25aafdwin,1,0,0,0,0,0,0,0,0,0,0
ZTF25aafdznv,0,0,1,1,0,1,0,1,0,1,0
ZTF25aafdzsb,1,0,0,0,0,0,0,0,0,0,0
ZTF25aafeaaq,0,0,1,1,0,1,0,1,0,1,0
ZTF25aafecyz,0,1,0,0,1,1,0,1,0,1,0
ZTF25aafedhq,0,1,0,1,0,1,0,1,0,0,1
ZTF25aafedjz,1,0,0,0,0,0,0,0,0,0,0
ZTF25aafedmc,0,1,0,0,1,1,0,1,0,1,0
ZTF25aafeedj,0,1,0,1,0,1,0,1,0,0,1
ZTF25aafeefo,0,1,0,1,0,1,0,0,1,1,0
ZTF25aafeixc,0,1,0,1,0,0,1,1,0,1,0
ZTF25aafejfz,1,0,0,0,0,0,0,0,0,0,0
ZTF25aafgcqs,1,0,0,0,0,0,0,0,0,0,0
ZTF25aafgfll,0,0,1,1,0,1,0,1,0,1,0
ZTF25aafhert,0,1,0,1,0,1,0,1,0,0,1
ZTF25aafhomb,0,1,0,1,0,0,1,1,0,1,0
ZTF25aafhylr,0,1,0,1,0,0,1,1,0,1,0
ZTF25aafibii,0,1,0,1,0,1,0,1,0,0,1
ZTF25aafifkc,0,0,1,1,0,1,0,1,0,1,0
ZTF25aafifqa,0,1,0,1,0,1,0,0,1,1,0
ZTF25aafimff,0,0,1,1,0,1,0,1,0,1,0
ZTF25aafimxd,0,1,0,0,1,1,0,1,0,1,0
ZTF25aafinhn,0,1,0,1,0,0,1,1,0,1,0
ZTF25aafinnt,0,1,0,0,1,1,0,1,0,1,0
ZTF25aafjpdg,1,0,0,0,0,0,0,0,0,0,0
ZTF25aafjphe,0,1,0,1,0,1,0,1,0,0,1
ZTF25aafkgbc,0,0,1,1,0,1,0,1,0,1,0
ZTF25aafkghc,0,1,0,0,1,1,0,1,0,1,0
ZTF25aafkghv,1,0,0,0,0,0,0,0,0,0,0
ZTF25aafkgqm,0,1,0,1,0,1,0,0,1,1,0
ZTF25aafkobk,0,1,0,1,0,1,0,1,0,0,1
ZTF25aafkofm,0,1,0,1,0,0,1,1,0,1,0
ZTF25aafkote,1,0,0,0,0,0,0,0,0,0,0
ZTF25aafkswo,0,0,1,1,0,1,0,1,0,1,0
ZTF25aafktzs,0,1,0,1,0,0,1,1,0,1,0
ZTF25aafkubt,1,0,0,0,0,0,0,0,0,0,0
ZTF25aafkudw,0,1,0,0,1,1,0,1,0,1,0
ZTF25aafkuhi,0,0,1,1,0,1,0,1,0,1,0
ZTF25aafkuix,0,1,0,0,1,1,0,1,0,1,0
ZTF25aafkxmj,0,1,0,1,0,0,1,1,0,1,0
ZTF25aafobno,0,1,0,1,0,1,0,0,1,1,0
ZTF25aafobzl,0,1,0,1,0,1,0,0,1,1,0
ZTF25aafocmy,1,0,0,0,0,0,0,0,0,0,0
ZTF25aafodpp,0,1,0,1,0,0,1,1,0,1,0
ZTF25aafofcs,1,0,0,0,0,0,0,0,0,0,0
ZTF25aafoflc,0,0,1,1,0,1,0,1,0,1,0
ZTF25aafofmu,0,1,0,1,0,1,0,0,1,1,0
ZTF25aafojrq,0,1,0,1,0,0,1,1,0,1,0
ZTF25aafpqvd,0,1,0,1,0,0,1,1,0,1,0
ZTF25aafpsjf,0,0,1,1,0,1,0,1,0,1,0
ZTF25aafpyue,0,1,0,1,0,1,0,1,0,0,1
ZTF25aafqmxq,1,0,0,0,0,0,0,0,0,0,0
ZTF25aafqvot,0,1,0,1,0,1,0,1,0,0,1
ZTF25aafratu,0,1,0,1,0,1,0,1,0,0,1
ZTF25aafsqka,0,1,0,0,1,1,0,1,0,1,0
ZTF25aafstyp,1,0,0,0,0,0,0,0,0,0,0
ZTF25aafsuzh,1,0,0,0,0,0,0,0,0,0,0
ZTF25aafsvec,0,1,0,1,0,1,0,1,0,0,1
ZTF25aafsvgq,0,1,0,1,0,1,0,1,0,0,1
ZTF25aafszil,0,1,0,1,0,1,0,1,0,0,1
ZTF25aaftdfu,1,0,0,0,0,0,0,0,0,0,0
ZTF25aaftthw,0,1,0,1,0,0,1,1,0,1,0
ZTF25aaftvfq,0,1,0,1,0,1,0,1,0,0,1
ZTF25aafulea,0,1,0,1,0,0,1,1,0,1,0
ZTF25aafulfd,0,1,0,1,0,1,0,1,0,0,1
ZTF25aafumfl,0,0,1,1,0,1,0,1,0,1,0
ZTF25aafunxj,0,1,0,1,0,0,1,1,0,1,0
ZTF25aafuoeh,0,1,0,0,1,1,0,1,0,1,0
ZTF25aafuppk,0,1,0,1,0,1,0,1,0,0,1
ZTF25aafutph,0,0,1,1,0,1,0,1,0,1,0
ZTF25aafuujx,1,0,0,0,0,0,0,0,0,0,0
ZTF25aafvald,0,1,0,1,0,0,1,1,0,1,0
ZTF25aafvaqf,0,1,0,0,1,1,0,1,0,1,0
ZTF25aafvbeq,0,1,0,0,1,1,0,1,0,1,0
ZTF25aafvbzn,0,1,0,0,1,1,0,1,0,1,0
ZTF25aafvcjj,0,1,0,1,0,0,1,1,0,1,0
ZTF25aafvcjp,0,0,1,1,0,1,0,1,0,1,0
ZTF25aafvrmz,0,1,0,1,0,1,0,1,0,0,1
ZTF25aafvzij,0,1,0,1,0,0,1,1,0,1,0
ZTF25aafvzsj,0,1,0,1,0,0,1,1,0,1,0
ZTF25aafwbcr,0,1,0,1,0,1,0,1,0,0,1
ZTF25aafwbdj,0,0,1,1,0,1,0,1,0,1,0
ZTF25aafwbhf,0,1,0,1,0,0,1,1,0,1,0
ZTF25aafwbid,1,0,0,0,0,0,0,0,0,0,0
ZTF25aafwbig,1,0,0,0,0,0,0,0,0,0,0
ZTF25aafwbon,1,0,0,0,0,0,0,0,0,0,0
ZTF25aafwcgi,1,0,0,0,0,0,0,0,0,0,0
ZTF25aafwcil,0,1,0,1,0,1,0,1,0,0,1
ZTF25aafwcmp,0,0,1,1,0,1,0,1,0,1,0
ZTF25aafwdrt,0,1,0,1,0,1,0,0,1,1,0
ZTF25aafwdxq,0,1,0,1,0,0,1,1,0,1,0
ZTF25aafwdyh,0,1,0,0,1,1,0,1,0,1,0
ZTF25aafwdzi,0,1,0,0,1,1,0,1,0,1,0
ZTF25aafweab,1,0,0,0,0,0,0,0,0,0,0
ZTF25aafwenk,0,1,0,1,0,1,0,0,1,1,0
ZTF25aafwfga,0,1,0,1,0,1,0,0,1,1,0
ZTF25aafwfof,1,0,0,0,0,0,0,0,0,0,0
ZTF25aafwfvr,1,0,0,0,0,0,0,0,0,0,0
ZTF25aafwfzz,0,1,0,0,1,1,0,1,0,1,0
ZTF25aafwgbh,0,0,1,1,0,1,0,1,0,1,0
ZTF25aafwjoy,0,1,0,1,0,1,0,1,0,0,1
ZTF25aafwoqx,0,0,1,1,0,1,0,1,0,1,0
ZTF25aafwshe,1,0,0,0,0,0,0,0,0,0,0
ZTF25aafwzqv,0,1,0,1,0,0,1,1,0,1,0
ZTF25aafxadh,1,0,0,0,0,0,0,0,0,0,0
ZTF25aafxefh,0,1,0,0,1,1,0,1,0,1,0
ZTF25aafxhwr,0,1,0,1,0,1,0,0,1,1,0
ZTF25aafxjcq,0,1,0,1,0,1,0,0,1,1,0
ZTF25aafxkcn,0,1,0,1,0,0,1,1,0,1,0
ZTF25aafxkwh,0,0,1,1,0,1,0,1,0,1,0
ZTF25aafxtlr,1,0,0,0,0,0,0,0,0,0,0
ZTF25aafydrq,0,1,0,1,0,0,1,1,0,1,0
ZTF25aafyiwo,1,0,0,0,0,0,0,0,0,0,0
ZTF25aafyjnf,0,1,0,1,0,1,0,0,1,1,0
ZTF25aafynpo,0,0,1,1,0,1,0,1,0,1,0
ZTF25aafyogt,0,1,0,1,0,0,1,1,0,1,0
ZTF25aafyowc,1,0,0,0,0,0,0,0,0,0,0
ZTF25aafyrel,0,1,0,0,1,1,0,1,0,1,0
ZTF25aafyrpv,0,1,0,1,0,1,0,1,0,0,1
ZTF25aafyrrh,0,0,1,1,0,1,0,1,0,1,0
ZTF25aafysqm,0,0,1,1,0,1,0,1,0,1,0
ZTF25aafytak,0,1,0,1,0,1,0,0,1,1,0
ZTF25aafytez,0,0,1,1,0,1,0,1,0,1,0
ZTF25aafywpr,0,1,0,1,0,0,1,1,0,1,0
ZTF25aafyzrg,0,1,0,0,1,1,0,1,0,1,0
ZTF25aafzcnv,0,1,0,1,0,0,1,1,0,1,0
ZTF25aafzduc,0,1,0,0,1,1,0,1,0,1,0
ZTF25aafzncz,0,1,0,0,1,1,0,1,0,1,0
ZTF25aagaalz,0,1,0,0,1,1,0,1,0,1,0
ZTF25aagacqk,0,1,0,1,0,1,0,1,0,0,1
ZTF25aagagfz,0,1,0,1,0,1,0,0,1,1,0
ZTF25aagahrw,0,1,0,1,0,1,0,0,1,1,0
ZTF25aagajvv,0,0,1,1,0,1,0,1,0,1,0
ZTF25aagbaek,0,1,0,0,1,1,0,1,0,1,0
ZTF25aagbdkj,1,0,0,0,0,0,0,0,0,0,0
ZTF25aagbdoy,1,0,0,0,0,0,0,0,0,0,0
ZTF25aagbdtg,0,1,0,1,0,0,1,1,0,1,0
ZTF25aagbdvy,0,1,0,0,1,1,0,1,0,1,0
ZTF25aagbelb,0,1,0,1,0,0,1,1,0,1,0
ZTF25aagbene,0,1,0,0,1,1,0,1,0,1,0
ZTF25aagbfnc,1,0,0,0,0,0,0,0,0,0,0
ZTF25aagbfnk,0,1,0,1,0,0,1,1,0,1,0
ZTF25aagbfnl,0,1,0,1,0,1,0,0,1,1,0
ZTF25aagbfuo,0,1,0,1,0,0,1,1,0,1,0
ZTF25aagbfxn,0,1,0,1,0,1,0,1,0,0,1
ZTF25aagbfzn,0,0,1,1,0,1,0,1,0,1,0
ZTF25aagbifh,0,1,0,0,1,1,0,1,0,1,0
ZTF25aagbift,0,1,0,1,0,0,1,1,0,1,0
ZTF25aagbitb,0,0,1,1,0,1,0,1,0,1,0
ZTF25aagbkad,0,1,0,1,0,0,1,1,0,1,0
ZTF25aagbkaj,0,1,0,1,0,1,0,0,1,1,0
ZTF25aagbldp,0,1,0,1,0,0,1,1,0,1,0
ZTF25aagbnoo,0,1,0,1,0,1,0,1,0,0,1
ZTF25aagbntg,0,1,0,0,1,1,0,1,0,1,0
ZTF25aagbopb,0,1,0,1,0,1,0,0,1,1,0
ZTF25aagbosk,0,1,0,1,0,1,0,1,0,0,1
ZTF25aagbpag,1,0,0,0,0,0,0,0,0,0,0
ZTF25aagbpjr,0,1,0,1,0,1,0,1,0,0,1
ZTF25aagbpwh,0,1,0,1,0,1,0,0,1,1,0
ZTF25aagbpyp,0,1,0,1,0,0,1,1,0,1,0
ZTF25aagbqjy,1,0,0,0,0,0,0,0,0,0,0
ZTF25aagbqyv,0,1,0,0,1,1,0,1,0,1,0
ZTF25aagbrej,0,1,0,1,0,0,1,1,0,1,0
ZTF25aagbrjw,1,0,0,0,0,0,0,0,0,0,0
ZTF25aagbrlt,0,1,0,1,0,1,0,1,0,0,1
ZTF25aagbrpb,0,0,1,1,0,1,0,1,0,1,0
ZTF25aagbsbc,0,1,0,1,0,1,0,0,1,1,0
ZTF25aagbsfj,1,0,0,0,0,0,0,0,0,0,0
ZTF25aagbsfo,0,1,0,1,0,1,0,1,0,0,1
ZTF25aagbsgv,0,0,1,1,0,1,0,1,0,1,0
ZTF25aagbsho,0,1,0,1,0,0,1,1,0,1,0
ZTF25aagbsqw,0,0,1,1,0,1,0,1,0,1,0
ZTF25aagbsxt,1,0,0,0,0,0,0,0,0,0,0
ZTF25aagbsxw,0,0,1,1,0,1,0,1,0,1,0
ZTF25aagbtag,0,1,0,1,0,1,0,0,1,1,0
ZTF25aagbtci,0,0,1,1,0,1,0,1,0,1,0
ZTF25aagbtpf,0,0,1,1,0,1,0,1,0,1,0
ZTF25aagbttn,0,1,0,1,0,0,1,1,0,1,0
ZTF25aagbttx,0,1,0,1,0,0,1,1,0,1,0
ZTF25aagbtvt,0,0,1,1,0,1,0,1,0,1,0
ZTF25aagbuno,0,1,0,1,0,0,1,1,0,1,0
ZTF25aagbusn,0,1,0,1,0,1,0,0,1,1,0
ZTF25aagbvdf,0,1,0,1,0,1,0,1,0,0,1
ZTF25aagbvrp,0,0,1,1,0,1,0,1,0,1,0
ZTF25aagbwyq,1,0,0,0,0,0,0,0,0,0,0
ZTF25aagbxww,0,1,0,1,0,1,0,1,0,0,1
ZTF25aagbycg,0,1,0,0,1,1,0,1,0,1,0
ZTF25aagbzll,0,1,0,1,0,1,0,0,1,1,0
ZTF25aagdcqe,0,1,0,1,0,0,1,1,0,1,0
ZTF25aagdqgv,0,0,1,1,0,1,0,1,0,1,0
ZTF25aagegsx,0,1,0,1,0,1,0,1,0,0,1
ZTF25aagejxt,0,1,0,1,0,1,0,1,0,0,1
ZTF25aagenlz,0,1,0,1,0,1,0,0,1,1,0
ZTF25aagenwa,0,1,0,1,0,1,0,0,1,1,0
ZTF25aagesgo,0,0,1,1,0,1,0,1,0,1,0
ZTF25aagezfh,0,0,1,1,0,1,0,1,0,1,0
ZTF25aagezzb,1,0,0,0,0,0,0,0,0,0,0
ZTF25aagfahg,0,0,1,1,0,1,0,1,0,1,0
ZTF25aagfasm,0,1,0,1,0,0,1,1,0,1,0
ZTF25aagfbwz,0,1,0,1,0,0,1,1,0,1,0
ZTF25aagfcyp,0,1,0,0,1,1,0,1,0,1,0
ZTF25aagffqy,0,1,0,1,0,0,1,1,0,1,0
ZTF25aagfgol,0,0,1,1,0,1,0,1,0,1,0
ZTF25aagfgrs,0,1,0,1,0,1,0,1,0,0,1
ZTF25aagfhyc,0,1,0,1,0,1,0,1,0,0,1
ZTF25aagfism,1,0,0,0,0,0,0,0,0,0,0
ZTF25aagfkhe,0,1,0,1,0,1,0,0,1,1,0
ZTF25aagfmsc,0,1,0,1,0,1,0,1,0,0,1
ZTF25aagfolg,0,1,0,1,0,1,0,0,1,1,0
ZTF25aagfolh,0,0,1,1,0,1,0,1,0,1,0
ZTF25aagfsjf,0,1,0,1,0,0,1,1,0,1,0
ZTF25aagftil,0,1,0,1,0,1,0,0,1,1,0
ZTF25aaggckj,1,0,0,0,0,0,0,0,0,0,0
ZTF25aaggcmf,0,0,1,1,0,1,0,1,0,1,0
ZTF25aaggiqn,0,1,0,0,1,1,0,1,0,1,0
ZTF25aaggnvd,0,1,0,1,0,1,0,0,1,1,0
ZTF25aaggofx,0,1,0,1,0,1,0,1,0,0,1
ZTF25aaggpma,1,0,0,0,0,0,0,0,0,0,0
ZTF25aaggpqs,1,0,0,0,0,0,0,0,0,0,0
ZTF25aaggpsn,0,1,0,1,0,1,0,1,0,0,1
ZTF25aaggptz,0,1,0,0,1,1,0,1,0,1,0
ZTF25aaggqfw,0,0,1,1,0,1,0,1,0,1,0
ZTF25aaggqqr,0,1,0,0,1,1,0,1,0,1,0
ZTF25aaggqra,0,0,1,1,0,1,0,1,0,1,0
ZTF25aaggsfv,0,1,0,1,0,1,0,1,0,0,1
ZTF25aaggsjx,1,0,0,0,0,0,0,0,0,0,0
ZTF25aaggsty,1,0,0,0,0,0,0,0,0,0,0
ZTF25aaggugu,1,0,0,0,0,0,0,0,0,0,0
ZTF25aaggvje,0,1,0,0,1,1,0,1,0,1,0
ZTF25aaghdbx,1,0,0,0,0,0,0,0,0,0,0
ZTF25aaghhvw,0,0,1,1,0,1,0,1,0,1,0
ZTF25aaghlbd,0,1,0,0,1,1,0,1,0,1,0
ZTF25aaghljd,1,0,0,0,0,0,0,0,0,0,0
ZTF25aaghvcm,0,1,0,0,1,1,0,1,0,1,0
ZTF25aaghwhw,0,1,0,1,0,1,0,1,0,0,1
ZTF25aaghzcn,0,1,0,0,1,1,0,1,0,1,0
ZTF25aagiabl,1,0,0,0,0,0,0,0,0,0,0
ZTF25aagicqr,1,0,0,0,0,0,0,0,0,0,0
ZTF25aagieqs,1,0,0,0,0,0,0,0,0,0,0
ZTF25aagifoy,0,0,1,1,0,1,0,1,0,1,0
ZTF25aagihat,1,0,0,0,0,0,0,0,0,0,0
ZTF25aaginlj,0,1,0,1,0,1,0,0,1,1,0
ZTF25aagjfgy,0,1,0,1,0,1,0,1,0,0,1
ZTF25aagjfth,0,0,1,1,0,1,0,1,0,1,0
ZTF25aagjhel,0,1,0,0,1,1,0,1,0,1,0
ZTF25aagjiap,0,1,0,1,0,1,0,0,1,1,0
ZTF25aagjsvu,0,1,0,1,0,1,0,1,0,0,1
ZTF25aagjthq,0,1,0,1,0,1,0,1,0,0,1
ZTF25aagjtok,0,1,0,1,0,1,0,0,1,1,0
ZTF25aagjywq,0,1,0,1,0,1,0,1,0,0,1
ZTF25aagkckf,0,1,0,1,0,1,0,0,1,1,0
ZTF25aagksbc,0,1,0,1,0,1,0,1,0,0,1
ZTF25aagksqn,0,1,0,0,1,1,0,1,0,1,0
ZTF25aaglbkb,0,1,0,1,0,1,0,1,0,0,1
ZTF25aaglchr,0,1,0,1,0,0,1,1,0,1,0
ZTF25aaglcrr,0,1,0,0,1,1,0,1,0,1,0
ZTF25aagledm,0,1,0,1,0,1,0,1,0,0,1
ZTF25aaglehw,0,1,0,1,0,0,1,1,0,1,0
ZTF25aagleib,1,0,0,0,0,0,0,0,0,0,0
ZTF25aaglhnn,0,1,0,1,0,1,0,0,1,1,0
ZTF25aaglhtc,0,0,1,1,0,1,0,1,0,1,0
ZTF25aaglhzt,0,1,0,1,0,0,1,1,0,1,0
ZTF25aagljhr,0,1,0,1,0,1,0,1,0,0,1
ZTF25aagljrb,0,1,0,1,0,0,1,1,0,1,0
ZTF25aagljum,0,1,0,1,0,1,0,1,0,0,1
ZTF25aagljus,0,1,0,1,0,1,0,0,1,1,0
ZTF25aagljzw,0,1,0,1,0,0,1,1,0,1,0
ZTF25aagllzj,0,1,0,1,0,0,1,1,0,1,0
ZTF25aaglnsw,0,1,0,1,0,1,0,0,1,1,0
ZTF25aaglorv,0,1,0,1,0,0,1,1,0,1,0
ZTF25aaglpax,1,0,0,0,0,0,0,0,0,0,0
ZTF25aaglpch,1,0,0,0,0,0,0,0,0,0,0
ZTF25aaglpks,0,0,1,1,0,1,0,1,0,1,0
ZTF25aaglqfs,0,1,0,0,1,1,0,1,0,1,0
ZTF25aaglqvm,0,1,0,0,1,1,0,1,0,1,0
ZTF25aaglres,0,1,0,1,0,0,1,1,0,1,0
ZTF25aaglrlj,0,1,0,1,0,1,0,0,1,1,0
ZTF25aaglsdj,0,0,1,1,0,1,0,1,0,1,0
ZTF25aaglspi,0,1,0,1,0,1,0,0,1,1,0
ZTF25aaglstk,1,0,0,0,0,0,0,0,0,0,0
ZTF25aaglszr,0,1,0,0,1,1,0,1,0,1,0
ZTF25aagmfxr,0,1,0,1,0,1,0,1,0,0,1
ZTF25aagmhlt,0,1,0,1,0,0,1,1,0,1,0
ZTF25aagmtdd,0,1,0,1,0,1,0,1,0,0,1
ZTF25aagnajz,0,1,0,1,0,0,1,1,0,1,0
ZTF25aagnemz,0,0,1,1,0,1,0,1,0,1,0
ZTF25aagnesh,0,1,0,1,0,1,0,0,1,1,0
ZTF25aagnfew,0,1,0,1,0,0,1,1,0,1,0
ZTF25aagnnuw,0,1,0,1,0,1,0,0,1,1,0
ZTF25aagnscv,0,1,0,1,0,1,0,1,0,0,1
ZTF25aagnsmk,0,1,0,0,1,1,0,1,0,1,0
ZTF25aagnutx,0,1,0,0,1,1,0,1,0,1,0
ZTF25aagnzfj,0,0,1,1,0,1,0,1,0,1,0
ZTF25aagnzwz,0,1,0,0,1,1,0,1,0,1,0
ZTF25aagoicl,0,0,1,1,0,1,0,1,0,1,0
ZTF25aagqeml,1,0,0,0,0,0,0,0,0,0,0
ZTF25aagqeov,0,1,0,1,0,0,1,1,0,1,0
ZTF25aagqert,0,1,0,1,0,0,1,1,0,1,0
ZTF25aagqgbg,0,1,0,1,0,1,0,0,1,1,0
ZTF25aagqgce,0,1,0,1,0,1,0,1,0,0,1
ZTF25aagqhet,0,1,0,1,0,1,0,1,0,0,1
ZTF25aagqjqo,0,1,0,0,1,1,0,1,0,1,0
ZTF25aagqptv,0,1,0,1,0,1,0,1,0,0,1
ZTF25aagqsew,0,1,0,1,0,1,0,0,1,1,0
ZTF25aagqufw,0,1,0,0,1,1,0,1,0,1,0
ZTF25aagqyyi,0,1,0,0,1,1,0,1,0,1,0
ZTF25aagrayv,0,1,0,1,0,1,0,0,1,1,0
ZTF25aagrecw,0,1,0,1,0,1,0,1,0,0,1
ZTF25aagrgkz,1,0,0,0,0,0,0,0,0,0,0
ZTF25aagrgnc,0,1,0,1,0,0,1,1,0,1,0
ZTF25aagrlhp,0,1,0,0,1,1,0,1,0,1,0
ZTF25aagrxjh,0,1,0,1,0,1,0,1,0,0,1
ZTF25aagrzqd,0,1,0,1,0,1,0,1,0,0,1
ZTF25aagrzxh,0,1,0,1,0,1,0,1,0,0,1
ZTF25aagsfii,1,0,0,0,0,0,0,0,0,0,0
ZTF25aagsgbm,0,1,0,1,0,1,0,0,1,1,0
ZTF25aagsnnc,0,1,0,1,0,1,0,1,0,0,1
ZTF25aagsoud,0,1,0,1,0,0,1,1,0,1,0
ZTF25aagtanb,0,1,0,1,0,1,0,0,1,1,0
ZTF25aagtbme,0,1,0,0,1,1,0,1,0,1,0
ZTF25aagtbnw,0,0,1,1,0,1,0,1,0,1,0
ZTF25aagtgkb,0,1,0,0,1,1,0,1,0,1,0
ZTF25aagtjfn,0,1,0,1,0,1,0,0,1,1,0
ZTF25aagtkiu,0,1,0,1,0,1,0,1,0,0,1
ZTF25aagtqrq,0,1,0,1,0,1,0,1,0,0,1
ZTF25aagudcs,0,0,1,1,0,1,0,1,0,1,0
ZTF25aagufmb,0,0,1,1,0,1,0,1,0,1,0
ZTF25aagufmn,0,1,0,1,0,1,0,1,0,0,1
ZTF25aagugpd,0,1,0,1,0,1,0,0,1,1,0
ZTF25aagugtu,0,1,0,1,0,0,1,1,0,1,0
ZTF25aagukqa,0,0,1,1,0,1,0,1,0,1,0
ZTF25aagulcl,0,1,0,1,0,0,1,1,0,1,0
ZTF25aagutyn,0,0,1,1,0,1,0,1,0,1,0
ZTF25aaguymf,1,0,0,0,0,0,0,0,0,0,0
ZTF25aagvgls,0,1,0,1,0,1,0,1,0,0,1
ZTF25aagvgte,0,0,1,1,0,1,0,1,0,1,0
ZTF25aagvjvb,0,1,0,1,0,0,1,1,0,1,0
ZTF25aagvjvz,0,1,0,1,0,1,0,0,1,1,0
ZTF25aagvjyj,1,0,0,0,0,0,0,0,0,0,0
ZTF25aagvjyq,0,1,0,1,0,0,1,1,0,1,0
ZTF25aagvkbe,0,1,0,0,1,1,0,1,0,1,0
ZTF25aagvkfw,1,0,0,0,0,0,0,0,0,0,0
ZTF25aagvkhu,0,1,0,1,0,0,1,1,0,1,0
ZTF25aagvkqj,0,1,0,1,0,1,0,1,0,0,1
ZTF25aagvwlx,1,0,0,0,0,0,0,0,0,0,0
ZTF25aagvwow,0,1,0,1,0,0,1,1,0,1,0
ZTF25aagvwsu,0,1,0,1,0,0,1,1,0,1,0
ZTF25aagvxaz,1,0,0,0,0,0,0,0,0,0,0
ZTF25aagvxiy,0,1,0,1,0,1,0,0,1,1,0
ZTF25aagvyou,0,1,0,1,0,1,0,1,0,0,1
ZTF25aagvzuh,0,1,0,1,0,0,1,1,0,1,0
ZTF25aagwaud,0,1,0,1,0,1,0,1,0,0,1
ZTF25aagwayk,0,0,1,1,0,1,0,1,0,1,0
ZTF25aagwbae,0,0,1,1,0,1,0,1,0,1,0
ZTF25aagwbig,0,0,1,1,0,1,0,1,0,1,0
ZTF25aagwcqs,0,1,0,1,0,1,0,0,1,1,0
ZTF25aagwdid,0,1,0,0,1,1,0,1,0,1,0
ZTF25aagwdoh,0,0,1,1,0,1,0,1,0,1,0
ZTF25aagwdpr,0,0,1,1,0,1,0,1,0,1,0
ZTF25aagwdsl,0,1,0,1,0,1,0,0,1,1,0
ZTF25aagwdvt,1,0,0,0,0,0,0,0,0,0,0
ZTF25aagwggx,0,1,0,1,0,1,0,0,1,1,0
ZTF25aagwgok,0,1,0,0,1,1,0,1,0,1,0
ZTF25aagwmas,0,0,1,1,0,1,0,1,0,1,0
ZTF25aagwxxt,0,0,1,1,0,1,0,1,0,1,0
ZTF25aagwyab,0,0,1,1,0,1,0,1,0,1,0
ZTF25aagwzrw,1,0,0,0,0,0,0,0,0,0,0
ZTF25aagxago,0,1,0,0,1,1,0,1,0,1,0
ZTF25aagxexc,0,1,0,0,1,1,0,1,0,1,0
ZTF25aagxhfp,0,0,1,1,0,1,0,1,0,1,0
ZTF25aagxzhi,0,1,0,1,0,1,0,1,0,0,1
ZTF25aagykxn,0,1,0,1,0,1,0,1,0,0,1
ZTF25aagynxj,1,0,0,0,0,0,0,0,0,0,0
ZTF25aagytok,1,0,0,0,0,0,0,0,0,0,0
ZTF25aagzkmd,0,1,0,1,0,1,0,1,0,0,1
ZTF25aagzlaw,0,1,0,1,0,0,1,1,0,1,0
ZTF25aagzocg,0,0,1,1,0,1,0,1,0,1,0
ZTF25aagzyec,0,1,0,0,1,1,0,1,0,1,0
ZTF25aahbcph,0,0,1,1,0,1,0,1,0,1,0
ZTF25aahbhzm,0,1,0,1,0,0,1,1,0,1,0
ZTF25aahbllp,0,1,0,1,0,0,1,1,0,1,0
ZTF25aahbwco,0,1,0,1,0,1,0,1,0,0,1
ZTF25aahccao,0,1,0,0,1,1,0,1,0,1,0
ZTF25aahcwki,0,1,0,1,0,1,0,0,1,1,0
ZTF25aahdhmx,0,1,0,1,0,1,0,1,0,0,1
ZTF25aahdmrv,0,1,0,1,0,0,1,1,0,1,0
ZTF25aahdqbq,0,1,0,1,0,1,0,0,1,1,0
ZTF25aahdtsz,0,1,0,1,0,0,1,1,0,1,0
ZTF25aahdxqn,0,1,0,0,1,1,0,1,0,1,0
ZTF25aahdybs,1,0,0,0,0,0,0,0,0,0,0
ZTF25aahecsm,0,1,0,1,0,1,0,1,0,0,1
ZTF25aaheekm,0,1,0,0,1,1,0,1,0,1,0
ZTF25aaheexg,0,1,0,0,1,1,0,1,0,1,0
ZTF25aahegby,0,1,0,1,0,1,0,1,0,0,1
ZTF25aahehcn,0,1,0,1,0,1,0,1,0,0,1
ZTF25aahelrj,1,0,0,0,0,0,0,0,0,0,0
ZTF25aahenco,0,1,0,1,0,1,0,1,0,0,1
ZTF25aahenim,0,1,0,1,0,1,0,1,0,0,1
ZTF25aahenlw,0,1,0,1,0,0,1,1,0,1,0
ZTF25aahepgl,1,0,0,0,0,0,0,0,0,0,0
ZTF25aaheqbd,0,1,0,0,1,1,0,1,0,1,0
ZTF25aaheqin,0,1,0,1,0,1,0,0,1,1,0
ZTF25aahewmz,0,1,0,1,0,0,1,1,0,1,0
ZTF25aaheymz,0,1,0,1,0,1,0,0,1,1,0
ZTF25aahezul,0,1,0,1,0,1,0,0,1,1,0
ZTF25aahfrdc,0,1,0,1,0,1,0,0,1,1,0
ZTF25aahfvxn,0,1,0,0,1,1,0,1,0,1,0
ZTF25aahgftm,0,1,0,1,0,1,0,1,0,0,1
ZTF25aahgocz,0,1,0,0,1,1,0,1,0,1,0
ZTF25aahgxdt,0,1,0,1,0,1,0,1,0,0,1
ZTF25aahgyfr,1,0,0,0,0,0,0,0,0,0,0
ZTF25aahhlol,0,0,1,1,0,1,0,1,0,1,0
ZTF25aahictp,1,0,0,0,0,0,0,0,0,0,0
ZTF25aahigmz,0,0,1,1,0,1,0,1,0,1,0
ZTF25aahjpre,1,0,0,0,0,0,0,0,0,0,0
ZTF25aahjqet,0,1,0,1,0,0,1,1,0,1,0
ZTF25aahkffa,0,1,0,0,1,1,0,1,0,1,0
ZTF25aahkjnh,0,1,0,1,0,0,1,1,0,1,0
ZTF25aahknpl,0,0,1,1,0,1,0,1,0,1,0
ZTF25aahkoxd,0,0,1,1,0,1,0,1,0,1,0
ZTF25aahkpzd,0,0,1,1,0,1,0,1,0,1,0
ZTF25aahlrnk,1,0,0,0,0,0,0,0,0,0,0
ZTF25aahlsse,0,1,0,1,0,1,0,1,0,0,1
ZTF25aahluhc,0,0,1,1,0,1,0,1,0,1,0
ZTF25aahlycs,1,0,0,0,0,0,0,0,0,0,0
ZTF25aahlyea,1,0,0,0,0,0,0,0,0,0,0
ZTF25aahlynx,1,0,0,0,0,0,0,0,0,0,0
ZTF25aahlzwb,0,1,0,1,0,1,0,1,0,0,1
ZTF25aahmabn,0,1,0,1,0,0,1,1,0,1,0
ZTF25aahmagg,0,1,0,1,0,1,0,1,0,0,1
ZTF25aahmahw,0,1,0,1,0,0,1,1,0,1,0
ZTF25aahmayt,0,0,1,1,0,1,0,1,0,1,0
ZTF25aahmbaq,1,0,0,0,0,0,0,0,0,0,0
ZTF25aahmble,1,0,0,0,0,0,0,0,0,0,0
ZTF25aahmbod,1,0,0,0,0,0,0,0,0,0,0
ZTF25aahmbua,0,1,0,1,0,1,0,1,0,0,1
ZTF25aahmcwz,0,1,0,1,0,1,0,0,1,1,0
ZTF25aahmdbz,1,0,0,0,0,0,0,0,0,0,0
ZTF25aahmdjb,0,1,0,0,1,1,0,1,0,1,0
ZTF25aahmecj,0,1,0,0,1,1,0,1,0,1,0
ZTF25aahmeli,0,1,0,0,1,1,0,1,0,1,0
ZTF25aahmhym,1,0,0,0,0,0,0,0,0,0,0
ZTF25aahmiis,1,0,0,0,0,0,0,0,0,0,0
ZTF25aahmjtk,0,1,0,1,0,1,0,0,1,1,0
ZTF25aahmkov,0,1,0,1,0,1,0,0,1,1,0
ZTF25aahmmpn,0,0,1,1,0,1,0,1,0,1,0
ZTF25aahmnds,0,1,0,1,0,1,0,0,1,1,0
ZTF25aahmnjq,1,0,0,0,0,0,0,0,0,0,0
ZTF25aahmpwe,1,0,0,0,0,0,0,0,0,0,0
ZTF25aahnqvn,0,1,0,1,0,1,0,1,0,0,1
ZTF25aahntuq,0,0,1,1,0,1,0,1,0,1,0
ZTF25aahoacc,0,0,1,1,0,1,0,1,0,1,0
ZTF25aahobjl,0,1,0,1,0,1,0,1,0,0,1
ZTF25aahoiux,0,0,1,1,0,1,0,1,0,1,0
ZTF25aahonnh,0,1,0,0,1,1,0,1,0,1,0
ZTF25aahpkvy,0,1,0,1,0,1,0,0,1,1,0
ZTF25aahpsna,0,1,0,1,0,0,1,1,0,1,0
ZTF25aahqnei,0,1,0,1,0,0,1,1,0,1,0
ZTF25aahqpxn,1,0,0,0,0,0,0,0,0,0,0
ZTF25aahqsmu,0,1,0,1,0,0,1,1,0,1,0
ZTF25aahqsrx,0,1,0,1,0,1,0,1,0,0,1
ZTF25aahquol,0,1,0,1,0,1,0,1,0,0,1
ZTF25aahrlwa,1,0,0,0,0,0,0,0,0,0,0
ZTF25aahsjva,0,1,0,1,0,1,0,0,1,1,0
ZTF25aahszpl,1,0,0,0,0,0,0,0,0,0,0
ZTF25aahtbhd,0,1,0,1,0,1,0,1,0,0,1
ZTF25aahtnrg,0,1,0,1,0,1,0,0,1,1,0
ZTF25aahufjd,0,1,0,1,0,1,0,1,0,0,1
ZTF25aahufry,0,1,0,1,0,1,0,1,0,0,1
ZTF25aahufue,0,1,0,0,1,1,0,1,0,1,0
ZTF25aahultb,0,1,0,1,0,1,0,1,0,0,1
ZTF25aahuxku,0,1,0,0,1,1,0,1,0,1,0
ZTF25aahwelj,0,1,0,0,1,1,0,1,0,1,0
ZTF25aahwexr,0,0,1,1,0,1,0,1,0,1,0
ZTF25aahxaqz,1,0,0,0,0,0,0,0,0,0,0
ZTF25aahxfao,0,0,1,1,0,1,0,1,0,1,0
ZTF25aahyeff,0,1,0,1,0,1,0,0,1,1,0
ZTF25aaielkr,1,0,0,0,0,0,0,0,0,0,0
ZTF25aaieoer,0,1,0,1,0,0,1,1,0,1,0
ZTF25aaieots,1,0,0,0,0,0,0,0,0,0,0
ZTF25aaieppf,0,1,0,1,0,0,1,1,0,1,0
ZTF25aaiepwx,0,1,0,1,0,0,1,1,0,1,0
ZTF25aaieswp,0,1,0,0,1,1,0,1,0,1,0
ZTF25aaieufq,1,0,0,0,0,0,0,0,0,0,0
ZTF25aaiewrn,1,0,0,0,0,0,0,0,0,0,0
ZTF25aaiezuv,0,1,0,1,0,1,0,0,1,1,0
ZTF25aaifatz,1,0,0,0,0,0,0,0,0,0,0
ZTF25aaifgmt,0,0,1,1,0,1,0,1,0,1,0
ZTF25aaifgnd,0,1,0,1,0,1,0,1,0,0,1
ZTF25aaifhpr,0,1,0,1,0,0,1,1,0,1,0
ZTF25aaifjkw,0,1,0,1,0,1,0,0,1,1,0
ZTF25aaifjmf,0,0,1,1,0,1,0,1,0,1,0
ZTF25aaigaru,1,0,0,0,0,0,0,0,0,0,0
ZTF25aaigebg,0,0,1,1,0,1,0,1,0,1,0
ZTF25aaiigls,0,1,0,1,0,0,1,1,0,1,0
ZTF25aaiigmr,1,0,0,0,0,0,0,0,0,0,0
ZTF25aaiiiug,1,0,0,0,0,0,0,0,0,0,0
ZTF25aaiitra,0,1,0,0,1,1,0,1,0,1,0
ZTF25aaiiuef,0,1,0,0,1,1,0,1,0,1,0
ZTF25aaiizug,0,1,0,1,0,1,0,0,1,1,0
ZTF25aaijavb,0,1,0,1,0,0,1,1,0,1,0
ZTF25aaijcmg,0,1,0,1,0,1,0,0,1,1,0
ZTF25aaijdpf,0,1,0,1,0,1,0,0,1,1,0
ZTF25aaijeta,0,1,0,1,0,0,1,1,0,1,0
ZTF25aaijfdf,0,0,1,1,0,1,0,1,0,1,0
ZTF25aaijfhr,0,1,0,1,0,0,1,1,0,1,0
ZTF25aaijfsv,0,0,1,1,0,1,0,1,0,1,0
ZTF25aaijgse,0,0,1,1,0,1,0,1,0,1,0
ZTF25aaijjly,0,1,0,0,1,1,0,1,0,1,0
ZTF25aaijkug,1,0,0,0,0,0,0,0,0,0,0
ZTF25aaijmfs,0,1,0,1,0,0,1,1,0,1,0
ZTF25aaijnfp,0,1,0,1,0,1,0,0,1,1,0
ZTF25aaijnut,0,1,0,0,1,1,0,1,0,1,0
ZTF25aaijnvm,0,1,0,0,1,1,0,1,0,1,0
ZTF25aaijnvu,0,1,0,1,0,1,0,0,1,1,0
ZTF25aaijnxp,0,1,0,1,0,0,1,1,0,1,0
ZTF25aaijnyx,0,1,0,0,1,1,0,1,0,1,0
ZTF25aaijouk,0,1,0,1,0,0,1,1,0,1,0
ZTF25aaijoul,0,1,0,1,0,1,0,1,0,0,1
ZTF25aaijouo,0,1,0,0,1,1,0,1,0,1,0
ZTF25aaijouu,0,1,0,1,0,1,0,1,0,0,1
ZTF25aaijqoy,0,1,0,1,0,1,0,1,0,0,1
ZTF25aaijqxe,0,1,0,1,0,1,0,0,1,1,0
ZTF25aaijqxp,0,1,0,0,1,1,0,1,0,1,0
ZTF25aaijuar,0,1,0,1,0,0,1,1,0,1,0
ZTF25aaijuaz,0,1,0,1,0,0,1,1,0,1,0
ZTF25aaijvvq,0,1,0,1,0,0,1,1,0,1,0
ZTF25aaijwug,0,1,0,1,0,1,0,0,1,1,0
ZTF25aaijwxg,0,1,0,1,0,0,1,1,0,1,0
ZTF25aaijwxi,0,0,1,1,0,1,0,1,0,1,0
ZTF25aaijxfh,0,1,0,1,0,0,1,1,0,1,0
ZTF25aaijyvp,0,1,0,0,1,1,0,1,0,1,0
ZTF25aaijznv,0,1,0,1,0,1,0,0,1,1,0
ZTF25aaijzyi,0,1,0,1,0,1,0,1,0,0,1
ZTF25aaikqjk,0,1,0,0,1,1,0,1,0,1,0
ZTF25aailbbn,1,0,0,0,0,0,0,0,0,0,0
ZTF25aailehq,0,0,1,1,0,1,0,1,0,1,0
ZTF25aailgdn,0,1,0,0,1,1,0,1,0,1,0
ZTF25aailnkr,0,1,0,0,1,1,0,1,0,1,0
ZTF25aailora,1,0,0,0,0,0,0,0,0,0,0
ZTF25aailwca,0,1,0,0,1,1,0,1,0,1,0
ZTF25aailxex,0,1,0,1,0,1,0,0,1,1,0
ZTF25aainerh,0,1,0,1,0,1,0,0,1,1,0
ZTF25aainrqd,1,0,0,0,0,0,0,0,0,0,0
ZTF25aaiorgb,0,0,1,1,0,1,0,1,0,1,0
ZTF25aaiosso,1,0,0,0,0,0,0,0,0,0,0
ZTF25aaiouoy,1,0,0,0,0,0,0,0,0,0,0
ZTF25aaiozoh,0,0,1,1,0,1,0,1,0,1,0
ZTF25aaipaml,0,0,1,1,0,1,0,1,0,1,0
ZTF25aaipuxn,0,1,0,1,0,1,0,1,0,0,1
ZTF25aaipveb,0,1,0,1,0,1,0,1,0,0,1
ZTF25aaipwdb,0,1,0,1,0,0,1,1,0,1,0
ZTF25aaiqzzk,0,1,0,0,1,1,0,1,0,1,0
ZTF25aairaww,0,1,0,1,0,1,0,1,0,0,1
ZTF25aairaxg,1,0,0,0,0,0,0,0,0,0,0
ZTF25aairbkn,0,1,0,1,0,1,0,0,1,1,0
ZTF25aairenk,1,0,0,0,0,0,0,0,0,0,0
ZTF25aairens,0,1,0,1,0,1,0,0,1,1,0
ZTF25aairevh,0,1,0,1,0,1,0,1,0,0,1
ZTF25aairezz,0,1,0,0,1,1,0,1,0,1,0
ZTF25aairfew,0,1,0,1,0,1,0,1,0,0,1
ZTF25aairfin,1,0,0,0,0,0,0,0,0,0,0
ZTF25aairhqk,0,0,1,1,0,1,0,1,0,1,0
ZTF25aairmmf,1,0,0,0,0,0,0,0,0,0,0
ZTF25aairmsf,0,1,0,0,1,1,0,1,0,1,0
ZTF25aairncf,1,0,0,0,0,0,0,0,0,0,0
ZTF25aairpqx,1,0,0,0,0,0,0,0,0,0,0
ZTF25aairrfd,0,1,0,0,1,1,0,1,0,1,0
ZTF25aairrxt,0,1,0,1,0,1,0,1,0,0,1
ZTF25aaiscph,0,1,0,1,0,1,0,0,1,1,0
ZTF25aaisddb,1,0,0,0,0,0,0,0,0,0,0
ZTF25aaisddd,1,0,0,0,0,0,0,0,0,0,0
ZTF25aaisdrl,0,0,1,1,0,1,0,1,0,1,0
ZTF25aaiseal,0,1,0,0,1,1,0,1,0,1,0
ZTF25aaiseta,0,1,0,0,1,1,0,1,0,1,0
ZTF25aaisfid,0,1,0,1,0,0,1,1,0,1,0
ZTF25aaismbb,0,1,0,0,1,1,0,1,0,1,0
ZTF25aaisnqx,0,1,0,1,0,1,0,0,1,1,0
ZTF25aaisnsy,0,0,1,1,0,1,0,1,0,1,0
ZTF25aaitagy,1,0,0,0,0,0,0,0,0,0,0
ZTF25aaitpbz,0,1,0,1,0,0,1,1,0,1,0
ZTF25aaitrgx,0,0,1,1,0,1,0,1,0,1,0
ZTF25aaittqc,0,1,0,0,1,1,0,1,0,1,0
ZTF25aaiushx,0,1,0,1,0,1,0,0,1,1,0
ZTF25aaiusnb,0,0,1,1,0,1,0,1,0,1,0
ZTF25aaivapv,1,0,0,0,0,0,0,0,0,0,0
ZTF25aaivbci,0,1,0,1,0,1,0,0,1,1,0
ZTF25aaivbfa,0,1,0,0,1,1,0,1,0,1,0
ZTF25aaivbjd,0,0,1,1,0,1,0,1,0,1,0
ZTF25aaivcgm,0,1,0,1,0,1,0,1,0,0,1
ZTF25aaivmya,0,0,1,1,0,1,0,1,0,1,0
ZTF25aaiwalj,0,1,0,1,0,1,0,1,0,0,1
ZTF25aaixend,0,1,0,1,0,1,0,0,1,1,0
ZTF25aaixgyh,0,1,0,0,1,1,0,1,0,1,0
ZTF25aaixhnp,0,1,0,1,0,1,0,0,1,1,0
ZTF25aaixhvu,0,1,0,1,0,0,1,1,0,1,0
ZTF25aaixugr,0,1,0,1,0,1,0,0,1,1,0
ZTF25aaiybxt,0,1,0,1,0,0,1,1,0,1,0
ZTF25aaiylfj,0,0,1,1,0,1,0,1,0,1,0
ZTF25aaiylpu,0,1,0,1,0,1,0,1,0,0,1
ZTF25aaiymyq,0,1,0,1,0,0,1,1,0,1,0
ZTF25aaiyotm,0,1,0,1,0,0,1,1,0,1,0
ZTF25aaiypqd,0,1,0,0,1,1,0,1,0,1,0
ZTF25aaiypzi,0,1,0,0,1,1,0,1,0,1,0
ZTF25aaiyqyo,0,0,1,1,0,1,0,1,0,1,0
ZTF25aaiyrmy,1,0,0,0,0,0,0,0,0,0,0
ZTF25aaiyrsx,0,1,0,1,0,1,0,0,1,1,0
ZTF25aaiyrwq,0,1,0,0,1,1,0,1,0,1,0
ZTF25aaiysoc,0,1,0,0,1,1,0,1,0,1,0
ZTF25aaiysrh,0,0,1,1,0,1,0,1,0,1,0
ZTF25aaiyxms,0,1,0,1,0,1,0,1,0,0,1
ZTF25aaiyyqo,1,0,0,0,0,0,0,0,0,0,0
ZTF25aaizimu,1,0,0,0,0,0,0,0,0,0,0
ZTF25aaizkhw,0,1,0,0,1,1,0,1,0,1,0
ZTF25aaizniw,0,0,1,1,0,1,0,1,0,1,0
ZTF25aaizofv,1,0,0,0,0,0,0,0,0,0,0
ZTF25aaizrur,0,0,1,1,0,1,0,1,0,1,0
ZTF25aaizshm,0,1,0,0,1,1,0,1,0,1,0
ZTF25aaiztjr,0,1,0,1,0,1,0,1,0,0,1
ZTF25aaiztzq,0,1,0,0,1,1,0,1,0,1,0
ZTF25aaizucq,0,1,0,0,1,1,0,1,0,1,0
ZTF25aaizxrf,0,1,0,1,0,0,1,1,0,1,0
ZTF25aaizyhm,0,1,0,1,0,0,1,1,0,1,0
ZTF25aaizyki,0,1,0,1,0,1,0,0,1,1,0
ZTF25aajahhj,1,0,0,0,0,0,0,0,0,0,0
ZTF25aajatjr,1,0,0,0,0,0,0,0,0,0,0
ZTF25aajawif,0,1,0,0,1,1,0,1,0,1,0
ZTF25aajawti,0,1,0,1,0,1,0,0,1,1,0
ZTF25aajaxol,0,1,0,1,0,1,0,1,0,0,1
ZTF25aajbbol,0,1,0,0,1,1,0,1,0,1,0
ZTF25aajbcmc,0,1,0,1,0,1,0,1,0,0,1
ZTF25aajbdia,0,0,1,1,0,1,0,1,0,1,0
ZTF25aajbldd,0,1,0,1,0,1,0,0,1,1,0
ZTF25aajcqok,0,1,0,1,0,1,0,0,1,1,0
ZTF25aajcqoo,0,1,0,1,0,1,0,0,1,1,0
ZTF25aajcxlv,0,1,0,1,0,1,0,0,1,1,0
ZTF25aajdsux,1,0,0,0,0,0,0,0,0,0,0
ZTF25aajdyvz,0,1,0,0,1,1,0,1,0,1,0
ZTF25aajemnf,0,1,0,1,0,0,1,1,0,1,0
ZTF25aajepmc,1,0,0,0,0,0,0,0,0,0,0
ZTF25aajexxm,0,0,1,1,0,1,0,1,0,1,0
ZTF25aajexyz,0,1,0,1,0,1,0,1,0,0,1
ZTF25aajfesg,1,0,0,0,0,0,0,0,0,0,0
ZTF25aajffqa,0,1,0,0,1,1,0,1,0,1,0
ZTF25aajffrt,0,1,0,1,0,1,0,1,0,0,1
ZTF25aajfjhm,0,1,0,1,0,1,0,0,1,1,0
ZTF25aajfndd,1,0,0,0,0,0,0,0,0,0,0
ZTF25aajfnyg,0,1,0,1,0,0,1,1,0,1,0
ZTF25aajfota,0,1,0,1,0,1,0,1,0,0,1
ZTF25aajfqqk,0,1,0,1,0,1,0,0,1,1,0
ZTF25aajfwan,0,0,1,1,0,1,0,1,0,1,0
ZTF25aajfyro,0,1,0,1,0,1,0,1,0,0,1
ZTF25aajfyvr,0,1,0,1,0,1,0,0,1,1,0
ZTF25aajgcix,0,1,0,0,1,1,0,1,0,1,0
ZTF25aajgcqn,1,0,0,0,0,0,0,0,0,0,0
ZTF25aajgctb,0,1,0,1,0,1,0,0,1,1,0
ZTF25aajgcvv,1,0,0,0,0,0,0,0,0,0,0
ZTF25aajgfqt,0,1,0,1,0,0,1,1,0,1,0
ZTF25aajghtw,0,1,0,1,0,1,0,0,1,1,0
ZTF25aajgmfp,0,0,1,1,0,1,0,1,0,1,0
ZTF25aajgmlj,0,1,0,1,0,1,0,0,1,1,0
ZTF25aajgmti,0,1,0,1,0,1,0,1,0,0,1
ZTF25aajgmuh,0,1,0,1,0,1,0,1,0,0,1
ZTF25aajgoqd,0,0,1,1,0,1,0,1,0,1,0
ZTF25aajgqfx,0,1,0,1,0,1,0,1,0,0,1
ZTF25aajhcex,1,0,0,0,0,0,0,0,0,0,0
ZTF25aajhxml,0,1,0,1,0,1,0,1,0,0,1
ZTF25aajimks,0,1,0,1,0,0,1,1,0,1,0
ZTF25aajitmc,1,0,0,0,0,0,0,0,0,0,0
ZTF25aajiuhn,0,1,0,1,0,1,0,0,1,1,0
ZTF25aajiutj,0,0,1,1,0,1,0,1,0,1,0
ZTF25aajiwoq,0,1,0,1,0,0,1,1,0,1,0
ZTF25aajixgi,0,1,0,0,1,1,0,1,0,1,0
ZTF25aajjdcx,0,1,0,1,0,1,0,0,1,1,0
ZTF25aajjfkq,1,0,0,0,0,0,0,0,0,0,0
ZTF25aajjjjs,0,0,1,1,0,1,0,1,0,1,0
ZTF25aajjssp,0,1,0,1,0,1,0,0,1,1,0
ZTF25aajlrgd,0,0,1,1,0,1,0,1,0,1,0
ZTF25aajlsss,0,1,0,0,1,1,0,1,0,1,0
ZTF25aajlywq,0,1,0,1,0,0,1,1,0,1,0
ZTF25aajlznr,0,1,0,1,0,1,0,0,1,1,0
ZTF25aajmpxa,0,1,0,1,0,0,1,1,0,1,0
ZTF25aajmtzs,0,1,0,1,0,1,0,0,1,1,0
ZTF25aajnccz,0,1,0,1,0,0,1,1,0,1,0
ZTF25aajnexa,0,1,0,0,1,1,0,1,0,1,0
ZTF25aajnimi,0,1,0,1,0,1,0,1,0,0,1
ZTF25aajnjui,0,1,0,0,1,1,0,1,0,1,0
ZTF25aajnmqu,0,1,0,0,1,1,0,1,0,1,0
ZTF25aajnpsx,0,0,1,1,0,1,0,1,0,1,0
ZTF25aajnqrv,0,1,0,0,1,1,0,1,0,1,0
ZTF25aajnwxw,1,0,0,0,0,0,0,0,0,0,0
ZTF25aajnxig,0,0,1,1,0,1,0,1,0,1,0
ZTF25aajnyrn,0,1,0,1,0,0,1,1,0,1,0
ZTF25aajnysm,0,1,0,1,0,0,1,1,0,1,0
ZTF25aajnzcg,0,1,0,0,1,1,0,1,0,1,0
ZTF25aajoavn,0,1,0,0,1,1,0,1,0,1,0
ZTF25aajobed,0,0,1,1,0,1,0,1,0,1,0
ZTF25aajoboc,0,1,0,1,0,1,0,0,1,1,0
ZTF25aajobsh,0,1,0,1,0,1,0,0,1,1,0
ZTF25aajocfa,0,1,0,1,0,1,0,0,1,1,0
ZTF25aajodri,1,0,0,0,0,0,0,0,0,0,0
ZTF25aajodub,0,1,0,1,0,1,0,1,0,0,1
ZTF25aajoezr,0,1,0,1,0,0,1,1,0,1,0
ZTF25aajqezj,0,0,1,1,0,1,0,1,0,1,0
ZTF25aajqkss,0,1,0,1,0,0,1,1,0,1,0
ZTF25aajqyyx,1,0,0,0,0,0,0,0,0,0,0
ZTF25aajrcjd,1,0,0,0,0,0,0,0,0,0,0
ZTF25aajrcmw,0,1,0,1,0,1,0,1,0,0,1
ZTF25aajrcqo,0,1,0,1,0,0,1,1,0,1,0
ZTF25aajrfht,0,1,0,1,0,1,0,0,1,1,0
ZTF25aajrkjq,0,1,0,0,1,1,0,1,0,1,0
ZTF25aajrlbu,0,1,0,1,0,1,0,0,1,1,0
ZTF25aajrmps,0,0,1,1,0,1,0,1,0,1,0
ZTF25aajrmzf,0,1,0,1,0,1,0,0,1,1,0
ZTF25aajrzwp,1,0,0,0,0,0,0,0,0,0,0
ZTF25aajsaap,0,1,0,1,0,0,1,1,0,1,0
ZTF25aajsaas,0,0,1,1,0,1,0,1,0,1,0
ZTF25aajsavn,0,1,0,1,0,1,0,1,0,0,1
ZTF25aajsbjv,0,1,0,1,0,0,1,1,0,1,0
ZTF25aajscwm,0,1,0,1,0,1,0,0,1,1,0
ZTF25aajsecc,0,1,0,1,0,0,1,1,0,1,0
ZTF25aajsfer,1,0,0,0,0,0,0,0,0,0,0
ZTF25aajsigm,0,1,0,1,0,1,0,1,0,0,1
ZTF25aajsirl,0,1,0,0,1,1,0,1,0,1,0
ZTF25aajsivt,0,1,0,1,0,1,0,1,0,0,1
ZTF25aajstuj,1,0,0,0,0,0,0,0,0,0,0
ZTF25aajujxu,0,1,0,1,0,1,0,0,1,1,0
ZTF25aajukpz,0,1,0,1,0,1,0,0,1,1,0
ZTF25aajuqtp,0,1,0,0,1,1,0,1,0,1,0
ZTF25aajurmf,0,1,0,1,0,0,1,1,0,1,0
ZTF25aajusau,0,1,0,0,1,1,0,1,0,1,0
ZTF25aajutas,0,1,0,1,0,0,1,1,0,1,0
ZTF25aajvqcr,0,1,0,1,0,1,0,1,0,0,1
ZTF25aajvsot,0,1,0,1,0,0,1,1,0,1,0
ZTF25aajvukq,0,1,0,1,0,1,0,0,1,1,0
ZTF25aajvvzm,0,0,1,1,0,1,0,1,0,1,0
ZTF25aajvxqv,1,0,0,0,0,0,0,0,0,0,0
ZTF25aajwcap,0,0,1,1,0,1,0,1,0,1,0
ZTF25aajwnhj,0,1,0,1,0,1,0,1,0,0,1
ZTF25aajwnhx,0,1,0,0,1,1,0,1,0,1,0
ZTF25aajwqjy,0,1,0,1,0,0,1,1,0,1,0
ZTF25aajxkhi,0,1,0,1,0,0,1,1,0,1,0
ZTF25aajxoyr,0,1,0,1,0,0,1,1,0,1,0
ZTF25aajxvvi,1,0,0,0,0,0,0,0,0,0,0
ZTF25aajygas,0,1,0,0,1,1,0,1,0,1,0
ZTF25aajygin,0,1,0,0,1,1,0,1,0,1,0
ZTF25aajylqu,0,1,0,1,0,1,0,1,0,0,1
ZTF25aajymav,0,0,1,1,0,1,0,1,0,1,0
ZTF25aajywmz,1,0,0,0,0,0,0,0,0,0,0
ZTF25aajyxnk,0,1,0,1,0,0,1,1,0,1,0
ZTF25aajzaif,1,0,0,0,0,0,0,0,0,0,0
ZTF25aajzmwc,0,1,0,1,0,0,1,1,0,1,0
ZTF25aajzmwr,1,0,0,0,0,0,0,0,0,0,0
ZTF25aajzonr,0,1,0,1,0,0,1,1,0,1,0
ZTF25aajzrwh,0,1,0,0,1,1,0,1,0,1,0
ZTF25aakanbw,0,1,0,1,0,1,0,0,1,1,0
ZTF25aakaqzv,0,1,0,1,0,1,0,0,1,1,0
ZTF25aakavyv,0,1,0,0,1,1,0,1,0,1,0
ZTF25aakbard,0,0,1,1,0,1,0,1,0,1,0
ZTF25aakbfeh,0,1,0,1,0,1,0,0,1,1,0
ZTF25aakbqpl,0,1,0,1,0,1,0,1,0,0,1
ZTF25aakbrup,0,1,0,1,0,1,0,0,1,1,0
ZTF25aakcadv,1,0,0,0,0,0,0,0,0,0,0
ZTF25aakcgbn,0,1,0,1,0,1,0,0,1,1,0
ZTF25aakcjwc,0,0,1,1,0,1,0,1,0,1,0
ZTF25aakcowh,0,0,1,1,0,1,0,1,0,1,0
ZTF25aakcple,0,1,0,0,1,1,0,1,0,1,0
ZTF25aakcsis,0,0,1,1,0,1,0,1,0,1,0
ZTF25aakcynb,0,1,0,1,0,0,1,1,0,1,0
ZTF25aakdbuf,1,0,0,0,0,0,0,0,0,0,0
ZTF25aakdcew,0,0,1,1,0,1,0,1,0,1,0
ZTF25aakdrne,0,1,0,0,1,1,0,1,0,1,0
ZTF25aakdwio,0,0,1,1,0,1,0,1,0,1,0
ZTF25aakeprc,0,1,0,1,0,0,1,1,0,1,0
ZTF25aakfcfo,0,1,0,0,1,1,0,1,0,1,0
ZTF25aakfivz,1,0,0,0,0,0,0,0,0,0,0
ZTF25aakfktj,0,0,1,1,0,1,0,1,0,1,0
ZTF25aakftgj,0,1,0,1,0,0,1,1,0,1,0
ZTF25aakghvs,1,0,0,0,0,0,0,0,0,0,0
ZTF25aakgluw,1,0,0,0,0,0,0,0,0,0,0
ZTF25aakglyb,0,1,0,1,0,1,0,1,0,0,1
ZTF25aakgmdh,0,1,0,1,0,1,0,1,0,0,1
ZTF25aakgmne,0,1,0,1,0,0,1,1,0,1,0
ZTF25aakgmoq,0,1,0,1,0,0,1,1,0,1,0
ZTF25aakgmpw,1,0,0,0,0,0,0,0,0,0,0
ZTF25aakgnct,0,1,0,1,0,1,0,1,0,0,1
ZTF25aakgojs,0,1,0,1,0,0,1,1,0,1,0
ZTF25aakgpiq,0,1,0,1,0,1,0,0,1,1,0
ZTF25aakgplf,0,0,1,1,0,1,0,1,0,1,0
ZTF25aakgqrv,0,1,0,1,0,0,1,1,0,1,0
ZTF25aakgtdk,0,1,0,0,1,1,0,1,0,1,0
ZTF25aakgtjw,1,0,0,0,0,0,0,0,0,0,0
ZTF25aakguao,0,0,1,1,0,1,0,1,0,1,0
ZTF25aakgumm,0,1,0,1,0,0,1,1,0,1,0
ZTF25aakgusj,1,0,0,0,0,0,0,0,0,0,0
ZTF25aakguwi,0,1,0,0,1,1,0,1,0,1,0
ZTF25aakgvsl,1,0,0,0,0,0,0,0,0,0,0
ZTF25aakgwxc,1,0,0,0,0,0,0,0,0,0,0
ZTF25aakgxez,1,0,0,0,0,0,0,0,0,0,0
ZTF25aakgxgh,0,1,0,1,0,1,0,0,1,1,0
ZTF25aakgytd,1,0,0,0,0,0,0,0,0,0,0
ZTF25aakhanf,0,0,1,1,0,1,0,1,0,1,0
ZTF25aakhent,0,1,0,1,0,0,1,1,0,1,0
ZTF25aakheyv,0,1,0,1,0,1,0,1,0,0,1
ZTF25aakhihh,0,1,0,1,0,1,0,0,1,1,0
ZTF25aakhmhk,0,0,1,1,0,1,0,1,0,1,0
ZTF25aakhmrz,0,1,0,0,1,1,0,1,0,1,0
ZTF25aakhmwn,0,1,0,1,0,1,0,1,0,0,1
ZTF25aakhogj,0,1,0,0,1,1,0,1,0,1,0
ZTF25aakhpdo,0,1,0,1,0,0,1,1,0,1,0
ZTF25aakhvsj,0,1,0,1,0,0,1,1,0,1,0
ZTF25aakhxdj,1,0,0,0,0,0,0,0,0,0,0
ZTF25aakhxxw,0,1,0,1,0,0,1,1,0,1,0
ZTF25aakihxv,0,0,1,1,0,1,0,1,0,1,0
ZTF25aakijbg,0,1,0,1,0,1,0,1,0,0,1
ZTF25aakionr,0,1,0,1,0,1,0,0,1,1,0
ZTF25aaklwfi,0,1,0,0,1,1,0,1,0,1,0
ZTF25aaklxxk,0,0,1,1,0,1,0,1,0,1,0
ZTF25aakmdrc,0,1,0,1,0,0,1,1,0,1,0
ZTF25aakmhgu,0,0,1,1,0,1,0,1,0,1,0
ZTF25aaknjld,0,0,1,1,0,1,0,1,0,1,0
ZTF25aaknnlf,0,1,0,1,0,1,0,1,0,0,1
ZTF25aaknoqu,1,0,0,0,0,0,0,0,0,0,0
ZTF25aaknvah,1,0,0,0,0,0,0,0,0,0,0
ZTF25aaknvgp,0,1,0,1,0,1,0,0,1,1,0
ZTF25aaknwnk,0,0,1,1,0,1,0,1,0,1,0
ZTF25aaknwqj,0,0,1,1,0,1,0,1,0,1,0
ZTF25aaknzco,1,0,0,0,0,0,0,0,0,0,0
ZTF25aaknzcx,0,1,0,0,1,1,0,1,0,1,0
ZTF25aakoamh,0,1,0,1,0,1,0,0,1,1,0
ZTF25aakoaol,1,0,0,0,0,0,0,0,0,0,0
ZTF25aakoiab,0,0,1,1,0,1,0,1,0,1,0
ZTF25aakonkr,0,1,0,1,0,1,0,1,0,0,1
ZTF25aakorcc,0,1,0,1,0,1,0,1,0,0,1
ZTF25aakorue,0,1,0,1,0,0,1,1,0,1,0
ZTF25aakothn,0,0,1,1,0,1,0,1,0,1,0
ZTF25aakougf,0,0,1,1,0,1,0,1,0,1,0
ZTF25aakqxuz,0,1,0,1,0,1,0,1,0,0,1
ZTF25aakrkep,0,0,1,1,0,1,0,1,0,1,0
ZTF25aakrsbo,0,0,1,1,0,1,0,1,0,1,0
ZTF25aakscjm,0,1,0,1,0,0,1,1,0,1,0
ZTF25aaktazi,0,0,1,1,0,1,0,1,0,1,0
ZTF25aaktnrt,0,0,1,1,0,1,0,1,0,1,0
ZTF25aaktnzx,1,0,0,0,0,0,0,0,0,0,0
ZTF25aaktqzg,0,0,1,1,0,1,0,1,0,1,0
ZTF25aakudej,1,0,0,0,0,0,0,0,0,0,0
ZTF25aakvgzw,0,1,0,1,0,0,1,1,0,1,0
ZTF25aakvuju,1,0,0,0,0,0,0,0,0,0,0
ZTF25aakvupm,1,0,0,0,0,0,0,0,0,0,0
ZTF25aakvurl,0,1,0,0,1,1,0,1,0,1,0
ZTF25aakvwcw,0,0,1,1,0,1,0,1,0,1,0
ZTF25aakwstj,0,1,0,1,0,1,0,1,0,0,1
ZTF25aalbnkr,1,0,0,0,0,0,0,0,0,0,0
ZTF25aalbqif,1,0,0,0,0,0,0,0,0,0,0
ZTF25aalbrvu,0,1,0,1,0,0,1,1,0,1,0
ZTF25aaldwzo,0,1,0,0,1,1,0,1,0,1,0
ZTF25aaldzju,0,1,0,0,1,1,0,1,0,1,0
ZTF25aalefnm,0,1,0,1,0,0,1,1,0,1,0
ZTF25aalfuzf,0,1,0,1,0,1,0,1,0,0,1
ZTF25aalgovr,0,1,0,1,0,0,1,1,0,1,0
ZTF25aalhcpv,0,1,0,0,1,1,0,1,0,1,0
ZTF25aalhuhj,0,1,0,1,0,1,0,0,1,1,0
ZTF25aalhuxh,0,1,0,1,0,0,1,1,0,1,0
ZTF25aaliwnq,0,1,0,1,0,1,0,1,0,0,1
ZTF25aaljmnd,1,0,0,0,0,0,0,0,0,0,0
ZTF25aaljxzp,0,1,0,1,0,1,0,1,0,0,1
ZTF25aalklvx,0,1,0,1,0,1,0,1,0,0,1
ZTF25aalkuao,0,1,0,0,1,1,0,1,0,1,0
ZTF25aalldzz,0,0,1,1,0,1,0,1,0,1,0
ZTF25aallhlz,0,0,1,1,0,1,0,1,0,1,0
ZTF25aalmtjc,0,1,0,0,1,1,0,1,0,1,0
ZTF25aalmukv,0,0,1,1,0,1,0,1,0,1,0
ZTF25aalobbl,1,0,0,0,0,0,0,0,0,0,0
ZTF25aalocpf,0,1,0,0,1,1,0,1,0,1,0
ZTF25aalocyi,0,1,0,1,0,0,1,1,0,1,0
ZTF25aalodgn,0,1,0,1,0,1,0,0,1,1,0
ZTF25aalodmj,0,0,1,1,0,1,0,1,0,1,0
ZTF25aaloduj,0,1,0,0,1,1,0,1,0,1,0
ZTF25aalodzl,1,0,0,0,0,0,0,0,0,0,0
ZTF25aalofcc,0,0,1,1,0,1,0,1,0,1,0
ZTF25aaloguf,0,1,0,1,0,1,0,0,1,1,0
ZTF25aalolmn,0,1,0,1,0,1,0,1,0,0,1
ZTF25aalpjqs,1,0,0,0,0,0,0,0,0,0,0
ZTF25aalpqkg,0,1,0,1,0,1,0,0,1,1,0
ZTF25aalpryj,0,1,0,1,0,1,0,1,0,0,1
ZTF25aalpuoq,0,1,0,1,0,1,0,1,0,0,1
ZTF25aalqinm,0,1,0,1,0,0,1,1,0,1,0
ZTF25aalqitv,0,1,0,1,0,1,0,0,1,1,0
ZTF25aalqrrk,0,1,0,1,0,0,1,1,0,1,0
ZTF25aalqsel,0,0,1,1,0,1,0,1,0,1,0
ZTF25aalqyks,0,0,1,1,0,1,0,1,0,1,0
ZTF25aalrnsd,0,1,0,1,0,1,0,0,1,1,0
ZTF25aalrqtl,0,1,0,1,0,1,0,0,1,1,0
ZTF25aalrrdz,0,1,0,0,1,1,0,1,0,1,0
ZTF25aalrums,1,0,0,0,0,0,0,0,0,0,0
ZTF25aalrvdf,0,1,0,1,0,0,1,1,0,1,0
ZTF25aalrvha,0,1,0,1,0,0,1,1,0,1,0
ZTF25aalsblg,0,1,0,1,0,0,1,1,0,1,0
ZTF25aalsbpm,1,0,0,0,0,0,0,0,0,0,0
ZTF25aalsodd,0,1,0,0,1,1,0,1,0,1,0
ZTF25aaltbqh,0,0,1,1,0,1,0,1,0,1,0
ZTF25aaltcsm,0,1,0,1,0,1,0,1,0,0,1
ZTF25aaluadu,0,1,0,1,0,0,1,1,0,1,0
ZTF25aaluens,0,1,0,1,0,1,0,0,1,1,0
ZTF25aaluerd,0,0,1,1,0,1,0,1,0,1,0
ZTF25aalughb,0,1,0,1,0,0,1,1,0,1,0
ZTF25aaluvkb,0,1,0,1,0,1,0,0,1,1,0
ZTF25aaluwyd,1,0,0,0,0,0,0,0,0,0,0
ZTF25aaluxuf,0,1,0,1,0,1,0,1,0,0,1
ZTF25aaluyhj,0,1,0,1,0,1,0,0,1,1,0
ZTF25aaluzfa,0,1,0,0,1,1,0,1,0,1,0
ZTF25aalvbwm,1,0,0,0,0,0,0,0,0,0,0
ZTF25aalvnyi,0,1,0,1,0,0,1,1,0,1,0
ZTF25aalvocn,0,0,1,1,0,1,0,1,0,1,0
ZTF25aalvofc,1,0,0,0,0,0,0,0,0,0,0
ZTF25aalvrak,0,1,0,1,0,1,0,0,1,1,0
ZTF25aalvrgi,0,0,1,1,0,1,0,1,0,1,0
ZTF25aalvrqu,0,1,0,1,0,0,1,1,0,1,0
ZTF25aalvrsq,0,1,0,0,1,1,0,1,0,1,0
ZTF25aalvvaz,0,1,0,1,0,1,0,1,0,0,1
ZTF25aalvvkc,1,0,0,0,0,0,0,0,0,0,0
ZTF25aalvvww,0,1,0,1,0,1,0,0,1,1,0
ZTF25aalvyha,1,0,0,0,0,0,0,0,0,0,0
ZTF25aalvyig,0,1,0,1,0,1,0,0,1,1,0
ZTF25aalvykx,0,1,0,1,0,0,1,1,0,1,0
ZTF25aalvyyu,0,1,0,1,0,1,0,1,0,0,1
ZTF25aalvzjj,1,0,0,0,0,0,0,0,0,0,0
ZTF25aalvzvg,0,1,0,1,0,1,0,1,0,0,1
ZTF25aalwadw,0,0,1,1,0,1,0,1,0,1,0
ZTF25aalximq,1,0,0,0,0,0,0,0,0,0,0
ZTF25aalyfoi,1,0,0,0,0,0,0,0,0,0,0
ZTF25aalylco,0,0,1,1,0,1,0,1,0,1,0
ZTF25aalzcxk,0,1,0,1,0,1,0,0,1,1,0
ZTF25aalzibi,0,1,0,0,1,1,0,1,0,1,0
ZTF25aalzibz,0,1,0,1,0,0,1,1,0,1,0
ZTF25aalziig,0,1,0,0,1,1,0,1,0,1,0
ZTF25aalzmga,0,1,0,1,0,1,0,0,1,1,0
ZTF25aalzwek,0,1,0,0,1,1,0,1,0,1,0
ZTF25aalzyxt,0,1,0,1,0,1,0,0,1,1,0
ZTF25aamaebs,0,0,1,1,0,1,0,1,0,1,0
ZTF25aamafep,0,1,0,1,0,0,1,1,0,1,0
ZTF25aamajdl,0,1,0,0,1,1,0,1,0,1,0
ZTF25aamajvi,0,1,0,1,0,1,0,0,1,1,0
ZTF25aambowy,0,1,0,1,0,0,1,1,0,1,0
ZTF25aambyih,0,0,1,1,0,1,0,1,0,1,0
ZTF25aamcfwx,1,0,0,0,0,0,0,0,0,0,0
ZTF25aamctaw,0,1,0,1,0,1,0,1,0,0,1
ZTF25aamctks,0,1,0,1,0,0,1,1,0,1,0
ZTF25aamddso,0,0,1,1,0,1,0,1,0,1,0
ZTF25aameuts,0,1,0,1,0,1,0,1,0,0,1
ZTF25aamgkfe,0,1,0,1,0,0,1,1,0,1,0
ZTF25aamgypk,0,1,0,1,0,1,0,0,1,1,0
ZTF25aamhjku,0,0,1,1,0,1,0,1,0,1,0
ZTF25aamhmkn,0,1,0,1,0,1,0,1,0,0,1
ZTF25aamhrca,0,1,0,1,0,1,0,0,1,1,0
ZTF25aamixtl,0,1,0,1,0,1,0,0,1,1,0
ZTF25aamjiyk,1,0,0,0,0,0,0,0,0,0,0
ZTF25aamkkup,0,1,0,1,0,0,1,1,0,1,0
ZTF25aamkkvk,0,1,0,0,1,1,0,1,0,1,0
ZTF25aamkngs,0,0,1,1,0,1,0,1,0,1,0
ZTF25aamkpcb,0,1,0,0,1,1,0,1,0,1,0
ZTF25aamkqzo,0,0,1,1,0,1,0,1,0,1,0
ZTF25aamkvgu,0,1,0,1,0,1,0,1,0,0,1
ZTF25aamkvwe,0,0,1,1,0,1,0,1,0,1,0
ZTF25aamolfa,0,1,0,1,0,1,0,1,0,0,1
ZTF25aamopoo,0,1,0,1,0,1,0,1,0,0,1
ZTF25aamorbo,0,1,0,1,0,1,0,1,0,0,1
ZTF25aampqju,0,1,0,1,0,1,0,1,0,0,1
ZTF25aamqhpc,0,1,0,1,0,1,0,1,0,0,1
ZTF25aamrath,0,1,0,1,0,1,0,1,0,0,1
ZTF25aanbcou,0,0,1,1,0,1,0,1,0,1,0
ZTF25aanbdft,0,1,0,0,1,1,0,1,0,1,0
ZTF25aanbhlz,0,1,0,1,0,0,1,1,0,1,0
ZTF25aanbhvt,0,1,0,0,1,1,0,1,0,1,0
ZTF25aanbpte,1,0,0,0,0,0,0,0,0,0,0
ZTF25aanbvqv,0,1,0,1,0,1,0,1,0,0,1
ZTF25aanbypz,0,1,0,1,0,1,0,1,0,0,1
ZTF25aancuae,0,1,0,0,1,1,0,1,0,1,0
ZTF25aanczgn,1,0,0,0,0,0,0,0,0,0,0
ZTF25aanekby,0,1,0,0,1,1,0,1,0,1,0
ZTF25aaneozj,0,1,0,1,0,1,0,0,1,1,0
ZTF25aanevul,0,1,0,1,0,0,1,1,0,1,0
ZTF25aanezar,1,0,0,0,0,0,0,0,0,0,0
ZTF25aanezcc,0,1,0,1,0,1,0,1,0,0,1
ZTF25aanezft,0,1,0,1,0,1,0,1,0,0,1
ZTF25aanfaos,0,1,0,1,0,0,1,1,0,1,0
ZTF25aanfaxg,0,1,0,1,0,1,0,1,0,0,1
ZTF25aanfcsu,0,1,0,1,0,0,1,1,0,1,0
ZTF25aanfdbz,0,0,1,1,0,1,0,1,0,1,0
ZTF25aanfqnt,0,1,0,1,0,0,1,1,0,1,0
ZTF25aangnvu,0,1,0,1,0,0,1,1,0,1,0
ZTF25aanhiwe,0,1,0,1,0,0,1,1,0,1,0
ZTF25aanhnie,0,1,0,1,0,1,0,1,0,0,1
ZTF25aanhrgr,1,0,0,0,0,0,0,0,0,0,0
ZTF25aanhspj,0,1,0,1,0,0,1,1,0,1,0
ZTF25aaniefm,0,1,0,1,0,1,0,1,0,0,1
ZTF25aaniewj,0,1,0,1,0,1,0,0,1,1,0
ZTF25aanilvx,1,0,0,0,0,0,0,0,0,0,0
ZTF25aanilxb,0,1,0,1,0,1,0,1,0,0,1
ZTF25aanimml,0,1,0,0,1,1,0,1,0,1,0
ZTF25aanioee,0,0,1,1,0,1,0,1,0,1,0
ZTF25aanioke,0,1,0,1,0,0,1,1,0,1,0
ZTF25aaniqfc,0,0,1,1,0,1,0,1,0,1,0
ZTF25aaniqwh,1,0,0,0,0,0,0,0,0,0,0
ZTF25aanjceq,1,0,0,0,0,0,0,0,0,0,0
ZTF25aanjtfo,0,1,0,0,1,1,0,1,0,1,0
ZTF25aankcxz,0,1,0,1,0,1,0,1,0,0,1
ZTF25aankezs,1,0,0,0,0,0,0,0,0,0,0
ZTF25aankhvq,0,1,0,1,0,1,0,0,1,1,0
ZTF25aankiex,0,1,0,1,0,0,1,1,0,1,0
ZTF25aankigq,0,1,0,1,0,0,1,1,0,1,0
ZTF25aankiyb,1,0,0,0,0,0,0,0,0,0,0
ZTF25aankjdy,0,1,0,1,0,1,0,1,0,0,1
ZTF25aanknni,0,1,0,1,0,1,0,1,0,0,1
ZTF25aankplu,0,1,0,1,0,1,0,1,0,0,1
ZTF25aankptu,0,1,0,0,1,1,0,1,0,1,0
ZTF25aankpyy,0,1,0,1,0,1,0,0,1,1,0
ZTF25aankqcj,0,1,0,1,0,1,0,0,1,1,0
ZTF25aankqhe,0,1,0,0,1,1,0,1,0,1,0
ZTF25aankraz,0,1,0,1,0,1,0,0,1,1,0
ZTF25aanksba,1,0,0,0,0,0,0,0,0,0,0
ZTF25aankske,0,1,0,0,1,1,0,1,0,1,0
ZTF25aankwhh,0,1,0,1,0,1,0,1,0,0,1
ZTF25aankwmr,0,1,0,1,0,1,0,1,0,0,1
ZTF25aankxwe,1,0,0,0,0,0,0,0,0,0,0
ZTF25aankyie,0,1,0,0,1,1,0,1,0,1,0
ZTF25aankymu,1,0,0,0,0,0,0,0,0,0,0
ZTF25aankyog,0,1,0,0,1,1,0,1,0,1,0
ZTF25aankzpg,0,1,0,1,0,1,0,1,0,0,1
ZTF25aanlabd,0,1,0,1,0,1,0,0,1,1,0
ZTF25aanlaxv,0,1,0,1,0,0,1,1,0,1,0
ZTF25aanlbdn,0,1,0,1,0,0,1,1,0,1,0
ZTF25aanlbme,1,0,0,0,0,0,0,0,0,0,0
ZTF25aanlbth,1,0,0,0,0,0,0,0,0,0,0
ZTF25aanldlw,0,0,1,1,0,1,0,1,0,1,0
ZTF25aanlekj,0,1,0,1,0,0,1,1,0,1,0
ZTF25aanlezr,0,1,0,1,0,1,0,0,1,1,0
ZTF25aanlfrx,1,0,0,0,0,0,0,0,0,0,0
ZTF25aanlios,1,0,0,0,0,0,0,0,0,0,0
ZTF25aanlkit,0,1,0,1,0,1,0,1,0,0,1
ZTF25aanlnuo,0,1,0,0,1,1,0,1,0,1,0
ZTF25aanlnwf,0,0,1,1,0,1,0,1,0,1,0
ZTF25aanlnwh,0,1,0,1,0,1,0,0,1,1,0
ZTF25aanlopm,0,1,0,1,0,0,1,1,0,1,0
ZTF25aanluye,0,0,1,1,0,1,0,1,0,1,0
ZTF25aanlxtb,1,0,0,0,0,0,0,0,0,0,0
ZTF25aanlzrr,1,0,0,0,0,0,0,0,0,0,0
ZTF25aanmeeu,0,1,0,1,0,1,0,1,0,0,1
ZTF25aanmeyn,0,1,0,1,0,0,1,1,0,1,0
ZTF25aanmfga,0,1,0,1,0,0,1,1,0,1,0
ZTF25aanmfji,0,0,1,1,0,1,0,1,0,1,0
ZTF25aanmfks,1,0,0,0,0,0,0,0,0,0,0
ZTF25aanmgbt,0,1,0,0,1,1,0,1,0,1,0
ZTF25aanmgsw,0,1,0,1,0,0,1,1,0,1,0
ZTF25aanmgza,0,1,0,0,1,1,0,1,0,1,0
ZTF25aanmgze,0,1,0,1,0,1,0,1,0,0,1
ZTF25aanmjpa,0,0,1,1,0,1,0,1,0,1,0
ZTF25aanmmkd,0,1,0,1,0,1,0,0,1,1,0
ZTF25aanmrsq,0,1,0,1,0,1,0,1,0,0,1
ZTF25aanmsdc,1,0,0,0,0,0,0,0,0,0,0
ZTF25aanmuev,0,1,0,0,1,1,0,1,0,1,0
ZTF25aanokha,0,1,0,1,0,1,0,1,0,0,1
ZTF25aanphnp,0,0,1,1,0,1,0,1,0,1,0
ZTF25aanpksf,0,0,1,1,0,1,0,1,0,1,0
ZTF25aanptjd,0,1,0,1,0,1,0,1,0,0,1
ZTF25aanpudm,1,0,0,0,0,0,0,0,0,0,0
ZTF25aanpulo,0,1,0,1,0,1,0,0,1,1,0
ZTF25aanpuox,0,1,0,1,0,0,1,1,0,1,0
ZTF25aanpuwo,0,1,0,0,1,1,0,1,0,1,0
ZTF25aanpvix,0,1,0,1,0,1,0,1,0,0,1
ZTF25aanpvkc,0,1,0,1,0,1,0,1,0,0,1
ZTF25aanpvmb,0,1,0,1,0,0,1,1,0,1,0
ZTF25aanpvtd,1,0,0,0,0,0,0,0,0,0,0
ZTF25aanpwbn,0,1,0,0,1,1,0,1,0,1,0
ZTF25aanpzac,0,1,0,1,0,0,1,1,0,1,0
ZTF25aanpzlx,1,0,0,0,0,0,0,0,0,0,0
ZTF25aanqayq,0,1,0,1,0,1,0,0,1,1,0
ZTF25aanrnym,0,0,1,1,0,1,0,1,0,1,0
ZTF25aanrpwq,0,1,0,1,0,1,0,1,0,0,1
ZTF25aanrqbd,0,1,0,1,0,0,1,1,0,1,0
ZTF25aantcdw,0,1,0,1,0,1,0,1,0,0,1
ZTF25aantgun,0,1,0,1,0,0,1,1,0,1,0
ZTF25aantkgq,0,1,0,0,1,1,0,1,0,1,0
ZTF25aantkpx,0,1,0,0,1,1,0,1,0,1,0
ZTF25aantruy,0,1,0,0,1,1,0,1,0,1,0
ZTF25aantrxh,0,1,0,1,0,1,0,0,1,1,0
ZTF25aantrya,0,1,0,1,0,0,1,1,0,1,0
ZTF25aantvvp,0,1,0,0,1,1,0,1,0,1,0
ZTF25aantxez,0,1,0,0,1,1,0,1,0,1,0
ZTF25aanwmhr,1,0,0,0,0,0,0,0,0,0,0
ZTF25aanwofb,0,0,1,1,0,1,0,1,0,1,0
ZTF25aanwrit,0,1,0,0,1,1,0,1,0,1,0
ZTF25aanxghc,0,1,0,0,1,1,0,1,0,1,0
ZTF25aanxhwl,0,1,0,1,0,1,0,1,0,0,1
ZTF25aanxjbn,0,1,0,1,0,0,1,1,0,1,0
ZTF25aanxqxb,0,1,0,1,0,1,0,1,0,0,1
ZTF25aanxtwh,0,0,1,1,0,1,0,1,0,1,0
ZTF25aanxueo,0,1,0,1,0,0,1,1,0,1,0
ZTF25aanxwya,0,1,0,1,0,1,0,1,0,0,1
ZTF25aanycrh,0,1,0,1,0,1,0,0,1,1,0
ZTF25aanycvf,0,1,0,1,0,1,0,1,0,0,1
ZTF25aanyfsl,0,1,0,1,0,1,0,0,1,1,0
ZTF25aanygim,0,1,0,1,0,1,0,1,0,0,1
ZTF25aanyims,0,1,0,1,0,0,1,1,0,1,0
ZTF25aanyrgi,0,1,0,1,0,1,0,0,1,1,0
ZTF25aanzrfa,0,0,1,1,0,1,0,1,0,1,0
ZTF25aanztch,0,1,0,1,0,1,0,0,1,1,0
ZTF25aanzxmm,0,1,0,0,1,1,0,1,0,1,0
ZTF25aanzxtx,0,1,0,1,0,0,1,1,0,1,0
ZTF25aaoacbn,0,1,0,1,0,1,0,1,0,0,1
ZTF25aaoacgo,1,0,0,0,0,0,0,0,0,0,0
ZTF25aaoaciv,1,0,0,0,0,0,0,0,0,0,0
ZTF25aaoadni,0,1,0,1,0,0,1,1,0,1,0
ZTF25aaoadvc,1,0,0,0,0,0,0,0,0,0,0
ZTF25aaoadvs,0,1,0,1,0,0,1,1,0,1,0
ZTF25aaoafci,0,1,0,0,1,1,0,1,0,1,0
ZTF25aaocdzb,1,0,0,0,0,0,0,0,0,0,0
ZTF25aaochpn,0,1,0,1,0,1,0,0,1,1,0
ZTF25aaochyk,0,1,0,1,0,1,0,0,1,1,0
ZTF25aaocijv,0,1,0,0,1,1,0,1,0,1,0
ZTF25aaocixx,0,0,1,1,0,1,0,1,0,1,0
ZTF25aaocjgx,0,1,0,1,0,0,1,1,0,1,0
ZTF25aaoconf,0,1,0,0,1,1,0,1,0,1,0
ZTF25aaocvzy,0,1,0,0,1,1,0,1,0,1,0
ZTF25aaocyrr,0,1,0,1,0,1,0,0,1,1,0
ZTF25aaodjnt,0,1,0,1,0,1,0,1,0,0,1
ZTF25aaodlbl,1,0,0,0,0,0,0,0,0,0,0
ZTF25aaoeaug,0,0,1,1,0,1,0,1,0,1,0
ZTF25aaoefsh,0,1,0,1,0,0,1,1,0,1,0
ZTF25aaoeipd,1,0,0,0,0,0,0,0,0,0,0
ZTF25aaoexzb,0,1,0,0,1,1,0,1,0,1,0
ZTF25aaofefb,1,0,0,0,0,0,0,0,0,0,0
ZTF25aaoffds,0,1,0,1,0,1,0,0,1,1,0
ZTF25aaofffn,0,1,0,1,0,1,0,1,0,0,1
ZTF25aaofmmt,0,1,0,1,0,0,1,1,0,1,0
ZTF25aaofndr,0,1,0,1,0,1,0,0,1,1,0
ZTF25aaofrfh,0,1,0,1,0,1,0,1,0,0,1
ZTF25aaofrzx,0,1,0,1,0,1,0,1,0,0,1
ZTF25aaoftuf,1,0,0,0,0,0,0,0,0,0,0
ZTF25aaofxjv,1,0,0,0,0,0,0,0,0,0,0
ZTF25aaogbon,0,1,0,1,0,1,0,1,0,0,1
ZTF25aaogigf,0,1,0,1,0,1,0,0,1,1,0
ZTF25aaogpia,0,1,0,0,1,1,0,1,0,1,0
ZTF25aaogtzl,0,1,0,1,0,1,0,0,1,1,0
ZTF25aaogxug,1,0,0,0,0,0,0,0,0,0,0
ZTF25aaohfao,0,1,0,1,0,1,0,1,0,0,1
ZTF25aaohldg,0,1,0,1,0,1,0,1,0,0,1
ZTF25aaohmjd,0,1,0,1,0,0,1,1,0,1,0
ZTF25aaohnzw,1,0,0,0,0,0,0,0,0,0,0
ZTF25aaohqer,0,1,0,1,0,1,0,0,1,1,0
ZTF25aaohzld,0,0,1,1,0,1,0,1,0,1,0
ZTF25aaokatt,0,0,1,1,0,1,0,1,0,1,0
ZTF25aaomkeu,0,1,0,1,0,1,0,1,0,0,1
ZTF25aaommzk,0,1,0,1,0,1,0,0,1,1,0
ZTF25aaompkw,1,0,0,0,0,0,0,0,0,0,0
ZTF25aaompnj,0,1,0,1,0,1,0,1,0,0,1
ZTF25aaomptg,0,1,0,1,0,0,1,1,0,1,0
ZTF25aaomqcf,0,0,1,1,0,1,0,1,0,1,0
ZTF25aaomqhs,1,0,0,0,0,0,0,0,0,0,0
ZTF25aaopnon,1,0,0,0,0,0,0,0,0,0,0
ZTF25aaopoiq,0,1,0,1,0,0,1,1,0,1,0
ZTF25aaopvlb,0,1,0,0,1,1,0,1,0,1,0
ZTF25aaoqcee,0,1,0,1,0,1,0,1,0,0,1
ZTF25aaoqgar,1,0,0,0,0,0,0,0,0,0,0
ZTF25aaoqltj,0,1,0,1,0,0,1,1,0,1,0
ZTF25aaoqlvv,0,1,0,1,0,1,0,0,1,1,0
ZTF25aaoqyej,0,0,1,1,0,1,0,1,0,1,0
ZTF25aaoqzlc,1,0,0,0,0,0,0,0,0,0,0
ZTF25aaorugv,0,1,0,1,0,0,1,1,0,1,0
ZTF25aaoruhl,0,1,0,0,1,1,0,1,0,1,0
ZTF25aaoslnz,0,1,0,1,0,1,0,0,1,1,0
ZTF25aaosopq,0,1,0,1,0,1,0,0,1,1,0
ZTF25aaospgg,0,1,0,0,1,1,0,1,0,1,0
ZTF25aaospja,0,1,0,1,0,1,0,0,1,1,0
ZTF25aaosujc,0,1,0,0,1,1,0,1,0,1,0
ZTF25aaotbca,0,0,1,1,0,1,0,1,0,1,0
ZTF25aaotlsy,0,0,1,1,0,1,0,1,0,1,0
ZTF25aaotogs,0,1,0,0,1,1,0,1,0,1,0
ZTF25aaoucax,0,1,0,1,0,0,1,1,0,1,0
ZTF25aaoufxb,0,1,0,0,1,1,0,1,0,1,0
ZTF25aaouhpg,0,1,0,1,0,1,0,1,0,0,1
ZTF25aaoujpz,0,1,0,0,1,1,0,1,0,1,0
ZTF25aaoulgp,0,1,0,1,0,0,1,1,0,1,0
ZTF25aaouvfp,0,1,0,1,0,1,0,1,0,0,1
ZTF25aaovnkp,0,1,0,1,0,1,0,1,0,0,1
ZTF25aaovrhz,1,0,0,0,0,0,0,0,0,0,0
ZTF25aaovunr,0,1,0,1,0,1,0,0,1,1,0
ZTF25aaowtbk,0,1,0,0,1,1,0,1,0,1,0
ZTF25aaowtpy,0,1,0,0,1,1,0,1,0,1,0
ZTF25aaowwja,0,1,0,1,0,1,0,1,0,0,1
ZTF25aaowwuh,1,0,0,0,0,0,0,0,0,0,0
ZTF25aaoxcpn,0,1,0,1,0,1,0,1,0,0,1
ZTF25aaoxcuh,0,0,1,1,0,1,0,1,0,1,0
ZTF25aaoxeig,0,0,1,1,0,1,0,1,0,1,0
ZTF25aaoxfui,0,1,0,1,0,0,1,1,0,1,0
ZTF25aaoxgty,0,0,1,1,0,1,0,1,0,1,0
ZTF25aaoxgxs,0,1,0,1,0,0,1,1,0,1,0
ZTF25aaoxsal,1,0,0,0,0,0,0,0,0,0,0
ZTF25aaoxywg,0,1,0,0,1,1,0,1,0,1,0
ZTF25aaozbtf,1,0,0,0,0,0,0,0,0,0,0
ZTF25aaozdzw,0,1,0,1,0,0,1,1,0,1,0
ZTF25aaozede,1,0,0,0,0,0,0,0,0,0,0
ZTF25aaozezq,0,0,1,1,0,1,0,1,0,1,0
ZTF25aaozfig,0,1,0,1,0,0,1,1,0,1,0
ZTF25aaozfiw,1,0,0,0,0,0,0,0,0,0,0
ZTF25aaozfud,0,1,0,1,0,1,0,0,1,1,0
ZTF25aaozgdj,1,0,0,0,0,0,0,0,0,0,0
ZTF25aaozmsg,0,1,0,1,0,1,0,0,1,1,0
ZTF25aaozoff,0,1,0,1,0,1,0,0,1,1,0
ZTF25aaozpht,0,0,1,1,0,1,0,1,0,1,0
ZTF25aaozpkh,0,1,0,1,0,1,0,0,1,1,0
ZTF25aaozpza,0,0,1,1,0,1,0,1,0,1,0
ZTF25aaozqak,0,1,0,1,0,0,1,1,0,1,0
ZTF25aaozqdc,0,1,0,0,1,1,0,1,0,1,0
ZTF25aaozqim,0,1,0,0,1,1,0,1,0,1,0
ZTF25aaozqjf,0,1,0,0,1,1,0,1,0,1,0
ZTF25aaozrjh,0,0,1,1,0,1,0,1,0,1,0
ZTF25aaozrlx,1,0,0,0,0,0,0,0,0,0,0
ZTF25aaozsgb,0,1,0,1,0,0,1,1,0,1,0
ZTF25aaozuxs,0,0,1,1,0,1,0,1,0,1,0
ZTF25aaozycr,0,1,0,1,0,1,0,0,1,1,0
ZTF25aapaklc,0,0,1,1,0,1,0,1,0,1,0
ZTF25aapapor,0,1,0,0,1,1,0,1,0,1,0
ZTF25aapavbb,0,0,1,1,0,1,0,1,0,1,0
ZTF25aapbbqb,1,0,0,0,0,0,0,0,0,0,0
ZTF25aapbwxf,0,1,0,0,1,1,0,1,0,1,0
ZTF25aapbxbv,0,1,0,1,0,1,0,1,0,0,1
ZTF25aapchjn,0,1,0,0,1,1,0,1,0,1,0
ZTF25aapcieo,0,1,0,1,0,1,0,0,1,1,0
ZTF25aapcmob,0,1,0,0,1,1,0,1,0,1,0
ZTF25aapcseu,0,1,0,1,0,1,0,0,1,1,0
ZTF25aapddzk,0,1,0,0,1,1,0,1,0,1,0
ZTF25aapdhda,0,1,0,0,1,1,0,1,0,1,0
ZTF25aapdkvl,0,0,1,1,0,1,0,1,0,1,0
ZTF25aapdpeo,0,1,0,0,1,1,0,1,0,1,0
ZTF25aapdrmk,0,1,0,1,0,1,0,1,0,0,1
ZTF25aapdruw,0,1,0,1,0,1,0,0,1,1,0
ZTF25aapdslo,0,1,0,1,0,1,0,1,0,0,1
ZTF25aapdwqu,0,1,0,1,0,0,1,1,0,1,0
ZTF25aapechl,0,1,0,1,0,0,1,1,0,1,0
ZTF25aapedge,0,0,1,1,0,1,0,1,0,1,0
ZTF25aapeeqv,1,0,0,0,0,0,0,0,0,0,0
ZTF25aapenhl,0,1,0,1,0,0,1,1,0,1,0
ZTF25aapentv,0,0,1,1,0,1,0,1,0,1,0
ZTF25aapenxt,1,0,0,0,0,0,0,0,0,0,0
ZTF25aapenyw,0,0,1,1,0,1,0,1,0,1,0
ZTF25aapeqkt,0,1,0,1,0,0,1,1,0,1,0
ZTF25aapeqtq,0,0,1,1,0,1,0,1,0,1,0
ZTF25aapermw,0,1,0,1,0,0,1,1,0,1,0
ZTF25aapertu,0,0,1,1,0,1,0,1,0,1,0
ZTF25aapfccf,0,1,0,1,0,0,1,1,0,1,0
ZTF25aapfhvx,1,0,0,0,0,0,0,0,0,0,0
ZTF25aapgxef,0,0,1,1,0,1,0,1,0,1,0
ZTF25aapgxeh,0,1,0,0,1,1,0,1,0,1,0
ZTF25aaphhdb,0,1,0,0,1,1,0,1,0,1,0
ZTF25aaphhka,0,1,0,0,1,1,0,1,0,1,0
ZTF25aaphkmb,0,1,0,1,0,1,0,0,1,1,0
ZTF25aaphvbe,0,1,0,0,1,1,0,1,0,1,0
ZTF25aapixcj,1,0,0,0,0,0,0,0,0,0,0
ZTF25aapjaog,0,1,0,0,1,1,0,1,0,1,0
ZTF25aapjaxg,1,0,0,0,0,0,0,0,0,0,0
ZTF25aapjbbw,1,0,0,0,0,0,0,0,0,0,0
ZTF25aapjgid,0,1,0,1,0,1,0,1,0,0,1
ZTF25aapjhau,0,1,0,1,0,1,0,1,0,0,1
ZTF25aapjjtj,0,0,1,1,0,1,0,1,0,1,0
ZTF25aapjkts,0,1,0,1,0,1,0,0,1,1,0
ZTF25aapjmaw,1,0,0,0,0,0,0,0,0,0,0
ZTF25aapjpsr,0,1,0,1,0,1,0,0,1,1,0
ZTF25aapjruy,0,1,0,1,0,0,1,1,0,1,0
ZTF25aapjuxd,0,1,0,1,0,0,1,1,0,1,0
ZTF25aapjytx,0,1,0,1,0,1,0,1,0,0,1
ZTF25aapjzgt,0,1,0,1,0,0,1,1,0,1,0
ZTF25aapjzzw,0,0,1,1,0,1,0,1,0,1,0
ZTF25aapkbhn,0,1,0,1,0,1,0,0,1,1,0
ZTF25aapkbnp,1,0,0,0,0,0,0,0,0,0,0
ZTF25aapluko,0,1,0,1,0,0,1,1,0,1,0
ZTF25aapluug,1,0,0,0,0,0,0,0,0,0,0
ZTF25aaplvcg,0,1,0,1,0,1,0,0,1,1,0
ZTF25aaplxxv,0,1,0,1,0,1,0,1,0,0,1
ZTF25aapmbjt,0,0,1,1,0,1,0,1,0,1,0
ZTF25aapmjtj,1,0,0,0,0,0,0,0,0,0,0
ZTF25aapmkcl,0,1,0,0,1,1,0,1,0,1,0
ZTF25aapmkkx,0,1,0,1,0,0,1,1,0,1,0
ZTF25aapmlby,0,1,0,0,1,1,0,1,0,1,0
ZTF25aapmpzf,0,0,1,1,0,1,0,1,0,1,0
ZTF25aapnfgo,1,0,0,0,0,0,0,0,0,0,0
ZTF25aapnrnk,0,1,0,1,0,1,0,1,0,0,1
ZTF25aapnvqx,0,1,0,1,0,1,0,0,1,1,0
ZTF25aapnwae,0,1,0,1,0,1,0,1,0,0,1
ZTF25aapnxqp,0,1,0,1,0,1,0,0,1,1,0
ZTF25aapofng,0,0,1,1,0,1,0,1,0,1,0
ZTF25aapokbj,0,0,1,1,0,1,0,1,0,1,0
ZTF25aaponzx,0,1,0,1,0,1,0,1,0,0,1
ZTF25aapoowa,0,1,0,0,1,1,0,1,0,1,0
ZTF25aappgte,0,0,1,1,0,1,0,1,0,1,0
ZTF25aapplcv,0,0,1,1,0,1,0,1,0,1,0
ZTF25aappmbn,0,1,0,1,0,1,0,0,1,1,0
ZTF25aapprgd,0,1,0,1,0,1,0,1,0,0,1
ZTF25aapqkyd,0,1,0,1,0,0,1,1,0,1,0
ZTF25aaprehl,0,1,0,1,0,1,0,1,0,0,1
ZTF25aaprfzh,0,0,1,1,0,1,0,1,0,1,0
ZTF25aaprggu,0,1,0,1,0,0,1,1,0,1,0
ZTF25aaprgib,0,1,0,1,0,0,1,1,0,1,0
ZTF25aaprgjx,0,1,0,1,0,1,0,1,0,0,1
ZTF25aaprnxy,0,1,0,0,1,1,0,1,0,1,0
ZTF25aapruyr,0,1,0,1,0,0,1,1,0,1,0
ZTF25aaprwcj,1,0,0,0,0,0,0,0,0,0,0
ZTF25aapselk,0,1,0,1,0,0,1,1,0,1,0
ZTF25aapsezj,0,1,0,1,0,1,0,1,0,0,1
ZTF25aapsgfg,0,1,0,1,0,1,0,0,1,1,0
ZTF25aapsgpy,1,0,0,0,0,0,0,0,0,0,0
ZTF25aapsiow,1,0,0,0,0,0,0,0,0,0,0
ZTF25aapsipz,0,0,1,1,0,1,0,1,0,1,0
ZTF25aapsisw,0,1,0,0,1,1,0,1,0,1,0
ZTF25aapsivz,0,1,0,0,1,1,0,1,0,1,0
ZTF25aapsiwe,0,1,0,1,0,0,1,1,0,1,0
ZTF25aaptbyd,0,1,0,1,0,1,0,0,1,1,0
ZTF25aaptmyi,0,1,0,1,0,1,0,0,1,1,0
ZTF25aapuhmd,1,0,0,0,0,0,0,0,0,0,0
ZTF25aapuibm,1,0,0,0,0,0,0,0,0,0,0
ZTF25aapuvhg,1,0,0,0,0,0,0,0,0,0,0
ZTF25aapuxul,0,1,0,1,0,1,0,1,0,0,1
ZTF25aapuyuf,0,0,1,1,0,1,0,1,0,1,0
ZTF25aapvdvt,0,1,0,1,0,1,0,0,1,1,0
ZTF25aapvijm,0,1,0,1,0,1,0,1,0,0,1
ZTF25aapvkmi,0,1,0,1,0,1,0,0,1,1,0
ZTF25aapwhsf,0,1,0,0,1,1,0,1,0,1,0
ZTF25aapwprt,0,0,1,1,0,1,0,1,0,1,0
ZTF25aapwrnh,0,1,0,1,0,0,1,1,0,1,0
ZTF25aapwsub,0,1,0,1,0,1,0,0,1,1,0
ZTF25aapxick,0,1,0,0,1,1,0,1,0,1,0
ZTF25aapxmna,0,1,0,1,0,0,1,1,0,1,0
ZTF25aapxmts,0,1,0,1,0,1,0,0,1,1,0
ZTF25aapxqjv,0,1,0,1,0,1,0,0,1,1,0
ZTF25aapxtna,0,1,0,0,1,1,0,1,0,1,0
ZTF25aapzjkn,0,1,0,1,0,1,0,1,0,0,1
ZTF25aaqautg,0,0,1,1,0,1,0,1,0,1,0
ZTF25aaqbeyb,0,1,0,1,0,1,0,1,0,0,1
ZTF25aaqbgzq,0,1,0,1,0,1,0,1,0,0,1
ZTF25aaqbkwc,0,1,0,0,1,1,0,1,0,1,0
ZTF25aaqbmff,1,0,0,0,0,0,0,0,0,0,0
ZTF25aaqcfga,0,1,0,1,0,1,0,1,0,0,1
ZTF25aaqebif,0,1,0,0,1,1,0,1,0,1,0
ZTF25aaqedoz,0,1,0,0,1,1,0,1,0,1,0
ZTF25aaqekml,1,0,0,0,0,0,0,0,0,0,0
ZTF25aaqeknd,0,0,1,1,0,1,0,1,0,1,0
ZTF25aaqermo,0,1,0,0,1,1,0,1,0,1,0
ZTF25aaqfhvh,0,0,1,1,0,1,0,1,0,1,0
ZTF25aaqfrqs,0,0,1,1,0,1,0,1,0,1,0
ZTF25aaqfvek,0,1,0,1,0,1,0,0,1,1,0
ZTF25aaqgcaj,0,1,0,1,0,0,1,1,0,1,0
ZTF25aaqgknl,0,1,0,1,0,1,0,1,0,0,1
ZTF25aaqgorp,0,1,0,1,0,0,1,1,0,1,0
ZTF25aaqgpvn,1,0,0,0,0,0,0,0,0,0,0
ZTF25aaqiijt,0,1,0,1,0,0,1,1,0,1,0
ZTF25aaqioij,0,1,0,0,1,1,0,1,0,1,0
ZTF25aaqiqdo,0,1,0,1,0,1,0,0,1,1,0
ZTF25aaqiyae,0,1,0,1,0,1,0,0,1,1,0
ZTF25aaqjyzl,0,1,0,1,0,0,1,1,0,1,0
ZTF25aaqkbuo,1,0,0,0,0,0,0,0,0,0,0
ZTF25aaqkcug,0,1,0,1,0,1,0,0,1,1,0
ZTF25aaqkgkg,0,1,0,1,0,1,0,1,0,0,1
ZTF25aaqkksq,0,1,0,1,0,1,0,1,0,0,1
ZTF25aaqklxq,0,1,0,1,0,1,0,1,0,0,1
ZTF25aaqknkx,0,1,0,1,0,1,0,0,1,1,0
ZTF25aaqkrze,0,1,0,0,1,1,0,1,0,1,0
ZTF25aaqksja,0,1,0,1,0,1,0,1,0,0,1
ZTF25aaqlzdq,0,1,0,1,0,1,0,0,1,1,0
ZTF25aaqmqqc,0,1,0,1,0,1,0,1,0,0,1
ZTF25aaqnoud,0,1,0,1,0,1,0,0,1,1,0
ZTF25aaqnpav,0,1,0,1,0,0,1,1,0,1,0
ZTF25aaqnqvl,0,1,0,0,1,1,0,1,0,1,0
ZTF25aaqnuug,1,0,0,0,0,0,0,0,0,0,0
ZTF25aaqnvjt,0,0,1,1,0,1,0,1,0,1,0
ZTF25aaqnynb,0,0,1,1,0,1,0,1,0,1,0
ZTF25aaqnzgq,0,1,0,1,0,1,0,1,0,0,1
ZTF25aaqoamc,0,1,0,0,1,1,0,1,0,1,0
ZTF25aaqodsy,0,1,0,1,0,1,0,0,1,1,0
ZTF25aaqojwg,0,1,0,1,0,1,0,0,1,1,0
ZTF25aaqomdp,0,1,0,1,0,0,1,1,0,1,0
ZTF25aaqomig,1,0,0,0,0,0,0,0,0,0,0
ZTF25aaqonvl,1,0,0,0,0,0,0,0,0,0,0
ZTF25aaqosfn,0,1,0,0,1,1,0,1,0,1,0
ZTF25aaqostr,0,1,0,1,0,0,1,1,0,1,0
ZTF25aaqoukg,0,1,0,0,1,1,0,1,0,1,0
ZTF25aaqowtc,1,0,0,0,0,0,0,0,0,0,0
ZTF25aaqowzt,0,1,0,0,1,1,0,1,0,1,0
ZTF25aaqoxvg,0,1,0,1,0,1,0,1,0,0,1
ZTF25aaqoxvs,0,1,0,1,0,0,1,1,0,1,0
ZTF25aaqoxwn,0,1,0,1,0,1,0,1,0,0,1
ZTF25aaqoyay,1,0,0,0,0,0,0,0,0,0,0
ZTF25aaqoyhd,0,0,1,1,0,1,0,1,0,1,0
ZTF25aaqpbaa,0,1,0,1,0,1,0,0,1,1,0
ZTF25aaqpfys,0,1,0,1,0,1,0,1,0,0,1
ZTF25aaqphfq,0,1,0,0,1,1,0,1,0,1,0
ZTF25aaqpled,0,1,0,1,0,1,0,1,0,0,1
ZTF25aaqptcc,0,1,0,0,1,1,0,1,0,1,0
ZTF25aaqpuru,1,0,0,0,0,0,0,0,0,0,0
ZTF25aaqpvev,1,0,0,0,0,0,0,0,0,0,0
ZTF25aaqpvps,0,0,1,1,0,1,0,1,0,1,0
ZTF25aaqpzbl,0,1,0,0,1,1,0,1,0,1,0
ZTF25aaqqahc,1,0,0,0,0,0,0,0,0,0,0
ZTF25aaqqfkv,0,1,0,1,0,1,0,1,0,0,1
ZTF25aaqqjfs,0,1,0,1,0,0,1,1,0,1,0
ZTF25aaqqjol,0,1,0,1,0,0,1,1,0,1,0
ZTF25aaqqjqu,0,1,0,1,0,1,0,0,1,1,0
ZTF25aaqqjud,0,1,0,1,0,1,0,1,0,0,1
ZTF25aaqqljn,0,0,1,1,0,1,0,1,0,1,0
ZTF25aaqqyso,0,0,1,1,0,1,0,1,0,1,0
ZTF25aaqrbpt,0,1,0,1,0,1,0,1,0,0,1
ZTF25aaqrcbp,1,0,0,0,0,0,0,0,0,0,0
ZTF25aaqrcpd,0,1,0,1,0,0,1,1,0,1,0
ZTF25aaqrffo,0,1,0,1,0,0,1,1,0,1,0
ZTF25aaqrget,0,1,0,1,0,1,0,1,0,0,1
ZTF25aaqrlat,0,1,0,0,1,1,0,1,0,1,0
ZTF25aaqrolj,0,0,1,1,0,1,0,1,0,1,0
ZTF25aaqrqky,0,1,0,1,0,1,0,1,0,0,1
ZTF25aaqsisk,0,1,0,1,0,1,0,1,0,0,1
ZTF25aaqskwe,0,1,0,1,0,1,0,0,1,1,0
ZTF25aaqsrum,0,1,0,1,0,0,1,1,0,1,0
ZTF25aaqstty,0,1,0,1,0,1,0,1,0,0,1
ZTF25aaqswno,0,1,0,1,0,0,1,1,0,1,0
ZTF25aaqtlup,0,1,0,1,0,0,1,1,0,1,0
ZTF25aaqtowx,0,1,0,1,0,1,0,0,1,1,0
ZTF25aaqujqs,0,1,0,0,1,1,0,1,0,1,0
ZTF25aaqvowo,0,0,1,1,0,1,0,1,0,1,0
ZTF25aaqvqvd,0,0,1,1,0,1,0,1,0,1,0
ZTF25aaqvsvy,0,0,1,1,0,1,0,1,0,1,0
ZTF25aaqvwjj,0,1,0,1,0,1,0,1,0,0,1
ZTF25aaqvxst,0,1,0,1,0,1,0,1,0,0,1
ZTF25aaqvyht,0,1,0,1,0,1,0,1,0,0,1
ZTF25aaqwbzf,0,1,0,1,0,1,0,1,0,0,1
ZTF25aaqwcho,1,0,0,0,0,0,0,0,0,0,0
ZTF25aaqwcmq,0,1,0,1,0,1,0,1,0,0,1
ZTF25aaqwecw,0,1,0,1,0,1,0,1,0,0,1
ZTF25aaqweoi,0,1,0,1,0,1,0,1,0,0,1
ZTF25aaqwsmx,0,1,0,1,0,1,0,1,0,0,1
ZTF25aaqwxjv,1,0,0,0,0,0,0,0,0,0,0
ZTF25aaqxcmp,0,1,0,1,0,0,1,1,0,1,0
ZTF25aaqxcrk,0,1,0,1,0,1,0,1,0,0,1
ZTF25aaqxece,0,1,0,1,0,1,0,0,1,1,0
ZTF25aaqxeqi,0,1,0,1,0,0,1,1,0,1,0
ZTF25aaqxhln,1,0,0,0,0,0,0,0,0,0,0
ZTF25aaqxqbj,1,0,0,0,0,0,0,0,0,0,0
ZTF25aaqxqmt,0,1,0,1,0,1,0,1,0,0,1
ZTF25aaqxtfy,0,1,0,0,1,1,0,1,0,1,0
ZTF25aaqxzob,0,0,1,1,0,1,0,1,0,1,0
ZTF25aaqybmk,0,1,0,1,0,1,0,0,1,1,0
ZTF25aaqydax,0,1,0,0,1,1,0,1,0,1,0
ZTF25aaqylih,0,0,1,1,0,1,0,1,0,1,0
ZTF25aaqylva,0,1,0,1,0,1,0,0,1,1,0
ZTF25aaqynqy,0,1,0,1,0,1,0,1,0,0,1
ZTF25aaqyrme,0,1,0,1,0,1,0,0,1,1,0
ZTF25aaqyssy,0,1,0,1,0,0,1,1,0,1,0
ZTF25aaqyszt,1,0,0,0,0,0,0,0,0,0,0
ZTF25aaqytct,0,1,0,1,0,1,0,1,0,0,1
ZTF25aaqyuxt,0,1,0,1,0,1,0,1,0,0,1
ZTF25aaqyygm,0,1,0,1,0,1,0,0,1,1,0
ZTF25aaqyzin,0,1,0,1,0,1,0,0,1,1,0
ZTF25aaqyzou,0,0,1,1,0,1,0,1,0,1,0
ZTF25aaqzagd,0,0,1,1,0,1,0,1,0,1,0
ZTF25aaqzbqa,0,0,1,1,0,1,0,1,0,1,0
ZTF25aaqzcex,0,1,0,1,0,1,0,1,0,0,1
ZTF25aaqzdag,1,0,0,0,0,0,0,0,0,0,0
ZTF25aaqzfyu,0,1,0,1,0,1,0,0,1,1,0
ZTF25aaqzgqa,0,1,0,1,0,1,0,0,1,1,0
ZTF25aaqzipx,0,0,1,1,0,1,0,1,0,1,0
ZTF25aaqzixq,0,1,0,1,0,1,0,0,1,1,0
ZTF25aaqzjms,1,0,0,0,0,0,0,0,0,0,0
ZTF25aaqzjoy,0,1,0,1,0,1,0,1,0,0,1
ZTF25aaqzkqm,0,1,0,1,0,0,1,1,0,1,0
ZTF25aaqzlhw,1,0,0,0,0,0,0,0,0,0,0
ZTF25aaqzsza,0,1,0,1,0,1,0,0,1,1,0
ZTF25aaqzvdg,0,1,0,1,0,0,1,1,0,1,0
ZTF25aaqzvxo,0,1,0,0,1,1,0,1,0,1,0
ZTF25aaqzzyn,0,1,0,1,0,0,1,1,0,1,0
ZTF25aarahxh,0,1,0,1,0,1,0,0,1,1,0
ZTF25aarampx,0,0,1,1,0,1,0,1,0,1,0
ZTF25aaramyc,0,1,0,1,0,1,0,0,1,1,0
ZTF25aaranlp,0,1,0,1,0,0,1,1,0,1,0
ZTF25aarannr,1,0,0,0,0,0,0,0,0,0,0
ZTF25aaranuo,0,1,0,1,0,1,0,1,0,0,1
ZTF25aaraocz,0,1,0,0,1,1,0,1,0,1,0
ZTF25aaraooj,0,1,0,1,0,1,0,1,0,0,1
ZTF25aaraqze,0,1,0,1,0,1,0,1,0,0,1
ZTF25aaravwx,0,1,0,1,0,1,0,1,0,0,1
ZTF25aarbwlz,0,1,0,1,0,1,0,1,0,0,1
ZTF25aarcvtm,0,1,0,1,0,1,0,0,1,1,0
ZTF25aardatq,1,0,0,0,0,0,0,0,0,0,0
ZTF25aardbvh,1,0,0,0,0,0,0,0,0,0,0
ZTF25aardypn,0,1,0,1,0,1,0,0,1,1,0
ZTF25aardywl,1,0,0,0,0,0,0,0,0,0,0
ZTF25aardyyw,0,1,0,1,0,1,0,0,1,1,0
ZTF25aareidm,0,1,0,0,1,1,0,1,0,1,0
ZTF25aareirf,0,1,0,1,0,0,1,1,0,1,0
ZTF25aarelra,0,1,0,1,0,0,1,1,0,1,0
ZTF25aaremst,0,1,0,0,1,1,0,1,0,1,0
ZTF25aaremwa,0,1,0,1,0,1,0,1,0,0,1
ZTF25aareoti,0,1,0,1,0,0,1,1,0,1,0
ZTF25aarerbb,1,0,0,0,0,0,0,0,0,0,0
ZTF25aarevdf,0,0,1,1,0,1,0,1,0,1,0
ZTF25aarewvw,0,1,0,1,0,0,1,1,0,1,0
ZTF25aarfahy,0,1,0,1,0,1,0,1,0,0,1
ZTF25aarfcln,0,1,0,0,1,1,0,1,0,1,0
ZTF25aarfjvy,0,0,1,1,0,1,0,1,0,1,0
ZTF25aarfrea,0,1,0,1,0,1,0,1,0,0,1
ZTF25aargacy,0,1,0,1,0,1,0,1,0,0,1
ZTF25aargngr,0,1,0,1,0,1,0,0,1,1,0
ZTF25aargonq,0,1,0,1,0,0,1,1,0,1,0
ZTF25aargqeq,0,1,0,1,0,1,0,1,0,0,1
ZTF25aargqeu,0,0,1,1,0,1,0,1,0,1,0
ZTF25aargqmw,0,1,0,1,0,0,1,1,0,1,0
ZTF25aargqpm,1,0,0,0,0,0,0,0,0,0,0
ZTF25aargres,0,1,0,1,0,1,0,0,1,1,0
ZTF25aargrgf,0,1,0,1,0,0,1,1,0,1,0
ZTF25aargwll,0,1,0,1,0,0,1,1,0,1,0
ZTF25aarhgtc,0,1,0,1,0,1,0,0,1,1,0
ZTF25aariqew,1,0,0,0,0,0,0,0,0,0,0
ZTF25aariqit,0,1,0,0,1,1,0,1,0,1,0
ZTF25aariuih,0,0,1,1,0,1,0,1,0,1,0
ZTF25aarjebl,1,0,0,0,0,0,0,0,0,0,0
ZTF25aarjmvl,0,1,0,1,0,1,0,0,1,1,0
ZTF25aarjnxa,0,1,0,1,0,1,0,1,0,0,1
ZTF25aarkian,0,0,1,1,0,1,0,1,0,1,0
ZTF25aarkjkp,0,1,0,1,0,1,0,1,0,0,1
ZTF25aarkkbf,0,1,0,1,0,0,1,1,0,1,0
ZTF25aarkkre,0,1,0,1,0,1,0,1,0,0,1
ZTF25aarkmau,1,0,0,0,0,0,0,0,0,0,0
ZTF25aarkvuy,0,1,0,0,1,1,0,1,0,1,0
ZTF25aarkwvs,0,1,0,1,0,1,0,0,1,1,0
ZTF25aarkwxh,0,1,0,0,1,1,0,1,0,1,0
ZTF25aarkygj,0,1,0,1,0,1,0,0,1,1,0
ZTF25aarkzpo,0,1,0,1,0,1,0,1,0,0,1
ZTF25aarlcqy,0,1,0,0,1,1,0,1,0,1,0
ZTF25aarlfqi,1,0,0,0,0,0,0,0,0,0,0
ZTF25aarlfqn,0,0,1,1,0,1,0,1,0,1,0
ZTF25aarlfss,0,1,0,1,0,0,1,1,0,1,0
ZTF25aarlghk,0,1,0,1,0,1,0,0,1,1,0
ZTF25aarlhfd,1,0,0,0,0,0,0,0,0,0,0
ZTF25aarljlq,1,0,0,0,0,0,0,0,0,0,0
ZTF25aarlrmi,1,0,0,0,0,0,0,0,0,0,0
ZTF25aarlxfq,0,1,0,1,0,0,1,1,0,1,0
ZTF25aarlxni,0,1,0,1,0,1,0,0,1,1,0
ZTF25aarmill,1,0,0,0,0,0,0,0,0,0,0
ZTF25aarmiwx,0,1,0,0,1,1,0,1,0,1,0
ZTF25aarmjkf,0,1,0,1,0,0,1,1,0,1,0
ZTF25aarmmko,0,1,0,1,0,1,0,1,0,0,1
ZTF25aarmwdk,0,1,0,0,1,1,0,1,0,1,0
ZTF25aarmxga,0,1,0,1,0,1,0,1,0,0,1
ZTF25aarmybh,0,1,0,0,1,1,0,1,0,1,0
ZTF25aarnbxg,0,1,0,1,0,1,0,1,0,0,1
ZTF25aarneur,0,0,1,1,0,1,0,1,0,1,0
ZTF25aarnlah,0,1,0,1,0,1,0,1,0,0,1
ZTF25aarnouo,1,0,0,0,0,0,0,0,0,0,0
ZTF25aarnynr,0,1,0,0,1,1,0,1,0,1,0
ZTF25aarnyuv,0,1,0,1,0,1,0,1,0,0,1
ZTF25aaroand,0,1,0,1,0,1,0,0,1,1,0
ZTF25aaroddt,1,0,0,0,0,0,0,0,0,0,0
ZTF25aarodyp,0,1,0,1,0,1,0,0,1,1,0
ZTF25aarohtc,1,0,0,0,0,0,0,0,0,0,0
ZTF25aarowfu,0,1,0,1,0,1,0,1,0,0,1
ZTF25aarqnhu,0,0,1,1,0,1,0,1,0,1,0
ZTF25aarqojz,0,0,1,1,0,1,0,1,0,1,0
ZTF25aarqqtx,1,0,0,0,0,0,0,0,0,0,0
ZTF25aarqulp,1,0,0,0,0,0,0,0,0,0,0
ZTF25aarrclr,0,1,0,1,0,1,0,1,0,0,1
ZTF25aarrdjx,1,0,0,0,0,0,0,0,0,0,0
ZTF25aarrdzg,0,0,1,1,0,1,0,1,0,1,0
ZTF25aarrimh,0,1,0,0,1,1,0,1,0,1,0
ZTF25aarroab,1,0,0,0,0,0,0,0,0,0,0
ZTF25aarroyr,1,0,0,0,0,0,0,0,0,0,0
ZTF25aarrrjy,0,0,1,1,0,1,0,1,0,1,0
ZTF25aarrwlq,0,0,1,1,0,1,0,1,0,1,0
ZTF25aarrynr,1,0,0,0,0,0,0,0,0,0,0
ZTF25aarsdkv,0,1,0,1,0,1,0,1,0,0,1
ZTF25aarsdqs,0,0,1,1,0,1,0,1,0,1,0
ZTF25aarudkx,0,1,0,1,0,0,1,1,0,1,0
ZTF25aaruqqa,0,1,0,1,0,1,0,1,0,0,1
ZTF25aarurkk,0,1,0,0,1,1,0,1,0,1,0
ZTF25aaruttr,0,1,0,1,0,1,0,0,1,1,0
ZTF25aaruuln,0,0,1,1,0,1,0,1,0,1,0
ZTF25aarvedt,0,1,0,1,0,0,1,1,0,1,0
ZTF25aarvhih,0,1,0,0,1,1,0,1,0,1,0
ZTF25aarvnfb,0,1,0,1,0,0,1,1,0,1,0
ZTF25aarvnia,0,1,0,0,1,1,0,1,0,1,0
ZTF25aarvreh,1,0,0,0,0,0,0,0,0,0,0
ZTF25aarvtwz,0,1,0,1,0,1,0,1,0,0,1
ZTF25aarvvax,0,1,0,1,0,1,0,1,0,0,1
ZTF25aarvvgy,0,1,0,1,0,1,0,1,0,0,1
ZTF25aarvvhb,1,0,0,0,0,0,0,0,0,0,0
ZTF25aarvwyc,0,1,0,0,1,1,0,1,0,1,0
ZTF25aarwebm,0,1,0,0,1,1,0,1,0,1,0
ZTF25aarwgnm,0,1,0,1,0,0,1,1,0,1,0
ZTF25aarwgzg,0,1,0,1,0,1,0,1,0,0,1
ZTF25aarwhur,0,0,1,1,0,1,0,1,0,1,0
ZTF25aarwknk,0,0,1,1,0,1,0,1,0,1,0
ZTF25aarwlrd,0,0,1,1,0,1,0,1,0,1,0
ZTF25aarwoeg,0,1,0,1,0,1,0,0,1,1,0
ZTF25aarwzkl,0,1,0,1,0,1,0,1,0,0,1
ZTF25aarwznw,0,1,0,1,0,1,0,0,1,1,0
ZTF25aarxasj,0,0,1,1,0,1,0,1,0,1,0
ZTF25aarxavs,1,0,0,0,0,0,0,0,0,0,0
ZTF25aarxbwb,1,0,0,0,0,0,0,0,0,0,0
ZTF25aarxfad,0,1,0,1,0,1,0,1,0,0,1
ZTF25aarxgcb,0,1,0,1,0,0,1,1,0,1,0
ZTF25aarxiac,0,1,0,1,0,1,0,0,1,1,0
ZTF25aarxine,0,1,0,1,0,1,0,1,0,0,1
ZTF25aarxkhn,0,0,1,1,0,1,0,1,0,1,0
ZTF25aarxlgs,0,1,0,0,1,1,0,1,0,1,0
ZTF25aarxlqf,0,1,0,1,0,1,0,0,1,1,0
ZTF25aarxmlf,0,1,0,1,0,1,0,1,0,0,1
ZTF25aarxova,0,1,0,0,1,1,0,1,0,1,0
ZTF25aarxpug,0,0,1,1,0,1,0,1,0,1,0
ZTF25aarxyue,0,1,0,1,0,0,1,1,0,1,0
ZTF25aarybrx,0,1,0,1,0,1,0,1,0,0,1
ZTF25aarydqs,0,1,0,1,0,1,0,1,0,0,1
ZTF25aaryvkj,1,0,0,0,0,0,0,0,0,0,0
ZTF25aaryxkd,1,0,0,0,0,0,0,0,0,0,0
ZTF25aaryzrz,1,0,0,0,0,0,0,0,0,0,0
ZTF25aarzjam,1,0,0,0,0,0,0,0,0,0,0
ZTF25aarzkbz,0,0,1,1,0,1,0,1,0,1,0
ZTF25aarzwsp,0,1,0,1,0,0,1,1,0,1,0
ZTF25aarzwwd,1,0,0,0,0,0,0,0,0,0,0
ZTF25aarzxsa,0,1,0,1,0,1,0,1,0,0,1
ZTF25aarzxyv,0,1,0,1,0,0,1,1,0,1,0
ZTF25aarzyoj,0,1,0,1,0,1,0,1,0,0,1
ZTF25aasaour,1,0,0,0,0,0,0,0,0,0,0
ZTF25aasaovv,1,0,0,0,0,0,0,0,0,0,0
ZTF25aasapew,0,0,1,1,0,1,0,1,0,1,0
ZTF25aasauts,0,1,0,1,0,0,1,1,0,1,0
ZTF25aasaxgm,0,1,0,0,1,1,0,1,0,1,0
ZTF25aasbfeb,0,0,1,1,0,1,0,1,0,1,0
ZTF25aasbffv,0,1,0,1,0,0,1,1,0,1,0
ZTF25aasbgcc,0,1,0,0,1,1,0,1,0,1,0
ZTF25aasbjqo,0,1,0,0,1,1,0,1,0,1,0
ZTF25aasbjsx,0,1,0,1,0,1,0,0,1,1,0
ZTF25aasbkbx,0,1,0,1,0,1,0,1,0,0,1
ZTF25aasbnoy,1,0,0,0,0,0,0,0,0,0,0
ZTF25aasbvlk,0,1,0,1,0,1,0,1,0,0,1
ZTF25aasbxbq,0,1,0,0,1,1,0,1,0,1,0
ZTF25aasckww,1,0,0,0,0,0,0,0,0,0,0
ZTF25aasctdu,0,1,0,1,0,1,0,1,0,0,1
ZTF25aasfkmy,0,1,0,0,1,1,0,1,0,1,0
ZTF25aasfogb,0,0,1,1,0,1,0,1,0,1,0
ZTF25aasipvl,0,1,0,1,0,1,0,1,0,0,1
ZTF25aasirya,1,0,0,0,0,0,0,0,0,0,0
ZTF25aasiszn,0,1,0,1,0,1,0,1,0,0,1
ZTF25aasjeza,0,0,1,1,0,1,0,1,0,1,0
ZTF25aaskrfh,1,0,0,0,0,0,0,0,0,0,0
ZTF25aaskxiq,0,1,0,1,0,1,0,1,0,0,1
ZTF25aaskxwm,0,1,0,1,0,1,0,1,0,0,1
ZTF25aaslgmm,0,1,0,1,0,1,0,0,1,1,0
ZTF25aasllgf,0,1,0,1,0,1,0,0,1,1,0
ZTF25aaslqzs,1,0,0,0,0,0,0,0,0,0,0
ZTF25aasmsea,0,1,0,0,1,1,0,1,0,1,0
ZTF25aasnpnk,0,0,1,1,0,1,0,1,0,1,0
ZTF25aasnrmc,0,1,0,1,0,1,0,1,0,0,1
ZTF25aasoaqc,0,1,0,1,0,0,1,1,0,1,0
ZTF25aaspaue,1,0,0,0,0,0,0,0,0,0,0
ZTF25aaspebb,1,0,0,0,0,0,0,0,0,0,0
ZTF25aaspgnz,1,0,0,0,0,0,0,0,0,0,0
ZTF25aaspprz,0,0,1,1,0,1,0,1,0,1,0
ZTF25aaspqos,1,0,0,0,0,0,0,0,0,0,0
ZTF25aasqfpi,0,1,0,1,0,1,0,1,0,0,1
ZTF25aasrvrz,1,0,0,0,0,0,0,0,0,0,0
ZTF25aastjbb,0,1,0,1,0,1,0,0,1,1,0
ZTF25aastkua,0,1,0,1,0,1,0,0,1,1,0
ZTF25aastmct,0,0,1,1,0,1,0,1,0,1,0
ZTF25aaswhpl,1,0,0,0,0,0,0,0,0,0,0
ZTF25aaswike,0,1,0,1,0,1,0,0,1,1,0
ZTF25aaswlbz,0,1,0,1,0,0,1,1,0,1,0
ZTF25aaswlwv,0,1,0,1,0,1,0,1,0,0,1
ZTF25aasxbtv,0,1,0,1,0,1,0,0,1,1,0
ZTF25aasxmsu,0,1,0,1,0,0,1,1,0,1,0
ZTF25aasxnyx,0,1,0,0,1,1,0,1,0,1,0
ZTF25aasxoas,0,1,0,1,0,1,0,0,1,1,0
ZTF25aasxoyv,0,1,0,1,0,1,0,1,0,0,1
ZTF25aasxqim,0,1,0,1,0,1,0,1,0,0,1
ZTF25aasxqqh,0,1,0,0,1,1,0,1,0,1,0
ZTF25aasxqrn,0,1,0,1,0,0,1,1,0,1,0
ZTF25aasyixx,0,1,0,1,0,1,0,1,0,0,1
ZTF25aasyjln,0,1,0,1,0,1,0,0,1,1,0
ZTF25aasyoqt,0,1,0,0,1,1,0,1,0,1,0
ZTF25aaszzhj,0,1,0,1,0,0,1,1,0,1,0
ZTF25aataabq,0,1,0,1,0,1,0,1,0,0,1
ZTF25aatawks,0,1,0,0,1,1,0,1,0,1,0
ZTF25aatayhb,0,1,0,0,1,1,0,1,0,1,0
ZTF25aatayjj,1,0,0,0,0,0,0,0,0,0,0
ZTF25aatbdae,0,1,0,1,0,0,1,1,0,1,0
ZTF25aatbdjl,0,0,1,1,0,1,0,1,0,1,0
ZTF25aatbuay,1,0,0,0,0,0,0,0,0,0,0
ZTF25aatbxyk,0,0,1,1,0,1,0,1,0,1,0
ZTF25aatckwa,0,1,0,1,0,1,0,0,1,1,0
ZTF25aatclux,0,1,0,0,1,1,0,1,0,1,0
ZTF25aatdmgd,0,1,0,1,0,1,0,0,1,1,0
ZTF25aatdpcr,0,1,0,1,0,1,0,0,1,1,0
ZTF25aatdvzt,1,0,0,0,0,0,0,0,0,0,0
ZTF25aatdyle,0,1,0,1,0,1,0,0,1,1,0
ZTF25aatgswc,1,0,0,0,0,0,0,0,0,0,0
ZTF25aatjtyx,0,1,0,1,0,1,0,0,1,1,0
ZTF25aatkssj,1,0,0,0,0,0,0,0,0,0,0
ZTF25aatmife,0,1,0,1,0,1,0,1,0,0,1
ZTF25aatnbdo,0,0,1,1,0,1,0,1,0,1,0
ZTF25aatnjyv,0,1,0,0,1,1,0,1,0,1,0
ZTF25aatnvid,0,1,0,1,0,0,1,1,0,1,0
ZTF25aatnxnh,0,1,0,0,1,1,0,1,0,1,0
ZTF25aatoace,0,1,0,1,0,1,0,1,0,0,1
ZTF25aatoiwo,1,0,0,0,0,0,0,0,0,0,0
ZTF25aatoqin,0,1,0,1,0,1,0,0,1,1,0
ZTF25aatoqiw,0,1,0,1,0,0,1,1,0,1,0
ZTF25aatoubh,0,1,0,1,0,1,0,1,0,0,1
ZTF25aatpesj,0,1,0,0,1,1,0,1,0,1,0
ZTF25aatpkdu,0,1,0,1,0,0,1,1,0,1,0
ZTF25aatpqkt,0,1,0,1,0,1,0,1,0,0,1
ZTF25aatpuis,0,1,0,1,0,0,1,1,0,1,0
ZTF25aatpwne,1,0,0,0,0,0,0,0,0,0,0
ZTF25aatqacd,1,0,0,0,0,0,0,0,0,0,0
ZTF25aatrutk,0,1,0,1,0,1,0,1,0,0,1
ZTF25aatrwfx,1,0,0,0,0,0,0,0,0,0,0
ZTF25aatrzyq,1,0,0,0,0,0,0,0,0,0,0
ZTF25aatupjy,0,1,0,1,0,0,1,1,0,1,0
ZTF25aatvqjw,1,0,0,0,0,0,0,0,0,0,0
ZTF25aatwnkn,0,1,0,0,1,1,0,1,0,1,0
ZTF25aatwpta,1,0,0,0,0,0,0,0,0,0,0
ZTF25aatwrfh,0,0,1,1,0,1,0,1,0,1,0
ZTF25aatxmyo,0,0,1,1,0,1,0,1,0,1,0
ZTF25aatxngw,0,1,0,1,0,1,0,1,0,0,1
ZTF25aatxnkq,0,1,0,0,1,1,0,1,0,1,0
ZTF25aatxryo,1,0,0,0,0,0,0,0,0,0,0
ZTF25aatxsfd,1,0,0,0,0,0,0,0,0,0,0
ZTF25aatxtaz,0,1,0,1,0,1,0,0,1,1,0
ZTF25aatzdod,0,1,0,1,0,1,0,0,1,1,0
ZTF25aatzejc,0,1,0,1,0,1,0,1,0,0,1
ZTF25aatzemb,0,0,1,1,0,1,0,1,0,1,0
ZTF25aatznti,0,1,0,1,0,1,0,0,1,1,0
ZTF25aatzqar,0,1,0,0,1,1,0,1,0,1,0
ZTF25aatzuze,0,1,0,1,0,1,0,0,1,1,0
ZTF25aatzvjm,0,1,0,1,0,1,0,1,0,0,1
ZTF25aatzwtt,0,1,0,1,0,0,1,1,0,1,0
ZTF25aauaafb,0,1,0,1,0,1,0,0,1,1,0
ZTF25aauacdq,0,1,0,1,0,1,0,1,0,0,1
ZTF25aauahls,0,1,0,1,0,1,0,1,0,0,1
ZTF25aauajbd,0,0,1,1,0,1,0,1,0,1,0
ZTF25aauajtk,0,0,1,1,0,1,0,1,0,1,0
ZTF25aauamxj,1,0,0,0,0,0,0,0,0,0,0
ZTF25aauasux,0,1,0,1,0,0,1,1,0,1,0
ZTF25aaubkkm,0,1,0,1,0,0,1,1,0,1,0
ZTF25aaublde,0,1,0,1,0,1,0,1,0,0,1
ZTF25aaubsso,0,1,0,1,0,1,0,0,1,1,0
ZTF25aaudgky,0,1,0,1,0,1,0,1,0,0,1
ZTF25aaueewp,0,1,0,1,0,1,0,1,0,0,1
ZTF25aauehjs,0,1,0,0,1,1,0,1,0,1,0
ZTF25aauepid,0,1,0,1,0,0,1,1,0,1,0
ZTF25aaueqow,0,0,1,1,0,1,0,1,0,1,0
ZTF25aauerff,0,1,0,0,1,1,0,1,0,1,0
ZTF25aauesfd,1,0,0,0,0,0,0,0,0,0,0
ZTF25aauesqv,0,1,0,1,0,1,0,0,1,1,0
ZTF25aauevvd,0,1,0,0,1,1,0,1,0,1,0
ZTF25aaufcqk,0,1,0,0,1,1,0,1,0,1,0
ZTF25aaufeme,0,0,1,1,0,1,0,1,0,1,0
ZTF25aaufids,0,1,0,1,0,1,0,0,1,1,0
ZTF25aaufksw,0,0,1,1,0,1,0,1,0,1,0
ZTF25aaufltl,0,1,0,1,0,0,1,1,0,1,0
ZTF25aaufmus,0,0,1,1,0,1,0,1,0,1,0
ZTF25aaufogi,0,1,0,1,0,1,0,0,1,1,0
ZTF25aaufoxd,0,1,0,1,0,1,0,1,0,0,1
ZTF25aaufoxf,1,0,0,0,0,0,0,0,0,0,0
ZTF25aaufqml,0,0,1,1,0,1,0,1,0,1,0
ZTF25aaufqsp,0,1,0,1,0,1,0,1,0,0,1
ZTF25aaufsdk,0,1,0,1,0,1,0,0,1,1,0
ZTF25aaugemf,0,1,0,0,1,1,0,1,0,1,0
ZTF25aaugjsk,0,1,0,0,1,1,0,1,0,1,0
ZTF25aauhbec,0,1,0,1,0,0,1,1,0,1,0
ZTF25aauhbwo,1,0,0,0,0,0,0,0,0,0,0
ZTF25aaumybv,0,1,0,1,0,1,0,0,1,1,0
ZTF25aaumydy,1,0,0,0,0,0,0,0,0,0,0
ZTF25aaumyko,0,0,1,1,0,1,0,1,0,1,0
ZTF25aaumykp,1,0,0,0,0,0,0,0,0,0,0
ZTF25aaunfiw,0,1,0,0,1,1,0,1,0,1,0
ZTF25aauqacl,0,0,1,1,0,1,0,1,0,1,0
ZTF25aauqafp,0,1,0,1,0,1,0,0,1,1,0
ZTF25aaurbqp,0,1,0,1,0,1,0,0,1,1,0
ZTF25aaurcaq,1,0,0,0,0,0,0,0,0,0,0
ZTF25aaurzyo,0,1,0,0,1,1,0,1,0,1,0
ZTF25aauselm,1,0,0,0,0,0,0,0,0,0,0
ZTF25aausgcv,0,1,0,0,1,1,0,1,0,1,0
ZTF25aauumjt,0,1,0,1,0,1,0,0,1,1,0
ZTF25aauummv,0,1,0,1,0,0,1,1,0,1,0
ZTF25aauumqy,0,1,0,1,0,1,0,1,0,0,1
ZTF25aauunrr,1,0,0,0,0,0,0,0,0,0,0
ZTF25aauuplq,0,1,0,0,1,1,0,1,0,1,0
ZTF25aauuxhk,0,1,0,1,0,1,0,1,0,0,1
ZTF25aauuzgo,0,1,0,0,1,1,0,1,0,1,0
ZTF25aauvaxd,0,1,0,0,1,1,0,1,0,1,0
ZTF25aauvbdc,1,0,0,0,0,0,0,0,0,0,0
ZTF25aauvber,0,1,0,1,0,1,0,1,0,0,1
ZTF25aauverq,0,1,0,1,0,1,0,0,1,1,0
ZTF25aauveuo,0,0,1,1,0,1,0,1,0,1,0
ZTF25aauvezr,0,0,1,1,0,1,0,1,0,1,0
ZTF25aauvfdz,1,0,0,0,0,0,0,0,0,0,0
ZTF25aauvfhf,1,0,0,0,0,0,0,0,0,0,0
ZTF25aauvinr,0,0,1,1,0,1,0,1,0,1,0
ZTF25aauvipc,1,0,0,0,0,0,0,0,0,0,0
ZTF25aauvkzt,1,0,0,0,0,0,0,0,0,0,0
ZTF25aauvmym,0,1,0,1,0,1,0,0,1,1,0
ZTF25aauyaeh,0,1,0,0,1,1,0,1,0,1,0
ZTF25aauzihp,0,1,0,1,0,1,0,0,1,1,0
ZTF25aauzrmg,1,0,0,0,0,0,0,0,0,0,0
ZTF25aauzryv,0,1,0,1,0,0,1,1,0,1,0
ZTF25aauzscx,0,1,0,1,0,0,1,1,0,1,0
ZTF25aauztdt,0,0,1,1,0,1,0,1,0,1,0
ZTF25aauztzd,1,0,0,0,0,0,0,0,0,0,0
ZTF25aauzuws,0,1,0,1,0,1,0,1,0,0,1
ZTF25aavaasg,0,1,0,1,0,1,0,1,0,0,1
ZTF25aavahqh,0,1,0,1,0,0,1,1,0,1,0
ZTF25aavcbqe,0,1,0,1,0,1,0,0,1,1,0
ZTF25aavcwnn,0,1,0,1,0,1,0,1,0,0,1
ZTF25aavddzo,0,0,1,1,0,1,0,1,0,1,0
ZTF25aavebte,0,1,0,1,0,1,0,0,1,1,0
ZTF25aaveoiu,0,1,0,1,0,1,0,1,0,0,1
ZTF25aavfway,0,1,0,1,0,1,0,0,1,1,0
ZTF25aavfwjn,0,0,1,1,0,1,0,1,0,1,0
ZTF25aavfxlt,0,1,0,0,1,1,0,1,0,1,0
ZTF25aavgeyh,1,0,0,0,0,0,0,0,0,0,0
ZTF25aavgfqk,0,1,0,1,0,0,1,1,0,1,0
ZTF25aavgfxa,0,1,0,1,0,1,0,0,1,1,0
ZTF25aavggmg,0,0,1,1,0,1,0,1,0,1,0
ZTF25aavggnk,1,0,0,0,0,0,0,0,0,0,0
ZTF25aavggqd,1,0,0,0,0,0,0,0,0,0,0
ZTF25aavgiof,0,0,1,1,0,1,0,1,0,1,0
ZTF25aavgjbf,0,1,0,0,1,1,0,1,0,1,0
ZTF25aavgnrj,0,1,0,1,0,1,0,1,0,0,1
ZTF25aavgqgl,0,1,0,1,0,1,0,0,1,1,0
ZTF25aavgqho,0,1,0,1,0,0,1,1,0,1,0
ZTF25aavgqip,0,1,0,1,0,1,0,1,0,0,1
ZTF25aavgqqe,0,1,0,0,1,1,0,1,0,1,0
ZTF25aavgrko,0,0,1,1,0,1,0,1,0,1,0
ZTF25aavgsfy,0,1,0,1,0,1,0,0,1,1,0
ZTF25aavgsyd,0,1,0,0,1,1,0,1,0,1,0
ZTF25aavguaf,0,1,0,1,0,0,1,1,0,1,0
ZTF25aavguxu,1,0,0,0,0,0,0,0,0,0,0
ZTF25aavgvfb,1,0,0,0,0,0,0,0,0,0,0
ZTF25aavgvjq,0,1,0,1,0,0,1,1,0,1,0
ZTF25aavgvmc,1,0,0,0,0,0,0,0,0,0,0
ZTF25aavgvmt,0,0,1,1,0,1,0,1,0,1,0
ZTF25aavgvqe,0,1,0,1,0,0,1,1,0,1,0
ZTF25aavgwln,0,1,0,1,0,1,0,0,1,1,0
ZTF25aavgxmf,0,1,0,1,0,1,0,0,1,1,0
ZTF25aavhavx,0,0,1,1,0,1,0,1,0,1,0
ZTF25aavheij,0,1,0,1,0,1,0,1,0,0,1
ZTF25aavhgwe,0,1,0,1,0,0,1,1,0,1,0
ZTF25aavhhed,1,0,0,0,0,0,0,0,0,0,0
ZTF25aavhhvf,0,1,0,0,1,1,0,1,0,1,0
ZTF25aavhiis,0,1,0,0,1,1,0,1,0,1,0
ZTF25aavhjcz,0,1,0,0,1,1,0,1,0,1,0
ZTF25aavhowp,0,1,0,1,0,1,0,0,1,1,0
ZTF25aavhptj,0,0,1,1,0,1,0,1,0,1,0
ZTF25aavhshf,0,1,0,1,0,0,1,1,0,1,0
ZTF25aaviwcx,0,1,0,0,1,1,0,1,0,1,0
ZTF25aavjauj,0,1,0,1,0,1,0,0,1,1,0
ZTF25aavkggc,1,0,0,0,0,0,0,0,0,0,0
ZTF25aavkpqu,0,1,0,0,1,1,0,1,0,1,0
ZTF25aavkrce,0,0,1,1,0,1,0,1,0,1,0
ZTF25aavkugg,0,1,0,0,1,1,0,1,0,1,0
ZTF25aavkukq,0,1,0,1,0,1,0,0,1,1,0
ZTF25aavkupx,0,1,0,0,1,1,0,1,0,1,0
ZTF25aavkxcp,0,1,0,1,0,0,1,1,0,1,0
ZTF25aavkxmr,0,0,1,1,0,1,0,1,0,1,0
ZTF25aavkyko,0,0,1,1,0,1,0,1,0,1,0
ZTF25aavlbxd,0,0,1,1,0,1,0,1,0,1,0
ZTF25aavmknw,0,1,0,0,1,1,0,1,0,1,0
ZTF25aavmwrf,0,1,0,1,0,1,0,1,0,0,1
ZTF25aavnbyj,1,0,0,0,0,0,0,0,0,0,0
ZTF25aavneuv,0,1,0,0,1,1,0,1,0,1,0
ZTF25aavoynl,1,0,0,0,0,0,0,0,0,0,0
ZTF25aavpcxa,0,1,0,1,0,1,0,1,0,0,1
ZTF25aavpehi,0,1,0,1,0,0,1,1,0,1,0
ZTF25aavpewr,1,0,0,0,0,0,0,0,0,0,0
ZTF25aavpgln,0,1,0,1,0,1,0,1,0,0,1
ZTF25aavpiwr,0,1,0,0,1,1,0,1,0,1,0
ZTF25aavpjbj,1,0,0,0,0,0,0,0,0,0,0
ZTF25aavprby,0,0,1,1,0,1,0,1,0,1,0
ZTF25aavprjw,0,1,0,1,0,1,0,0,1,1,0
ZTF25aavqtob,0,1,0,1,0,1,0,1,0,0,1
