oid,test,train_fold1,val_fold1,train_fold2,val_fold2,train_fold3,val_fold3,train_fold4,val_fold4,train_fold5,val_fold5
ZTF17aaaeqms,0,0,1,1,0,1,0,1,0,1,0
ZTF17aaaeucx,0,0,1,1,0,1,0,1,0,1,0
ZTF17aaakbyl,0,1,0,1,0,1,0,1,0,0,1
ZTF17aaakyau,0,1,0,0,1,1,0,1,0,1,0
ZTF17aaapmss,1,0,0,0,0,0,0,0,0,0,0
ZTF17aabqcyh,1,0,0,0,0,0,0,0,0,0,0
ZTF17aabvong,0,0,1,1,0,1,0,1,0,1,0
ZTF17aacnhue,1,0,0,0,0,0,0,0,0,0,0
ZTF17aadtxay,0,1,0,1,0,1,0,1,0,0,1
ZTF18aaahyvk,0,1,0,1,0,1,0,0,1,1,0
ZTF18aaaiziz,0,1,0,1,0,1,0,1,0,0,1
ZTF18aaamrfa,0,1,0,1,0,1,0,1,0,0,1
ZTF18aaanaev,0,1,0,1,0,1,0,0,1,1,0
ZTF18aaaokpa,1,0,0,0,0,0,0,0,0,0,0
ZTF18aaapzdr,0,0,1,1,0,1,0,1,0,1,0
ZTF18aaaqbhp,0,1,0,1,0,1,0,1,0,0,1
ZTF18aaaqeiu,0,1,0,1,0,1,0,1,0,0,1
ZTF18aabkknh,0,1,0,1,0,1,0,1,0,0,1
ZTF18aabklmk,0,1,0,1,0,0,1,1,0,1,0
ZTF18aabkrky,0,1,0,0,1,1,0,1,0,1,0
ZTF18aabvwhq,0,1,0,0,1,1,0,1,0,1,0
ZTF18aacdebj,0,1,0,1,0,0,1,1,0,1,0
ZTF18aacdgek,0,1,0,0,1,1,0,1,0,1,0
ZTF18aaceepu,0,0,1,1,0,1,0,1,0,1,0
ZTF18aacihcb,0,0,1,1,0,1,0,1,0,1,0
ZTF18aacjuxk,1,0,0,0,0,0,0,0,0,0,0
ZTF18aacmwsq,0,1,0,1,0,0,1,1,0,1,0
ZTF18aacoqxu,0,0,1,1,0,1,0,1,0,1,0
ZTF18aacovhl,0,1,0,1,0,1,0,1,0,0,1
ZTF18aacoyaq,0,1,0,1,0,1,0,1,0,0,1
ZTF18aacrrez,0,1,0,1,0,1,0,1,0,0,1
ZTF18aacsznp,0,1,0,1,0,1,0,0,1,1,0
ZTF18aacxoin,0,0,1,1,0,1,0,1,0,1,0
ZTF18aaczmob,0,1,0,1,0,1,0,0,1,1,0
ZTF18aaddctp,0,1,0,1,0,0,1,1,0,1,0
ZTF18aaddnfu,0,0,1,1,0,1,0,1,0,1,0
ZTF18aadqirh,0,1,0,1,0,0,1,1,0,1,0
ZTF18aadsdvf,1,0,0,0,0,0,0,0,0,0,0
ZTF18aadsjbk,0,1,0,0,1,1,0,1,0,1,0
ZTF18aadsyhc,0,1,0,0,1,1,0,1,0,1,0
ZTF18aadwgzb,0,1,0,0,1,1,0,1,0,1,0
ZTF18aadwhqi,0,1,0,1,0,1,0,1,0,0,1
ZTF18aadxzti,0,1,0,0,1,1,0,1,0,1,0
ZTF18aaebiks,0,0,1,1,0,1,0,1,0,1,0
ZTF18aaebojt,1,0,0,0,0,0,0,0,0,0,0
ZTF18aaeeedp,0,0,1,1,0,1,0,1,0,1,0
ZTF18aaehuyr,0,1,0,1,0,0,1,1,0,1,0
ZTF18aaelskj,0,1,0,1,0,1,0,1,0,0,1
ZTF18aaeopbs,0,1,0,0,1,1,0,1,0,1,0
ZTF18aaescqn,0,1,0,0,1,1,0,1,0,1,0
ZTF18aaetbho,0,1,0,1,0,1,0,0,1,1,0
ZTF18aaetymf,0,0,1,1,0,1,0,1,0,1,0
ZTF18aaewrjs,0,1,0,0,1,1,0,1,0,1,0
ZTF18aaewypg,0,1,0,1,0,1,0,0,1,1,0
ZTF18aaeztug,1,0,0,0,0,0,0,0,0,0,0
ZTF18aaezzww,0,0,1,1,0,1,0,1,0,1,0
ZTF18aafctgp,0,1,0,1,0,1,0,1,0,0,1
ZTF18aafdigb,0,0,1,1,0,1,0,1,0,1,0
ZTF18aafgmet,0,1,0,1,0,0,1,1,0,1,0
ZTF18aafilvc,0,1,0,1,0,0,1,1,0,1,0
ZTF18aafoevl,0,1,0,0,1,1,0,1,0,1,0
ZTF18aafrbxo,1,0,0,0,0,0,0,0,0,0,0
ZTF18aaftmdy,0,1,0,0,1,1,0,1,0,1,0
ZTF18aafvxaw,0,1,0,1,0,0,1,1,0,1,0
ZTF18aafymbz,0,1,0,1,0,0,1,1,0,1,0
ZTF18aagaypc,1,0,0,0,0,0,0,0,0,0,0
ZTF18aagbswm,0,1,0,0,1,1,0,1,0,1,0
ZTF18aagensc,0,1,0,0,1,1,0,1,0,1,0
ZTF18aagfngu,0,1,0,0,1,1,0,1,0,1,0
ZTF18aagkwgz,0,1,0,1,0,0,1,1,0,1,0
ZTF18aaglgid,0,1,0,0,1,1,0,1,0,1,0
ZTF18aagnlqf,0,1,0,0,1,1,0,1,0,1,0
ZTF18aagzlqf,0,1,0,1,0,1,0,0,1,1,0
ZTF18aahfnbl,1,0,0,0,0,0,0,0,0,0,0
ZTF18aahpouv,1,0,0,0,0,0,0,0,0,0,0
ZTF18aahppeb,0,1,0,1,0,1,0,1,0,0,1
ZTF18aahqbgb,0,0,1,1,0,1,0,1,0,1,0
ZTF18aahsvxa,0,0,1,1,0,1,0,1,0,1,0
ZTF18aahsxpj,0,0,1,1,0,1,0,1,0,1,0
ZTF18aahvlhc,0,1,0,0,1,1,0,1,0,1,0
ZTF18aaiijbb,0,1,0,1,0,1,0,1,0,0,1
ZTF18aailctq,0,1,0,1,0,1,0,1,0,0,1
ZTF18aailtum,0,0,1,1,0,1,0,1,0,1,0
ZTF18aaiualk,0,1,0,0,1,1,0,1,0,1,0
ZTF18aaiubas,0,1,0,1,0,1,0,1,0,0,1
ZTF18aaiujdm,0,1,0,1,0,0,1,1,0,1,0
ZTF18aaiulxh,1,0,0,0,0,0,0,0,0,0,0
ZTF18aaiurth,0,1,0,1,0,0,1,1,0,1,0
ZTF18aaivcct,1,0,0,0,0,0,0,0,0,0,0
ZTF18aaivnak,0,1,0,1,0,1,0,1,0,0,1
ZTF18aaiwsua,0,1,0,1,0,1,0,0,1,1,0
ZTF18aaiwzie,0,1,0,1,0,1,0,0,1,1,0
ZTF18aaiyebq,0,1,0,1,0,0,1,1,0,1,0
ZTF18aaizpod,0,1,0,1,0,1,0,0,1,1,0
ZTF18aaiztdl,0,1,0,0,1,1,0,1,0,1,0
ZTF18aaiztpr,0,1,0,1,0,1,0,0,1,1,0
ZTF18aajapma,0,1,0,1,0,1,0,1,0,0,1
ZTF18aajauyi,0,1,0,1,0,1,0,1,0,0,1
ZTF18aajcsqi,0,0,1,1,0,1,0,1,0,1,0
ZTF18aajdcfy,0,1,0,0,1,1,0,1,0,1,0
ZTF18aajdpdf,0,0,1,1,0,1,0,1,0,1,0
ZTF18aajfezy,1,0,0,0,0,0,0,0,0,0,0
ZTF18aajgiii,0,1,0,1,0,1,0,1,0,0,1
ZTF18aajgkyt,0,1,0,0,1,1,0,1,0,1,0
ZTF18aajhant,0,1,0,0,1,1,0,1,0,1,0
ZTF18aajhlxa,1,0,0,0,0,0,0,0,0,0,0
ZTF18aajhzkn,0,1,0,1,0,0,1,1,0,1,0
ZTF18aajifvt,0,1,0,0,1,1,0,1,0,1,0
ZTF18aajjoko,1,0,0,0,0,0,0,0,0,0,0
ZTF18aajkaql,0,1,0,1,0,1,0,0,1,1,0
ZTF18aajkevi,0,1,0,1,0,1,0,0,1,1,0
ZTF18aajkxyt,0,1,0,1,0,0,1,1,0,1,0
ZTF18aajleme,0,0,1,1,0,1,0,1,0,1,0
ZTF18aajlilg,0,1,0,1,0,0,1,1,0,1,0
ZTF18aajvqye,0,1,0,1,0,1,0,1,0,0,1
ZTF18aajyqbx,0,1,0,1,0,1,0,0,1,1,0
ZTF18aakdxos,0,1,0,1,0,1,0,1,0,0,1
ZTF18aakeayh,0,1,0,1,0,0,1,1,0,1,0
ZTF18aakeoie,0,1,0,1,0,1,0,0,1,1,0
ZTF18aakipwm,0,1,0,1,0,1,0,1,0,0,1
ZTF18aakitiq,0,1,0,1,0,0,1,1,0,1,0
ZTF18aakiwxp,0,1,0,1,0,1,0,0,1,1,0
ZTF18aaklnny,0,1,0,1,0,1,0,1,0,0,1
ZTF18aakqshl,0,1,0,1,0,1,0,1,0,0,1
ZTF18aakyddg,0,1,0,1,0,1,0,1,0,0,1
ZTF18aakyear,1,0,0,0,0,0,0,0,0,0,0
ZTF18aaltgfy,0,1,0,1,0,1,0,1,0,0,1
ZTF18aaluzmq,0,1,0,0,1,1,0,1,0,1,0
ZTF18aaluzrx,0,1,0,1,0,1,0,0,1,1,0
ZTF18aalvakd,0,1,0,1,0,1,0,1,0,0,1
ZTF18aalvhsj,0,1,0,0,1,1,0,1,0,1,0
ZTF18aalxmdx,0,1,0,0,1,1,0,1,0,1,0
ZTF18aalxncv,0,0,1,1,0,1,0,1,0,1,0
ZTF18aamcwzy,0,1,0,0,1,1,0,1,0,1,0
ZTF18aamfybf,0,1,0,1,0,1,0,1,0,0,1
ZTF18aamqzlv,0,1,0,1,0,0,1,1,0,1,0
ZTF18aamrbiv,0,0,1,1,0,1,0,1,0,1,0
ZTF18aamrgbq,1,0,0,0,0,0,0,0,0,0,0
ZTF18aamsmzm,0,1,0,1,0,1,0,0,1,1,0
ZTF18aamuarr,0,1,0,0,1,1,0,1,0,1,0
ZTF18aamupuo,0,1,0,1,0,1,0,1,0,0,1
ZTF18aamvanq,0,1,0,1,0,0,1,1,0,1,0
ZTF18aamwhib,0,1,0,1,0,1,0,0,1,1,0
ZTF18aamwjan,0,1,0,1,0,1,0,0,1,1,0
ZTF18aamxlmm,0,1,0,1,0,1,0,1,0,0,1
ZTF18aamykhr,0,1,0,1,0,1,0,1,0,0,1
ZTF18aamykyz,0,1,0,1,0,1,0,0,1,1,0
ZTF18aamzcjo,0,1,0,1,0,1,0,1,0,0,1
ZTF18aamzved,0,1,0,0,1,1,0,1,0,1,0
ZTF18aanabqp,0,1,0,1,0,1,0,1,0,0,1
ZTF18aancege,0,1,0,1,0,1,0,0,1,1,0
ZTF18aanhsbt,0,1,0,0,1,1,0,1,0,1,0
ZTF18aanizbd,0,1,0,1,0,1,0,0,1,1,0
ZTF18aankjav,0,1,0,0,1,1,0,1,0,1,0
ZTF18aanlycz,1,0,0,0,0,0,0,0,0,0,0
ZTF18aanmaam,1,0,0,0,0,0,0,0,0,0,0
ZTF18aanmpvk,0,1,0,1,0,0,1,1,0,1,0
ZTF18aanmuwn,1,0,0,0,0,0,0,0,0,0,0
ZTF18aanskfx,0,1,0,1,0,0,1,1,0,1,0
ZTF18aanxlcr,1,0,0,0,0,0,0,0,0,0,0
ZTF18aanyhfb,0,1,0,1,0,0,1,1,0,1,0
ZTF18aaobcvl,1,0,0,0,0,0,0,0,0,0,0
ZTF18aaodlik,1,0,0,0,0,0,0,0,0,0,0
ZTF18aaogavr,0,1,0,0,1,1,0,1,0,1,0
ZTF18aaotzun,1,0,0,0,0,0,0,0,0,0,0
ZTF18aaoucqf,0,1,0,1,0,0,1,1,0,1,0
ZTF18aaouksq,0,1,0,1,0,0,1,1,0,1,0
ZTF18aaouqmw,0,1,0,1,0,1,0,0,1,1,0
ZTF18aaowtgn,0,0,1,1,0,1,0,1,0,1,0
ZTF18aaoytaz,0,1,0,1,0,1,0,0,1,1,0
ZTF18aapatdu,0,1,0,0,1,1,0,1,0,1,0
ZTF18aapbhra,0,1,0,1,0,0,1,1,0,1,0
ZTF18aaqcdjz,1,0,0,0,0,0,0,0,0,0,0
ZTF18aaqcdms,0,1,0,1,0,1,0,0,1,1,0
ZTF18aaqcfzh,1,0,0,0,0,0,0,0,0,0,0
ZTF18aaqdwsw,0,1,0,1,0,1,0,1,0,0,1
ZTF18aaqjqqc,1,0,0,0,0,0,0,0,0,0,0
ZTF18aaqklis,1,0,0,0,0,0,0,0,0,0,0
ZTF18aaqkrxj,1,0,0,0,0,0,0,0,0,0,0
ZTF18aaqktbt,0,1,0,1,0,1,0,0,1,1,0
ZTF18aaqkvco,0,0,1,1,0,1,0,1,0,1,0
ZTF18aaqkyas,0,1,0,1,0,1,0,0,1,1,0
ZTF18aaqljfc,1,0,0,0,0,0,0,0,0,0,0
ZTF18aaqlndu,0,1,0,1,0,0,1,1,0,1,0
ZTF18aaqpowv,0,1,0,1,0,0,1,1,0,1,0
ZTF18aaqrcml,0,1,0,1,0,0,1,1,0,1,0
ZTF18aaquvvq,0,1,0,1,0,1,0,1,0,0,1
ZTF18aaquwqi,0,1,0,0,1,1,0,1,0,1,0
ZTF18aaqwboe,1,0,0,0,0,0,0,0,0,0,0
ZTF18aararjr,1,0,0,0,0,0,0,0,0,0,0
ZTF18aarbzgt,0,0,1,1,0,1,0,1,0,1,0
ZTF18aarbzgy,0,1,0,0,1,1,0,1,0,1,0
ZTF18aarcpem,0,1,0,1,0,0,1,1,0,1,0
ZTF18aarcqdj,0,1,0,1,0,1,0,1,0,0,1
ZTF18aarfobn,0,1,0,1,0,1,0,1,0,0,1
ZTF18aariqrj,1,0,0,0,0,0,0,0,0,0,0
ZTF18aarkztv,0,1,0,1,0,1,0,1,0,0,1
ZTF18aarlhfw,0,1,0,1,0,1,0,0,1,1,0
ZTF18aarlnzb,1,0,0,0,0,0,0,0,0,0,0
ZTF18aarltsj,1,0,0,0,0,0,0,0,0,0,0
ZTF18aarmnnd,0,1,0,1,0,0,1,1,0,1,0
ZTF18aarmttj,0,1,0,1,0,0,1,1,0,1,0
ZTF18aarnbhk,0,1,0,1,0,1,0,0,1,1,0
ZTF18aarndye,0,0,1,1,0,1,0,1,0,1,0
ZTF18aarneoz,0,0,1,1,0,1,0,1,0,1,0
ZTF18aarobdw,0,1,0,1,0,1,0,1,0,0,1
ZTF18aarunfu,0,0,1,1,0,1,0,1,0,1,0
ZTF18aarusgg,0,1,0,0,1,1,0,1,0,1,0
ZTF18aarvfan,0,1,0,1,0,0,1,1,0,1,0
ZTF18aarvsqh,0,1,0,1,0,0,1,1,0,1,0
ZTF18aarwjli,0,1,0,1,0,0,1,1,0,1,0
ZTF18aarwmyr,0,1,0,1,0,0,1,1,0,1,0
ZTF18aarzbkh,0,0,1,1,0,1,0,1,0,1,0
ZTF18aasaqao,1,0,0,0,0,0,0,0,0,0,0
ZTF18aasauch,0,1,0,1,0,1,0,1,0,0,1
ZTF18aaspvnw,0,1,0,1,0,1,0,0,1,1,0
ZTF18aasrovh,0,1,0,1,0,1,0,0,1,1,0
ZTF18aasvtqi,0,1,0,1,0,1,0,1,0,0,1
ZTF18aasvydn,0,1,0,1,0,1,0,1,0,0,1
ZTF18aaswdzr,0,0,1,1,0,1,0,1,0,1,0
ZTF18aaswqcv,0,0,1,1,0,1,0,1,0,1,0
ZTF18aaswrap,0,0,1,1,0,1,0,1,0,1,0
ZTF18aasyldf,1,0,0,0,0,0,0,0,0,0,0
ZTF18aasyoet,1,0,0,0,0,0,0,0,0,0,0
ZTF18aasyrit,0,0,1,1,0,1,0,1,0,1,0
ZTF18aasywuv,0,0,1,1,0,1,0,1,0,1,0
ZTF18aasyxcd,0,0,1,1,0,1,0,1,0,1,0
ZTF18aaszoxf,0,1,0,1,0,1,0,0,1,1,0
ZTF18aaszvbn,0,0,1,1,0,1,0,1,0,1,0
ZTF18aatable,0,0,1,1,0,1,0,1,0,1,0
ZTF18aatezfu,0,1,0,0,1,1,0,1,0,1,0
ZTF18aatfxtd,0,1,0,1,0,1,0,1,0,0,1
ZTF18aathnkk,0,1,0,0,1,1,0,1,0,1,0
ZTF18aathose,0,1,0,0,1,1,0,1,0,1,0
ZTF18aathpjh,0,1,0,0,1,1,0,1,0,1,0
ZTF18aatiffa,0,1,0,0,1,1,0,1,0,1,0
ZTF18aatiudp,0,0,1,1,0,1,0,1,0,1,0
ZTF18aatjwcm,0,1,0,1,0,1,0,1,0,0,1
ZTF18aatmoka,0,1,0,1,0,0,1,1,0,1,0
ZTF18aatmvib,0,0,1,1,0,1,0,1,0,1,0
ZTF18aatonqc,0,0,1,1,0,1,0,1,0,1,0
ZTF18aatoohj,0,1,0,1,0,0,1,1,0,1,0
ZTF18aatpfus,0,1,0,1,0,0,1,1,0,1,0
ZTF18aatpqxq,0,1,0,1,0,0,1,1,0,1,0
ZTF18aatquwd,0,1,0,1,0,0,1,1,0,1,0
ZTF18aatrzec,0,1,0,1,0,1,0,0,1,1,0
ZTF18aatwqed,1,0,0,0,0,0,0,0,0,0,0
ZTF18aauotcv,0,0,1,1,0,1,0,1,0,1,0
ZTF18aaurykp,0,1,0,1,0,0,1,1,0,1,0
ZTF18aauuzmf,0,0,1,1,0,1,0,1,0,1,0
ZTF18aauxxea,0,1,0,1,0,1,0,0,1,1,0
ZTF18aauyafm,0,1,0,1,0,0,1,1,0,1,0
ZTF18aauyxxt,0,0,1,1,0,1,0,1,0,1,0
ZTF18aauyyds,0,0,1,1,0,1,0,1,0,1,0
ZTF18aauyyhe,0,0,1,1,0,1,0,1,0,1,0
ZTF18aauyzxg,0,1,0,1,0,0,1,1,0,1,0
ZTF18aauzolk,0,0,1,1,0,1,0,1,0,1,0
ZTF18aavabkh,0,1,0,1,0,0,1,1,0,1,0
ZTF18aavaxdv,1,0,0,0,0,0,0,0,0,0,0
ZTF18aavpets,0,1,0,1,0,1,0,0,1,1,0
ZTF18aavuvqs,0,1,0,1,0,1,0,1,0,0,1
ZTF18aavvtyx,0,1,0,0,1,1,0,1,0,1,0
ZTF18aavwuxk,0,0,1,1,0,1,0,1,0,1,0
ZTF18aavxdrz,0,1,0,1,0,0,1,1,0,1,0
ZTF18aavydnh,0,1,0,1,0,1,0,0,1,1,0
ZTF18aavygjv,0,1,0,1,0,1,0,1,0,0,1
ZTF18aavynfd,0,0,1,1,0,1,0,1,0,1,0
ZTF18aavyzyt,0,1,0,0,1,1,0,1,0,1,0
ZTF18aavzawy,0,0,1,1,0,1,0,1,0,1,0
ZTF18aawbhdn,1,0,0,0,0,0,0,0,0,0,0
ZTF18aawdqbc,1,0,0,0,0,0,0,0,0,0,0
ZTF18aawehma,0,1,0,1,0,1,0,1,0,0,1
ZTF18aawetwo,0,1,0,0,1,1,0,1,0,1,0
ZTF18aawfcsu,1,0,0,0,0,0,0,0,0,0,0
ZTF18aawfeyg,0,1,0,1,0,0,1,1,0,1,0
ZTF18aawfezw,0,1,0,0,1,1,0,1,0,1,0
ZTF18aawfqax,0,1,0,1,0,0,1,1,0,1,0
ZTF18aawgiuu,0,1,0,1,0,1,0,0,1,1,0
ZTF18aawglif,0,1,0,1,0,1,0,1,0,0,1
ZTF18aawhgpt,0,1,0,0,1,1,0,1,0,1,0
ZTF18aawhrjb,1,0,0,0,0,0,0,0,0,0,0
ZTF18aawjnky,0,1,0,1,0,1,0,0,1,1,0
ZTF18aawkdyg,0,1,0,1,0,1,0,0,1,1,0
ZTF18aawldxu,0,1,0,1,0,1,0,1,0,0,1
ZTF18aawlfnj,1,0,0,0,0,0,0,0,0,0,0
ZTF18aawmeiw,0,1,0,1,0,0,1,1,0,1,0
ZTF18aawnaje,1,0,0,0,0,0,0,0,0,0,0
ZTF18aawnawj,0,1,0,0,1,1,0,1,0,1,0
ZTF18aawncdo,0,1,0,0,1,1,0,1,0,1,0
ZTF18aawnnns,0,1,0,0,1,1,0,1,0,1,0
ZTF18aawnvkm,1,0,0,0,0,0,0,0,0,0,0
ZTF18aawnylr,0,1,0,0,1,1,0,1,0,1,0
ZTF18aawokdx,0,1,0,1,0,0,1,1,0,1,0
ZTF18aawourc,0,1,0,1,0,1,0,1,0,0,1
ZTF18aawppyt,0,1,0,1,0,0,1,1,0,1,0
ZTF18aawpzkf,0,1,0,0,1,1,0,1,0,1,0
ZTF18aawqhda,0,1,0,0,1,1,0,1,0,1,0
ZTF18aawqjjj,0,1,0,0,1,1,0,1,0,1,0
ZTF18aawqnqp,0,0,1,1,0,1,0,1,0,1,0
ZTF18aawqxce,0,0,1,1,0,1,0,1,0,1,0
ZTF18aawqzwc,0,1,0,0,1,1,0,1,0,1,0
ZTF18aawrfci,0,0,1,1,0,1,0,1,0,1,0
ZTF18aawrskb,0,1,0,0,1,1,0,1,0,1,0
ZTF18aawrujb,0,1,0,1,0,0,1,1,0,1,0
ZTF18aawseij,0,1,0,0,1,1,0,1,0,1,0
ZTF18aawsmrt,0,1,0,0,1,1,0,1,0,1,0
ZTF18aawtklf,1,0,0,0,0,0,0,0,0,0,0
ZTF18aawwjzq,0,1,0,1,0,0,1,1,0,1,0
ZTF18aawxjvh,0,1,0,0,1,1,0,1,0,1,0
ZTF18aawxkcj,0,1,0,0,1,1,0,1,0,1,0
ZTF18aawxpzs,0,1,0,1,0,1,0,0,1,1,0
ZTF18aawycyr,0,1,0,1,0,1,0,1,0,0,1
ZTF18aawzdzt,0,1,0,1,0,1,0,0,1,1,0
ZTF18aawzens,1,0,0,0,0,0,0,0,0,0,0
ZTF18aaxerrt,1,0,0,0,0,0,0,0,0,0,0
ZTF18aaxkdwo,1,0,0,0,0,0,0,0,0,0,0
ZTF18aayiast,0,1,0,1,0,1,0,1,0,0,1
ZTF18aayilun,0,1,0,0,1,1,0,1,0,1,0
ZTF18aayyngj,1,0,0,0,0,0,0,0,0,0,0
ZTF18aazwplo,0,1,0,1,0,1,0,0,1,1,0
ZTF18abaulsu,1,0,0,0,0,0,0,0,0,0,0
ZTF18abawkok,0,1,0,1,0,1,0,0,1,1,0
ZTF18abbrksm,0,1,0,1,0,1,0,0,1,1,0
ZTF18abcgict,1,0,0,0,0,0,0,0,0,0,0
ZTF18abdnqzy,0,1,0,0,1,1,0,1,0,1,0
ZTF18abesxbk,0,0,1,1,0,1,0,1,0,1,0
ZTF18abfapgm,1,0,0,0,0,0,0,0,0,0,0
ZTF18abfapzy,0,0,1,1,0,1,0,1,0,1,0
ZTF18abfaqpu,0,1,0,1,0,1,0,0,1,1,0
ZTF18abfaulo,0,1,0,1,0,1,0,0,1,1,0
ZTF18abfawvl,0,1,0,0,1,1,0,1,0,1,0
ZTF18abfbbyh,0,1,0,1,0,0,1,1,0,1,0
ZTF18abfblpv,0,1,0,1,0,1,0,0,1,1,0
ZTF18abfbltl,0,1,0,1,0,1,0,0,1,1,0
ZTF18abfbtgk,1,0,0,0,0,0,0,0,0,0,0
ZTF18abfbuog,1,0,0,0,0,0,0,0,0,0,0
ZTF18abfbwke,0,1,0,1,0,1,0,0,1,1,0
ZTF18abfcepu,0,1,0,1,0,1,0,1,0,0,1
ZTF18abfchzq,0,1,0,1,0,1,0,1,0,0,1
ZTF18abfdclf,0,0,1,1,0,1,0,1,0,1,0
ZTF18abfdgtz,0,1,0,1,0,1,0,0,1,1,0
ZTF18abfdguq,0,1,0,1,0,1,0,1,0,0,1
ZTF18abfdkes,0,1,0,1,0,1,0,0,1,1,0
ZTF18abfdrin,0,1,0,0,1,1,0,1,0,1,0
ZTF18abfduqh,1,0,0,0,0,0,0,0,0,0,0
ZTF18abfdvkj,0,0,1,1,0,1,0,1,0,1,0
ZTF18abfdysn,0,1,0,1,0,1,0,1,0,0,1
ZTF18abffetb,0,1,0,1,0,1,0,1,0,0,1
ZTF18abgxkzx,1,0,0,0,0,0,0,0,0,0,0
ZTF18abhbcea,0,1,0,0,1,1,0,1,0,1,0
ZTF18abhbgtf,0,1,0,1,0,1,0,1,0,0,1
ZTF18abhbjet,0,1,0,1,0,0,1,1,0,1,0
ZTF18abhbjfd,1,0,0,0,0,0,0,0,0,0,0
ZTF18abhbjfi,0,1,0,1,0,1,0,1,0,0,1
ZTF18abhbjfw,0,1,0,1,0,1,0,1,0,0,1
ZTF18abhgths,0,1,0,1,0,0,1,1,0,1,0
ZTF18abhgvcy,0,1,0,0,1,1,0,1,0,1,0
ZTF18abhgvss,1,0,0,0,0,0,0,0,0,0,0
ZTF18abhgxja,0,0,1,1,0,1,0,1,0,1,0
ZTF18abhhfvv,1,0,0,0,0,0,0,0,0,0,0
ZTF18abhwmpa,0,1,0,1,0,1,0,1,0,0,1
ZTF18abihhyj,0,1,0,1,0,1,0,0,1,1,0
ZTF18abjilot,0,1,0,1,0,0,1,1,0,1,0
ZTF18abjinfz,0,1,0,1,0,0,1,1,0,1,0
ZTF18abjjgwy,0,1,0,1,0,0,1,1,0,1,0
ZTF18abjjops,0,1,0,1,0,1,0,0,1,1,0
ZTF18abjjpnj,0,1,0,1,0,0,1,1,0,1,0
ZTF18abjjpnn,0,1,0,1,0,1,0,1,0,0,1
ZTF18abjjppb,0,0,1,1,0,1,0,1,0,1,0
ZTF18abjjpqi,0,1,0,1,0,1,0,1,0,0,1
ZTF18abjkakt,0,1,0,1,0,1,0,1,0,0,1
ZTF18abjzpxo,0,0,1,1,0,1,0,1,0,1,0
ZTF18abkmyiw,0,1,0,1,0,0,1,1,0,1,0
ZTF18abobqat,0,1,0,1,0,0,1,1,0,1,0
ZTF18abqbxrn,0,0,1,1,0,1,0,1,0,1,0
ZTF18abqjmgb,0,0,1,1,0,1,0,1,0,1,0
ZTF18abqjyxy,0,1,0,0,1,1,0,1,0,1,0
ZTF18abqkbkc,0,1,0,1,0,0,1,1,0,1,0
ZTF18abqkbnb,0,1,0,1,0,1,0,1,0,0,1
ZTF18abqkbof,0,1,0,1,0,1,0,1,0,0,1
ZTF18abqkfsf,0,0,1,1,0,1,0,1,0,1,0
ZTF18abqklam,0,0,1,1,0,1,0,1,0,1,0
ZTF18abqklca,0,1,0,1,0,1,0,1,0,0,1
ZTF18abqlwgk,1,0,0,0,0,0,0,0,0,0,0
ZTF18abqmcdk,0,1,0,1,0,0,1,1,0,1,0
ZTF18abqnfcd,0,1,0,0,1,1,0,1,0,1,0
ZTF18abqpmjw,0,1,0,1,0,1,0,1,0,0,1
ZTF18abqptpf,0,1,0,1,0,0,1,1,0,1,0
ZTF18abqqzxj,0,1,0,1,0,1,0,1,0,0,1
ZTF18abqrarw,0,1,0,1,0,1,0,0,1,1,0
ZTF18abqrhgx,0,1,0,0,1,1,0,1,0,1,0
ZTF18abqsqzc,0,1,0,0,1,1,0,1,0,1,0
ZTF18abqtnbk,0,1,0,1,0,0,1,1,0,1,0
ZTF18abqvwgc,0,1,0,1,0,0,1,1,0,1,0
ZTF18abqwter,0,1,0,1,0,1,0,1,0,0,1
ZTF18abqyluf,0,1,0,1,0,0,1,1,0,1,0
ZTF18abratmn,0,1,0,1,0,1,0,1,0,0,1
ZTF18abrzypn,0,1,0,0,1,1,0,1,0,1,0
ZTF18absxmlr,1,0,0,0,0,0,0,0,0,0,0
ZTF18abszmpl,0,0,1,1,0,1,0,1,0,1,0
ZTF18abtthss,0,0,1,1,0,1,0,1,0,1,0
ZTF18abttwvn,0,1,0,0,1,1,0,1,0,1,0
ZTF18abufuhg,0,1,0,1,0,1,0,0,1,1,0
ZTF18abuxvmf,0,1,0,1,0,1,0,0,1,1,0
ZTF18abvudab,0,1,0,1,0,1,0,0,1,1,0
ZTF18abvzrro,0,0,1,1,0,1,0,1,0,1,0
ZTF18abxnvoz,0,1,0,0,1,1,0,1,0,1,0
ZTF18abyfsqz,0,1,0,0,1,1,0,1,0,1,0
ZTF18abzqsxk,0,1,0,1,0,1,0,1,0,0,1
ZTF18abzqsxy,0,1,0,1,0,1,0,0,1,1,0
ZTF18acacslr,0,1,0,1,0,0,1,1,0,1,0
ZTF18acaijpx,1,0,0,0,0,0,0,0,0,0,0
ZTF18acbzobz,1,0,0,0,0,0,0,0,0,0,0
ZTF18accamkt,0,1,0,1,0,1,0,1,0,0,1
ZTF18accdrak,0,1,0,1,0,1,0,1,0,0,1
ZTF18acdwpvi,0,1,0,0,1,1,0,1,0,1,0
ZTF18acdywfv,0,1,0,0,1,1,0,1,0,1,0
ZTF18acefpej,0,1,0,1,0,1,0,1,0,0,1
ZTF18aceqmsl,0,1,0,1,0,1,0,1,0,0,1
ZTF18acesbqs,0,1,0,1,0,1,0,1,0,0,1
ZTF18aceshmj,0,0,1,1,0,1,0,1,0,1,0
ZTF18aceshod,0,1,0,1,0,1,0,1,0,0,1
ZTF18aciaubw,0,0,1,1,0,1,0,1,0,1,0
ZTF18ackwclx,0,0,1,1,0,1,0,1,0,1,0
ZTF18ackwerw,0,1,0,0,1,1,0,1,0,1,0
ZTF18aclieva,0,1,0,0,1,1,0,1,0,1,0
ZTF18aclycyg,0,0,1,1,0,1,0,1,0,1,0
ZTF18acpjzoi,0,1,0,1,0,1,0,0,1,1,0
ZTF18acqgrtp,0,1,0,0,1,1,0,1,0,1,0
ZTF18acsugtc,0,1,0,1,0,0,1,1,0,1,0
ZTF18acuewaf,0,1,0,1,0,1,0,1,0,0,1
ZTF18acvdece,0,1,0,1,0,1,0,0,1,1,0
ZTF18acvjtnr,1,0,0,0,0,0,0,0,0,0,0
ZTF18acvxomn,1,0,0,0,0,0,0,0,0,0,0
ZTF18acxcwsq,0,1,0,0,1,1,0,1,0,1,0
ZTF18acxtbxl,0,1,0,1,0,1,0,1,0,0,1
ZTF18acyyhgf,0,1,0,1,0,0,1,1,0,1,0
ZTF18adbkpqv,0,0,1,1,0,1,0,1,0,1,0
ZTF18adgnrge,0,1,0,1,0,0,1,1,0,1,0
ZTF18adgsfty,0,1,0,1,0,1,0,1,0,0,1
ZTF18adhbjkn,1,0,0,0,0,0,0,0,0,0,0
ZTF18adiqshy,0,1,0,1,0,1,0,1,0,0,1
ZTF18aditoqz,0,0,1,1,0,1,0,1,0,1,0
ZTF18adiwdoy,0,1,0,1,0,1,0,1,0,0,1
ZTF18adiwsiw,0,1,0,1,0,1,0,1,0,0,1
ZTF18adjgvhi,0,1,0,1,0,0,1,1,0,1,0
ZTF18adjhyey,0,1,0,0,1,1,0,1,0,1,0
ZTF18adjsxsk,0,1,0,1,0,1,0,0,1,1,0
ZTF18adjwvod,0,1,0,1,0,1,0,1,0,0,1
ZTF18adkaeae,0,1,0,1,0,1,0,0,1,1,0
ZTF18adkoetz,0,1,0,1,0,1,0,0,1,1,0
ZTF18adkwgbn,0,1,0,1,0,1,0,1,0,0,1
ZTF18adkxrut,0,0,1,1,0,1,0,1,0,1,0
ZTF18adkyrgj,1,0,0,0,0,0,0,0,0,0,0
ZTF18adkyzfj,0,1,0,1,0,1,0,0,1,1,0
ZTF18adlalkd,0,0,1,1,0,1,0,1,0,1,0
ZTF18adlhgpo,0,1,0,1,0,0,1,1,0,1,0
ZTF18adlilmt,1,0,0,0,0,0,0,0,0,0,0
ZTF18adllrhm,0,1,0,1,0,1,0,0,1,1,0
ZTF18adltwnr,0,1,0,1,0,1,0,1,0,0,1
ZTF18adlyjwz,1,0,0,0,0,0,0,0,0,0,0
ZTF18admaciv,0,1,0,1,0,1,0,0,1,1,0
ZTF18admbhdx,0,0,1,1,0,1,0,1,0,1,0
ZTF18admbnck,0,1,0,1,0,1,0,0,1,1,0
ZTF18admdvwb,0,1,0,1,0,0,1,1,0,1,0
ZTF18admfltx,0,1,0,1,0,1,0,1,0,0,1
ZTF18admkwza,0,1,0,0,1,1,0,1,0,1,0
ZTF18admogtv,0,1,0,1,0,1,0,1,0,0,1
ZTF18admrgez,0,1,0,0,1,1,0,1,0,1,0
ZTF18admylqw,1,0,0,0,0,0,0,0,0,0,0
ZTF18admzvtu,0,1,0,1,0,0,1,1,0,1,0
ZTF18adncmqk,0,1,0,1,0,1,0,0,1,1,0
ZTF18adncsuc,0,1,0,1,0,0,1,1,0,1,0
ZTF18adnglzm,0,0,1,1,0,1,0,1,0,1,0
ZTF18adngpyc,0,1,0,0,1,1,0,1,0,1,0
ZTF18adnhltq,0,1,0,1,0,1,0,1,0,0,1
ZTF18adnhxdg,0,0,1,1,0,1,0,1,0,1,0
ZTF18adnlhdu,0,1,0,1,0,0,1,1,0,1,0
ZTF18adnwroe,0,1,0,1,0,1,0,0,1,1,0
ZTF18adobkfg,0,0,1,1,0,1,0,1,0,1,0
ZTF18adoemxo,0,1,0,1,0,1,0,0,1,1,0
ZTF18adojedm,0,1,0,0,1,1,0,1,0,1,0
ZTF18adokcmq,0,0,1,1,0,1,0,1,0,1,0
ZTF18adolkpr,0,0,1,1,0,1,0,1,0,1,0
ZTF18adpnwoz,1,0,0,0,0,0,0,0,0,0,0
ZTF18adptmcx,0,0,1,1,0,1,0,1,0,1,0
ZTF18adqevpn,0,1,0,1,0,1,0,1,0,0,1
ZTF18adqfsqz,0,1,0,1,0,1,0,0,1,1,0
ZTF18adqztvf,0,0,1,1,0,1,0,1,0,1,0
ZTF18adrbsub,1,0,0,0,0,0,0,0,0,0,0
ZTF18adrmtfj,1,0,0,0,0,0,0,0,0,0,0
ZTF18adsbgsp,0,1,0,1,0,0,1,1,0,1,0
ZTF18adsbmsj,0,0,1,1,0,1,0,1,0,1,0
ZTF19aadcywl,0,1,0,0,1,1,0,1,0,1,0
ZTF19aaeyoiw,1,0,0,0,0,0,0,0,0,0,0
ZTF19aafelis,0,1,0,1,0,1,0,0,1,1,0
ZTF19aagcnfy,0,1,0,1,0,1,0,1,0,0,1
ZTF19aagpbha,0,1,0,1,0,0,1,1,0,1,0
ZTF19aaiauvd,0,1,0,0,1,1,0,1,0,1,0
ZTF19aaiuoqg,0,1,0,1,0,1,0,1,0,0,1
ZTF19aalpewl,0,0,1,1,0,1,0,1,0,1,0
ZTF19aamhdtf,0,1,0,1,0,0,1,1,0,1,0
ZTF19aamqfxq,0,0,1,1,0,1,0,1,0,1,0
ZTF19aannnzj,0,0,1,1,0,1,0,1,0,1,0
ZTF19aannvls,0,1,0,1,0,1,0,0,1,1,0
ZTF19aaobzws,0,0,1,1,0,1,0,1,0,1,0
ZTF19aaoozzi,0,1,0,1,0,1,0,0,1,1,0
ZTF19aapgcba,0,0,1,1,0,1,0,1,0,1,0
ZTF19aapnrcm,0,1,0,1,0,1,0,1,0,0,1
ZTF19aapsxxg,1,0,0,0,0,0,0,0,0,0,0
ZTF19aarqhaa,0,1,0,1,0,0,1,1,0,1,0
ZTF19aascvjj,0,1,0,1,0,0,1,1,0,1,0
ZTF19aasfapp,0,0,1,1,0,1,0,1,0,1,0
ZTF19aasljej,1,0,0,0,0,0,0,0,0,0,0
ZTF19aatcgkl,0,1,0,0,1,1,0,1,0,1,0
ZTF19aatfbui,0,1,0,1,0,1,0,0,1,1,0
ZTF19aatviqk,0,1,0,0,1,1,0,1,0,1,0
ZTF19aavnssv,0,1,0,0,1,1,0,1,0,1,0
ZTF19aawhzsh,0,0,1,1,0,1,0,1,0,1,0
ZTF19aayocuc,1,0,0,0,0,0,0,0,0,0,0
ZTF19abbwzwx,0,1,0,1,0,0,1,1,0,1,0
ZTF19abcffnb,0,1,0,1,0,0,1,1,0,1,0
ZTF19abcucqz,0,1,0,1,0,0,1,1,0,1,0
ZTF19abcuctd,0,0,1,1,0,1,0,1,0,1,0
ZTF19abdjvqh,0,1,0,1,0,0,1,1,0,1,0
ZTF19abeifar,0,1,0,0,1,1,0,1,0,1,0
ZTF19abeijrs,1,0,0,0,0,0,0,0,0,0,0
ZTF19abfaldd,0,1,0,1,0,0,1,1,0,1,0
ZTF19abhuuso,0,1,0,1,0,1,0,0,1,1,0
ZTF19abjarlo,1,0,0,0,0,0,0,0,0,0,0
ZTF19abkjbur,0,1,0,1,0,0,1,1,0,1,0
ZTF19abldfwv,0,1,0,0,1,1,0,1,0,1,0
ZTF19abmugyh,1,0,0,0,0,0,0,0,0,0,0
ZTF19abpnbrb,0,1,0,1,0,1,0,1,0,0,1
ZTF19abrddpz,0,1,0,1,0,1,0,1,0,0,1
ZTF19absoivt,0,1,0,1,0,1,0,1,0,0,1
ZTF19abtdosz,1,0,0,0,0,0,0,0,0,0,0
ZTF19abtdulo,0,0,1,1,0,1,0,1,0,1,0
ZTF19abtonmn,0,1,0,1,0,0,1,1,0,1,0
ZTF19abtqmyp,0,1,0,1,0,1,0,0,1,1,0
ZTF19abvqtkz,1,0,0,0,0,0,0,0,0,0,0
ZTF19abvwzbl,1,0,0,0,0,0,0,0,0,0,0
ZTF19abwvdwm,0,1,0,1,0,1,0,0,1,1,0
ZTF19abzifrq,0,1,0,1,0,0,1,1,0,1,0
ZTF19acaabsr,0,0,1,1,0,1,0,1,0,1,0
ZTF19acbxapq,0,1,0,0,1,1,0,1,0,1,0
ZTF19accouzk,0,1,0,0,1,1,0,1,0,1,0
ZTF19acgmpdz,0,1,0,1,0,1,0,0,1,1,0
ZTF19acijigw,1,0,0,0,0,0,0,0,0,0,0
ZTF19aciwewg,0,1,0,1,0,0,1,1,0,1,0
ZTF19acnpmtt,0,1,0,1,0,1,0,1,0,0,1
ZTF19acprlbl,0,1,0,1,0,1,0,1,0,0,1
ZTF19acqddgs,0,1,0,1,0,0,1,1,0,1,0
ZTF19acqeqrq,0,0,1,1,0,1,0,1,0,1,0
ZTF19acqfwpi,0,1,0,1,0,1,0,0,1,1,0
ZTF19actojtk,0,1,0,1,0,1,0,1,0,0,1
ZTF19acvevgj,0,1,0,1,0,1,0,1,0,0,1
ZTF19acvtery,0,0,1,1,0,1,0,1,0,1,0
ZTF19aczsrjp,0,1,0,0,1,1,0,1,0,1,0
ZTF19adcyfka,1,0,0,0,0,0,0,0,0,0,0
ZTF19addvlml,1,0,0,0,0,0,0,0,0,0,0
ZTF19addwrbn,0,1,0,1,0,1,0,1,0,0,1
ZTF19addxgal,0,1,0,1,0,0,1,1,0,1,0
ZTF19adeagka,0,1,0,1,0,1,0,1,0,0,1
ZTF19adebrow,0,1,0,1,0,1,0,1,0,0,1
ZTF19adedajq,0,1,0,0,1,1,0,1,0,1,0
ZTF19adedhue,1,0,0,0,0,0,0,0,0,0,0
ZTF19adefooi,0,1,0,0,1,1,0,1,0,1,0
ZTF19adfbmsn,0,1,0,1,0,1,0,0,1,1,0
ZTF19adgunku,0,1,0,1,0,0,1,1,0,1,0
ZTF19adguxmv,1,0,0,0,0,0,0,0,0,0,0
ZTF19adgzptr,0,0,1,1,0,1,0,1,0,1,0
ZTF19adhbjct,0,1,0,1,0,1,0,1,0,0,1
ZTF19adhpgyv,0,1,0,1,0,1,0,1,0,0,1
ZTF19adhzguo,0,1,0,1,0,0,1,1,0,1,0
ZTF19adinllh,0,1,0,1,0,0,1,1,0,1,0
ZTF19adiofhy,0,1,0,1,0,1,0,1,0,0,1
ZTF19adisvqc,0,1,0,1,0,1,0,0,1,1,0
ZTF19adivyhj,0,1,0,0,1,1,0,1,0,1,0
ZTF19adjqynj,0,1,0,1,0,1,0,0,1,1,0
ZTF19adktnnn,0,1,0,0,1,1,0,1,0,1,0
ZTF19adlcbsf,0,1,0,1,0,1,0,1,0,0,1
ZTF19adljdpm,0,0,1,1,0,1,0,1,0,1,0
ZTF19adlqtra,0,1,0,1,0,1,0,1,0,0,1
ZTF19adlxjrj,0,1,0,1,0,0,1,1,0,1,0
ZTF19adlxpcc,0,1,0,1,0,1,0,1,0,0,1
ZTF19adlymwq,0,1,0,0,1,1,0,1,0,1,0
ZTF19admmzjr,1,0,0,0,0,0,0,0,0,0,0
ZTF19admnqab,0,1,0,1,0,0,1,1,0,1,0
ZTF20aaborkn,1,0,0,0,0,0,0,0,0,0,0
ZTF20aacedmi,0,1,0,1,0,1,0,1,0,0,1
ZTF20aafdxwd,0,1,0,0,1,1,0,1,0,1,0
ZTF20aaglhfb,0,0,1,1,0,1,0,1,0,1,0
ZTF20aaispgr,0,0,1,1,0,1,0,1,0,1,0
ZTF20aaixszi,0,1,0,1,0,1,0,1,0,0,1
ZTF20aanaobv,0,0,1,1,0,1,0,1,0,1,0
ZTF20aaolusw,0,1,0,1,0,0,1,1,0,1,0
ZTF20aaoserp,0,1,0,0,1,1,0,1,0,1,0
ZTF20aaosxtu,0,1,0,1,0,1,0,0,1,1,0
ZTF20aaoyzqy,0,1,0,1,0,1,0,1,0,0,1
ZTF20aaqwejj,0,1,0,1,0,1,0,0,1,1,0
ZTF20aarsymb,0,1,0,1,0,0,1,1,0,1,0
ZTF20aazazlz,0,1,0,1,0,0,1,1,0,1,0
ZTF20aazppbn,0,0,1,1,0,1,0,1,0,1,0
ZTF20aazqmid,0,1,0,1,0,0,1,1,0,1,0
ZTF20aazqnpc,0,0,1,1,0,1,0,1,0,1,0
ZTF20aballva,0,1,0,1,0,1,0,0,1,1,0
ZTF20abayrnv,0,1,0,1,0,0,1,1,0,1,0
ZTF20abbvrpa,0,1,0,1,0,1,0,0,1,1,0
ZTF20abcjefu,0,1,0,1,0,1,0,1,0,0,1
ZTF20abdkpcg,0,1,0,1,0,1,0,0,1,1,0
ZTF20abdniwn,0,1,0,1,0,0,1,1,0,1,0
ZTF20abhxdht,0,1,0,1,0,1,0,1,0,0,1
ZTF20abjlzsz,0,1,0,0,1,1,0,1,0,1,0
ZTF20abkheql,0,1,0,1,0,0,1,1,0,1,0
ZTF20abkilwc,0,1,0,1,0,0,1,1,0,1,0
ZTF20abkqrfh,0,0,1,1,0,1,0,1,0,1,0
ZTF20abkqtcq,0,1,0,1,0,1,0,0,1,1,0
ZTF20ablqloy,0,1,0,1,0,1,0,0,1,1,0
ZTF20ablyetd,1,0,0,0,0,0,0,0,0,0,0
ZTF20ablynos,0,1,0,1,0,0,1,1,0,1,0
ZTF20abmconj,1,0,0,0,0,0,0,0,0,0,0
ZTF20abnmbmj,0,0,1,1,0,1,0,1,0,1,0
ZTF20abptrwq,0,0,1,1,0,1,0,1,0,1,0
ZTF20abqedcx,0,1,0,1,0,0,1,1,0,1,0
ZTF20abrqezs,0,1,0,1,0,1,0,1,0,0,1
ZTF20abshhiu,0,1,0,1,0,1,0,1,0,0,1
ZTF20abvdflm,0,0,1,1,0,1,0,1,0,1,0
ZTF20abwywtv,0,1,0,0,1,1,0,1,0,1,0
ZTF20abwywwi,0,1,0,1,0,0,1,1,0,1,0
ZTF20abxoyti,0,1,0,1,0,1,0,1,0,0,1
ZTF20abyumih,0,1,0,0,1,1,0,1,0,1,0
ZTF20acfcxtk,1,0,0,0,0,0,0,0,0,0,0
ZTF20acgvabm,1,0,0,0,0,0,0,0,0,0,0
ZTF20achvbae,0,1,0,1,0,1,0,1,0,0,1
ZTF20ackdviy,0,1,0,0,1,1,0,1,0,1,0
ZTF20aclmmjc,0,1,0,1,0,1,0,1,0,0,1
ZTF20aclnecu,0,1,0,1,0,0,1,1,0,1,0
ZTF20acmppyf,0,1,0,0,1,1,0,1,0,1,0
ZTF20acqsqdb,0,0,1,1,0,1,0,1,0,1,0
ZTF20acrlncq,0,1,0,0,1,1,0,1,0,1,0
ZTF20acsdpsg,0,1,0,1,0,0,1,1,0,1,0
ZTF20acwclpk,1,0,0,0,0,0,0,0,0,0,0
ZTF20adapzxp,0,0,1,1,0,1,0,1,0,1,0
ZTF20adceatn,0,1,0,0,1,1,0,1,0,1,0
ZTF20adestjh,0,1,0,1,0,1,0,1,0,0,1
ZTF20adewbtd,0,1,0,1,0,1,0,0,1,1,0
ZTF20adfqlgf,1,0,0,0,0,0,0,0,0,0,0
ZTF20adfuzgk,0,1,0,1,0,1,0,1,0,0,1
ZTF20adgiumu,0,1,0,1,0,1,0,0,1,1,0
ZTF20adinugd,0,1,0,1,0,1,0,0,1,1,0
ZTF21aaasjct,0,1,0,0,1,1,0,1,0,1,0
ZTF21aacllgm,1,0,0,0,0,0,0,0,0,0,0
ZTF21aaekvbn,0,1,0,1,0,1,0,1,0,0,1
ZTF21aagejvr,0,1,0,1,0,1,0,1,0,0,1
ZTF21aagjqjt,1,0,0,0,0,0,0,0,0,0,0
ZTF21aajbvgw,1,0,0,0,0,0,0,0,0,0,0
ZTF21aajcbid,0,1,0,1,0,0,1,1,0,1,0
ZTF21aakndzd,1,0,0,0,0,0,0,0,0,0,0
ZTF21aalnugz,1,0,0,0,0,0,0,0,0,0,0
ZTF21aarqevh,0,0,1,1,0,1,0,1,0,1,0
ZTF21aasodhy,0,0,1,1,0,1,0,1,0,1,0
ZTF21aaurofh,1,0,0,0,0,0,0,0,0,0,0
ZTF21aaycvix,0,1,0,0,1,1,0,1,0,1,0
ZTF21abasbwt,0,1,0,1,0,0,1,1,0,1,0
ZTF21abasely,1,0,0,0,0,0,0,0,0,0,0
ZTF21abhbptf,0,0,1,1,0,1,0,1,0,1,0
ZTF21abkawbj,0,1,0,0,1,1,0,1,0,1,0
ZTF21abkgwwg,0,1,0,1,0,1,0,1,0,0,1
ZTF21abkxpjy,0,0,1,1,0,1,0,1,0,1,0
ZTF21abllnzo,0,0,1,1,0,1,0,1,0,1,0
ZTF21abmzmhn,0,1,0,1,0,0,1,1,0,1,0
ZTF21abqsuoi,1,0,0,0,0,0,0,0,0,0,0
ZTF21absmjot,0,1,0,0,1,1,0,1,0,1,0
ZTF21absszwk,0,1,0,1,0,1,0,1,0,0,1
ZTF21abvewhk,0,1,0,1,0,0,1,1,0,1,0
ZTF21abvfunj,1,0,0,0,0,0,0,0,0,0,0
ZTF21abxaxoo,0,1,0,1,0,0,1,1,0,1,0
ZTF21abxotnb,0,1,0,0,1,1,0,1,0,1,0
ZTF21acagnnx,0,0,1,1,0,1,0,1,0,1,0
ZTF21accgame,1,0,0,0,0,0,0,0,0,0,0
ZTF21acdvvck,0,1,0,0,1,1,0,1,0,1,0
ZTF21acdvvmr,0,1,0,1,0,0,1,1,0,1,0
ZTF21acfmsiq,0,0,1,1,0,1,0,1,0,1,0
ZTF21acfmxeu,0,1,0,0,1,1,0,1,0,1,0
ZTF21acfrvys,0,0,1,1,0,1,0,1,0,1,0
ZTF21acjsvms,0,1,0,1,0,1,0,1,0,0,1
ZTF21ackzkbu,1,0,0,0,0,0,0,0,0,0,0
ZTF21acnrbmw,0,0,1,1,0,1,0,1,0,1,0
ZTF21acqwbsn,0,1,0,1,0,1,0,0,1,1,0
ZTF21acrwunc,0,1,0,0,1,1,0,1,0,1,0
ZTF21actkbtw,1,0,0,0,0,0,0,0,0,0,0
ZTF21acudpir,0,0,1,1,0,1,0,1,0,1,0
ZTF22aaaagqp,0,1,0,1,0,1,0,0,1,1,0
ZTF22aaaahby,1,0,0,0,0,0,0,0,0,0,0
ZTF22aaakran,0,1,0,1,0,1,0,1,0,0,1
ZTF22aaattqp,0,1,0,1,0,1,0,0,1,1,0
ZTF22aabgomo,1,0,0,0,0,0,0,0,0,0,0
ZTF22aacecqb,0,1,0,1,0,1,0,1,0,0,1
ZTF22aadamcl,0,1,0,1,0,0,1,1,0,1,0
ZTF22aaeaorc,0,1,0,1,0,1,0,1,0,0,1
ZTF22aaffyof,1,0,0,0,0,0,0,0,0,0,0
ZTF22aagcspe,0,0,1,1,0,1,0,1,0,1,0
ZTF22aagmiyb,0,0,1,1,0,1,0,1,0,1,0
ZTF22aahhgzn,0,1,0,0,1,1,0,1,0,1,0
ZTF22aahjboa,1,0,0,0,0,0,0,0,0,0,0
ZTF22aaifllz,0,0,1,1,0,1,0,1,0,1,0
ZTF22aaigqsr,0,0,1,1,0,1,0,1,0,1,0
ZTF22aajamaa,1,0,0,0,0,0,0,0,0,0,0
ZTF22aajbgqf,0,1,0,1,0,0,1,1,0,1,0
ZTF22aajbnzk,0,1,0,1,0,0,1,1,0,1,0
ZTF22aajwlvn,0,1,0,1,0,0,1,1,0,1,0
ZTF22aakdacw,1,0,0,0,0,0,0,0,0,0,0
ZTF22aaksejt,0,1,0,0,1,1,0,1,0,1,0
ZTF22aakseka,0,1,0,0,1,1,0,1,0,1,0
ZTF22aakselz,0,1,0,0,1,1,0,1,0,1,0
ZTF22aaksnrm,0,0,1,1,0,1,0,1,0,1,0
ZTF22aalgtwf,0,0,1,1,0,1,0,1,0,1,0
ZTF22aallbjd,0,1,0,1,0,1,0,1,0,0,1
ZTF22aallsqz,0,0,1,1,0,1,0,1,0,1,0
ZTF22aalnrly,0,1,0,1,0,0,1,1,0,1,0
ZTF22aalwnco,0,1,0,1,0,1,0,1,0,0,1
ZTF22aalwzbe,0,1,0,1,0,1,0,0,1,1,0
ZTF22aalxlzg,0,1,0,0,1,1,0,1,0,1,0
ZTF22aalzpzx,0,1,0,0,1,1,0,1,0,1,0
ZTF22aamaacu,0,1,0,0,1,1,0,1,0,1,0
ZTF22aambxqz,0,0,1,1,0,1,0,1,0,1,0
ZTF22aambzvw,0,1,0,1,0,0,1,1,0,1,0
ZTF22aamhaqg,1,0,0,0,0,0,0,0,0,0,0
ZTF22aamjndl,0,1,0,1,0,0,1,1,0,1,0
ZTF22aamjqvc,0,1,0,1,0,1,0,0,1,1,0
ZTF22aamjutx,1,0,0,0,0,0,0,0,0,0,0
ZTF22aamjxvf,0,1,0,1,0,1,0,0,1,1,0
ZTF22aamkixd,0,1,0,1,0,0,1,1,0,1,0
ZTF22aammscg,0,1,0,1,0,1,0,1,0,0,1
ZTF22aammzex,1,0,0,0,0,0,0,0,0,0,0
ZTF22aamnkmg,0,1,0,1,0,0,1,1,0,1,0
ZTF22aamnpxi,0,0,1,1,0,1,0,1,0,1,0
ZTF22aamnzzi,0,1,0,1,0,0,1,1,0,1,0
ZTF22aamprpf,0,0,1,1,0,1,0,1,0,1,0
ZTF22aamptba,0,1,0,1,0,1,0,1,0,0,1
ZTF22aampytc,1,0,0,0,0,0,0,0,0,0,0
ZTF22aamrlrr,0,1,0,1,0,0,1,1,0,1,0
ZTF22aamrnpm,0,0,1,1,0,1,0,1,0,1,0
ZTF22aamrufr,0,0,1,1,0,1,0,1,0,1,0
ZTF22aamryka,0,0,1,1,0,1,0,1,0,1,0
ZTF22aamryyj,0,1,0,0,1,1,0,1,0,1,0
ZTF22aamrznf,0,0,1,1,0,1,0,1,0,1,0
ZTF22aamsolm,0,1,0,0,1,1,0,1,0,1,0
ZTF22aamsosw,0,1,0,1,0,1,0,0,1,1,0
ZTF22aamspco,0,1,0,1,0,1,0,1,0,0,1
ZTF22aamspko,0,1,0,1,0,1,0,1,0,0,1
ZTF22aamsrjn,0,1,0,1,0,1,0,1,0,0,1
ZTF22aamsrxb,0,1,0,1,0,0,1,1,0,1,0
ZTF22aamsuco,0,1,0,0,1,1,0,1,0,1,0
ZTF22aamtomc,1,0,0,0,0,0,0,0,0,0,0
ZTF22aamuvjn,0,1,0,1,0,0,1,1,0,1,0
ZTF22aamuvkl,0,1,0,1,0,0,1,1,0,1,0
ZTF22aamuzwj,0,0,1,1,0,1,0,1,0,1,0
ZTF22aamwohg,1,0,0,0,0,0,0,0,0,0,0
ZTF22aamwval,1,0,0,0,0,0,0,0,0,0,0
ZTF22aamwwkg,1,0,0,0,0,0,0,0,0,0,0
ZTF22aamxqxb,0,0,1,1,0,1,0,1,0,1,0
ZTF22aanabjd,1,0,0,0,0,0,0,0,0,0,0
ZTF22aanamrm,1,0,0,0,0,0,0,0,0,0,0
ZTF22aananmc,0,0,1,1,0,1,0,1,0,1,0
ZTF22aanauak,1,0,0,0,0,0,0,0,0,0,0
ZTF22aanaxeq,0,1,0,1,0,0,1,1,0,1,0
ZTF22aanblft,1,0,0,0,0,0,0,0,0,0,0
ZTF22aanbtgn,0,1,0,1,0,0,1,1,0,1,0
ZTF22aanbxiz,0,0,1,1,0,1,0,1,0,1,0
ZTF22aanckie,0,1,0,1,0,0,1,1,0,1,0
ZTF22aanclke,0,0,1,1,0,1,0,1,0,1,0
ZTF22aanclxd,0,0,1,1,0,1,0,1,0,1,0
ZTF22aancqto,0,0,1,1,0,1,0,1,0,1,0
ZTF22aancshn,0,1,0,0,1,1,0,1,0,1,0
ZTF22aandihp,0,1,0,0,1,1,0,1,0,1,0
ZTF22aandild,0,1,0,1,0,1,0,0,1,1,0
ZTF22aandsnk,0,1,0,1,0,1,0,0,1,1,0
ZTF22aanduqj,0,1,0,1,0,0,1,1,0,1,0
ZTF22aaneraa,0,1,0,1,0,1,0,0,1,1,0
ZTF22aanesux,0,1,0,0,1,1,0,1,0,1,0
ZTF22aaneudj,0,1,0,1,0,0,1,1,0,1,0
ZTF22aangsdn,0,1,0,0,1,1,0,1,0,1,0
ZTF22aangynj,1,0,0,0,0,0,0,0,0,0,0
ZTF22aanhjxj,0,0,1,1,0,1,0,1,0,1,0
ZTF22aanjimh,1,0,0,0,0,0,0,0,0,0,0
ZTF22aanjzfb,0,1,0,1,0,1,0,1,0,0,1
ZTF22aankjwy,1,0,0,0,0,0,0,0,0,0,0
ZTF22aankqdu,0,1,0,1,0,1,0,1,0,0,1
ZTF22aankxcq,1,0,0,0,0,0,0,0,0,0,0
ZTF22aankxky,0,0,1,1,0,1,0,1,0,1,0
ZTF22aankxmt,0,1,0,1,0,1,0,0,1,1,0
ZTF22aankxrd,0,1,0,1,0,0,1,1,0,1,0
ZTF22aankzby,1,0,0,0,0,0,0,0,0,0,0
ZTF22aanleir,0,1,0,1,0,1,0,1,0,0,1
ZTF22aanlnen,0,0,1,1,0,1,0,1,0,1,0
ZTF22aanlpln,0,1,0,1,0,0,1,1,0,1,0
ZTF22aanlqvj,0,1,0,1,0,1,0,1,0,0,1
ZTF22aanlrji,0,1,0,1,0,1,0,1,0,0,1
ZTF22aanlsaz,0,1,0,1,0,0,1,1,0,1,0
ZTF22aanlsgt,0,1,0,1,0,1,0,1,0,0,1
ZTF22aanlsrp,0,1,0,0,1,1,0,1,0,1,0
ZTF22aanlswv,1,0,0,0,0,0,0,0,0,0,0
ZTF22aanlsyc,0,1,0,1,0,0,1,1,0,1,0
ZTF22aanlxus,0,1,0,1,0,1,0,0,1,1,0
ZTF22aanlyiu,0,1,0,0,1,1,0,1,0,1,0
ZTF22aanmacr,0,1,0,0,1,1,0,1,0,1,0
ZTF22aanmhyb,0,1,0,1,0,0,1,1,0,1,0
ZTF22aanmjkh,0,1,0,1,0,0,1,1,0,1,0
ZTF22aanmmww,0,0,1,1,0,1,0,1,0,1,0
ZTF22aannfff,1,0,0,0,0,0,0,0,0,0,0
ZTF22aanpfmt,0,1,0,1,0,1,0,1,0,0,1
ZTF22aanpfor,0,1,0,1,0,0,1,1,0,1,0
ZTF22aanptcx,0,1,0,1,0,1,0,0,1,1,0
ZTF22aanpyve,0,1,0,0,1,1,0,1,0,1,0
ZTF22aanpyxl,0,0,1,1,0,1,0,1,0,1,0
ZTF22aanpyzd,0,1,0,0,1,1,0,1,0,1,0
ZTF22aanscam,0,1,0,1,0,1,0,0,1,1,0
ZTF22aansgra,0,1,0,1,0,1,0,0,1,1,0
ZTF22aansjuu,1,0,0,0,0,0,0,0,0,0,0
ZTF22aanukvr,1,0,0,0,0,0,0,0,0,0,0
ZTF22aanumcx,0,0,1,1,0,1,0,1,0,1,0
ZTF22aanumqi,1,0,0,0,0,0,0,0,0,0,0
ZTF22aanumrq,1,0,0,0,0,0,0,0,0,0,0
ZTF22aanumsh,0,0,1,1,0,1,0,1,0,1,0
ZTF22aanupap,0,1,0,1,0,1,0,0,1,1,0
ZTF22aanuwqf,0,1,0,1,0,1,0,0,1,1,0
ZTF22aanvjgo,0,1,0,1,0,0,1,1,0,1,0
ZTF22aanvruj,0,1,0,1,0,1,0,1,0,0,1
ZTF22aanvspo,1,0,0,0,0,0,0,0,0,0,0
ZTF22aanvtjd,1,0,0,0,0,0,0,0,0,0,0
ZTF22aanvtya,1,0,0,0,0,0,0,0,0,0,0
ZTF22aanvuvq,1,0,0,0,0,0,0,0,0,0,0
ZTF22aanvwxz,1,0,0,0,0,0,0,0,0,0,0
ZTF22aanvxtw,0,0,1,1,0,1,0,1,0,1,0
ZTF22aanweuf,0,0,1,1,0,1,0,1,0,1,0
ZTF22aanwfmo,1,0,0,0,0,0,0,0,0,0,0
ZTF22aanwibf,1,0,0,0,0,0,0,0,0,0,0
ZTF22aanxfnr,0,1,0,0,1,1,0,1,0,1,0
ZTF22aanxwlv,1,0,0,0,0,0,0,0,0,0,0
ZTF22aanyfjl,0,1,0,1,0,0,1,1,0,1,0
ZTF22aanyfyb,1,0,0,0,0,0,0,0,0,0,0
ZTF22aanyggd,0,1,0,0,1,1,0,1,0,1,0
ZTF22aanygke,1,0,0,0,0,0,0,0,0,0,0
ZTF22aanyhsd,0,1,0,1,0,1,0,1,0,0,1
ZTF22aanyhvq,0,1,0,0,1,1,0,1,0,1,0
ZTF22aanywoq,0,1,0,0,1,1,0,1,0,1,0
ZTF22aanzdqa,0,1,0,1,0,1,0,0,1,1,0
ZTF22aanzpet,0,1,0,1,0,1,0,0,1,1,0
ZTF22aanzrlh,0,1,0,1,0,1,0,0,1,1,0
ZTF22aaoactr,0,1,0,1,0,1,0,1,0,0,1
ZTF22aaoahnj,0,1,0,1,0,1,0,1,0,0,1
ZTF22aaoaxmc,1,0,0,0,0,0,0,0,0,0,0
ZTF22aaobgsy,1,0,0,0,0,0,0,0,0,0,0
ZTF22aaobnru,0,0,1,1,0,1,0,1,0,1,0
ZTF22aaochut,0,0,1,1,0,1,0,1,0,1,0
ZTF22aaochzj,0,0,1,1,0,1,0,1,0,1,0
ZTF22aaocjgr,0,1,0,1,0,1,0,0,1,1,0
ZTF22aaodelu,0,1,0,1,0,1,0,1,0,0,1
ZTF22aaodvoj,0,1,0,1,0,1,0,0,1,1,0
ZTF22aaodvsc,1,0,0,0,0,0,0,0,0,0,0
ZTF22aaoelug,0,1,0,1,0,1,0,1,0,0,1
ZTF22aaoewrn,0,1,0,1,0,1,0,0,1,1,0
ZTF22aaogojm,1,0,0,0,0,0,0,0,0,0,0
ZTF22aaogvsn,0,0,1,1,0,1,0,1,0,1,0
ZTF22aaogwdx,0,1,0,1,0,0,1,1,0,1,0
ZTF22aaogwme,0,1,0,1,0,0,1,1,0,1,0
ZTF22aaohecw,0,0,1,1,0,1,0,1,0,1,0
ZTF22aaohgkf,0,1,0,1,0,1,0,1,0,0,1
ZTF22aaohhqo,0,0,1,1,0,1,0,1,0,1,0
ZTF22aaohibs,0,1,0,1,0,1,0,1,0,0,1
ZTF22aaohipd,0,1,0,1,0,1,0,0,1,1,0
ZTF22aaohmcv,0,1,0,1,0,1,0,0,1,1,0
ZTF22aaohmdv,0,1,0,1,0,1,0,1,0,0,1
ZTF22aaohojc,0,1,0,0,1,1,0,1,0,1,0
ZTF22aaohonv,1,0,0,0,0,0,0,0,0,0,0
ZTF22aaohorr,1,0,0,0,0,0,0,0,0,0,0
ZTF22aaohqfr,0,1,0,1,0,1,0,0,1,1,0
ZTF22aaohrki,1,0,0,0,0,0,0,0,0,0,0
ZTF22aaohtnk,0,0,1,1,0,1,0,1,0,1,0
ZTF22aaohulo,0,1,0,1,0,1,0,1,0,0,1
ZTF22aaohvay,0,1,0,1,0,0,1,1,0,1,0
ZTF22aaohwcy,0,1,0,1,0,0,1,1,0,1,0
ZTF22aaoiddx,0,1,0,0,1,1,0,1,0,1,0
ZTF22aaoidkm,0,1,0,1,0,0,1,1,0,1,0
ZTF22aaojclr,0,1,0,1,0,1,0,0,1,1,0
ZTF22aaokdtm,0,1,0,1,0,1,0,1,0,0,1
ZTF22aaokiwo,0,1,0,1,0,1,0,1,0,0,1
ZTF22aaokzfi,1,0,0,0,0,0,0,0,0,0,0
ZTF22aaokzjv,0,1,0,1,0,1,0,0,1,1,0
ZTF22aaokzxw,0,0,1,1,0,1,0,1,0,1,0
ZTF22aaokzzb,1,0,0,0,0,0,0,0,0,0,0
ZTF22aaolacg,0,1,0,1,0,1,0,1,0,0,1
ZTF22aaolaem,0,1,0,1,0,1,0,0,1,1,0
ZTF22aaolahi,1,0,0,0,0,0,0,0,0,0,0
ZTF22aaolbaw,0,1,0,1,0,0,1,1,0,1,0
ZTF22aaolbtk,0,1,0,0,1,1,0,1,0,1,0
ZTF22aaolcan,0,1,0,1,0,0,1,1,0,1,0
ZTF22aaolchg,0,1,0,0,1,1,0,1,0,1,0
ZTF22aaolcie,1,0,0,0,0,0,0,0,0,0,0
ZTF22aaolczz,0,1,0,1,0,0,1,1,0,1,0
ZTF22aaoldhb,0,1,0,1,0,1,0,0,1,1,0
ZTF22aaolelx,0,1,0,1,0,0,1,1,0,1,0
ZTF22aaoleqc,0,1,0,0,1,1,0,1,0,1,0
ZTF22aaoleva,1,0,0,0,0,0,0,0,0,0,0
ZTF22aaolfwc,0,0,1,1,0,1,0,1,0,1,0
ZTF22aaolqzi,0,1,0,1,0,0,1,1,0,1,0
ZTF22aaolybe,0,0,1,1,0,1,0,1,0,1,0
ZTF22aaombjf,0,1,0,1,0,1,0,1,0,0,1
ZTF22aaomcji,0,0,1,1,0,1,0,1,0,1,0
ZTF22aaomhlx,0,1,0,0,1,1,0,1,0,1,0
ZTF22aaomhnb,0,1,0,1,0,1,0,1,0,0,1
ZTF22aaomlyj,0,1,0,1,0,1,0,0,1,1,0
ZTF22aaomnka,0,1,0,1,0,0,1,1,0,1,0
ZTF22aaomqej,1,0,0,0,0,0,0,0,0,0,0
ZTF22aaomqkp,0,1,0,0,1,1,0,1,0,1,0
ZTF22aaomrcv,0,1,0,1,0,1,0,0,1,1,0
ZTF22aaomtfm,0,1,0,1,0,0,1,1,0,1,0
ZTF22aaomvmc,1,0,0,0,0,0,0,0,0,0,0
ZTF22aaomwea,0,1,0,1,0,0,1,1,0,1,0
ZTF22aaomxpa,0,0,1,1,0,1,0,1,0,1,0
ZTF22aaonarw,1,0,0,0,0,0,0,0,0,0,0
ZTF22aaonavj,0,0,1,1,0,1,0,1,0,1,0
ZTF22aaoncel,0,1,0,1,0,0,1,1,0,1,0
ZTF22aaonelf,0,1,0,1,0,1,0,0,1,1,0
ZTF22aaonhdd,1,0,0,0,0,0,0,0,0,0,0
ZTF22aaonpjx,0,1,0,1,0,1,0,0,1,1,0
ZTF22aaonpvo,1,0,0,0,0,0,0,0,0,0,0
ZTF22aaonqcc,0,1,0,0,1,1,0,1,0,1,0
ZTF22aaoolrn,0,1,0,1,0,1,0,0,1,1,0
ZTF22aaoolua,0,1,0,1,0,1,0,1,0,0,1
ZTF22aaooolf,0,1,0,0,1,1,0,1,0,1,0
ZTF22aaooykn,0,1,0,1,0,1,0,0,1,1,0
ZTF22aaopawk,0,1,0,0,1,1,0,1,0,1,0
ZTF22aaopbpk,0,1,0,1,0,1,0,0,1,1,0
ZTF22aaopczw,0,0,1,1,0,1,0,1,0,1,0
ZTF22aaopwuj,0,1,0,0,1,1,0,1,0,1,0
ZTF22aaopxjn,0,1,0,0,1,1,0,1,0,1,0
ZTF22aaopzqq,1,0,0,0,0,0,0,0,0,0,0
ZTF22aaoqbir,0,1,0,1,0,0,1,1,0,1,0
ZTF22aaoqbyb,0,1,0,1,0,0,1,1,0,1,0
ZTF22aaoqcqf,0,1,0,1,0,1,0,0,1,1,0
ZTF22aaoqfsm,0,1,0,0,1,1,0,1,0,1,0
ZTF22aaoqghe,0,1,0,1,0,1,0,0,1,1,0
ZTF22aaoqjus,1,0,0,0,0,0,0,0,0,0,0
ZTF22aaoqlgl,1,0,0,0,0,0,0,0,0,0,0
ZTF22aaoqxqv,1,0,0,0,0,0,0,0,0,0,0
ZTF22aaorbox,0,1,0,0,1,1,0,1,0,1,0
ZTF22aaorcsg,0,1,0,1,0,1,0,1,0,0,1
ZTF22aaorcxp,0,0,1,1,0,1,0,1,0,1,0
ZTF22aaoreoz,0,1,0,1,0,1,0,0,1,1,0
ZTF22aaorkwk,0,1,0,1,0,0,1,1,0,1,0
ZTF22aaosbde,0,1,0,1,0,1,0,1,0,0,1
ZTF22aaosjja,1,0,0,0,0,0,0,0,0,0,0
ZTF22aaosjnc,0,1,0,1,0,1,0,1,0,0,1
ZTF22aaoskpr,0,1,0,0,1,1,0,1,0,1,0
ZTF22aaoskwd,0,0,1,1,0,1,0,1,0,1,0
ZTF22aaoslbt,1,0,0,0,0,0,0,0,0,0,0
ZTF22aaotcsw,0,1,0,1,0,1,0,0,1,1,0
ZTF22aaotdwb,0,1,0,1,0,0,1,1,0,1,0
ZTF22aaoteng,0,1,0,1,0,1,0,0,1,1,0
ZTF22aaotgrc,0,0,1,1,0,1,0,1,0,1,0
ZTF22aaotqss,0,0,1,1,0,1,0,1,0,1,0
ZTF22aaotrax,0,1,0,1,0,0,1,1,0,1,0
ZTF22aaotrtf,0,0,1,1,0,1,0,1,0,1,0
ZTF22aaotsfa,0,1,0,1,0,1,0,1,0,0,1
ZTF22aaottwr,0,1,0,1,0,1,0,0,1,1,0
ZTF22aaouiln,0,0,1,1,0,1,0,1,0,1,0
ZTF22aaouvwr,0,1,0,0,1,1,0,1,0,1,0
ZTF22aaovdur,0,1,0,1,0,1,0,0,1,1,0
ZTF22aaovgam,0,1,0,1,0,1,0,0,1,1,0
ZTF22aaovpni,0,1,0,1,0,1,0,0,1,1,0
ZTF22aaovsee,0,1,0,1,0,1,0,1,0,0,1
ZTF22aaovvnd,1,0,0,0,0,0,0,0,0,0,0
ZTF22aaovwfb,0,1,0,1,0,1,0,0,1,1,0
ZTF22aaowxdy,0,1,0,1,0,0,1,1,0,1,0
ZTF22aaoxbke,1,0,0,0,0,0,0,0,0,0,0
ZTF22aaoxkon,1,0,0,0,0,0,0,0,0,0,0
ZTF22aaoybri,0,1,0,1,0,1,0,0,1,1,0
ZTF22aaoyeyw,0,1,0,1,0,0,1,1,0,1,0
ZTF22aaozixt,0,0,1,1,0,1,0,1,0,1,0
ZTF22aaozpnn,0,1,0,1,0,1,0,1,0,0,1
ZTF22aaozpun,0,1,0,1,0,1,0,1,0,0,1
ZTF22aaoztef,0,1,0,0,1,1,0,1,0,1,0
ZTF22aaozxmx,1,0,0,0,0,0,0,0,0,0,0
ZTF22aapaauv,0,1,0,0,1,1,0,1,0,1,0
ZTF22aapaavr,0,1,0,1,0,0,1,1,0,1,0
ZTF22aapaknb,0,1,0,1,0,0,1,1,0,1,0
ZTF22aapaqug,0,0,1,1,0,1,0,1,0,1,0
ZTF22aaparxg,0,1,0,1,0,1,0,1,0,0,1
ZTF22aapasdr,0,1,0,1,0,1,0,0,1,1,0
ZTF22aapavnl,1,0,0,0,0,0,0,0,0,0,0
ZTF22aapbaow,0,1,0,1,0,1,0,0,1,1,0
ZTF22aapbaxd,0,0,1,1,0,1,0,1,0,1,0
ZTF22aapbest,1,0,0,0,0,0,0,0,0,0,0
ZTF22aapbewv,0,1,0,0,1,1,0,1,0,1,0
ZTF22aapcaym,1,0,0,0,0,0,0,0,0,0,0
ZTF22aapcayr,0,1,0,1,0,0,1,1,0,1,0
ZTF22aapcglh,0,1,0,1,0,1,0,1,0,0,1
ZTF22aapculi,0,1,0,0,1,1,0,1,0,1,0
ZTF22aapdwsy,0,1,0,1,0,1,0,0,1,1,0
ZTF22aapehze,0,1,0,1,0,0,1,1,0,1,0
ZTF22aapejlk,0,1,0,1,0,1,0,0,1,1,0
ZTF22aapejoa,0,1,0,0,1,1,0,1,0,1,0
ZTF22aapejuu,0,0,1,1,0,1,0,1,0,1,0
ZTF22aapejzd,1,0,0,0,0,0,0,0,0,0,0
ZTF22aapesbi,0,1,0,1,0,1,0,0,1,1,0
ZTF22aapesui,0,1,0,1,0,1,0,0,1,1,0
ZTF22aapeuyw,0,1,0,1,0,1,0,0,1,1,0
ZTF22aapftxr,0,1,0,1,0,1,0,0,1,1,0
ZTF22aapfuql,0,1,0,1,0,0,1,1,0,1,0
ZTF22aaphcfg,0,1,0,0,1,1,0,1,0,1,0
ZTF22aaphcwi,0,0,1,1,0,1,0,1,0,1,0
ZTF22aaphdch,1,0,0,0,0,0,0,0,0,0,0
ZTF22aaphder,0,1,0,1,0,1,0,1,0,0,1
ZTF22aaphhud,0,0,1,1,0,1,0,1,0,1,0
ZTF22aaphkty,0,1,0,0,1,1,0,1,0,1,0
ZTF22aaphtyz,0,1,0,1,0,0,1,1,0,1,0
ZTF22aaphvfy,0,1,0,1,0,1,0,0,1,1,0
ZTF22aapiguo,1,0,0,0,0,0,0,0,0,0,0
ZTF22aapiikb,0,1,0,1,0,0,1,1,0,1,0
ZTF22aapjbpb,0,0,1,1,0,1,0,1,0,1,0
ZTF22aapjjgl,1,0,0,0,0,0,0,0,0,0,0
ZTF22aapjkfc,0,1,0,1,0,1,0,1,0,0,1
ZTF22aapjlth,0,1,0,1,0,1,0,1,0,0,1
ZTF22aapjmyf,0,1,0,1,0,1,0,0,1,1,0
ZTF22aapjqif,0,1,0,1,0,1,0,1,0,0,1
ZTF22aapjqsm,0,1,0,1,0,1,0,0,1,1,0
ZTF22aapjqye,1,0,0,0,0,0,0,0,0,0,0
ZTF22aapjqyg,0,1,0,1,0,1,0,0,1,1,0
ZTF22aapjrry,0,0,1,1,0,1,0,1,0,1,0
ZTF22aapjzvn,0,0,1,1,0,1,0,1,0,1,0
ZTF22aapkasl,0,1,0,1,0,1,0,0,1,1,0
ZTF22aapkbdr,1,0,0,0,0,0,0,0,0,0,0
ZTF22aapkbhg,1,0,0,0,0,0,0,0,0,0,0
ZTF22aapkbkl,0,1,0,1,0,1,0,1,0,0,1
ZTF22aapkblc,0,1,0,1,0,0,1,1,0,1,0
ZTF22aapkbpv,0,0,1,1,0,1,0,1,0,1,0
ZTF22aapkctx,1,0,0,0,0,0,0,0,0,0,0
ZTF22aapkent,0,1,0,1,0,1,0,1,0,0,1
ZTF22aapkhyz,0,1,0,1,0,0,1,1,0,1,0
ZTF22aapkjef,0,1,0,0,1,1,0,1,0,1,0
ZTF22aapkjpz,0,0,1,1,0,1,0,1,0,1,0
ZTF22aapklqp,0,1,0,0,1,1,0,1,0,1,0
ZTF22aaplfkj,0,0,1,1,0,1,0,1,0,1,0
ZTF22aaplfwk,0,1,0,1,0,1,0,0,1,1,0
ZTF22aapltmt,0,1,0,1,0,1,0,0,1,1,0
ZTF22aaplvwm,1,0,0,0,0,0,0,0,0,0,0
ZTF22aapmdpc,0,1,0,1,0,0,1,1,0,1,0
ZTF22aapmdrl,0,1,0,0,1,1,0,1,0,1,0
ZTF22aapmdwe,0,0,1,1,0,1,0,1,0,1,0
ZTF22aapnryk,0,1,0,1,0,1,0,0,1,1,0
ZTF22aapnsrx,0,1,0,1,0,1,0,1,0,0,1
ZTF22aapntra,0,1,0,1,0,1,0,1,0,0,1
ZTF22aapnvds,0,0,1,1,0,1,0,1,0,1,0
ZTF22aapobwr,0,0,1,1,0,1,0,1,0,1,0
ZTF22aapojdu,0,0,1,1,0,1,0,1,0,1,0
ZTF22aapqaqe,0,1,0,0,1,1,0,1,0,1,0
ZTF22aapqgio,0,0,1,1,0,1,0,1,0,1,0
ZTF22aapqizs,0,1,0,0,1,1,0,1,0,1,0
ZTF22aapqpaw,0,1,0,1,0,1,0,0,1,1,0
ZTF22aaprasj,0,1,0,1,0,1,0,0,1,1,0
ZTF22aaprjsu,1,0,0,0,0,0,0,0,0,0,0
ZTF22aaprose,1,0,0,0,0,0,0,0,0,0,0
ZTF22aaprsqg,1,0,0,0,0,0,0,0,0,0,0
ZTF22aapscub,0,1,0,1,0,0,1,1,0,1,0
ZTF22aapsmdv,1,0,0,0,0,0,0,0,0,0,0
ZTF22aapsszs,0,1,0,1,0,1,0,0,1,1,0
ZTF22aapswhj,0,1,0,1,0,1,0,1,0,0,1
ZTF22aaptaqz,0,1,0,1,0,1,0,0,1,1,0
ZTF22aaptpxt,1,0,0,0,0,0,0,0,0,0,0
ZTF22aaptrir,0,1,0,1,0,1,0,0,1,1,0
ZTF22aaptrit,0,1,0,1,0,0,1,1,0,1,0
ZTF22aaptrwc,0,1,0,1,0,1,0,0,1,1,0
ZTF22aaptsvu,1,0,0,0,0,0,0,0,0,0,0
ZTF22aapttph,0,1,0,1,0,0,1,1,0,1,0
ZTF22aaptyqc,1,0,0,0,0,0,0,0,0,0,0
ZTF22aaptzap,0,1,0,0,1,1,0,1,0,1,0
ZTF22aaptzfe,0,1,0,0,1,1,0,1,0,1,0
ZTF22aaptzuz,0,0,1,1,0,1,0,1,0,1,0
ZTF22aapubai,0,1,0,1,0,0,1,1,0,1,0
ZTF22aapucap,0,0,1,1,0,1,0,1,0,1,0
ZTF22aapudrp,0,1,0,1,0,1,0,1,0,0,1
ZTF22aapuvtv,0,0,1,1,0,1,0,1,0,1,0
ZTF22aapuvuc,0,1,0,0,1,1,0,1,0,1,0
ZTF22aapvsmy,0,1,0,1,0,0,1,1,0,1,0
ZTF22aapwhic,1,0,0,0,0,0,0,0,0,0,0
ZTF22aapwlwb,0,1,0,1,0,1,0,0,1,1,0
ZTF22aapwntl,1,0,0,0,0,0,0,0,0,0,0
ZTF22aapwtzi,0,1,0,1,0,1,0,1,0,0,1
ZTF22aapxbca,1,0,0,0,0,0,0,0,0,0,0
ZTF22aapxnor,0,1,0,1,0,0,1,1,0,1,0
ZTF22aapxrol,0,1,0,1,0,1,0,0,1,1,0
ZTF22aapymep,0,1,0,1,0,1,0,1,0,0,1
ZTF22aapyumv,0,1,0,0,1,1,0,1,0,1,0
ZTF22aapzvax,0,1,0,0,1,1,0,1,0,1,0
ZTF22aaqaeeb,0,1,0,1,0,1,0,1,0,0,1
ZTF22aaqairr,0,0,1,1,0,1,0,1,0,1,0
ZTF22aaqaonu,0,1,0,1,0,0,1,1,0,1,0
ZTF22aaqasyb,1,0,0,0,0,0,0,0,0,0,0
ZTF22aaqbhik,0,1,0,1,0,1,0,0,1,1,0
ZTF22aaqbjhu,0,1,0,0,1,1,0,1,0,1,0
ZTF22aaqcera,0,0,1,1,0,1,0,1,0,1,0
ZTF22aaqdaag,1,0,0,0,0,0,0,0,0,0,0
ZTF22aaqdfyk,0,0,1,1,0,1,0,1,0,1,0
ZTF22aaqdikn,1,0,0,0,0,0,0,0,0,0,0
ZTF22aaqefhd,0,1,0,0,1,1,0,1,0,1,0
ZTF22aaqehfr,0,1,0,1,0,0,1,1,0,1,0
ZTF22aaqfezx,0,0,1,1,0,1,0,1,0,1,0
ZTF22aaqhgpu,0,0,1,1,0,1,0,1,0,1,0
ZTF22aaqhirm,0,1,0,1,0,1,0,1,0,0,1
ZTF22aaqiizy,0,1,0,0,1,1,0,1,0,1,0
ZTF22aaqipud,0,1,0,0,1,1,0,1,0,1,0
ZTF22aaqjakh,0,0,1,1,0,1,0,1,0,1,0
ZTF22aaqjbsk,0,0,1,1,0,1,0,1,0,1,0
ZTF22aaqjday,1,0,0,0,0,0,0,0,0,0,0
ZTF22aaqlcqm,0,1,0,1,0,1,0,1,0,0,1
ZTF22aaqlmle,0,1,0,1,0,0,1,1,0,1,0
ZTF22aaqmwiu,0,1,0,1,0,1,0,1,0,0,1
ZTF22aaqnmdo,0,0,1,1,0,1,0,1,0,1,0
ZTF22aaqogmf,0,1,0,1,0,1,0,0,1,1,0
ZTF22aaqpbeq,1,0,0,0,0,0,0,0,0,0,0
ZTF22aaqphgx,0,1,0,1,0,0,1,1,0,1,0
ZTF22aaqpnbj,0,1,0,0,1,1,0,1,0,1,0
ZTF22aaqqxdt,0,1,0,1,0,1,0,1,0,0,1
ZTF22aaqrflg,0,1,0,0,1,1,0,1,0,1,0
ZTF22aaqrszt,0,0,1,1,0,1,0,1,0,1,0
ZTF22aaqueet,0,0,1,1,0,1,0,1,0,1,0
ZTF22aaquosm,0,1,0,0,1,1,0,1,0,1,0
ZTF22aaquqgt,0,1,0,0,1,1,0,1,0,1,0
ZTF22aaqwamw,1,0,0,0,0,0,0,0,0,0,0
ZTF22aaqwdjw,1,0,0,0,0,0,0,0,0,0,0
ZTF22aaqwfgp,0,1,0,1,0,0,1,1,0,1,0
ZTF22aaqxgso,0,1,0,1,0,1,0,0,1,1,0
ZTF22aaqxklv,0,1,0,0,1,1,0,1,0,1,0
ZTF22aaqzqzk,0,1,0,1,0,1,0,0,1,1,0
ZTF22aaragxr,0,1,0,1,0,1,0,1,0,0,1
ZTF22aarbxoh,0,1,0,0,1,1,0,1,0,1,0
ZTF22aarcchq,0,1,0,1,0,1,0,1,0,0,1
ZTF22aarfazj,0,1,0,1,0,1,0,1,0,0,1
ZTF22aarfcoh,0,1,0,1,0,1,0,1,0,0,1
ZTF22aarfetm,0,1,0,1,0,0,1,1,0,1,0
ZTF22aarfewf,0,1,0,1,0,1,0,0,1,1,0
ZTF22aarffhi,1,0,0,0,0,0,0,0,0,0,0
ZTF22aarflnx,0,1,0,0,1,1,0,1,0,1,0
ZTF22aarfmvs,0,1,0,0,1,1,0,1,0,1,0
ZTF22aarfuso,0,0,1,1,0,1,0,1,0,1,0
ZTF22aargbsa,0,0,1,1,0,1,0,1,0,1,0
ZTF22aarggzl,0,1,0,1,0,1,0,0,1,1,0
ZTF22aarghuw,1,0,0,0,0,0,0,0,0,0,0
ZTF22aargnjh,0,1,0,1,0,1,0,0,1,1,0
ZTF22aargnql,0,0,1,1,0,1,0,1,0,1,0
ZTF22aargpop,1,0,0,0,0,0,0,0,0,0,0
ZTF22aargrax,1,0,0,0,0,0,0,0,0,0,0
ZTF22aargvjg,0,1,0,1,0,1,0,0,1,1,0
ZTF22aarhdun,0,1,0,1,0,1,0,1,0,0,1
ZTF22aarjurg,0,0,1,1,0,1,0,1,0,1,0
ZTF22aarkdai,0,1,0,0,1,1,0,1,0,1,0
ZTF22aarkgkq,0,1,0,1,0,1,0,0,1,1,0
ZTF22aarkhek,0,1,0,0,1,1,0,1,0,1,0
ZTF22aarkzmj,1,0,0,0,0,0,0,0,0,0,0
ZTF22aarlezn,1,0,0,0,0,0,0,0,0,0,0
ZTF22aarlyhq,0,1,0,0,1,1,0,1,0,1,0
ZTF22aarmagc,0,1,0,1,0,1,0,0,1,1,0
ZTF22aarmfke,0,1,0,1,0,1,0,1,0,0,1
ZTF22aarmggw,1,0,0,0,0,0,0,0,0,0,0
ZTF22aarmyca,1,0,0,0,0,0,0,0,0,0,0
ZTF22aarqawb,0,1,0,0,1,1,0,1,0,1,0
ZTF22aarqrzt,0,0,1,1,0,1,0,1,0,1,0
ZTF22aarqvtd,0,1,0,1,0,1,0,1,0,0,1
ZTF22aarqvwq,1,0,0,0,0,0,0,0,0,0,0
ZTF22aarqzls,1,0,0,0,0,0,0,0,0,0,0
ZTF22aarraqd,0,1,0,0,1,1,0,1,0,1,0
ZTF22aarrbne,0,1,0,1,0,1,0,1,0,0,1
ZTF22aarrcli,0,0,1,1,0,1,0,1,0,1,0
ZTF22aarrpmy,1,0,0,0,0,0,0,0,0,0,0
ZTF22aarrrhq,0,1,0,1,0,1,0,1,0,0,1
ZTF22aarscew,0,0,1,1,0,1,0,1,0,1,0
ZTF22aarsxru,0,1,0,1,0,0,1,1,0,1,0
ZTF22aarsyra,0,1,0,1,0,1,0,0,1,1,0
ZTF22aarsywc,0,1,0,1,0,1,0,0,1,1,0
ZTF22aarszhd,0,1,0,0,1,1,0,1,0,1,0
ZTF22aartbhd,1,0,0,0,0,0,0,0,0,0,0
ZTF22aartckw,0,1,0,1,0,1,0,0,1,1,0
ZTF22aartmnk,0,1,0,1,0,1,0,1,0,0,1
ZTF22aartmuz,0,1,0,1,0,1,0,1,0,0,1
ZTF22aartoft,0,1,0,1,0,1,0,1,0,0,1
ZTF22aartvjs,0,0,1,1,0,1,0,1,0,1,0
ZTF22aaruhig,1,0,0,0,0,0,0,0,0,0,0
ZTF22aaruhkx,0,1,0,1,0,0,1,1,0,1,0
ZTF22aaruhrn,0,1,0,0,1,1,0,1,0,1,0
ZTF22aarujcp,0,1,0,1,0,1,0,0,1,1,0
ZTF22aarupyu,0,1,0,0,1,1,0,1,0,1,0
ZTF22aarurtt,0,1,0,1,0,0,1,1,0,1,0
ZTF22aarvefl,0,0,1,1,0,1,0,1,0,1,0
ZTF22aarvssw,0,1,0,1,0,0,1,1,0,1,0
ZTF22aarwbin,0,0,1,1,0,1,0,1,0,1,0
ZTF22aarwcju,0,1,0,1,0,0,1,1,0,1,0
ZTF22aarwclv,0,1,0,0,1,1,0,1,0,1,0
ZTF22aarwkjp,0,1,0,1,0,0,1,1,0,1,0
ZTF22aarwtjh,0,1,0,1,0,0,1,1,0,1,0
ZTF22aarwtqp,1,0,0,0,0,0,0,0,0,0,0
ZTF22aarwule,0,1,0,1,0,0,1,1,0,1,0
ZTF22aarwwyy,0,0,1,1,0,1,0,1,0,1,0
ZTF22aarwyqq,1,0,0,0,0,0,0,0,0,0,0
ZTF22aarwyra,0,1,0,1,0,1,0,1,0,0,1
ZTF22aarwysh,0,1,0,1,0,1,0,0,1,1,0
ZTF22aarwzao,0,0,1,1,0,1,0,1,0,1,0
ZTF22aarwzif,0,1,0,1,0,1,0,0,1,1,0
ZTF22aarxiuo,0,1,0,0,1,1,0,1,0,1,0
ZTF22aarxsbi,0,1,0,1,0,0,1,1,0,1,0
ZTF22aarxslk,0,1,0,1,0,1,0,1,0,0,1
ZTF22aarynrs,0,1,0,1,0,0,1,1,0,1,0
ZTF22aaryroz,0,1,0,1,0,0,1,1,0,1,0
ZTF22aarysna,0,0,1,1,0,1,0,1,0,1,0
ZTF22aasakqa,0,1,0,0,1,1,0,1,0,1,0
ZTF22aasbgyo,1,0,0,0,0,0,0,0,0,0,0
ZTF22aaschcc,0,1,0,1,0,1,0,0,1,1,0
ZTF22aasctgh,0,1,0,0,1,1,0,1,0,1,0
ZTF22aasdtcq,0,1,0,1,0,0,1,1,0,1,0
ZTF22aasdulp,0,1,0,1,0,1,0,0,1,1,0
ZTF22aasdxbi,0,1,0,1,0,1,0,1,0,0,1
ZTF22aasepdf,0,1,0,0,1,1,0,1,0,1,0
ZTF22aaseupy,0,1,0,1,0,1,0,1,0,0,1
ZTF22aasfear,0,0,1,1,0,1,0,1,0,1,0
ZTF22aasgfxz,0,1,0,1,0,0,1,1,0,1,0
ZTF22aasgzho,0,1,0,0,1,1,0,1,0,1,0
ZTF22aasisls,0,1,0,1,0,1,0,0,1,1,0
ZTF22aasivum,0,1,0,1,0,0,1,1,0,1,0
ZTF22aasjrma,0,1,0,0,1,1,0,1,0,1,0
ZTF22aasjwfs,0,1,0,1,0,0,1,1,0,1,0
ZTF22aaskerq,1,0,0,0,0,0,0,0,0,0,0
ZTF22aaskiqh,1,0,0,0,0,0,0,0,0,0,0
ZTF22aaskomq,0,1,0,1,0,0,1,1,0,1,0
ZTF22aaskqie,0,1,0,1,0,1,0,1,0,0,1
ZTF22aaskrhs,0,1,0,1,0,1,0,0,1,1,0
ZTF22aaskruf,0,1,0,1,0,1,0,1,0,0,1
ZTF22aasmgbb,0,1,0,1,0,1,0,0,1,1,0
ZTF22aasmhbv,0,1,0,1,0,1,0,1,0,0,1
ZTF22aasnhaa,0,1,0,0,1,1,0,1,0,1,0
ZTF22aasnmow,0,1,0,1,0,1,0,1,0,0,1
ZTF22aasnpnf,1,0,0,0,0,0,0,0,0,0,0
ZTF22aasntuz,0,1,0,0,1,1,0,1,0,1,0
ZTF22aasokbn,0,0,1,1,0,1,0,1,0,1,0
ZTF22aasokev,1,0,0,0,0,0,0,0,0,0,0
ZTF22aasolop,0,1,0,1,0,1,0,1,0,0,1
ZTF22aasoucj,0,1,0,1,0,1,0,1,0,0,1
ZTF22aasousd,0,0,1,1,0,1,0,1,0,1,0
ZTF22aasowkb,0,1,0,0,1,1,0,1,0,1,0
ZTF22aasowsr,0,1,0,1,0,1,0,1,0,0,1
ZTF22aasoxcl,0,0,1,1,0,1,0,1,0,1,0
ZTF22aasoxgf,0,1,0,1,0,1,0,1,0,0,1
ZTF22aasoxlc,1,0,0,0,0,0,0,0,0,0,0
ZTF22aaspesx,0,0,1,1,0,1,0,1,0,1,0
ZTF22aaspplh,0,1,0,1,0,0,1,1,0,1,0
ZTF22aaspwuh,1,0,0,0,0,0,0,0,0,0,0
ZTF22aaspwva,1,0,0,0,0,0,0,0,0,0,0
ZTF22aaspyjw,0,0,1,1,0,1,0,1,0,1,0
ZTF22aaspymb,0,1,0,1,0,0,1,1,0,1,0
ZTF22aasqbzq,0,1,0,1,0,0,1,1,0,1,0
ZTF22aasthmi,0,0,1,1,0,1,0,1,0,1,0
ZTF22aastjqs,0,1,0,1,0,1,0,1,0,0,1
ZTF22aastlic,1,0,0,0,0,0,0,0,0,0,0
ZTF22aastqlf,0,1,0,1,0,1,0,1,0,0,1
ZTF22aastuit,0,1,0,1,0,0,1,1,0,1,0
ZTF22aastyrc,1,0,0,0,0,0,0,0,0,0,0
ZTF22aasuqme,0,1,0,1,0,1,0,0,1,1,0
ZTF22aasusrp,0,0,1,1,0,1,0,1,0,1,0
ZTF22aasvdfr,0,1,0,1,0,1,0,0,1,1,0
ZTF22aaswche,0,1,0,1,0,1,0,1,0,0,1
ZTF22aaswusn,1,0,0,0,0,0,0,0,0,0,0
ZTF22aaswwdj,0,1,0,1,0,1,0,0,1,1,0
ZTF22aaswwwh,0,1,0,1,0,1,0,0,1,1,0
ZTF22aaswzql,0,0,1,1,0,1,0,1,0,1,0
ZTF22aasxcmk,0,1,0,0,1,1,0,1,0,1,0
ZTF22aaszhgm,0,0,1,1,0,1,0,1,0,1,0
ZTF22aaszmbs,1,0,0,0,0,0,0,0,0,0,0
ZTF22aasznwd,0,1,0,1,0,1,0,1,0,0,1
ZTF22aaszufs,0,1,0,1,0,1,0,0,1,1,0
ZTF22aataizc,0,1,0,1,0,0,1,1,0,1,0
ZTF22aatgjnu,0,1,0,1,0,1,0,0,1,1,0
ZTF22aathxyj,0,1,0,0,1,1,0,1,0,1,0
ZTF22aatihoz,0,1,0,1,0,1,0,1,0,0,1
ZTF22aatireo,0,1,0,1,0,1,0,0,1,1,0
ZTF22aatkecj,1,0,0,0,0,0,0,0,0,0,0
ZTF22aatlhve,1,0,0,0,0,0,0,0,0,0,0
ZTF22aatmqtq,0,1,0,0,1,1,0,1,0,1,0
ZTF22aatndrt,0,1,0,1,0,1,0,0,1,1,0
ZTF22aatndru,0,1,0,1,0,1,0,1,0,0,1
ZTF22aatndsc,0,1,0,0,1,1,0,1,0,1,0
ZTF22aatnllr,0,1,0,1,0,1,0,0,1,1,0
ZTF22aatnyqk,0,1,0,1,0,1,0,0,1,1,0
ZTF22aatojlw,0,1,0,1,0,1,0,0,1,1,0
ZTF22aatompb,1,0,0,0,0,0,0,0,0,0,0
ZTF22aatonif,0,1,0,1,0,0,1,1,0,1,0
ZTF22aatonqa,0,0,1,1,0,1,0,1,0,1,0
ZTF22aatovmt,0,1,0,1,0,1,0,0,1,1,0
ZTF22aatqioj,0,0,1,1,0,1,0,1,0,1,0
ZTF22aatrusq,1,0,0,0,0,0,0,0,0,0,0
ZTF22aatsbjo,1,0,0,0,0,0,0,0,0,0,0
ZTF22aattadv,1,0,0,0,0,0,0,0,0,0,0
ZTF22aattdar,0,1,0,1,0,0,1,1,0,1,0
ZTF22aattfmb,0,1,0,0,1,1,0,1,0,1,0
ZTF22aattndh,0,1,0,1,0,1,0,0,1,1,0
ZTF22aattzza,0,1,0,0,1,1,0,1,0,1,0
ZTF22aatuatn,0,1,0,1,0,1,0,1,0,0,1
ZTF22aatunnt,0,1,0,0,1,1,0,1,0,1,0
ZTF22aatuxjc,0,1,0,0,1,1,0,1,0,1,0
ZTF22aatuzht,0,1,0,1,0,0,1,1,0,1,0
ZTF22aatvbyz,0,0,1,1,0,1,0,1,0,1,0
ZTF22aatvkqs,0,0,1,1,0,1,0,1,0,1,0
ZTF22aatvqrj,0,1,0,1,0,1,0,1,0,0,1
ZTF22aatwmtt,0,1,0,1,0,1,0,0,1,1,0
ZTF22aatwxhk,1,0,0,0,0,0,0,0,0,0,0
ZTF22aatwxrl,0,1,0,1,0,1,0,1,0,0,1
ZTF22aatwyok,0,1,0,1,0,0,1,1,0,1,0
ZTF22aatxatc,0,1,0,1,0,0,1,1,0,1,0
ZTF22aatxcej,0,0,1,1,0,1,0,1,0,1,0
ZTF22aatxemo,0,0,1,1,0,1,0,1,0,1,0
ZTF22aatxgbe,1,0,0,0,0,0,0,0,0,0,0
ZTF22aatxslc,0,0,1,1,0,1,0,1,0,1,0
ZTF22aatxwjn,1,0,0,0,0,0,0,0,0,0,0
ZTF22aatxwrz,0,1,0,1,0,1,0,1,0,0,1
ZTF22aatylyb,0,1,0,1,0,1,0,0,1,1,0
ZTF22aatzhto,0,1,0,1,0,1,0,0,1,1,0
ZTF22aatzhyq,0,1,0,0,1,1,0,1,0,1,0
ZTF22aatzijf,0,1,0,0,1,1,0,1,0,1,0
ZTF22aaucozn,1,0,0,0,0,0,0,0,0,0,0
ZTF22aaufros,0,0,1,1,0,1,0,1,0,1,0
ZTF22aaugeyg,0,1,0,1,0,1,0,0,1,1,0
ZTF22aaugpcv,1,0,0,0,0,0,0,0,0,0,0
ZTF22aaugvkz,0,1,0,1,0,0,1,1,0,1,0
ZTF22aaugxso,0,1,0,1,0,0,1,1,0,1,0
ZTF22aauhght,0,1,0,0,1,1,0,1,0,1,0
ZTF22aauhism,0,0,1,1,0,1,0,1,0,1,0
ZTF22aauhiwk,1,0,0,0,0,0,0,0,0,0,0
ZTF22aauhjop,0,1,0,0,1,1,0,1,0,1,0
ZTF22aauhpts,0,1,0,1,0,1,0,0,1,1,0
ZTF22aauhudo,0,1,0,0,1,1,0,1,0,1,0
ZTF22aauhvqw,0,1,0,1,0,0,1,1,0,1,0
ZTF22aauhyzf,0,1,0,1,0,0,1,1,0,1,0
ZTF22aauihjc,0,1,0,1,0,1,0,1,0,0,1
ZTF22aauihou,0,0,1,1,0,1,0,1,0,1,0
ZTF22aaujiec,0,1,0,0,1,1,0,1,0,1,0
ZTF22aaujwwe,0,1,0,1,0,1,0,1,0,0,1
ZTF22aaukglv,0,1,0,0,1,1,0,1,0,1,0
ZTF22aauknta,0,1,0,1,0,1,0,1,0,0,1
ZTF22aaulbwn,1,0,0,0,0,0,0,0,0,0,0
ZTF22aaulrjd,0,1,0,1,0,1,0,1,0,0,1
ZTF22aaumvmm,0,0,1,1,0,1,0,1,0,1,0
ZTF22aauncmo,0,1,0,1,0,1,0,0,1,1,0
ZTF22aauncmw,0,1,0,1,0,1,0,0,1,1,0
ZTF22aauncri,0,1,0,1,0,1,0,0,1,1,0
ZTF22aaundhw,0,1,0,1,0,1,0,0,1,1,0
ZTF22aaungem,1,0,0,0,0,0,0,0,0,0,0
ZTF22aaunglk,0,0,1,1,0,1,0,1,0,1,0
ZTF22aaunhfh,1,0,0,0,0,0,0,0,0,0,0
ZTF22aaunkiu,0,1,0,0,1,1,0,1,0,1,0
ZTF22aaunonv,0,1,0,1,0,1,0,0,1,1,0
ZTF22aaunsga,0,1,0,1,0,0,1,1,0,1,0
ZTF22aaupeys,0,1,0,1,0,1,0,1,0,0,1
ZTF22aaupsnr,0,1,0,0,1,1,0,1,0,1,0
ZTF22aaupxkb,0,1,0,1,0,1,0,0,1,1,0
ZTF22aauskml,0,1,0,1,0,1,0,1,0,0,1
ZTF22aautnrr,0,1,0,0,1,1,0,1,0,1,0
ZTF22aautntp,0,1,0,1,0,1,0,0,1,1,0
ZTF22aautpdb,0,0,1,1,0,1,0,1,0,1,0
ZTF22aautrcf,1,0,0,0,0,0,0,0,0,0,0
ZTF22aautrxf,0,1,0,1,0,0,1,1,0,1,0
ZTF22aautvgp,0,1,0,1,0,0,1,1,0,1,0
ZTF22aautxlb,0,1,0,0,1,1,0,1,0,1,0
ZTF22aautyra,0,0,1,1,0,1,0,1,0,1,0
ZTF22aauufwi,0,1,0,1,0,0,1,1,0,1,0
ZTF22aauugtl,0,1,0,1,0,1,0,1,0,0,1
ZTF22aauuokl,0,1,0,0,1,1,0,1,0,1,0
ZTF22aauusxf,1,0,0,0,0,0,0,0,0,0,0
ZTF22aauuznh,0,1,0,1,0,0,1,1,0,1,0
ZTF22aauvfay,0,0,1,1,0,1,0,1,0,1,0
ZTF22aauvfml,1,0,0,0,0,0,0,0,0,0,0
ZTF22aauvhhv,1,0,0,0,0,0,0,0,0,0,0
ZTF22aauvvbc,0,1,0,1,0,1,0,0,1,1,0
ZTF22aauvvtu,0,0,1,1,0,1,0,1,0,1,0
ZTF22aauwyex,1,0,0,0,0,0,0,0,0,0,0
ZTF22aauwylz,0,0,1,1,0,1,0,1,0,1,0
ZTF22aauxkqi,0,1,0,1,0,1,0,1,0,0,1
ZTF22aauxmqm,0,1,0,1,0,1,0,0,1,1,0
ZTF22aauxsyt,0,1,0,1,0,0,1,1,0,1,0
ZTF22aauxvkz,0,1,0,1,0,1,0,1,0,0,1
ZTF22aauxzaj,0,0,1,1,0,1,0,1,0,1,0
ZTF22aauygsj,0,1,0,1,0,1,0,0,1,1,0
ZTF22aauykdn,0,1,0,1,0,1,0,0,1,1,0
ZTF22aauzdrn,1,0,0,0,0,0,0,0,0,0,0
ZTF22aauzzhz,0,1,0,1,0,1,0,1,0,0,1
ZTF22aavacry,0,1,0,0,1,1,0,1,0,1,0
ZTF22aavacwp,0,1,0,1,0,1,0,0,1,1,0
ZTF22aavawaj,0,1,0,0,1,1,0,1,0,1,0
ZTF22aavayyr,0,1,0,1,0,1,0,0,1,1,0
ZTF22aavbezc,0,1,0,1,0,0,1,1,0,1,0
ZTF22aavbfhz,0,1,0,1,0,0,1,1,0,1,0
ZTF22aavcccu,0,1,0,1,0,0,1,1,0,1,0
ZTF22aavcuil,0,1,0,0,1,1,0,1,0,1,0
ZTF22aavcvgd,0,1,0,0,1,1,0,1,0,1,0
ZTF22aavcvtr,0,0,1,1,0,1,0,1,0,1,0
ZTF22aavcyir,0,1,0,1,0,1,0,1,0,0,1
ZTF22aavczfb,0,1,0,0,1,1,0,1,0,1,0
ZTF22aavdcsu,0,1,0,0,1,1,0,1,0,1,0
ZTF22aavdjfo,0,1,0,1,0,1,0,0,1,1,0
ZTF22aavdubl,0,1,0,1,0,0,1,1,0,1,0
ZTF22aavdzpf,0,1,0,1,0,0,1,1,0,1,0
ZTF22aaveaqo,1,0,0,0,0,0,0,0,0,0,0
ZTF22aavebae,0,1,0,1,0,0,1,1,0,1,0
ZTF22aaveqbx,0,1,0,1,0,1,0,1,0,0,1
ZTF22aavezxp,0,0,1,1,0,1,0,1,0,1,0
ZTF22aavgebn,0,1,0,1,0,1,0,0,1,1,0
ZTF22aavgiis,0,1,0,1,0,1,0,1,0,0,1
ZTF22aavglud,0,1,0,1,0,1,0,1,0,0,1
ZTF22aavglzr,0,1,0,0,1,1,0,1,0,1,0
ZTF22aavglzu,1,0,0,0,0,0,0,0,0,0,0
ZTF22aavgwyb,1,0,0,0,0,0,0,0,0,0,0
ZTF22aavgzjc,0,1,0,1,0,0,1,1,0,1,0
ZTF22aavjrjj,0,0,1,1,0,1,0,1,0,1,0
ZTF22aavjwht,0,1,0,1,0,1,0,0,1,1,0
ZTF22aavjzei,0,1,0,0,1,1,0,1,0,1,0
ZTF22aavklii,0,1,0,1,0,1,0,0,1,1,0
ZTF22aavmguc,0,1,0,0,1,1,0,1,0,1,0
ZTF22aavmncw,0,1,0,1,0,1,0,1,0,0,1
ZTF22aavotix,1,0,0,0,0,0,0,0,0,0,0
ZTF22aavpkwo,1,0,0,0,0,0,0,0,0,0,0
ZTF22aavqfvc,0,0,1,1,0,1,0,1,0,1,0
ZTF22aavqlzi,0,1,0,1,0,1,0,1,0,0,1
ZTF22aavqpkr,0,0,1,1,0,1,0,1,0,1,0
ZTF22aavqtax,0,1,0,0,1,1,0,1,0,1,0
ZTF22aavsgiy,0,1,0,0,1,1,0,1,0,1,0
ZTF22aavsnmf,0,1,0,1,0,0,1,1,0,1,0
ZTF22aavtozs,0,1,0,0,1,1,0,1,0,1,0
ZTF22aavtqdq,0,0,1,1,0,1,0,1,0,1,0
ZTF22aavuujm,0,0,1,1,0,1,0,1,0,1,0
ZTF22aavuxcr,0,1,0,1,0,1,0,0,1,1,0
ZTF22aavvogz,0,1,0,1,0,1,0,1,0,0,1
ZTF22aavvpgf,0,1,0,1,0,0,1,1,0,1,0
ZTF22aavxojb,0,1,0,0,1,1,0,1,0,1,0
ZTF22aavxrsq,1,0,0,0,0,0,0,0,0,0,0
ZTF22aawaczw,1,0,0,0,0,0,0,0,0,0,0
ZTF22aawakbw,1,0,0,0,0,0,0,0,0,0,0
ZTF22aawavon,0,1,0,1,0,1,0,0,1,1,0
ZTF22aawcmcr,0,1,0,0,1,1,0,1,0,1,0
ZTF22aawdrpp,0,1,0,0,1,1,0,1,0,1,0
ZTF22aawdsyk,0,1,0,1,0,1,0,1,0,0,1
ZTF22aawfeov,0,1,0,1,0,1,0,1,0,0,1
ZTF22aawfggy,1,0,0,0,0,0,0,0,0,0,0
ZTF22aawfjgd,0,1,0,1,0,1,0,0,1,1,0
ZTF22aawfjnt,0,1,0,1,0,0,1,1,0,1,0
ZTF22aawhkek,0,1,0,1,0,1,0,1,0,0,1
ZTF22aawhpju,0,0,1,1,0,1,0,1,0,1,0
ZTF22aawidia,0,0,1,1,0,1,0,1,0,1,0
ZTF22aawjqfd,1,0,0,0,0,0,0,0,0,0,0
ZTF22aawkhmt,0,1,0,1,0,1,0,1,0,0,1
ZTF22aawkpfx,0,0,1,1,0,1,0,1,0,1,0
ZTF22aawnchs,0,1,0,1,0,1,0,0,1,1,0
ZTF22aawofum,1,0,0,0,0,0,0,0,0,0,0
ZTF22aawoied,1,0,0,0,0,0,0,0,0,0,0
ZTF22aawokbh,0,1,0,0,1,1,0,1,0,1,0
ZTF22aawtunt,0,1,0,1,0,1,0,1,0,0,1
ZTF22aawuaje,1,0,0,0,0,0,0,0,0,0,0
ZTF22aawutlv,1,0,0,0,0,0,0,0,0,0,0
ZTF22aawuvqq,0,1,0,1,0,1,0,0,1,1,0
ZTF22aawweaj,0,0,1,1,0,1,0,1,0,1,0
ZTF22aawzdti,0,1,0,1,0,0,1,1,0,1,0
ZTF22aawzvko,0,1,0,1,0,0,1,1,0,1,0
ZTF22aaxabok,0,1,0,1,0,0,1,1,0,1,0
ZTF22aaxaduq,1,0,0,0,0,0,0,0,0,0,0
ZTF22aaxaeik,0,0,1,1,0,1,0,1,0,1,0
ZTF22aaxafaz,1,0,0,0,0,0,0,0,0,0,0
ZTF22aaxafin,0,0,1,1,0,1,0,1,0,1,0
ZTF22aaxahnk,0,1,0,1,0,0,1,1,0,1,0
ZTF22aaxaiau,0,1,0,0,1,1,0,1,0,1,0
ZTF22aaxaivj,0,1,0,1,0,1,0,1,0,0,1
ZTF22aaxaklk,0,1,0,1,0,1,0,1,0,0,1
ZTF22aaxauin,1,0,0,0,0,0,0,0,0,0,0
ZTF22aaxausj,0,0,1,1,0,1,0,1,0,1,0
ZTF22aaxavjm,0,1,0,1,0,1,0,0,1,1,0
ZTF22aaxcxty,1,0,0,0,0,0,0,0,0,0,0
ZTF22aaxdbol,0,0,1,1,0,1,0,1,0,1,0
ZTF22aaxddal,0,1,0,1,0,1,0,0,1,1,0
ZTF22aaxedwm,0,1,0,1,0,1,0,1,0,0,1
ZTF22aaxhfmd,0,1,0,1,0,0,1,1,0,1,0
ZTF22aaxinql,0,1,0,1,0,0,1,1,0,1,0
ZTF22aaxipne,0,0,1,1,0,1,0,1,0,1,0
ZTF22aaxjgid,0,1,0,1,0,0,1,1,0,1,0
ZTF22aaxkewq,0,1,0,1,0,1,0,1,0,0,1
ZTF22aaxklbk,0,1,0,1,0,1,0,0,1,1,0
ZTF22aaxkvxf,0,1,0,1,0,1,0,0,1,1,0
ZTF22aaxkwka,0,1,0,1,0,1,0,1,0,0,1
ZTF22aaxlagl,0,1,0,0,1,1,0,1,0,1,0
ZTF22aaxlbfe,0,1,0,0,1,1,0,1,0,1,0
ZTF22aaxmfak,0,0,1,1,0,1,0,1,0,1,0
ZTF22aaxmoho,1,0,0,0,0,0,0,0,0,0,0
ZTF22aaxsbfg,0,1,0,0,1,1,0,1,0,1,0
ZTF22aaxstzl,1,0,0,0,0,0,0,0,0,0,0
ZTF22aaxtias,0,1,0,1,0,1,0,0,1,1,0
ZTF22aaxuqep,0,0,1,1,0,1,0,1,0,1,0
ZTF22aaxxvll,1,0,0,0,0,0,0,0,0,0,0
ZTF22aaxzetu,0,0,1,1,0,1,0,1,0,1,0
ZTF22aayazjy,0,1,0,1,0,1,0,0,1,1,0
ZTF22aaycwbi,0,1,0,1,0,0,1,1,0,1,0
ZTF22aaydbpg,0,1,0,0,1,1,0,1,0,1,0
ZTF22aaydwbh,0,1,0,1,0,1,0,1,0,0,1
ZTF22aayehud,0,1,0,0,1,1,0,1,0,1,0
ZTF22aayesnn,0,1,0,1,0,1,0,1,0,0,1
ZTF22aayfqbs,0,0,1,1,0,1,0,1,0,1,0
ZTF22aayfqjq,1,0,0,0,0,0,0,0,0,0,0
ZTF22aayfrxg,0,0,1,1,0,1,0,1,0,1,0
ZTF22aayfrxu,1,0,0,0,0,0,0,0,0,0,0
ZTF22aaygscd,0,1,0,0,1,1,0,1,0,1,0
ZTF22aayguuw,1,0,0,0,0,0,0,0,0,0,0
ZTF22aayhevb,0,1,0,1,0,1,0,1,0,0,1
ZTF22aayhfbz,0,1,0,1,0,0,1,1,0,1,0
ZTF22aayhjsd,0,0,1,1,0,1,0,1,0,1,0
ZTF22aayhkjd,0,1,0,1,0,1,0,1,0,0,1
ZTF22aayhrbm,1,0,0,0,0,0,0,0,0,0,0
ZTF22aayhurh,0,1,0,1,0,1,0,0,1,1,0
ZTF22aayhzfy,0,0,1,1,0,1,0,1,0,1,0
ZTF22aayibem,0,0,1,1,0,1,0,1,0,1,0
ZTF22aayjury,0,1,0,0,1,1,0,1,0,1,0
ZTF22aayjutc,1,0,0,0,0,0,0,0,0,0,0
ZTF22aayjuys,0,0,1,1,0,1,0,1,0,1,0
ZTF22aayjven,0,1,0,1,0,1,0,1,0,0,1
ZTF22aayjyhs,0,1,0,1,0,1,0,1,0,0,1
ZTF22aayjzmq,0,1,0,0,1,1,0,1,0,1,0
ZTF22aayjzmu,0,0,1,1,0,1,0,1,0,1,0
ZTF22aaykaur,0,1,0,1,0,1,0,1,0,0,1
ZTF22aaykpuw,1,0,0,0,0,0,0,0,0,0,0
ZTF22aaylhqv,0,1,0,1,0,1,0,1,0,0,1
ZTF22aaylkvi,0,1,0,1,0,1,0,1,0,0,1
ZTF22aayllqx,0,1,0,1,0,0,1,1,0,1,0
ZTF22aaylmey,0,0,1,1,0,1,0,1,0,1,0
ZTF22aaylmkv,0,1,0,1,0,1,0,0,1,1,0
ZTF22aaylmmh,0,0,1,1,0,1,0,1,0,1,0
ZTF22aaylnhq,0,1,0,1,0,0,1,1,0,1,0
ZTF22aaylsyw,0,1,0,1,0,1,0,0,1,1,0
ZTF22aaymefn,1,0,0,0,0,0,0,0,0,0,0
ZTF22aaymhlh,0,1,0,1,0,1,0,0,1,1,0
ZTF22aaymjam,0,1,0,1,0,0,1,1,0,1,0
ZTF22aaynrna,0,0,1,1,0,1,0,1,0,1,0
ZTF22aaynvgi,1,0,0,0,0,0,0,0,0,0,0
ZTF22aaynvqo,0,1,0,1,0,1,0,0,1,1,0
ZTF22aayobas,1,0,0,0,0,0,0,0,0,0,0
ZTF22aayprmb,1,0,0,0,0,0,0,0,0,0,0
ZTF22aaypvnw,0,1,0,1,0,1,0,0,1,1,0
ZTF22aaypvrx,0,1,0,1,0,1,0,1,0,0,1
ZTF22aayqden,0,1,0,0,1,1,0,1,0,1,0
ZTF22aayqpdj,0,1,0,1,0,1,0,1,0,0,1
ZTF22aayrody,1,0,0,0,0,0,0,0,0,0,0
ZTF22aaysinn,0,1,0,0,1,1,0,1,0,1,0
ZTF22aaysndy,1,0,0,0,0,0,0,0,0,0,0
ZTF22aaysric,0,1,0,0,1,1,0,1,0,1,0
ZTF22aaysrue,0,1,0,1,0,0,1,1,0,1,0
ZTF22aaytfey,0,1,0,1,0,0,1,1,0,1,0
ZTF22aaytfmi,0,1,0,1,0,0,1,1,0,1,0
ZTF22aayukxn,0,0,1,1,0,1,0,1,0,1,0
ZTF22aayuuhg,1,0,0,0,0,0,0,0,0,0,0
ZTF22aayvosj,1,0,0,0,0,0,0,0,0,0,0
ZTF22aayvulk,0,1,0,1,0,1,0,0,1,1,0
ZTF22aaywkwn,1,0,0,0,0,0,0,0,0,0,0
ZTF22aaywosw,0,1,0,1,0,0,1,1,0,1,0
ZTF22aayxbih,0,1,0,1,0,1,0,0,1,1,0
ZTF22aayxczo,0,1,0,1,0,0,1,1,0,1,0
ZTF22aayylvj,0,0,1,1,0,1,0,1,0,1,0
ZTF22aayyxyq,0,0,1,1,0,1,0,1,0,1,0
ZTF22aayzixz,0,1,0,1,0,0,1,1,0,1,0
ZTF22aayzwno,0,1,0,1,0,0,1,1,0,1,0
ZTF22aazasai,0,0,1,1,0,1,0,1,0,1,0
ZTF22aazaxcu,0,1,0,1,0,1,0,1,0,0,1
ZTF22aazbibf,0,1,0,1,0,0,1,1,0,1,0
ZTF22aazbpns,0,1,0,0,1,1,0,1,0,1,0
ZTF22aazdkhc,0,1,0,0,1,1,0,1,0,1,0
ZTF22aazdpmc,0,1,0,1,0,1,0,0,1,1,0
ZTF22aazeagq,0,0,1,1,0,1,0,1,0,1,0
ZTF22aazfusf,0,0,1,1,0,1,0,1,0,1,0
ZTF22aazhryz,0,0,1,1,0,1,0,1,0,1,0
ZTF22aazhxfo,0,0,1,1,0,1,0,1,0,1,0
ZTF22aazhysn,0,1,0,1,0,0,1,1,0,1,0
ZTF22aazhyww,0,1,0,1,0,0,1,1,0,1,0
ZTF22aazhyxv,0,1,0,1,0,1,0,0,1,1,0
ZTF22aazifgv,0,1,0,1,0,1,0,1,0,0,1
ZTF22aazihmk,0,1,0,0,1,1,0,1,0,1,0
ZTF22aazilvp,0,0,1,1,0,1,0,1,0,1,0
ZTF22aazjesh,1,0,0,0,0,0,0,0,0,0,0
ZTF22aazjfzv,0,1,0,0,1,1,0,1,0,1,0
ZTF22aazjgoi,0,1,0,1,0,0,1,1,0,1,0
ZTF22aazjiam,0,1,0,1,0,1,0,0,1,1,0
ZTF22aazjnut,0,1,0,1,0,0,1,1,0,1,0
ZTF22aazjqam,0,1,0,1,0,0,1,1,0,1,0
ZTF22aazjqie,1,0,0,0,0,0,0,0,0,0,0
ZTF22aazjqmt,0,1,0,0,1,1,0,1,0,1,0
ZTF22aazjrbj,1,0,0,0,0,0,0,0,0,0,0
ZTF22aazjwac,0,0,1,1,0,1,0,1,0,1,0
ZTF22aazjzhc,0,1,0,0,1,1,0,1,0,1,0
ZTF22aazkldn,1,0,0,0,0,0,0,0,0,0,0
ZTF22aazmrpx,0,1,0,1,0,0,1,1,0,1,0
ZTF22aazocgc,0,1,0,1,0,1,0,1,0,0,1
ZTF22aazoejf,1,0,0,0,0,0,0,0,0,0,0
ZTF22aazojhy,1,0,0,0,0,0,0,0,0,0,0
ZTF22aazomrl,0,0,1,1,0,1,0,1,0,1,0
ZTF22aazoxdf,0,1,0,1,0,0,1,1,0,1,0
ZTF22aazpvzh,0,1,0,1,0,1,0,0,1,1,0
ZTF22aazqjwm,0,1,0,1,0,1,0,1,0,0,1
ZTF22aazssih,1,0,0,0,0,0,0,0,0,0,0
ZTF22aazuowq,0,1,0,1,0,1,0,0,1,1,0
ZTF22aazvurp,0,1,0,0,1,1,0,1,0,1,0
ZTF22aazvzgk,0,1,0,0,1,1,0,1,0,1,0
ZTF22aazxsfu,0,1,0,1,0,0,1,1,0,1,0
ZTF22ababewf,0,1,0,0,1,1,0,1,0,1,0
ZTF22abacjbd,1,0,0,0,0,0,0,0,0,0,0
ZTF22abadoir,0,1,0,1,0,1,0,1,0,0,1
ZTF22abadzpo,0,1,0,1,0,1,0,0,1,1,0
ZTF22abaedhv,1,0,0,0,0,0,0,0,0,0,0
ZTF22abaette,0,1,0,1,0,0,1,1,0,1,0
ZTF22abaexjf,0,1,0,1,0,1,0,1,0,0,1
ZTF22abafmiq,0,1,0,1,0,1,0,0,1,1,0
ZTF22abahkda,0,1,0,1,0,1,0,0,1,1,0
ZTF22abaiyyz,0,1,0,1,0,1,0,1,0,0,1
ZTF22abakclt,1,0,0,0,0,0,0,0,0,0,0
ZTF22abakcnf,1,0,0,0,0,0,0,0,0,0,0
ZTF22abakcvz,0,1,0,1,0,1,0,1,0,0,1
ZTF22abakdch,0,1,0,1,0,0,1,1,0,1,0
ZTF22abakdsn,0,1,0,1,0,1,0,1,0,0,1
ZTF22abakdwy,0,1,0,0,1,1,0,1,0,1,0
ZTF22abakeha,0,1,0,1,0,1,0,0,1,1,0
ZTF22abakhtk,0,1,0,0,1,1,0,1,0,1,0
ZTF22abakhvs,0,1,0,1,0,1,0,0,1,1,0
ZTF22abakhyl,0,1,0,0,1,1,0,1,0,1,0
ZTF22abakigz,0,0,1,1,0,1,0,1,0,1,0
ZTF22abakwxh,0,1,0,1,0,1,0,1,0,0,1
ZTF22abanrik,0,1,0,1,0,1,0,0,1,1,0
ZTF22abanroo,0,1,0,0,1,1,0,1,0,1,0
ZTF22abanshu,0,1,0,1,0,0,1,1,0,1,0
ZTF22abantpu,1,0,0,0,0,0,0,0,0,0,0
ZTF22abanuzw,0,1,0,0,1,1,0,1,0,1,0
ZTF22abanvzk,0,1,0,1,0,0,1,1,0,1,0
ZTF22abanxam,0,1,0,1,0,0,1,1,0,1,0
ZTF22abanxoe,0,1,0,1,0,0,1,1,0,1,0
ZTF22abaoaiz,0,1,0,1,0,0,1,1,0,1,0
ZTF22abaofuy,0,1,0,1,0,1,0,1,0,0,1
ZTF22abaogbb,0,1,0,0,1,1,0,1,0,1,0
ZTF22abaohes,0,1,0,1,0,1,0,0,1,1,0
ZTF22abaohvz,0,1,0,1,0,1,0,1,0,0,1
ZTF22abaowca,0,0,1,1,0,1,0,1,0,1,0
ZTF22abapizd,0,0,1,1,0,1,0,1,0,1,0
ZTF22abaprmr,0,0,1,1,0,1,0,1,0,1,0
ZTF22abapwme,0,1,0,1,0,1,0,0,1,1,0
ZTF22abaqizp,0,1,0,1,0,1,0,1,0,0,1
ZTF22abaqzcm,0,1,0,1,0,0,1,1,0,1,0
ZTF22abarhid,0,1,0,1,0,1,0,1,0,0,1
ZTF22abatsqa,1,0,0,0,0,0,0,0,0,0,0
ZTF22abatsyj,0,0,1,1,0,1,0,1,0,1,0
ZTF22abautjv,1,0,0,0,0,0,0,0,0,0,0
ZTF22abawdze,0,0,1,1,0,1,0,1,0,1,0
ZTF22abawkbq,0,0,1,1,0,1,0,1,0,1,0
ZTF22abaxcpd,0,1,0,1,0,1,0,0,1,1,0
ZTF22abaxkxr,0,1,0,1,0,1,0,1,0,0,1
ZTF22abaxqpi,0,0,1,1,0,1,0,1,0,1,0
ZTF22abaxtqk,0,0,1,1,0,1,0,1,0,1,0
ZTF22abayabn,0,0,1,1,0,1,0,1,0,1,0
ZTF22abayfvm,0,1,0,1,0,1,0,1,0,0,1
ZTF22abaynfc,0,1,0,0,1,1,0,1,0,1,0
ZTF22abazigo,1,0,0,0,0,0,0,0,0,0,0
ZTF22abazofn,0,1,0,1,0,1,0,1,0,0,1
ZTF22abaztoy,1,0,0,0,0,0,0,0,0,0,0
ZTF22abbadld,0,0,1,1,0,1,0,1,0,1,0
ZTF22abbaeba,1,0,0,0,0,0,0,0,0,0,0
ZTF22abbbwhf,1,0,0,0,0,0,0,0,0,0,0
ZTF22abbebun,0,1,0,1,0,1,0,1,0,0,1
ZTF22abbecpl,0,1,0,1,0,0,1,1,0,1,0
ZTF22abbemao,0,1,0,1,0,1,0,0,1,1,0
ZTF22abbemcv,0,0,1,1,0,1,0,1,0,1,0
ZTF22abbfrzq,1,0,0,0,0,0,0,0,0,0,0
ZTF22abbfysq,0,0,1,1,0,1,0,1,0,1,0
ZTF22abbgyvi,1,0,0,0,0,0,0,0,0,0,0
ZTF22abbhemq,0,1,0,1,0,0,1,1,0,1,0
ZTF22abbhmmi,1,0,0,0,0,0,0,0,0,0,0
ZTF22abbisqk,0,1,0,1,0,1,0,0,1,1,0
ZTF22abbjbxi,0,1,0,1,0,0,1,1,0,1,0
ZTF22abbjdoz,1,0,0,0,0,0,0,0,0,0,0
ZTF22abbkxcm,0,1,0,1,0,1,0,1,0,0,1
ZTF22abbmemk,1,0,0,0,0,0,0,0,0,0,0
ZTF22abbmveu,1,0,0,0,0,0,0,0,0,0,0
ZTF22abbmyuv,0,0,1,1,0,1,0,1,0,1,0
ZTF22abbospi,1,0,0,0,0,0,0,0,0,0,0
ZTF22abbowkh,0,0,1,1,0,1,0,1,0,1,0
ZTF22abbpbtr,0,0,1,1,0,1,0,1,0,1,0
ZTF22abbpfpn,0,1,0,1,0,1,0,0,1,1,0
ZTF22abbqgwf,0,1,0,1,0,1,0,0,1,1,0
ZTF22abbrceo,0,0,1,1,0,1,0,1,0,1,0
ZTF22abbrkzw,0,0,1,1,0,1,0,1,0,1,0
ZTF22abbrrxc,0,1,0,1,0,0,1,1,0,1,0
ZTF22abbrxqm,0,1,0,1,0,1,0,1,0,0,1
ZTF22abbsaze,0,1,0,0,1,1,0,1,0,1,0
ZTF22abbsbiz,1,0,0,0,0,0,0,0,0,0,0
ZTF22abbthkw,0,1,0,1,0,1,0,0,1,1,0
ZTF22abbtjep,0,1,0,1,0,1,0,0,1,1,0
ZTF22abbtvme,0,1,0,1,0,0,1,1,0,1,0
ZTF22abbusmx,0,1,0,1,0,1,0,1,0,0,1
ZTF22abbuyvl,0,1,0,0,1,1,0,1,0,1,0
ZTF22abbvegn,0,1,0,0,1,1,0,1,0,1,0
ZTF22abbvunn,0,1,0,1,0,0,1,1,0,1,0
ZTF22abbwaai,0,1,0,1,0,0,1,1,0,1,0
ZTF22abbwnva,0,1,0,1,0,1,0,0,1,1,0
ZTF22abbxipb,1,0,0,0,0,0,0,0,0,0,0
ZTF22abbxltg,0,0,1,1,0,1,0,1,0,1,0
ZTF22abbxmab,0,1,0,1,0,0,1,1,0,1,0
ZTF22abbxxcq,0,0,1,1,0,1,0,1,0,1,0
ZTF22abbzbcx,0,1,0,1,0,1,0,0,1,1,0
ZTF22abbzibb,0,0,1,1,0,1,0,1,0,1,0
ZTF22abbzxsf,0,1,0,0,1,1,0,1,0,1,0
ZTF22abcabea,0,1,0,1,0,1,0,0,1,1,0
ZTF22abcabij,0,1,0,1,0,1,0,1,0,0,1
ZTF22abccnue,0,1,0,0,1,1,0,1,0,1,0
ZTF22abccpso,0,1,0,1,0,1,0,0,1,1,0
ZTF22abcdsxd,0,0,1,1,0,1,0,1,0,1,0
ZTF22abcdvwb,0,1,0,1,0,0,1,1,0,1,0
ZTF22abcejqh,1,0,0,0,0,0,0,0,0,0,0
ZTF22abcemml,0,1,0,1,0,0,1,1,0,1,0
ZTF22abcfbxf,1,0,0,0,0,0,0,0,0,0,0
ZTF22abcgmne,0,1,0,1,0,1,0,1,0,0,1
ZTF22abchldc,0,1,0,1,0,1,0,1,0,0,1
ZTF22abcirxd,0,1,0,1,0,1,0,1,0,0,1
ZTF22abcizqg,0,1,0,0,1,1,0,1,0,1,0
ZTF22abcjabt,0,1,0,1,0,1,0,0,1,1,0
ZTF22abcjmjl,1,0,0,0,0,0,0,0,0,0,0
ZTF22abcjrox,0,0,1,1,0,1,0,1,0,1,0
ZTF22abcjvnk,0,1,0,1,0,0,1,1,0,1,0
ZTF22abckkru,0,1,0,1,0,1,0,1,0,0,1
ZTF22abckmth,0,1,0,1,0,1,0,0,1,1,0
ZTF22abckrpq,0,1,0,1,0,0,1,1,0,1,0
ZTF22abckyxf,0,1,0,1,0,1,0,1,0,0,1
ZTF22abclcse,0,1,0,1,0,1,0,1,0,0,1
ZTF22abcmdlr,0,0,1,1,0,1,0,1,0,1,0
ZTF22abcmmpc,1,0,0,0,0,0,0,0,0,0,0
ZTF22abcprvj,0,1,0,1,0,1,0,0,1,1,0
ZTF22abcqnpt,0,1,0,0,1,1,0,1,0,1,0
ZTF22abcqwpt,0,1,0,0,1,1,0,1,0,1,0
ZTF22abcqyqp,0,1,0,1,0,0,1,1,0,1,0
ZTF22abcraja,0,0,1,1,0,1,0,1,0,1,0
ZTF22abcrajm,0,1,0,0,1,1,0,1,0,1,0
ZTF22abcscvv,0,1,0,0,1,1,0,1,0,1,0
ZTF22abcsiqk,1,0,0,0,0,0,0,0,0,0,0
ZTF22abcskvr,0,1,0,1,0,1,0,0,1,1,0
ZTF22abcskyz,0,1,0,1,0,1,0,0,1,1,0
ZTF22abcslgu,0,1,0,1,0,0,1,1,0,1,0
ZTF22abcsmvg,0,1,0,1,0,1,0,1,0,0,1
ZTF22abcsmxo,0,1,0,1,0,1,0,0,1,1,0
ZTF22abcsnri,0,1,0,1,0,1,0,1,0,0,1
ZTF22abcszfi,0,0,1,1,0,1,0,1,0,1,0
ZTF22abctgyb,1,0,0,0,0,0,0,0,0,0,0
ZTF22abcujwu,0,1,0,1,0,1,0,0,1,1,0
ZTF22abcukgf,1,0,0,0,0,0,0,0,0,0,0
ZTF22abcuqee,0,1,0,1,0,0,1,1,0,1,0
ZTF22abcuqhr,0,1,0,0,1,1,0,1,0,1,0
ZTF22abcuxki,0,1,0,1,0,1,0,1,0,0,1
ZTF22abczbsb,0,1,0,0,1,1,0,1,0,1,0
ZTF22abdatth,0,1,0,1,0,1,0,1,0,0,1
ZTF22abdbpgi,1,0,0,0,0,0,0,0,0,0,0
ZTF22abddojl,1,0,0,0,0,0,0,0,0,0,0
ZTF22abddsdr,0,1,0,1,0,0,1,1,0,1,0
ZTF22abddvec,1,0,0,0,0,0,0,0,0,0,0
ZTF22abdfkbj,0,1,0,1,0,1,0,0,1,1,0
ZTF22abdfnyp,0,1,0,0,1,1,0,1,0,1,0
ZTF22abdgfst,0,1,0,0,1,1,0,1,0,1,0
ZTF22abdhibq,0,0,1,1,0,1,0,1,0,1,0
ZTF22abdipla,0,0,1,1,0,1,0,1,0,1,0
ZTF22abditft,0,1,0,1,0,1,0,1,0,0,1
ZTF22abdixyz,1,0,0,0,0,0,0,0,0,0,0
ZTF22abdjdts,0,1,0,0,1,1,0,1,0,1,0
ZTF22abdjqlm,0,1,0,1,0,1,0,1,0,0,1
ZTF22abdlnkm,0,1,0,0,1,1,0,1,0,1,0
ZTF22abdmhbo,0,1,0,0,1,1,0,1,0,1,0
ZTF22abdmhnr,0,1,0,0,1,1,0,1,0,1,0
ZTF22abdmhte,0,1,0,1,0,1,0,1,0,0,1
ZTF22abdmqzt,0,0,1,1,0,1,0,1,0,1,0
ZTF22abdmxnw,0,1,0,1,0,1,0,1,0,0,1
ZTF22abdnbxc,0,1,0,1,0,0,1,1,0,1,0
ZTF22abdnjoa,1,0,0,0,0,0,0,0,0,0,0
ZTF22abdoehm,0,0,1,1,0,1,0,1,0,1,0
ZTF22abdolmt,0,0,1,1,0,1,0,1,0,1,0
ZTF22abdonvw,0,1,0,1,0,1,0,1,0,0,1
ZTF22abdqfyc,0,0,1,1,0,1,0,1,0,1,0
ZTF22abdrdsz,0,1,0,1,0,1,0,0,1,1,0
ZTF22abdtnbi,0,1,0,0,1,1,0,1,0,1,0
ZTF22abdtnmu,0,1,0,1,0,0,1,1,0,1,0
ZTF22abdtqje,0,1,0,1,0,0,1,1,0,1,0
ZTF22abdtqow,0,0,1,1,0,1,0,1,0,1,0
ZTF22abdtxya,0,0,1,1,0,1,0,1,0,1,0
ZTF22abdtyda,1,0,0,0,0,0,0,0,0,0,0
ZTF22abduaci,1,0,0,0,0,0,0,0,0,0,0
ZTF22abdutoy,0,1,0,1,0,1,0,0,1,1,0
ZTF22abduvmj,0,1,0,1,0,1,0,0,1,1,0
ZTF22abdvcsx,0,1,0,0,1,1,0,1,0,1,0
ZTF22abdvejh,0,1,0,0,1,1,0,1,0,1,0
ZTF22abdwasr,0,1,0,1,0,1,0,0,1,1,0
ZTF22abdymze,0,1,0,0,1,1,0,1,0,1,0
ZTF22abdzawy,0,1,0,0,1,1,0,1,0,1,0
ZTF22abebakc,0,1,0,0,1,1,0,1,0,1,0
ZTF22abebdte,0,1,0,1,0,1,0,1,0,0,1
ZTF22abebycy,0,0,1,1,0,1,0,1,0,1,0
ZTF22abebzat,0,1,0,1,0,0,1,1,0,1,0
ZTF22abedkig,1,0,0,0,0,0,0,0,0,0,0
ZTF22abedonf,1,0,0,0,0,0,0,0,0,0,0
ZTF22abedurs,1,0,0,0,0,0,0,0,0,0,0
ZTF22abeemtq,1,0,0,0,0,0,0,0,0,0,0
ZTF22abegbsi,0,1,0,0,1,1,0,1,0,1,0
ZTF22abegjig,0,1,0,1,0,1,0,1,0,0,1
ZTF22abegpxm,0,1,0,0,1,1,0,1,0,1,0
ZTF22abegslb,0,0,1,1,0,1,0,1,0,1,0
ZTF22abeguhu,0,0,1,1,0,1,0,1,0,1,0
ZTF22abegurz,1,0,0,0,0,0,0,0,0,0,0
ZTF22abehrfc,0,0,1,1,0,1,0,1,0,1,0
ZTF22abehsgt,0,1,0,0,1,1,0,1,0,1,0
ZTF22abehsjg,0,0,1,1,0,1,0,1,0,1,0
ZTF22abeiefs,0,1,0,1,0,1,0,0,1,1,0
ZTF22abeigxz,0,1,0,1,0,0,1,1,0,1,0
ZTF22abeiiwi,0,1,0,1,0,1,0,0,1,1,0
ZTF22abeioig,0,1,0,1,0,1,0,1,0,0,1
ZTF22abeioxu,0,1,0,1,0,1,0,0,1,1,0
ZTF22abeirot,0,1,0,1,0,1,0,0,1,1,0
ZTF22abeisdy,1,0,0,0,0,0,0,0,0,0,0
ZTF22abejupy,0,1,0,1,0,1,0,0,1,1,0
ZTF22abejzdr,0,1,0,1,0,1,0,0,1,1,0
ZTF22abekdlz,0,1,0,1,0,1,0,0,1,1,0
ZTF22abekgqf,0,1,0,1,0,0,1,1,0,1,0
ZTF22abelwtb,0,0,1,1,0,1,0,1,0,1,0
ZTF22abemgrw,1,0,0,0,0,0,0,0,0,0,0
ZTF22abemhsp,0,1,0,1,0,1,0,1,0,0,1
ZTF22abemoro,0,0,1,1,0,1,0,1,0,1,0
ZTF22abemrmw,0,1,0,1,0,1,0,1,0,0,1
ZTF22abemwsj,0,1,0,1,0,1,0,1,0,0,1
ZTF22abemyff,0,1,0,0,1,1,0,1,0,1,0
ZTF22abeopmo,0,1,0,1,0,1,0,0,1,1,0
ZTF22abeoqum,0,1,0,1,0,1,0,1,0,0,1
ZTF22abeouul,0,0,1,1,0,1,0,1,0,1,0
ZTF22abeovkx,0,1,0,1,0,1,0,0,1,1,0
ZTF22aberfty,0,1,0,1,0,1,0,1,0,0,1
ZTF22aberiiu,0,1,0,1,0,1,0,0,1,1,0
ZTF22aberlut,0,1,0,1,0,0,1,1,0,1,0
ZTF22aberrdz,0,1,0,1,0,1,0,0,1,1,0
ZTF22abeshva,0,1,0,1,0,1,0,1,0,0,1
ZTF22abesjts,0,0,1,1,0,1,0,1,0,1,0
ZTF22abesmbq,0,0,1,1,0,1,0,1,0,1,0
ZTF22abesthr,1,0,0,0,0,0,0,0,0,0,0
ZTF22abetnhb,0,0,1,1,0,1,0,1,0,1,0
ZTF22abetpnl,0,1,0,1,0,1,0,1,0,0,1
ZTF22abevhit,0,0,1,1,0,1,0,1,0,1,0
ZTF22abeviaw,1,0,0,0,0,0,0,0,0,0,0
ZTF22abevpwy,1,0,0,0,0,0,0,0,0,0,0
ZTF22abewbzg,1,0,0,0,0,0,0,0,0,0,0
ZTF22abewidk,0,1,0,0,1,1,0,1,0,1,0
ZTF22abewjen,0,1,0,1,0,1,0,0,1,1,0
ZTF22abewvtv,1,0,0,0,0,0,0,0,0,0,0
ZTF22abexepc,0,1,0,1,0,1,0,1,0,0,1
ZTF22abexgsg,0,1,0,1,0,0,1,1,0,1,0
ZTF22abexkni,1,0,0,0,0,0,0,0,0,0,0
ZTF22abexkqi,1,0,0,0,0,0,0,0,0,0,0
ZTF22abeyoje,0,1,0,1,0,1,0,1,0,0,1
ZTF22abeypmh,0,0,1,1,0,1,0,1,0,1,0
ZTF22abeznvk,0,1,0,1,0,1,0,0,1,1,0
ZTF22abfakdm,0,1,0,1,0,1,0,0,1,1,0
ZTF22abfapon,0,1,0,0,1,1,0,1,0,1,0
ZTF22abfauvy,1,0,0,0,0,0,0,0,0,0,0
ZTF22abfavls,0,1,0,1,0,1,0,0,1,1,0
ZTF22abfavzr,0,1,0,1,0,1,0,0,1,1,0
ZTF22abfbnhe,0,1,0,0,1,1,0,1,0,1,0
ZTF22abfbpqy,1,0,0,0,0,0,0,0,0,0,0
ZTF22abfbqae,0,1,0,1,0,0,1,1,0,1,0
ZTF22abfbqgc,1,0,0,0,0,0,0,0,0,0,0
ZTF22abfcfhl,0,0,1,1,0,1,0,1,0,1,0
ZTF22abfdhkb,0,1,0,0,1,1,0,1,0,1,0
ZTF22abfdiwm,0,1,0,1,0,1,0,1,0,0,1
ZTF22abfdjrp,0,1,0,0,1,1,0,1,0,1,0
ZTF22abfdybe,0,0,1,1,0,1,0,1,0,1,0
ZTF22abfehui,0,0,1,1,0,1,0,1,0,1,0
ZTF22abfhwxk,0,1,0,1,0,1,0,1,0,0,1
ZTF22abfilcj,0,1,0,1,0,1,0,1,0,0,1
ZTF22abfioti,1,0,0,0,0,0,0,0,0,0,0
ZTF22abfiush,1,0,0,0,0,0,0,0,0,0,0
ZTF22abfjamc,0,1,0,1,0,0,1,1,0,1,0
ZTF22abfjdyk,0,1,0,1,0,1,0,1,0,0,1
ZTF22abfjlmf,0,1,0,1,0,1,0,1,0,0,1
ZTF22abfjlue,0,1,0,0,1,1,0,1,0,1,0
ZTF22abfjsoi,1,0,0,0,0,0,0,0,0,0,0
ZTF22abfmllb,0,1,0,1,0,1,0,1,0,0,1
ZTF22abfmllu,1,0,0,0,0,0,0,0,0,0,0
ZTF22abfmtdy,0,1,0,1,0,1,0,1,0,0,1
ZTF22abfnalx,1,0,0,0,0,0,0,0,0,0,0
ZTF22abfnbtu,0,1,0,1,0,0,1,1,0,1,0
ZTF22abfndpu,0,1,0,1,0,0,1,1,0,1,0
ZTF22abfnkve,0,0,1,1,0,1,0,1,0,1,0
ZTF22abfnpqa,0,1,0,0,1,1,0,1,0,1,0
ZTF22abfoehf,1,0,0,0,0,0,0,0,0,0,0
ZTF22abfolhr,0,1,0,1,0,1,0,1,0,0,1
ZTF22abfpcbt,0,0,1,1,0,1,0,1,0,1,0
ZTF22abfpceh,0,1,0,1,0,1,0,1,0,0,1
ZTF22abfpwxn,0,1,0,1,0,1,0,1,0,0,1
ZTF22abfqfjo,0,0,1,1,0,1,0,1,0,1,0
ZTF22abftjko,0,1,0,1,0,1,0,0,1,1,0
ZTF22abftrwv,0,1,0,1,0,1,0,0,1,1,0
ZTF22abftxzv,0,1,0,1,0,1,0,1,0,0,1
ZTF22abftyra,0,1,0,0,1,1,0,1,0,1,0
ZTF22abfulti,0,1,0,1,0,1,0,1,0,0,1
ZTF22abfunlb,0,1,0,1,0,1,0,0,1,1,0
ZTF22abfunyc,1,0,0,0,0,0,0,0,0,0,0
ZTF22abfuoce,0,1,0,1,0,1,0,1,0,0,1
ZTF22abfuosi,0,1,0,1,0,1,0,1,0,0,1
ZTF22abfuvcw,0,0,1,1,0,1,0,1,0,1,0
ZTF22abfuvwa,0,0,1,1,0,1,0,1,0,1,0
ZTF22abfuwel,0,1,0,1,0,0,1,1,0,1,0
ZTF22abfvewa,0,1,0,0,1,1,0,1,0,1,0
ZTF22abfvexb,1,0,0,0,0,0,0,0,0,0,0
ZTF22abfveyr,0,1,0,1,0,0,1,1,0,1,0
ZTF22abfviaz,0,1,0,0,1,1,0,1,0,1,0
ZTF22abfvicl,0,1,0,0,1,1,0,1,0,1,0
ZTF22abfvism,0,1,0,1,0,0,1,1,0,1,0
ZTF22abfvjeg,0,1,0,1,0,1,0,0,1,1,0
ZTF22abfvjky,0,0,1,1,0,1,0,1,0,1,0
ZTF22abfvjxv,0,1,0,1,0,0,1,1,0,1,0
ZTF22abfvlje,0,1,0,1,0,1,0,0,1,1,0
ZTF22abfvmqz,1,0,0,0,0,0,0,0,0,0,0
ZTF22abfvrbq,0,1,0,1,0,0,1,1,0,1,0
ZTF22abfvrcb,0,1,0,1,0,1,0,1,0,0,1
ZTF22abfvrgp,1,0,0,0,0,0,0,0,0,0,0
ZTF22abfvrto,1,0,0,0,0,0,0,0,0,0,0
ZTF22abfvrvv,1,0,0,0,0,0,0,0,0,0,0
ZTF22abfvsgd,0,1,0,1,0,0,1,1,0,1,0
ZTF22abfvsgm,0,1,0,1,0,0,1,1,0,1,0
ZTF22abfwamf,0,0,1,1,0,1,0,1,0,1,0
ZTF22abfwbcc,1,0,0,0,0,0,0,0,0,0,0
ZTF22abfwbnm,0,1,0,1,0,0,1,1,0,1,0
ZTF22abfwboy,1,0,0,0,0,0,0,0,0,0,0
ZTF22abfwcew,1,0,0,0,0,0,0,0,0,0,0
ZTF22abfwcxc,1,0,0,0,0,0,0,0,0,0,0
ZTF22abfwelj,0,1,0,0,1,1,0,1,0,1,0
ZTF22abfwftx,0,1,0,1,0,0,1,1,0,1,0
ZTF22abfwign,0,1,0,1,0,1,0,0,1,1,0
ZTF22abfwihc,0,1,0,1,0,0,1,1,0,1,0
ZTF22abfwmxx,0,1,0,1,0,1,0,0,1,1,0
ZTF22abfwomr,0,0,1,1,0,1,0,1,0,1,0
ZTF22abfwpmg,1,0,0,0,0,0,0,0,0,0,0
ZTF22abfwtsc,0,0,1,1,0,1,0,1,0,1,0
ZTF22abfwuit,0,1,0,0,1,1,0,1,0,1,0
ZTF22abfwvjp,0,0,1,1,0,1,0,1,0,1,0
ZTF22abfwvkr,0,1,0,0,1,1,0,1,0,1,0
ZTF22abfwvoc,0,1,0,1,0,1,0,1,0,0,1
ZTF22abfwwog,0,1,0,1,0,1,0,0,1,1,0
ZTF22abfwwrk,0,1,0,1,0,1,0,0,1,1,0
ZTF22abfwwwt,0,1,0,1,0,0,1,1,0,1,0
ZTF22abfwxtr,0,1,0,0,1,1,0,1,0,1,0
ZTF22abfxkvt,1,0,0,0,0,0,0,0,0,0,0
ZTF22abfxlfo,0,1,0,1,0,1,0,0,1,1,0
ZTF22abfxlni,0,0,1,1,0,1,0,1,0,1,0
ZTF22abfxnbl,1,0,0,0,0,0,0,0,0,0,0
ZTF22abfyege,0,1,0,1,0,1,0,0,1,1,0
ZTF22abfyhso,0,1,0,1,0,1,0,0,1,1,0
ZTF22abfyjgo,0,1,0,1,0,0,1,1,0,1,0
ZTF22abfyrnv,1,0,0,0,0,0,0,0,0,0,0
ZTF22abfyvlj,0,1,0,1,0,0,1,1,0,1,0
ZTF22abfzado,0,1,0,1,0,1,0,1,0,0,1
ZTF22abfzaed,0,0,1,1,0,1,0,1,0,1,0
ZTF22abfzaxa,0,0,1,1,0,1,0,1,0,1,0
ZTF22abfzdjj,1,0,0,0,0,0,0,0,0,0,0
ZTF22abfznhz,0,1,0,1,0,0,1,1,0,1,0
ZTF22abfzsun,1,0,0,0,0,0,0,0,0,0,0
ZTF22abfzzmh,1,0,0,0,0,0,0,0,0,0,0
ZTF22abgadoy,1,0,0,0,0,0,0,0,0,0,0
ZTF22abgagrt,1,0,0,0,0,0,0,0,0,0,0
ZTF22abgaszn,0,1,0,1,0,1,0,1,0,0,1
ZTF22abgaxqd,0,1,0,1,0,0,1,1,0,1,0
ZTF22abgbaut,0,0,1,1,0,1,0,1,0,1,0
ZTF22abgbbal,1,0,0,0,0,0,0,0,0,0,0
ZTF22abgbbgx,0,0,1,1,0,1,0,1,0,1,0
ZTF22abgbbit,0,1,0,0,1,1,0,1,0,1,0
ZTF22abgbbzi,0,1,0,0,1,1,0,1,0,1,0
ZTF22abgbcef,1,0,0,0,0,0,0,0,0,0,0
ZTF22abgbeed,1,0,0,0,0,0,0,0,0,0,0
ZTF22abgbefa,1,0,0,0,0,0,0,0,0,0,0
ZTF22abgbehq,0,1,0,1,0,1,0,0,1,1,0
ZTF22abgbeul,1,0,0,0,0,0,0,0,0,0,0
ZTF22abgbiyq,1,0,0,0,0,0,0,0,0,0,0
ZTF22abgblwg,0,1,0,0,1,1,0,1,0,1,0
ZTF22abgbqvz,1,0,0,0,0,0,0,0,0,0,0
ZTF22abgbtjs,1,0,0,0,0,0,0,0,0,0,0
ZTF22abgbxbq,0,1,0,0,1,1,0,1,0,1,0
ZTF22abgbxgu,1,0,0,0,0,0,0,0,0,0,0
ZTF22abgbybm,1,0,0,0,0,0,0,0,0,0,0
ZTF22abgbyth,1,0,0,0,0,0,0,0,0,0,0
ZTF22abgcain,0,1,0,0,1,1,0,1,0,1,0
ZTF22abgcbbu,1,0,0,0,0,0,0,0,0,0,0
ZTF22abgcckj,0,1,0,0,1,1,0,1,0,1,0
ZTF22abgcdin,1,0,0,0,0,0,0,0,0,0,0
ZTF22abgckhp,0,1,0,0,1,1,0,1,0,1,0
ZTF22abgcqjr,0,1,0,1,0,0,1,1,0,1,0
ZTF22abgcqmg,0,1,0,0,1,1,0,1,0,1,0
ZTF22abgdctk,0,0,1,1,0,1,0,1,0,1,0
ZTF22abgdesh,0,1,0,0,1,1,0,1,0,1,0
ZTF22abgdewz,0,1,0,1,0,1,0,0,1,1,0
ZTF22abgdmri,1,0,0,0,0,0,0,0,0,0,0
ZTF22abgdolw,0,1,0,1,0,1,0,1,0,0,1
ZTF22abgdrje,0,1,0,1,0,1,0,1,0,0,1
ZTF22abgdrrj,1,0,0,0,0,0,0,0,0,0,0
ZTF22abgdseg,1,0,0,0,0,0,0,0,0,0,0
ZTF22abgdsra,0,0,1,1,0,1,0,1,0,1,0
ZTF22abgehco,0,1,0,1,0,1,0,0,1,1,0
ZTF22abgejym,1,0,0,0,0,0,0,0,0,0,0
ZTF22abgfrro,0,1,0,1,0,1,0,0,1,1,0
ZTF22abgfrvi,0,1,0,0,1,1,0,1,0,1,0
ZTF22abgftfg,1,0,0,0,0,0,0,0,0,0,0
ZTF22abggega,0,1,0,0,1,1,0,1,0,1,0
ZTF22abggmap,0,1,0,1,0,1,0,1,0,0,1
ZTF22abggmtd,0,0,1,1,0,1,0,1,0,1,0
ZTF22abggraw,0,1,0,1,0,1,0,1,0,0,1
ZTF22abggrfk,0,0,1,1,0,1,0,1,0,1,0
ZTF22abggsiv,0,0,1,1,0,1,0,1,0,1,0
ZTF22abghfyi,0,1,0,0,1,1,0,1,0,1,0
ZTF22abghqen,1,0,0,0,0,0,0,0,0,0,0
ZTF22abghqnj,1,0,0,0,0,0,0,0,0,0,0
ZTF22abghuuo,1,0,0,0,0,0,0,0,0,0,0
ZTF22abghvvv,0,1,0,1,0,1,0,0,1,1,0
ZTF22abghyro,1,0,0,0,0,0,0,0,0,0,0
ZTF22abgiapb,0,0,1,1,0,1,0,1,0,1,0
ZTF22abgilxy,0,1,0,1,0,1,0,1,0,0,1
ZTF22abgiout,0,1,0,1,0,1,0,0,1,1,0
ZTF22abgipdn,0,1,0,1,0,1,0,0,1,1,0
ZTF22abgjtlb,0,1,0,0,1,1,0,1,0,1,0
ZTF22abgjudb,0,0,1,1,0,1,0,1,0,1,0
ZTF22abgkcxe,0,1,0,1,0,1,0,0,1,1,0
ZTF22abgkhel,0,0,1,1,0,1,0,1,0,1,0
ZTF22abgkjyr,0,1,0,0,1,1,0,1,0,1,0
ZTF22abglbkf,1,0,0,0,0,0,0,0,0,0,0
ZTF22abgmgdh,0,1,0,0,1,1,0,1,0,1,0
ZTF22abgnccz,0,1,0,1,0,1,0,0,1,1,0
ZTF22abgndif,0,1,0,1,0,1,0,0,1,1,0
ZTF22abgngjl,0,1,0,1,0,0,1,1,0,1,0
ZTF22abgnnze,0,1,0,1,0,0,1,1,0,1,0
ZTF22abgnofu,1,0,0,0,0,0,0,0,0,0,0
ZTF22abgnvpk,0,1,0,1,0,0,1,1,0,1,0
ZTF22abgohbg,0,0,1,1,0,1,0,1,0,1,0
ZTF22abgojhu,0,1,0,0,1,1,0,1,0,1,0
ZTF22abgowrt,0,1,0,1,0,0,1,1,0,1,0
ZTF22abgpfwa,0,0,1,1,0,1,0,1,0,1,0
ZTF22abgpixa,0,0,1,1,0,1,0,1,0,1,0
ZTF22abgpjsp,1,0,0,0,0,0,0,0,0,0,0
ZTF22abgpkal,0,1,0,1,0,1,0,1,0,0,1
ZTF22abgpqre,0,1,0,0,1,1,0,1,0,1,0
ZTF22abgprmc,0,1,0,1,0,0,1,1,0,1,0
ZTF22abgpxim,1,0,0,0,0,0,0,0,0,0,0
ZTF22abgqfcx,0,1,0,1,0,1,0,0,1,1,0
ZTF22abgqgss,0,0,1,1,0,1,0,1,0,1,0
ZTF22abgqveb,0,1,0,0,1,1,0,1,0,1,0
ZTF22abgrgsl,0,1,0,1,0,0,1,1,0,1,0
ZTF22abgrior,0,1,0,0,1,1,0,1,0,1,0
ZTF22abgtnmd,0,1,0,1,0,1,0,1,0,0,1
ZTF22abgtpgv,0,0,1,1,0,1,0,1,0,1,0
ZTF22abguvmy,0,1,0,1,0,0,1,1,0,1,0
ZTF22abgvdkv,0,1,0,1,0,1,0,0,1,1,0
ZTF22abgvezu,0,1,0,1,0,1,0,1,0,0,1
ZTF22abgwgsv,0,1,0,0,1,1,0,1,0,1,0
ZTF22abgwnmi,1,0,0,0,0,0,0,0,0,0,0
ZTF22abgwtew,0,1,0,1,0,0,1,1,0,1,0
ZTF22abgxayc,0,1,0,1,0,0,1,1,0,1,0
ZTF22abgxzer,0,0,1,1,0,1,0,1,0,1,0
ZTF22abgydnw,0,1,0,1,0,1,0,0,1,1,0
ZTF22abgyfnv,0,1,0,1,0,1,0,1,0,0,1
ZTF22abgyoax,0,1,0,1,0,1,0,0,1,1,0
ZTF22abgyvgx,0,1,0,1,0,1,0,1,0,0,1
ZTF22abhbdjc,0,1,0,1,0,1,0,0,1,1,0
ZTF22abhbjqy,0,1,0,0,1,1,0,1,0,1,0
ZTF22abhbkdy,0,1,0,1,0,1,0,0,1,1,0
ZTF22abhcjkt,0,1,0,0,1,1,0,1,0,1,0
ZTF22abhcnql,0,1,0,1,0,0,1,1,0,1,0
ZTF22abhcsdl,1,0,0,0,0,0,0,0,0,0,0
ZTF22abhebtq,0,1,0,0,1,1,0,1,0,1,0
ZTF22abhepza,0,1,0,1,0,0,1,1,0,1,0
ZTF22abhessy,0,1,0,1,0,0,1,1,0,1,0
ZTF22abhewzp,0,1,0,1,0,1,0,0,1,1,0
ZTF22abheykr,0,1,0,1,0,1,0,0,1,1,0
ZTF22abhfwrz,1,0,0,0,0,0,0,0,0,0,0
ZTF22abhfxvh,0,1,0,0,1,1,0,1,0,1,0
ZTF22abhfyxy,0,1,0,1,0,1,0,1,0,0,1
ZTF22abhhbbq,1,0,0,0,0,0,0,0,0,0,0
ZTF22abhhmwh,0,0,1,1,0,1,0,1,0,1,0
ZTF22abhhrum,0,0,1,1,0,1,0,1,0,1,0
ZTF22abhhxuv,1,0,0,0,0,0,0,0,0,0,0
ZTF22abhjbkr,0,1,0,1,0,1,0,0,1,1,0
ZTF22abhjdev,1,0,0,0,0,0,0,0,0,0,0
ZTF22abhjdlx,0,1,0,1,0,1,0,1,0,0,1
ZTF22abhjebw,1,0,0,0,0,0,0,0,0,0,0
ZTF22abhjkok,0,1,0,1,0,1,0,0,1,1,0
ZTF22abhjpmc,0,1,0,0,1,1,0,1,0,1,0
ZTF22abhjzne,0,1,0,1,0,1,0,1,0,0,1
ZTF22abhkqvh,0,1,0,1,0,1,0,1,0,0,1
ZTF22abhldat,0,1,0,0,1,1,0,1,0,1,0
ZTF22abhnodr,1,0,0,0,0,0,0,0,0,0,0
ZTF22abhoyte,0,1,0,0,1,1,0,1,0,1,0
ZTF22abhozrn,0,1,0,1,0,0,1,1,0,1,0
ZTF22abhpdpd,1,0,0,0,0,0,0,0,0,0,0
ZTF22abhpiwe,0,1,0,1,0,1,0,0,1,1,0
ZTF22abhpyqs,1,0,0,0,0,0,0,0,0,0,0
ZTF22abhsiud,0,1,0,1,0,1,0,0,1,1,0
ZTF22abhsjdf,0,1,0,0,1,1,0,1,0,1,0
ZTF22abhsrll,0,1,0,1,0,1,0,0,1,1,0
ZTF22abhsxph,0,1,0,1,0,1,0,1,0,0,1
ZTF22abhtdms,1,0,0,0,0,0,0,0,0,0,0
ZTF22abhttuv,0,1,0,1,0,1,0,1,0,0,1
ZTF22abhudnw,1,0,0,0,0,0,0,0,0,0,0
ZTF22abhuemx,1,0,0,0,0,0,0,0,0,0,0
ZTF22abhuyly,0,1,0,0,1,1,0,1,0,1,0
ZTF22abhuyyo,0,1,0,1,0,0,1,1,0,1,0
ZTF22abhuzmp,0,1,0,1,0,0,1,1,0,1,0
ZTF22abhvfio,0,1,0,1,0,1,0,0,1,1,0
ZTF22abhvgrp,0,1,0,0,1,1,0,1,0,1,0
ZTF22abhvtcj,0,1,0,0,1,1,0,1,0,1,0
ZTF22abhvuhu,0,0,1,1,0,1,0,1,0,1,0
ZTF22abhvztg,0,0,1,1,0,1,0,1,0,1,0
ZTF22abhwhtt,0,0,1,1,0,1,0,1,0,1,0
ZTF22abhwkfc,0,1,0,1,0,1,0,0,1,1,0
ZTF22abhwkoc,0,0,1,1,0,1,0,1,0,1,0
ZTF22abhwlej,0,1,0,1,0,1,0,0,1,1,0
ZTF22abhwsvm,0,0,1,1,0,1,0,1,0,1,0
ZTF22abhxnyb,0,1,0,0,1,1,0,1,0,1,0
ZTF22abhxpns,0,1,0,1,0,1,0,0,1,1,0
ZTF22abhxptj,0,0,1,1,0,1,0,1,0,1,0
ZTF22abhyvtn,0,1,0,1,0,0,1,1,0,1,0
ZTF22abhyzjq,0,1,0,0,1,1,0,1,0,1,0
ZTF22abhyzkg,0,1,0,1,0,0,1,1,0,1,0
ZTF22abhzfzg,0,0,1,1,0,1,0,1,0,1,0
ZTF22abibndr,0,0,1,1,0,1,0,1,0,1,0
ZTF22abibzdd,0,1,0,1,0,1,0,0,1,1,0
ZTF22abicotn,0,1,0,1,0,0,1,1,0,1,0
ZTF22abicrqq,1,0,0,0,0,0,0,0,0,0,0
ZTF22abicxpy,0,1,0,1,0,0,1,1,0,1,0
ZTF22abidcdv,1,0,0,0,0,0,0,0,0,0,0
ZTF22abieijj,0,1,0,1,0,1,0,0,1,1,0
ZTF22abiejdn,0,0,1,1,0,1,0,1,0,1,0
ZTF22abiejdu,0,1,0,1,0,1,0,1,0,0,1
ZTF22abieqzx,1,0,0,0,0,0,0,0,0,0,0
ZTF22abieswf,0,1,0,1,0,1,0,1,0,0,1
ZTF22abifgwl,0,0,1,1,0,1,0,1,0,1,0
ZTF22abigtie,0,1,0,1,0,1,0,1,0,0,1
ZTF22abiiton,1,0,0,0,0,0,0,0,0,0,0
ZTF22abijklw,0,1,0,1,0,1,0,1,0,0,1
ZTF22abijqiw,1,0,0,0,0,0,0,0,0,0,0
ZTF22abilkvx,0,1,0,0,1,1,0,1,0,1,0
ZTF22abilpvr,1,0,0,0,0,0,0,0,0,0,0
ZTF22abimovj,0,1,0,1,0,1,0,0,1,1,0
ZTF22abiozoc,0,0,1,1,0,1,0,1,0,1,0
ZTF22abipihb,1,0,0,0,0,0,0,0,0,0,0
ZTF22abipofz,0,1,0,0,1,1,0,1,0,1,0
ZTF22abipvng,1,0,0,0,0,0,0,0,0,0,0
ZTF22abirnij,0,1,0,1,0,0,1,1,0,1,0
ZTF22abissuo,1,0,0,0,0,0,0,0,0,0,0
ZTF22abitddb,1,0,0,0,0,0,0,0,0,0,0
ZTF22abitewv,1,0,0,0,0,0,0,0,0,0,0
ZTF22abitweg,0,1,0,0,1,1,0,1,0,1,0
ZTF22abivfmg,0,1,0,0,1,1,0,1,0,1,0
ZTF22abivkuq,0,1,0,0,1,1,0,1,0,1,0
ZTF22abiwwyf,0,1,0,1,0,0,1,1,0,1,0
ZTF22abixbfl,0,1,0,1,0,1,0,1,0,0,1
ZTF22abixvkg,1,0,0,0,0,0,0,0,0,0,0
ZTF22abiyrwn,0,1,0,1,0,1,0,0,1,1,0
ZTF22abiysva,0,1,0,1,0,1,0,0,1,1,0
ZTF22abiyukq,0,1,0,1,0,0,1,1,0,1,0
ZTF22abizgac,0,1,0,1,0,1,0,0,1,1,0
ZTF22abizuah,1,0,0,0,0,0,0,0,0,0,0
ZTF22abjadxw,0,1,0,1,0,0,1,1,0,1,0
ZTF22abjadzu,0,1,0,1,0,1,0,1,0,0,1
ZTF22abjagjl,0,1,0,0,1,1,0,1,0,1,0
ZTF22abjaqoq,0,0,1,1,0,1,0,1,0,1,0
ZTF22abjbvwz,0,1,0,1,0,1,0,1,0,0,1
ZTF22abjbyxm,1,0,0,0,0,0,0,0,0,0,0
ZTF22abjcijc,1,0,0,0,0,0,0,0,0,0,0
ZTF22abjcikz,0,1,0,1,0,1,0,0,1,1,0
ZTF22abjcmlu,1,0,0,0,0,0,0,0,0,0,0
ZTF22abjcnak,0,1,0,0,1,1,0,1,0,1,0
ZTF22abjcrao,0,1,0,1,0,1,0,1,0,0,1
ZTF22abjcrmi,0,1,0,1,0,1,0,1,0,0,1
ZTF22abjcsns,0,1,0,1,0,1,0,1,0,0,1
ZTF22abjcxuf,0,1,0,1,0,0,1,1,0,1,0
ZTF22abjcybj,0,1,0,1,0,0,1,1,0,1,0
ZTF22abjcycd,0,1,0,1,0,1,0,0,1,1,0
ZTF22abjczdz,0,0,1,1,0,1,0,1,0,1,0
ZTF22abjdaiy,0,1,0,1,0,1,0,0,1,1,0
ZTF22abjddsq,0,1,0,1,0,1,0,1,0,0,1
ZTF22abjddsr,0,1,0,0,1,1,0,1,0,1,0
ZTF22abjddtt,0,1,0,1,0,1,0,0,1,1,0
ZTF22abjddtz,0,1,0,0,1,1,0,1,0,1,0
ZTF22abjdejf,0,1,0,1,0,0,1,1,0,1,0
ZTF22abjdemi,0,1,0,1,0,1,0,1,0,0,1
ZTF22abjdenr,1,0,0,0,0,0,0,0,0,0,0
ZTF22abjdgto,0,1,0,0,1,1,0,1,0,1,0
ZTF22abjdkpv,0,1,0,1,0,0,1,1,0,1,0
ZTF22abjdpdo,0,0,1,1,0,1,0,1,0,1,0
ZTF22abjdpre,0,1,0,1,0,0,1,1,0,1,0
ZTF22abjedho,1,0,0,0,0,0,0,0,0,0,0
ZTF22abjeeqt,0,1,0,1,0,0,1,1,0,1,0
ZTF22abjfgas,0,1,0,1,0,1,0,0,1,1,0
ZTF22abjfixh,0,1,0,1,0,1,0,1,0,0,1
ZTF22abjfzoy,1,0,0,0,0,0,0,0,0,0,0
ZTF22abjimpe,0,1,0,0,1,1,0,1,0,1,0
ZTF22abjjftw,0,1,0,1,0,0,1,1,0,1,0
ZTF22abjjmoz,0,1,0,1,0,0,1,1,0,1,0
ZTF22abjmcqz,0,1,0,1,0,0,1,1,0,1,0
ZTF22abjmjyx,0,0,1,1,0,1,0,1,0,1,0
ZTF22abjmnne,1,0,0,0,0,0,0,0,0,0,0
ZTF22abjmrgx,1,0,0,0,0,0,0,0,0,0,0
ZTF22abjmzuu,0,1,0,1,0,1,0,1,0,0,1
ZTF22abjnfgp,0,1,0,1,0,0,1,1,0,1,0
ZTF22abjnixo,0,1,0,1,0,1,0,0,1,1,0
ZTF22abjpidv,0,1,0,1,0,0,1,1,0,1,0
ZTF22abjpiik,0,1,0,1,0,0,1,1,0,1,0
ZTF22abjpijo,0,1,0,1,0,1,0,0,1,1,0
ZTF22abjpiqv,0,0,1,1,0,1,0,1,0,1,0
ZTF22abjpixj,0,1,0,0,1,1,0,1,0,1,0
ZTF22abjqdgj,0,0,1,1,0,1,0,1,0,1,0
ZTF22abjrbpc,0,0,1,1,0,1,0,1,0,1,0
ZTF22abjrcte,0,0,1,1,0,1,0,1,0,1,0
ZTF22abjrrea,1,0,0,0,0,0,0,0,0,0,0
ZTF22abjrspq,0,1,0,1,0,1,0,1,0,0,1
ZTF22abjrypb,0,1,0,0,1,1,0,1,0,1,0
ZTF22abjtupn,0,0,1,1,0,1,0,1,0,1,0
ZTF22abjurtj,0,0,1,1,0,1,0,1,0,1,0
ZTF22abjuttl,0,0,1,1,0,1,0,1,0,1,0
ZTF22abjuwco,0,1,0,0,1,1,0,1,0,1,0
ZTF22abjuxtz,0,1,0,1,0,1,0,1,0,0,1
ZTF22abjvhur,0,1,0,1,0,0,1,1,0,1,0
ZTF22abjwplh,0,1,0,1,0,1,0,1,0,0,1
ZTF22abjxufr,0,0,1,1,0,1,0,1,0,1,0
ZTF22abjzsvv,0,0,1,1,0,1,0,1,0,1,0
ZTF22abjztwv,1,0,0,0,0,0,0,0,0,0,0
ZTF22abjztxa,1,0,0,0,0,0,0,0,0,0,0
ZTF22abjzukp,0,1,0,1,0,1,0,1,0,0,1
ZTF22abjzuwk,0,0,1,1,0,1,0,1,0,1,0
ZTF22abjzvkn,0,1,0,1,0,1,0,0,1,1,0
ZTF22abjzweh,0,1,0,0,1,1,0,1,0,1,0
ZTF22abjzwxf,0,1,0,1,0,1,0,0,1,1,0
ZTF22abjzxpr,0,1,0,1,0,1,0,1,0,0,1
ZTF22abkaaje,1,0,0,0,0,0,0,0,0,0,0
ZTF22abkannw,0,1,0,1,0,0,1,1,0,1,0
ZTF22abkaosy,0,1,0,1,0,1,0,1,0,0,1
ZTF22abkbfxy,0,1,0,1,0,1,0,0,1,1,0
ZTF22abkbgtz,1,0,0,0,0,0,0,0,0,0,0
ZTF22abkfhua,1,0,0,0,0,0,0,0,0,0,0
ZTF22abkfxnf,0,0,1,1,0,1,0,1,0,1,0
ZTF22abkhhza,1,0,0,0,0,0,0,0,0,0,0
ZTF22abkhnxn,0,1,0,1,0,1,0,1,0,0,1
ZTF22abkhopj,1,0,0,0,0,0,0,0,0,0,0
ZTF22abkmnfd,0,1,0,1,0,1,0,0,1,1,0
ZTF22abkndvl,1,0,0,0,0,0,0,0,0,0,0
ZTF22abkppsx,0,1,0,0,1,1,0,1,0,1,0
ZTF22abkppta,0,0,1,1,0,1,0,1,0,1,0
ZTF22abkpstm,0,1,0,0,1,1,0,1,0,1,0
ZTF22abkqnkf,0,1,0,0,1,1,0,1,0,1,0
ZTF22abkruui,0,1,0,0,1,1,0,1,0,1,0
ZTF22abkseqn,0,1,0,1,0,0,1,1,0,1,0
ZTF22abksiol,0,1,0,1,0,0,1,1,0,1,0
ZTF22abksmqa,0,1,0,0,1,1,0,1,0,1,0
ZTF22abktrzv,0,0,1,1,0,1,0,1,0,1,0
ZTF22abkwgat,0,1,0,1,0,1,0,1,0,0,1
ZTF22abkwurn,0,0,1,1,0,1,0,1,0,1,0
ZTF22abkxbeo,0,1,0,1,0,1,0,0,1,1,0
ZTF22abkybyq,0,1,0,1,0,0,1,1,0,1,0
ZTF22abkyzjj,0,0,1,1,0,1,0,1,0,1,0
ZTF22abkzawc,0,1,0,0,1,1,0,1,0,1,0
ZTF22abkzogd,0,0,1,1,0,1,0,1,0,1,0
ZTF22abkzsdh,0,0,1,1,0,1,0,1,0,1,0
ZTF22abladrr,0,1,0,1,0,1,0,1,0,0,1
ZTF22ablbajx,0,0,1,1,0,1,0,1,0,1,0
ZTF22ablblxj,0,0,1,1,0,1,0,1,0,1,0
ZTF22ablbolm,0,1,0,0,1,1,0,1,0,1,0
ZTF22ablbuig,0,1,0,1,0,1,0,1,0,0,1
ZTF22ablcfaj,1,0,0,0,0,0,0,0,0,0,0
ZTF22ablcxuv,0,1,0,0,1,1,0,1,0,1,0
ZTF22ablhevd,1,0,0,0,0,0,0,0,0,0,0
ZTF22ablicly,0,1,0,1,0,0,1,1,0,1,0
ZTF22ablisaj,0,0,1,1,0,1,0,1,0,1,0
ZTF22ablmzqi,0,0,1,1,0,1,0,1,0,1,0
ZTF22ablnrcv,0,1,0,1,0,0,1,1,0,1,0
ZTF22ablnuan,0,1,0,1,0,1,0,1,0,0,1
ZTF22ablozmw,0,0,1,1,0,1,0,1,0,1,0
ZTF22ablpafa,1,0,0,0,0,0,0,0,0,0,0
ZTF22ablrmro,0,1,0,0,1,1,0,1,0,1,0
ZTF22ablrxce,0,1,0,1,0,1,0,1,0,0,1
ZTF22ablshxs,0,1,0,1,0,1,0,0,1,1,0
ZTF22ablugff,0,1,0,1,0,0,1,1,0,1,0
ZTF22abluqwo,0,1,0,0,1,1,0,1,0,1,0
ZTF22ablwinh,0,0,1,1,0,1,0,1,0,1,0
ZTF22ablwjfs,0,1,0,1,0,1,0,0,1,1,0
ZTF22ablxfkb,0,1,0,1,0,1,0,1,0,0,1
ZTF22ablxfsr,0,1,0,1,0,1,0,0,1,1,0
ZTF22abmbpil,0,1,0,1,0,0,1,1,0,1,0
ZTF22abmbwrc,0,1,0,1,0,1,0,1,0,0,1
ZTF22abmcnfz,0,1,0,1,0,1,0,1,0,0,1
ZTF22abmcnmz,0,1,0,1,0,1,0,0,1,1,0
ZTF22abmcpcp,0,1,0,1,0,1,0,1,0,0,1
ZTF22abmcsmf,0,1,0,0,1,1,0,1,0,1,0
ZTF22abmcyun,0,1,0,1,0,0,1,1,0,1,0
ZTF22abmgtwq,0,1,0,1,0,1,0,0,1,1,0
ZTF22abmibox,0,1,0,1,0,0,1,1,0,1,0
ZTF22abmidoh,1,0,0,0,0,0,0,0,0,0,0
ZTF22abmidxq,0,1,0,1,0,1,0,1,0,0,1
ZTF22abmiewv,0,1,0,1,0,1,0,1,0,0,1
ZTF22abmiilh,0,0,1,1,0,1,0,1,0,1,0
ZTF22abmkqqu,1,0,0,0,0,0,0,0,0,0,0
ZTF22abmktbt,0,0,1,1,0,1,0,1,0,1,0
ZTF22abmleiq,0,1,0,1,0,1,0,0,1,1,0
ZTF22abmnhau,0,1,0,0,1,1,0,1,0,1,0
ZTF22abmnqbp,0,1,0,0,1,1,0,1,0,1,0
ZTF22abmnqvw,1,0,0,0,0,0,0,0,0,0,0
ZTF22abmnyrw,0,0,1,1,0,1,0,1,0,1,0
ZTF22abmnzls,1,0,0,0,0,0,0,0,0,0,0
ZTF22abmqepk,1,0,0,0,0,0,0,0,0,0,0
ZTF22abmqhdv,0,1,0,0,1,1,0,1,0,1,0
ZTF22abmqlre,0,1,0,0,1,1,0,1,0,1,0
ZTF22abmqxyl,0,1,0,1,0,1,0,0,1,1,0
ZTF22abmrfth,0,1,0,1,0,1,0,1,0,0,1
ZTF22abmruqz,0,1,0,1,0,1,0,0,1,1,0
ZTF22abmtaai,1,0,0,0,0,0,0,0,0,0,0
ZTF22abmtnaw,0,0,1,1,0,1,0,1,0,1,0
ZTF22abmtvkw,0,1,0,1,0,0,1,1,0,1,0
ZTF22abmtzzg,1,0,0,0,0,0,0,0,0,0,0
ZTF22abmuaiu,1,0,0,0,0,0,0,0,0,0,0
ZTF22abmwonm,0,1,0,1,0,0,1,1,0,1,0
ZTF22abmxgzp,0,1,0,1,0,1,0,1,0,0,1
ZTF22abmxivl,0,1,0,1,0,1,0,1,0,0,1
ZTF22abmxsoc,0,1,0,1,0,0,1,1,0,1,0
ZTF22abmxzxm,1,0,0,0,0,0,0,0,0,0,0
ZTF22abmzfjc,1,0,0,0,0,0,0,0,0,0,0
ZTF22abmzkma,0,1,0,0,1,1,0,1,0,1,0
ZTF22abmzmyq,0,1,0,1,0,1,0,1,0,0,1
ZTF22abmznde,0,1,0,1,0,1,0,1,0,0,1
ZTF22abmznmg,0,1,0,1,0,1,0,1,0,0,1
ZTF22abmzqdk,0,0,1,1,0,1,0,1,0,1,0
ZTF22abmzran,1,0,0,0,0,0,0,0,0,0,0
ZTF22abmzrcg,0,1,0,1,0,0,1,1,0,1,0
ZTF22abmzvmi,0,1,0,1,0,1,0,0,1,1,0
ZTF22abnajgl,0,1,0,1,0,0,1,1,0,1,0
ZTF22abnakti,0,1,0,0,1,1,0,1,0,1,0
ZTF22abnbfxy,0,1,0,1,0,0,1,1,0,1,0
ZTF22abnehge,1,0,0,0,0,0,0,0,0,0,0
ZTF22abnehwq,0,1,0,0,1,1,0,1,0,1,0
ZTF22abnemvx,0,1,0,1,0,0,1,1,0,1,0
ZTF22abnenrg,0,0,1,1,0,1,0,1,0,1,0
ZTF22abnezom,0,1,0,0,1,1,0,1,0,1,0
ZTF22abnfgcn,0,1,0,0,1,1,0,1,0,1,0
ZTF22abnfgms,0,1,0,1,0,1,0,1,0,0,1
ZTF22abnfjsm,0,1,0,1,0,0,1,1,0,1,0
ZTF22abnfpfb,1,0,0,0,0,0,0,0,0,0,0
ZTF22abngchw,0,1,0,1,0,1,0,1,0,0,1
ZTF22abngfgl,0,0,1,1,0,1,0,1,0,1,0
ZTF22abngjlt,0,0,1,1,0,1,0,1,0,1,0
ZTF22abngpcb,0,0,1,1,0,1,0,1,0,1,0
ZTF22abnhaab,0,1,0,1,0,1,0,0,1,1,0
ZTF22abnhdyx,0,1,0,1,0,1,0,0,1,1,0
ZTF22abniami,1,0,0,0,0,0,0,0,0,0,0
ZTF22abnmmvz,0,1,0,0,1,1,0,1,0,1,0
ZTF22abnmpwx,0,0,1,1,0,1,0,1,0,1,0
ZTF22abnmsgl,1,0,0,0,0,0,0,0,0,0,0
ZTF22abnmstj,0,1,0,1,0,1,0,1,0,0,1
ZTF22abnmygz,0,1,0,1,0,1,0,0,1,1,0
ZTF22abnnaud,0,1,0,0,1,1,0,1,0,1,0
ZTF22abnoamd,1,0,0,0,0,0,0,0,0,0,0
ZTF22abnocvd,0,1,0,1,0,0,1,1,0,1,0
ZTF22abnoduq,0,1,0,1,0,0,1,1,0,1,0
ZTF22abnoiuz,0,1,0,0,1,1,0,1,0,1,0
ZTF22abnoofs,0,1,0,1,0,0,1,1,0,1,0
ZTF22abnpdkn,0,1,0,1,0,1,0,1,0,0,1
ZTF22abnpdqx,0,0,1,1,0,1,0,1,0,1,0
ZTF22abnpdtf,0,0,1,1,0,1,0,1,0,1,0
ZTF22abnperq,0,1,0,0,1,1,0,1,0,1,0
ZTF22abnpnsf,1,0,0,0,0,0,0,0,0,0,0
ZTF22abnpzqu,1,0,0,0,0,0,0,0,0,0,0
ZTF22abnqaof,0,1,0,1,0,0,1,1,0,1,0
ZTF22abnqasj,1,0,0,0,0,0,0,0,0,0,0
ZTF22abnqetk,0,1,0,0,1,1,0,1,0,1,0
ZTF22abnqewy,0,1,0,1,0,1,0,0,1,1,0
ZTF22abnqiyc,0,1,0,1,0,1,0,1,0,0,1
ZTF22abnqtty,0,1,0,1,0,1,0,1,0,0,1
ZTF22abnqurv,0,0,1,1,0,1,0,1,0,1,0
ZTF22abnraoz,1,0,0,0,0,0,0,0,0,0,0
ZTF22abnrmhh,0,1,0,1,0,1,0,0,1,1,0
ZTF22abnrvob,0,1,0,0,1,1,0,1,0,1,0
ZTF22abnrych,1,0,0,0,0,0,0,0,0,0,0
ZTF22abnsgbv,0,1,0,1,0,1,0,0,1,1,0
ZTF22abnsssk,0,0,1,1,0,1,0,1,0,1,0
ZTF22abnsxoj,0,1,0,1,0,0,1,1,0,1,0
ZTF22abntdem,0,0,1,1,0,1,0,1,0,1,0
ZTF22abntesc,0,1,0,1,0,0,1,1,0,1,0
ZTF22abnthwo,0,0,1,1,0,1,0,1,0,1,0
ZTF22abntiim,0,1,0,1,0,1,0,0,1,1,0
ZTF22abntvfh,0,1,0,1,0,1,0,1,0,0,1
ZTF22abntvsa,0,1,0,1,0,1,0,1,0,0,1
ZTF22abnuhux,0,0,1,1,0,1,0,1,0,1,0
ZTF22abnujbv,0,1,0,1,0,0,1,1,0,1,0
ZTF22abnvcja,0,1,0,0,1,1,0,1,0,1,0
ZTF22abnvkhm,0,1,0,0,1,1,0,1,0,1,0
ZTF22abnvktj,0,1,0,1,0,0,1,1,0,1,0
ZTF22abnvlhq,0,0,1,1,0,1,0,1,0,1,0
ZTF22abnvljq,0,1,0,1,0,1,0,0,1,1,0
ZTF22abnvnpd,1,0,0,0,0,0,0,0,0,0,0
ZTF22abnvogj,0,0,1,1,0,1,0,1,0,1,0
ZTF22abnvzhx,0,1,0,1,0,0,1,1,0,1,0
ZTF22abnwpdx,0,1,0,1,0,0,1,1,0,1,0
ZTF22abnwpmq,0,1,0,0,1,1,0,1,0,1,0
ZTF22abnwqaz,1,0,0,0,0,0,0,0,0,0,0
ZTF22abnwsmh,0,1,0,0,1,1,0,1,0,1,0
ZTF22abnwzip,0,1,0,1,0,1,0,0,1,1,0
ZTF22abnxuax,0,1,0,1,0,1,0,1,0,0,1
ZTF22abnyfjw,1,0,0,0,0,0,0,0,0,0,0
ZTF22abnzrjf,0,1,0,1,0,1,0,0,1,1,0
ZTF22abnzuxx,0,0,1,1,0,1,0,1,0,1,0
ZTF22aboacbv,0,1,0,1,0,1,0,0,1,1,0
ZTF22aboazlk,0,1,0,0,1,1,0,1,0,1,0
ZTF22abobflc,1,0,0,0,0,0,0,0,0,0,0
ZTF22abobgtm,0,1,0,1,0,1,0,0,1,1,0
ZTF22abobhhj,0,0,1,1,0,1,0,1,0,1,0
ZTF22abobhmn,0,0,1,1,0,1,0,1,0,1,0
ZTF22abobifm,1,0,0,0,0,0,0,0,0,0,0
ZTF22abobjlm,0,1,0,1,0,1,0,0,1,1,0
ZTF22abobtxl,1,0,0,0,0,0,0,0,0,0,0
ZTF22abodqjf,0,1,0,0,1,1,0,1,0,1,0
ZTF22aboeotz,0,1,0,1,0,1,0,0,1,1,0
ZTF22abofwgs,0,1,0,1,0,1,0,0,1,1,0
ZTF22abogacl,0,1,0,1,0,1,0,0,1,1,0
ZTF22abogbag,0,1,0,0,1,1,0,1,0,1,0
ZTF22aboggdp,0,1,0,1,0,1,0,0,1,1,0
ZTF22abohrft,0,1,0,1,0,0,1,1,0,1,0
ZTF22aboijtw,1,0,0,0,0,0,0,0,0,0,0
ZTF22aboisub,1,0,0,0,0,0,0,0,0,0,0
ZTF22aboiwvb,0,1,0,1,0,0,1,1,0,1,0
ZTF22aboiwvh,0,0,1,1,0,1,0,1,0,1,0
ZTF22aboixkn,0,1,0,1,0,1,0,0,1,1,0
ZTF22aboixkx,1,0,0,0,0,0,0,0,0,0,0
ZTF22aboixlf,0,1,0,1,0,0,1,1,0,1,0
ZTF22abojsix,0,1,0,1,0,1,0,0,1,1,0
ZTF22abojxqa,0,1,0,1,0,0,1,1,0,1,0
ZTF22abojynf,1,0,0,0,0,0,0,0,0,0,0
ZTF22abokdoq,0,1,0,1,0,1,0,0,1,1,0
ZTF22abokmby,0,1,0,0,1,1,0,1,0,1,0
ZTF22abokmmz,0,1,0,1,0,1,0,1,0,0,1
ZTF22abokowm,0,1,0,1,0,1,0,0,1,1,0
ZTF22abokyfg,0,1,0,1,0,0,1,1,0,1,0
ZTF22abokyjh,0,1,0,1,0,1,0,0,1,1,0
ZTF22abollhi,0,1,0,0,1,1,0,1,0,1,0
ZTF22abolmlc,1,0,0,0,0,0,0,0,0,0,0
ZTF22aboloxt,0,1,0,0,1,1,0,1,0,1,0
ZTF22abomczt,0,1,0,1,0,0,1,1,0,1,0
ZTF22abomdzq,1,0,0,0,0,0,0,0,0,0,0
ZTF22aboqxjt,0,1,0,1,0,1,0,1,0,0,1
ZTF22aborgxr,0,0,1,1,0,1,0,1,0,1,0
ZTF22aboxazy,0,1,0,1,0,1,0,0,1,1,0
ZTF22aboxvzc,0,0,1,1,0,1,0,1,0,1,0
ZTF22abpekod,0,1,0,1,0,0,1,1,0,1,0
ZTF22abpgkpp,0,1,0,1,0,1,0,1,0,0,1
ZTF22abphhyh,0,0,1,1,0,1,0,1,0,1,0
ZTF22abpiiha,1,0,0,0,0,0,0,0,0,0,0
ZTF22abpimdj,1,0,0,0,0,0,0,0,0,0,0
ZTF22abpionc,0,1,0,1,0,1,0,1,0,0,1
ZTF22abpknfr,0,1,0,0,1,1,0,1,0,1,0
ZTF22abpknnh,0,1,0,0,1,1,0,1,0,1,0
ZTF22abpknyy,0,1,0,1,0,1,0,0,1,1,0
ZTF22abpkygh,0,1,0,1,0,0,1,1,0,1,0
ZTF22abplazd,0,1,0,0,1,1,0,1,0,1,0
ZTF22abplfmz,1,0,0,0,0,0,0,0,0,0,0
ZTF22abplfsr,0,0,1,1,0,1,0,1,0,1,0
ZTF22abpllnf,0,1,0,0,1,1,0,1,0,1,0
ZTF22abpllsm,0,1,0,0,1,1,0,1,0,1,0
ZTF22abpluar,0,1,0,1,0,1,0,1,0,0,1
ZTF22abpmbdo,0,1,0,1,0,1,0,0,1,1,0
ZTF22abpmeai,0,1,0,1,0,1,0,1,0,0,1
ZTF22abpnjni,0,1,0,1,0,1,0,0,1,1,0
ZTF22abpnnge,0,1,0,1,0,1,0,1,0,0,1
ZTF22abpooes,0,1,0,1,0,0,1,1,0,1,0
ZTF22abposlk,1,0,0,0,0,0,0,0,0,0,0
ZTF22abproes,1,0,0,0,0,0,0,0,0,0,0
ZTF22abpszzl,0,0,1,1,0,1,0,1,0,1,0
ZTF22abpuany,0,1,0,1,0,1,0,1,0,0,1
ZTF22abpuaxl,1,0,0,0,0,0,0,0,0,0,0
ZTF22abpuhfk,0,1,0,1,0,1,0,1,0,0,1
ZTF22abpuknk,0,1,0,0,1,1,0,1,0,1,0
ZTF22abpusrt,0,0,1,1,0,1,0,1,0,1,0
ZTF22abputaw,0,1,0,1,0,1,0,0,1,1,0
ZTF22abpvilm,0,1,0,1,0,1,0,0,1,1,0
ZTF22abpvjzl,1,0,0,0,0,0,0,0,0,0,0
ZTF22abpvknd,0,1,0,1,0,1,0,0,1,1,0
ZTF22abpvoco,0,1,0,0,1,1,0,1,0,1,0
ZTF22abpvvfu,0,0,1,1,0,1,0,1,0,1,0
ZTF22abpvvyk,0,1,0,1,0,1,0,1,0,0,1
ZTF22abpvwsn,0,0,1,1,0,1,0,1,0,1,0
ZTF22abpvyoz,0,1,0,1,0,1,0,1,0,0,1
ZTF22abpwdmm,0,0,1,1,0,1,0,1,0,1,0
ZTF22abpwdzj,0,1,0,1,0,0,1,1,0,1,0
ZTF22abpwhae,0,1,0,1,0,0,1,1,0,1,0
ZTF22abpyder,1,0,0,0,0,0,0,0,0,0,0
ZTF22abpyytc,0,1,0,1,0,1,0,0,1,1,0
ZTF22abqaeac,0,0,1,1,0,1,0,1,0,1,0
ZTF22abqaohu,1,0,0,0,0,0,0,0,0,0,0
ZTF22abqaork,0,1,0,0,1,1,0,1,0,1,0
ZTF22abqaphs,1,0,0,0,0,0,0,0,0,0,0
ZTF22abqaqqd,0,1,0,0,1,1,0,1,0,1,0
ZTF22abqazhy,0,1,0,0,1,1,0,1,0,1,0
ZTF22abqbcwl,0,1,0,1,0,0,1,1,0,1,0
ZTF22abqbfdo,0,1,0,1,0,1,0,1,0,0,1
ZTF22abqcfbv,0,0,1,1,0,1,0,1,0,1,0
ZTF22abqcqfs,0,1,0,1,0,0,1,1,0,1,0
ZTF22abqcruf,0,1,0,1,0,0,1,1,0,1,0
ZTF22abqempf,0,1,0,1,0,1,0,1,0,0,1
ZTF22abqerry,1,0,0,0,0,0,0,0,0,0,0
ZTF22abqeskz,0,1,0,1,0,1,0,1,0,0,1
ZTF22abqgvkn,0,0,1,1,0,1,0,1,0,1,0
ZTF22abqhhnd,0,1,0,0,1,1,0,1,0,1,0
ZTF22abqhnns,0,0,1,1,0,1,0,1,0,1,0
ZTF22abqiiom,0,1,0,1,0,1,0,1,0,0,1
ZTF22abqiyik,0,1,0,1,0,0,1,1,0,1,0
ZTF22abqjvkz,1,0,0,0,0,0,0,0,0,0,0
ZTF22abqjwhx,0,0,1,1,0,1,0,1,0,1,0
ZTF22abqkzzd,0,0,1,1,0,1,0,1,0,1,0
ZTF22abqlvwd,0,1,0,1,0,0,1,1,0,1,0
ZTF22abqmcxj,1,0,0,0,0,0,0,0,0,0,0
ZTF22abqmiww,0,1,0,1,0,1,0,0,1,1,0
ZTF22abqmmkg,0,1,0,1,0,0,1,1,0,1,0
ZTF22abqmovi,0,1,0,1,0,0,1,1,0,1,0
ZTF22abqmucg,0,1,0,1,0,1,0,1,0,0,1
ZTF22abqmuko,0,1,0,1,0,1,0,0,1,1,0
ZTF22abqmvpx,0,1,0,1,0,0,1,1,0,1,0
ZTF22abqnocd,0,1,0,1,0,0,1,1,0,1,0
ZTF22abqnzhs,1,0,0,0,0,0,0,0,0,0,0
ZTF22abqoubb,0,1,0,1,0,0,1,1,0,1,0
ZTF22abqouwl,0,1,0,1,0,1,0,0,1,1,0
ZTF22abqpclr,0,1,0,1,0,1,0,1,0,0,1
ZTF22abqpcmv,0,1,0,1,0,1,0,0,1,1,0
ZTF22abqpdjt,0,1,0,0,1,1,0,1,0,1,0
ZTF22abqpdon,0,1,0,0,1,1,0,1,0,1,0
ZTF22abqpdwa,0,0,1,1,0,1,0,1,0,1,0
ZTF22abqqdsx,0,1,0,1,0,1,0,0,1,1,0
ZTF22abquuft,1,0,0,0,0,0,0,0,0,0,0
ZTF22abqvdte,0,1,0,1,0,1,0,0,1,1,0
ZTF22abqvpcl,0,1,0,1,0,0,1,1,0,1,0
ZTF22abqwvah,0,1,0,1,0,1,0,1,0,0,1
ZTF22abqwzli,0,1,0,1,0,0,1,1,0,1,0
ZTF22abqxgxo,1,0,0,0,0,0,0,0,0,0,0
ZTF22abraurg,0,1,0,0,1,1,0,1,0,1,0
ZTF22abrbmea,1,0,0,0,0,0,0,0,0,0,0
ZTF22abrborz,1,0,0,0,0,0,0,0,0,0,0
ZTF22abrchpn,0,1,0,1,0,1,0,1,0,0,1
ZTF22abrcuza,0,0,1,1,0,1,0,1,0,1,0
ZTF22abrdjly,0,1,0,1,0,0,1,1,0,1,0
ZTF22abremov,0,1,0,0,1,1,0,1,0,1,0
ZTF22abreukn,1,0,0,0,0,0,0,0,0,0,0
ZTF22abreusl,0,1,0,1,0,0,1,1,0,1,0
ZTF22abreygx,1,0,0,0,0,0,0,0,0,0,0
ZTF22abrezqt,1,0,0,0,0,0,0,0,0,0,0
ZTF22abrfdnb,0,1,0,1,0,0,1,1,0,1,0
ZTF22abrfuul,1,0,0,0,0,0,0,0,0,0,0
ZTF22abrhere,0,0,1,1,0,1,0,1,0,1,0
ZTF22abrhqxg,0,1,0,1,0,0,1,1,0,1,0
ZTF22abrhqxu,0,1,0,1,0,1,0,0,1,1,0
ZTF22abrhrzb,0,1,0,1,0,0,1,1,0,1,0
ZTF22abrhtez,0,1,0,1,0,1,0,1,0,0,1
ZTF22abrigpi,0,1,0,1,0,0,1,1,0,1,0
ZTF22abrlgtl,1,0,0,0,0,0,0,0,0,0,0
ZTF22abrlspq,0,0,1,1,0,1,0,1,0,1,0
ZTF22abrnfca,0,1,0,0,1,1,0,1,0,1,0
ZTF22abrpbld,0,1,0,1,0,1,0,1,0,0,1
ZTF22abrpgaq,0,1,0,1,0,1,0,1,0,0,1
ZTF22abrpgdc,0,1,0,0,1,1,0,1,0,1,0
ZTF22abrpuvy,0,0,1,1,0,1,0,1,0,1,0
ZTF22abrpwsu,0,0,1,1,0,1,0,1,0,1,0
ZTF22abrqkfw,0,0,1,1,0,1,0,1,0,1,0
ZTF22abrqxiw,0,1,0,1,0,1,0,0,1,1,0
ZTF22abrredj,0,1,0,1,0,0,1,1,0,1,0
ZTF22abrreei,0,1,0,0,1,1,0,1,0,1,0
ZTF22abrstnw,0,1,0,1,0,1,0,1,0,0,1
ZTF22abrsymr,0,1,0,1,0,1,0,1,0,0,1
ZTF22abrtmag,0,1,0,1,0,1,0,1,0,0,1
ZTF22abrulad,0,0,1,1,0,1,0,1,0,1,0
ZTF22abrvrit,0,1,0,1,0,1,0,0,1,1,0
ZTF22abrzlrf,0,1,0,1,0,1,0,1,0,0,1
ZTF22abrzoij,0,1,0,1,0,1,0,1,0,0,1
ZTF22absajwf,0,1,0,1,0,1,0,1,0,0,1
ZTF22absbjzk,1,0,0,0,0,0,0,0,0,0,0
ZTF22absdeqs,0,1,0,1,0,1,0,0,1,1,0
ZTF22absdkag,0,1,0,1,0,1,0,1,0,0,1
ZTF22absdloi,0,1,0,0,1,1,0,1,0,1,0
ZTF22absgukw,1,0,0,0,0,0,0,0,0,0,0
ZTF22absgxbf,0,0,1,1,0,1,0,1,0,1,0
ZTF22abskhif,0,1,0,0,1,1,0,1,0,1,0
ZTF22abskhjj,0,1,0,1,0,1,0,0,1,1,0
ZTF22abslrzx,0,1,0,1,0,1,0,0,1,1,0
ZTF22absluuj,0,1,0,1,0,0,1,1,0,1,0
ZTF22absmdlk,0,0,1,1,0,1,0,1,0,1,0
ZTF22absmlex,0,1,0,1,0,1,0,1,0,0,1
ZTF22absorqy,0,1,0,0,1,1,0,1,0,1,0
ZTF22absouwj,0,0,1,1,0,1,0,1,0,1,0
ZTF22absqplm,0,1,0,0,1,1,0,1,0,1,0
ZTF22absqpsa,0,1,0,1,0,1,0,0,1,1,0
ZTF22absrwef,0,0,1,1,0,1,0,1,0,1,0
ZTF22abssicb,0,1,0,1,0,1,0,1,0,0,1
ZTF22absskbp,1,0,0,0,0,0,0,0,0,0,0
ZTF22absstju,0,0,1,1,0,1,0,1,0,1,0
ZTF22abssvgd,0,1,0,0,1,1,0,1,0,1,0
ZTF22abssxuw,0,1,0,1,0,1,0,0,1,1,0
ZTF22abssydd,0,1,0,0,1,1,0,1,0,1,0
ZTF22abswuoz,1,0,0,0,0,0,0,0,0,0,0
ZTF22abswzyp,0,0,1,1,0,1,0,1,0,1,0
ZTF22absxcsq,1,0,0,0,0,0,0,0,0,0,0
ZTF22absxfeo,0,1,0,1,0,1,0,0,1,1,0
ZTF22absxxub,0,1,0,1,0,1,0,0,1,1,0
ZTF22absxylt,0,1,0,1,0,1,0,0,1,1,0
ZTF22absyhzl,0,1,0,0,1,1,0,1,0,1,0
ZTF22abtazfs,0,0,1,1,0,1,0,1,0,1,0
ZTF22abtbizh,0,1,0,0,1,1,0,1,0,1,0
ZTF22abtbkuz,0,1,0,0,1,1,0,1,0,1,0
ZTF22abtbpah,1,0,0,0,0,0,0,0,0,0,0
ZTF22abtbpfz,0,1,0,1,0,1,0,0,1,1,0
ZTF22abtbrli,0,1,0,1,0,1,0,0,1,1,0
ZTF22abtbsdn,0,1,0,1,0,1,0,0,1,1,0
ZTF22abtbskd,0,1,0,1,0,0,1,1,0,1,0
ZTF22abtbzsh,0,1,0,0,1,1,0,1,0,1,0
ZTF22abtcphd,0,1,0,1,0,0,1,1,0,1,0
ZTF22abtctvo,0,1,0,1,0,0,1,1,0,1,0
ZTF22abtcyin,0,1,0,0,1,1,0,1,0,1,0
ZTF22abtcyiu,0,1,0,1,0,0,1,1,0,1,0
ZTF22abtczqs,0,0,1,1,0,1,0,1,0,1,0
ZTF22abtdacl,0,1,0,1,0,1,0,1,0,0,1
ZTF22abtdafo,0,0,1,1,0,1,0,1,0,1,0
ZTF22abtddek,1,0,0,0,0,0,0,0,0,0,0
ZTF22abtdoxf,0,1,0,1,0,1,0,1,0,0,1
ZTF22abtdrqn,1,0,0,0,0,0,0,0,0,0,0
ZTF22abtdstb,0,1,0,1,0,1,0,0,1,1,0
ZTF22abtdula,0,1,0,1,0,1,0,1,0,0,1
ZTF22abtdzyw,0,1,0,1,0,1,0,1,0,0,1
ZTF22abtejqc,0,1,0,1,0,1,0,0,1,1,0
ZTF22abteqjz,1,0,0,0,0,0,0,0,0,0,0
ZTF22abteujl,1,0,0,0,0,0,0,0,0,0,0
ZTF22abtfbde,0,1,0,0,1,1,0,1,0,1,0
ZTF22abtfczg,1,0,0,0,0,0,0,0,0,0,0
ZTF22abtfvkc,0,1,0,0,1,1,0,1,0,1,0
ZTF22abtfvob,1,0,0,0,0,0,0,0,0,0,0
ZTF22abtfylh,0,0,1,1,0,1,0,1,0,1,0
ZTF22abtfytd,1,0,0,0,0,0,0,0,0,0,0
ZTF22abtguwe,1,0,0,0,0,0,0,0,0,0,0
ZTF22abtgvbj,0,1,0,1,0,0,1,1,0,1,0
ZTF22abtgvji,0,0,1,1,0,1,0,1,0,1,0
ZTF22abtgwhi,0,1,0,1,0,0,1,1,0,1,0
ZTF22abtgwjr,0,1,0,0,1,1,0,1,0,1,0
ZTF22abtgxnl,0,0,1,1,0,1,0,1,0,1,0
ZTF22abthftk,1,0,0,0,0,0,0,0,0,0,0
ZTF22abthgad,0,1,0,1,0,0,1,1,0,1,0
ZTF22abthhpk,0,1,0,0,1,1,0,1,0,1,0
ZTF22abthtly,0,1,0,0,1,1,0,1,0,1,0
ZTF22abthvif,0,1,0,0,1,1,0,1,0,1,0
ZTF22abtjvxv,0,1,0,1,0,0,1,1,0,1,0
ZTF22abtjzwx,0,1,0,1,0,0,1,1,0,1,0
ZTF22abtkkyg,0,1,0,1,0,0,1,1,0,1,0
ZTF22abtklpc,0,1,0,1,0,1,0,1,0,0,1
ZTF22abtklrh,1,0,0,0,0,0,0,0,0,0,0
ZTF22abtkznl,0,1,0,1,0,1,0,0,1,1,0
ZTF22abtkzzo,0,1,0,0,1,1,0,1,0,1,0
ZTF22abtlaew,0,1,0,1,0,0,1,1,0,1,0
ZTF22abtldyu,0,1,0,1,0,1,0,0,1,1,0
ZTF22abtlggc,0,1,0,1,0,1,0,1,0,0,1
ZTF22abtlsal,0,1,0,1,0,0,1,1,0,1,0
ZTF22abtlsxw,0,0,1,1,0,1,0,1,0,1,0
ZTF22abtmfku,0,1,0,1,0,1,0,0,1,1,0
ZTF22abtmvjb,0,0,1,1,0,1,0,1,0,1,0
ZTF22abtncds,0,1,0,1,0,1,0,0,1,1,0
ZTF22abtnflt,0,0,1,1,0,1,0,1,0,1,0
ZTF22abtnhor,0,1,0,1,0,0,1,1,0,1,0
ZTF22abtolya,0,0,1,1,0,1,0,1,0,1,0
ZTF22abtomjf,0,1,0,1,0,1,0,0,1,1,0
ZTF22abtomjq,0,0,1,1,0,1,0,1,0,1,0
ZTF22abtomng,0,1,0,1,0,1,0,1,0,0,1
ZTF22abtomri,0,1,0,1,0,0,1,1,0,1,0
ZTF22abtonlu,1,0,0,0,0,0,0,0,0,0,0
ZTF22abtonok,0,1,0,1,0,1,0,1,0,0,1
ZTF22abtonpn,1,0,0,0,0,0,0,0,0,0,0
ZTF22abtopdn,0,1,0,1,0,0,1,1,0,1,0
ZTF22abtosde,0,1,0,1,0,1,0,1,0,0,1
ZTF22abtovgb,0,1,0,1,0,1,0,1,0,0,1
ZTF22abtowei,0,0,1,1,0,1,0,1,0,1,0
ZTF22abtpnos,1,0,0,0,0,0,0,0,0,0,0
ZTF22abtppew,1,0,0,0,0,0,0,0,0,0,0
ZTF22abtpqay,0,1,0,1,0,1,0,0,1,1,0
ZTF22abtpqjm,1,0,0,0,0,0,0,0,0,0,0
ZTF22abtpuiv,0,1,0,1,0,1,0,1,0,0,1
ZTF22abtqjod,0,1,0,1,0,0,1,1,0,1,0
ZTF22abtrcdd,0,1,0,1,0,1,0,0,1,1,0
ZTF22abtslvh,1,0,0,0,0,0,0,0,0,0,0
ZTF22abtsoyp,0,1,0,0,1,1,0,1,0,1,0
ZTF22abtspcm,0,0,1,1,0,1,0,1,0,1,0
ZTF22abtspwo,0,1,0,0,1,1,0,1,0,1,0
ZTF22abtstuo,0,1,0,1,0,1,0,0,1,1,0
ZTF22abtsuzt,0,1,0,0,1,1,0,1,0,1,0
ZTF22abttupc,1,0,0,0,0,0,0,0,0,0,0
ZTF22abttvrg,0,0,1,1,0,1,0,1,0,1,0
ZTF22abttzvv,0,1,0,1,0,1,0,1,0,0,1
ZTF22abtuagp,0,0,1,1,0,1,0,1,0,1,0
ZTF22abtusoj,0,1,0,1,0,1,0,0,1,1,0
ZTF22abtutjt,0,1,0,1,0,0,1,1,0,1,0
ZTF22abtuulw,0,1,0,0,1,1,0,1,0,1,0
ZTF22abtuytl,0,0,1,1,0,1,0,1,0,1,0
ZTF22abtvexk,0,0,1,1,0,1,0,1,0,1,0
ZTF22abtvizq,0,1,0,1,0,1,0,0,1,1,0
ZTF22abtwddp,0,1,0,1,0,1,0,0,1,1,0
ZTF22abtwflm,0,0,1,1,0,1,0,1,0,1,0
ZTF22abtwkfx,1,0,0,0,0,0,0,0,0,0,0
ZTF22abtwllh,1,0,0,0,0,0,0,0,0,0,0
ZTF22abtxixr,0,1,0,1,0,1,0,0,1,1,0
ZTF22abtzdss,0,1,0,1,0,0,1,1,0,1,0
ZTF22abtzexb,1,0,0,0,0,0,0,0,0,0,0
ZTF22abtzsks,1,0,0,0,0,0,0,0,0,0,0
ZTF22abuafhn,0,1,0,0,1,1,0,1,0,1,0
ZTF22abuaicp,0,1,0,0,1,1,0,1,0,1,0
ZTF22abuakxk,0,1,0,1,0,1,0,0,1,1,0
ZTF22abualsl,0,1,0,1,0,0,1,1,0,1,0
ZTF22abubfmi,1,0,0,0,0,0,0,0,0,0,0
ZTF22abugigx,0,1,0,0,1,1,0,1,0,1,0
ZTF22abuhhqn,0,1,0,0,1,1,0,1,0,1,0
ZTF22abunkiw,0,1,0,0,1,1,0,1,0,1,0
ZTF22abunmrt,0,1,0,1,0,1,0,0,1,1,0
ZTF22abunpmy,0,0,1,1,0,1,0,1,0,1,0
ZTF22abunqtv,0,0,1,1,0,1,0,1,0,1,0
ZTF22abupqlb,0,1,0,1,0,0,1,1,0,1,0
ZTF22abuqldu,0,1,0,1,0,0,1,1,0,1,0
ZTF22abuqlst,0,1,0,1,0,1,0,0,1,1,0
ZTF22abuqoar,0,0,1,1,0,1,0,1,0,1,0
ZTF22abuqqxy,0,1,0,1,0,1,0,0,1,1,0
ZTF22aburdjo,0,1,0,1,0,1,0,1,0,0,1
ZTF22aburirf,0,1,0,1,0,1,0,1,0,0,1
ZTF22aburwfj,0,0,1,1,0,1,0,1,0,1,0
ZTF22abusqxb,0,1,0,1,0,1,0,0,1,1,0
ZTF22abuszsr,0,1,0,1,0,1,0,0,1,1,0
ZTF22abutbne,1,0,0,0,0,0,0,0,0,0,0
ZTF22abutbvk,0,1,0,1,0,0,1,1,0,1,0
ZTF22abutcsd,0,1,0,1,0,1,0,0,1,1,0
ZTF22abutime,1,0,0,0,0,0,0,0,0,0,0
ZTF22abuwgqi,1,0,0,0,0,0,0,0,0,0,0
ZTF22abuygtu,0,0,1,1,0,1,0,1,0,1,0
ZTF22abuzwep,0,1,0,0,1,1,0,1,0,1,0
ZTF22abuzwmp,0,1,0,1,0,0,1,1,0,1,0
ZTF22abvaffe,0,1,0,1,0,1,0,0,1,1,0
ZTF22abvahrf,0,1,0,1,0,1,0,0,1,1,0
ZTF22abvajeu,0,1,0,1,0,1,0,0,1,1,0
ZTF22abvawkk,0,1,0,1,0,0,1,1,0,1,0
ZTF22abvawvh,1,0,0,0,0,0,0,0,0,0,0
ZTF22abvawwj,1,0,0,0,0,0,0,0,0,0,0
ZTF22abvaxqi,1,0,0,0,0,0,0,0,0,0,0
ZTF22abvbccq,0,0,1,1,0,1,0,1,0,1,0
ZTF22abvbgcb,0,0,1,1,0,1,0,1,0,1,0
ZTF22abvbhmb,0,1,0,1,0,1,0,1,0,0,1
ZTF22abvbjkl,0,1,0,1,0,0,1,1,0,1,0
ZTF22abvbzhv,1,0,0,0,0,0,0,0,0,0,0
ZTF22abvcbks,0,1,0,1,0,1,0,1,0,0,1
ZTF22abvcdsd,0,1,0,0,1,1,0,1,0,1,0
ZTF22abvcpnb,0,1,0,1,0,1,0,1,0,0,1
ZTF22abveydv,1,0,0,0,0,0,0,0,0,0,0
ZTF22abvficx,1,0,0,0,0,0,0,0,0,0,0
ZTF22abvftml,0,1,0,1,0,1,0,1,0,0,1
ZTF22abvfvqp,0,1,0,0,1,1,0,1,0,1,0
ZTF22abvgdvs,0,1,0,1,0,1,0,0,1,1,0
ZTF22abvgdzp,0,1,0,0,1,1,0,1,0,1,0
ZTF22abvggfb,1,0,0,0,0,0,0,0,0,0,0
ZTF22abvhavf,0,1,0,1,0,1,0,0,1,1,0
ZTF22abvhilg,0,1,0,0,1,1,0,1,0,1,0
ZTF22abvhjbj,0,1,0,1,0,0,1,1,0,1,0
ZTF22abvhzah,0,1,0,1,0,1,0,0,1,1,0
ZTF22abviihj,0,1,0,1,0,1,0,0,1,1,0
ZTF22abvjzpl,0,0,1,1,0,1,0,1,0,1,0
ZTF22abvjzry,1,0,0,0,0,0,0,0,0,0,0
ZTF22abvkjae,0,1,0,0,1,1,0,1,0,1,0
ZTF22abvllvy,0,1,0,1,0,1,0,1,0,0,1
ZTF22abvlpai,0,1,0,0,1,1,0,1,0,1,0
ZTF22abvlqrg,0,1,0,1,0,1,0,1,0,0,1
ZTF22abvluob,0,1,0,1,0,0,1,1,0,1,0
ZTF22abvlwjy,0,1,0,1,0,1,0,1,0,0,1
ZTF22abvlwkf,0,1,0,1,0,1,0,0,1,1,0
ZTF22abvlwll,1,0,0,0,0,0,0,0,0,0,0
ZTF22abvlxut,0,1,0,1,0,1,0,1,0,0,1
ZTF22abvmdos,0,1,0,1,0,0,1,1,0,1,0
ZTF22abvmeme,0,1,0,0,1,1,0,1,0,1,0
ZTF22abvmyxl,0,1,0,1,0,1,0,0,1,1,0
ZTF22abvmzmp,1,0,0,0,0,0,0,0,0,0,0
ZTF22abvnibg,0,0,1,1,0,1,0,1,0,1,0
ZTF22abvnodm,0,1,0,1,0,1,0,1,0,0,1
ZTF22abvnonf,0,1,0,0,1,1,0,1,0,1,0
ZTF22abvnvmt,1,0,0,0,0,0,0,0,0,0,0
ZTF22abvnvqe,0,1,0,0,1,1,0,1,0,1,0
ZTF22abvoazp,0,1,0,1,0,0,1,1,0,1,0
ZTF22abvobgi,0,1,0,1,0,1,0,0,1,1,0
ZTF22abvopgg,1,0,0,0,0,0,0,0,0,0,0
ZTF22abvrxkk,0,0,1,1,0,1,0,1,0,1,0
ZTF22abvtimu,0,1,0,0,1,1,0,1,0,1,0
ZTF22abvttjb,0,1,0,1,0,1,0,1,0,0,1
ZTF22abvuqsx,0,1,0,0,1,1,0,1,0,1,0
ZTF22abvuqzy,0,1,0,0,1,1,0,1,0,1,0
ZTF22abvvecm,1,0,0,0,0,0,0,0,0,0,0
ZTF22abvvgzb,0,1,0,1,0,1,0,1,0,0,1
ZTF22abvvpcm,0,0,1,1,0,1,0,1,0,1,0
ZTF22abwliez,0,1,0,1,0,1,0,1,0,0,1
ZTF22abwltfu,0,1,0,0,1,1,0,1,0,1,0
ZTF22abwrshs,0,0,1,1,0,1,0,1,0,1,0
ZTF22abwsyud,0,0,1,1,0,1,0,1,0,1,0
ZTF22abwszdf,0,1,0,1,0,0,1,1,0,1,0
ZTF22abwtopk,0,0,1,1,0,1,0,1,0,1,0
ZTF22abwtxuh,1,0,0,0,0,0,0,0,0,0,0
ZTF22abwtzld,0,1,0,0,1,1,0,1,0,1,0
ZTF22abwucrg,0,1,0,1,0,0,1,1,0,1,0
ZTF22abwujpf,0,1,0,1,0,1,0,1,0,0,1
ZTF22abwvaxr,0,1,0,1,0,1,0,1,0,0,1
ZTF22abwvnzf,0,1,0,0,1,1,0,1,0,1,0
ZTF22abxacvm,1,0,0,0,0,0,0,0,0,0,0
ZTF22abxaehs,0,0,1,1,0,1,0,1,0,1,0
ZTF22abxawtj,0,1,0,0,1,1,0,1,0,1,0
ZTF22abxaxlk,1,0,0,0,0,0,0,0,0,0,0
ZTF22abxbewi,1,0,0,0,0,0,0,0,0,0,0
ZTF22abxbgqk,0,1,0,1,0,1,0,0,1,1,0
ZTF22abxdvql,0,1,0,0,1,1,0,1,0,1,0
ZTF22abxeoye,0,1,0,1,0,1,0,1,0,0,1
ZTF22abxhwuz,0,1,0,1,0,0,1,1,0,1,0
ZTF22abxjdix,0,1,0,1,0,1,0,1,0,0,1
ZTF22abxjvtf,0,1,0,1,0,1,0,0,1,1,0
ZTF22abxkbth,0,1,0,1,0,1,0,0,1,1,0
ZTF22abxkfjy,0,1,0,1,0,1,0,1,0,0,1
ZTF22abxkklp,0,1,0,1,0,0,1,1,0,1,0
ZTF22abxkwbr,0,1,0,0,1,1,0,1,0,1,0
ZTF22abxldzk,0,1,0,1,0,0,1,1,0,1,0
ZTF22abxlfpv,0,0,1,1,0,1,0,1,0,1,0
ZTF22abxlgcn,0,1,0,1,0,1,0,0,1,1,0
ZTF22abxlnfu,0,0,1,1,0,1,0,1,0,1,0
ZTF22abxlnng,0,0,1,1,0,1,0,1,0,1,0
ZTF22abxmiyb,0,1,0,1,0,0,1,1,0,1,0
ZTF22abxmjnw,0,0,1,1,0,1,0,1,0,1,0
ZTF22abxmqgl,0,1,0,1,0,0,1,1,0,1,0
ZTF22abxmuux,0,1,0,1,0,1,0,1,0,0,1
ZTF22abxmuzg,0,1,0,0,1,1,0,1,0,1,0
ZTF22abxniov,1,0,0,0,0,0,0,0,0,0,0
ZTF22abxpykd,0,1,0,0,1,1,0,1,0,1,0
ZTF22abxqldo,1,0,0,0,0,0,0,0,0,0,0
ZTF22abxsocn,0,1,0,1,0,1,0,1,0,0,1
ZTF22abxssff,0,1,0,1,0,0,1,1,0,1,0
ZTF22abxwepy,0,0,1,1,0,1,0,1,0,1,0
ZTF22abxwjtj,0,1,0,1,0,1,0,0,1,1,0
ZTF22abxwkeu,0,0,1,1,0,1,0,1,0,1,0
ZTF22abxwshr,0,1,0,1,0,1,0,0,1,1,0
ZTF22abxxjan,0,1,0,1,0,1,0,1,0,0,1
ZTF22abxxnwi,0,0,1,1,0,1,0,1,0,1,0
ZTF22abxyymj,0,1,0,1,0,1,0,0,1,1,0
ZTF22abxzitc,0,1,0,1,0,1,0,0,1,1,0
ZTF22abyanxw,0,1,0,0,1,1,0,1,0,1,0
ZTF22abybzpn,0,1,0,0,1,1,0,1,0,1,0
ZTF22abycaxr,0,1,0,0,1,1,0,1,0,1,0
ZTF22abyckou,0,1,0,0,1,1,0,1,0,1,0
ZTF22abycrav,0,1,0,1,0,1,0,1,0,0,1
ZTF22abycswp,0,1,0,1,0,0,1,1,0,1,0
ZTF22abyctal,0,1,0,1,0,1,0,0,1,1,0
ZTF22abycyvn,1,0,0,0,0,0,0,0,0,0,0
ZTF22abyczme,0,1,0,1,0,1,0,1,0,0,1
ZTF22abyczmq,0,1,0,1,0,1,0,0,1,1,0
ZTF22abyczmu,1,0,0,0,0,0,0,0,0,0,0
ZTF22abyenxi,0,1,0,1,0,1,0,0,1,1,0
ZTF22abyfndg,0,1,0,1,0,1,0,0,1,1,0
ZTF22abygqje,1,0,0,0,0,0,0,0,0,0,0
ZTF22abyhfld,0,0,1,1,0,1,0,1,0,1,0
ZTF22abyhrrt,0,1,0,1,0,1,0,1,0,0,1
ZTF22abyhwyx,0,1,0,1,0,1,0,0,1,1,0
ZTF22abyhxlj,0,0,1,1,0,1,0,1,0,1,0
ZTF22abyiisu,0,1,0,0,1,1,0,1,0,1,0
ZTF22abyirfp,0,1,0,1,0,0,1,1,0,1,0
ZTF22abyiwwp,0,1,0,1,0,1,0,0,1,1,0
ZTF22abykjhi,0,0,1,1,0,1,0,1,0,1,0
ZTF22abykush,1,0,0,0,0,0,0,0,0,0,0
ZTF22abykwva,0,0,1,1,0,1,0,1,0,1,0
ZTF22abykygq,0,1,0,1,0,1,0,1,0,0,1
ZTF22abylkta,0,1,0,1,0,1,0,1,0,0,1
ZTF22abylqyc,0,1,0,1,0,1,0,1,0,0,1
ZTF22abylwbq,0,1,0,1,0,1,0,0,1,1,0
ZTF22abymicz,0,1,0,1,0,0,1,1,0,1,0
ZTF22abynlvk,0,1,0,1,0,1,0,0,1,1,0
ZTF22abynphp,0,1,0,1,0,1,0,0,1,1,0
ZTF22abyodaq,0,1,0,1,0,0,1,1,0,1,0
ZTF22abyogzx,0,0,1,1,0,1,0,1,0,1,0
ZTF22abyohff,0,0,1,1,0,1,0,1,0,1,0
ZTF22abyokjo,1,0,0,0,0,0,0,0,0,0,0
ZTF22abyokkf,0,1,0,1,0,0,1,1,0,1,0
ZTF22abyoklj,0,0,1,1,0,1,0,1,0,1,0
ZTF22abyoktg,0,1,0,1,0,0,1,1,0,1,0
ZTF22abyoltt,0,1,0,0,1,1,0,1,0,1,0
ZTF22abyomkn,1,0,0,0,0,0,0,0,0,0,0
ZTF22abyomoc,0,0,1,1,0,1,0,1,0,1,0
ZTF22abyopkb,0,0,1,1,0,1,0,1,0,1,0
ZTF22abyosof,0,1,0,0,1,1,0,1,0,1,0
ZTF22abypiqc,0,1,0,1,0,1,0,1,0,0,1
ZTF22abypiuq,0,0,1,1,0,1,0,1,0,1,0
ZTF22abypouw,1,0,0,0,0,0,0,0,0,0,0
ZTF22abypptn,0,1,0,0,1,1,0,1,0,1,0
ZTF22abyprkq,1,0,0,0,0,0,0,0,0,0,0
ZTF22abypujr,0,1,0,1,0,1,0,0,1,1,0
ZTF22abyqwub,0,1,0,1,0,0,1,1,0,1,0
ZTF22abyrcne,1,0,0,0,0,0,0,0,0,0,0
ZTF22abyrlaw,1,0,0,0,0,0,0,0,0,0,0
ZTF22abyrmtc,1,0,0,0,0,0,0,0,0,0,0
ZTF22abyrmzs,0,1,0,0,1,1,0,1,0,1,0
ZTF22abyrqec,0,1,0,1,0,0,1,1,0,1,0
ZTF22abysady,0,1,0,1,0,1,0,1,0,0,1
ZTF22abyspix,0,1,0,1,0,1,0,0,1,1,0
ZTF22abysqrl,1,0,0,0,0,0,0,0,0,0,0
ZTF22abyszwg,0,0,1,1,0,1,0,1,0,1,0
ZTF22abytbcx,0,1,0,1,0,1,0,1,0,0,1
ZTF22abytbpr,0,1,0,1,0,1,0,1,0,0,1
ZTF22abytqji,0,1,0,0,1,1,0,1,0,1,0
ZTF22abyttje,1,0,0,0,0,0,0,0,0,0,0
ZTF22abytwae,0,0,1,1,0,1,0,1,0,1,0
ZTF22abyuhwt,0,1,0,1,0,1,0,0,1,1,0
ZTF22abyuwxs,0,1,0,1,0,1,0,0,1,1,0
ZTF22abyuxkw,0,1,0,1,0,0,1,1,0,1,0
ZTF22abyuxll,0,1,0,0,1,1,0,1,0,1,0
ZTF22abyuxlq,0,1,0,1,0,1,0,0,1,1,0
ZTF22abyuxpm,0,1,0,1,0,1,0,1,0,0,1
ZTF22abyuxtg,0,1,0,1,0,1,0,1,0,0,1
ZTF22abyuydt,0,1,0,1,0,1,0,1,0,0,1
ZTF22abyvbem,0,0,1,1,0,1,0,1,0,1,0
ZTF22abyvglj,0,1,0,0,1,1,0,1,0,1,0
ZTF22abyvjgw,0,1,0,1,0,0,1,1,0,1,0
ZTF22abywcqk,0,1,0,1,0,1,0,1,0,0,1
ZTF22abywjrq,0,1,0,0,1,1,0,1,0,1,0
ZTF22abywkjn,1,0,0,0,0,0,0,0,0,0,0
ZTF22abyxmha,0,0,1,1,0,1,0,1,0,1,0
ZTF22abyxnrr,0,1,0,1,0,1,0,1,0,0,1
ZTF22abyyamy,1,0,0,0,0,0,0,0,0,0,0
ZTF22abyyaqm,1,0,0,0,0,0,0,0,0,0,0
ZTF22abyyaux,0,0,1,1,0,1,0,1,0,1,0
ZTF22abyybnn,0,1,0,1,0,0,1,1,0,1,0
ZTF22abyybqs,0,1,0,1,0,0,1,1,0,1,0
ZTF22abyybth,1,0,0,0,0,0,0,0,0,0,0
ZTF22abyyeke,0,1,0,1,0,1,0,0,1,1,0
ZTF22abyyftu,1,0,0,0,0,0,0,0,0,0,0
ZTF22abyymbh,0,1,0,1,0,0,1,1,0,1,0
ZTF22abyymku,0,0,1,1,0,1,0,1,0,1,0
ZTF22abyyqra,0,1,0,1,0,0,1,1,0,1,0
ZTF22abyytjo,0,1,0,1,0,1,0,0,1,1,0
ZTF22abyytzh,0,1,0,1,0,0,1,1,0,1,0
ZTF22abyyvav,0,1,0,0,1,1,0,1,0,1,0
ZTF22abyyyjc,0,1,0,1,0,1,0,0,1,1,0
ZTF22abyzcaf,0,1,0,0,1,1,0,1,0,1,0
ZTF22abyzedw,0,1,0,1,0,0,1,1,0,1,0
ZTF22abyzgwb,0,1,0,0,1,1,0,1,0,1,0
ZTF22abyzouv,0,1,0,0,1,1,0,1,0,1,0
ZTF22abyzvyi,0,1,0,0,1,1,0,1,0,1,0
ZTF22abzaelj,0,1,0,0,1,1,0,1,0,1,0
ZTF22abzaeoh,0,1,0,1,0,0,1,1,0,1,0
ZTF22abzafcz,0,1,0,1,0,1,0,1,0,0,1
ZTF22abzafhg,1,0,0,0,0,0,0,0,0,0,0
ZTF22abzaivm,0,1,0,1,0,0,1,1,0,1,0
ZTF22abzajbe,0,1,0,1,0,1,0,0,1,1,0
ZTF22abzajxf,0,0,1,1,0,1,0,1,0,1,0
ZTF22abzajzf,0,1,0,1,0,1,0,0,1,1,0
ZTF22abzamyn,0,1,0,1,0,1,0,0,1,1,0
ZTF22abzaqmu,0,1,0,1,0,1,0,0,1,1,0
ZTF22abzatea,0,0,1,1,0,1,0,1,0,1,0
ZTF22abzauar,1,0,0,0,0,0,0,0,0,0,0
ZTF22abzauci,0,1,0,1,0,1,0,1,0,0,1
ZTF22abzaudk,0,1,0,1,0,1,0,0,1,1,0
ZTF22abzawzq,1,0,0,0,0,0,0,0,0,0,0
ZTF22abzaxgy,0,0,1,1,0,1,0,1,0,1,0
ZTF22abzbhua,0,1,0,1,0,1,0,1,0,0,1
ZTF22abzbtja,0,1,0,1,0,0,1,1,0,1,0
ZTF22abzbtsl,0,1,0,0,1,1,0,1,0,1,0
ZTF22abzcafg,0,1,0,1,0,1,0,0,1,1,0
ZTF22abzcawq,0,0,1,1,0,1,0,1,0,1,0
ZTF22abzcbla,0,1,0,0,1,1,0,1,0,1,0
ZTF22abzcddg,0,1,0,0,1,1,0,1,0,1,0
ZTF22abzclmq,0,1,0,1,0,1,0,0,1,1,0
ZTF22abzdeel,0,0,1,1,0,1,0,1,0,1,0
ZTF22abzdhrz,0,1,0,0,1,1,0,1,0,1,0
ZTF22abzdngl,0,1,0,1,0,0,1,1,0,1,0
ZTF22abzdzek,1,0,0,0,0,0,0,0,0,0,0
ZTF22abzefkd,0,1,0,1,0,1,0,1,0,0,1
ZTF22abzfmws,0,0,1,1,0,1,0,1,0,1,0
ZTF22abzfqvc,0,1,0,1,0,0,1,1,0,1,0
ZTF22abzgdyg,0,1,0,1,0,1,0,1,0,0,1
ZTF22abzgext,0,1,0,1,0,0,1,1,0,1,0
ZTF22abzhdko,0,1,0,1,0,0,1,1,0,1,0
ZTF22abzhelv,0,0,1,1,0,1,0,1,0,1,0
ZTF22abzhqbt,0,0,1,1,0,1,0,1,0,1,0
ZTF22abzhtaw,0,0,1,1,0,1,0,1,0,1,0
ZTF22abzjcoz,0,1,0,1,0,0,1,1,0,1,0
ZTF22abzjicn,0,1,0,0,1,1,0,1,0,1,0
ZTF22abzjvls,0,1,0,0,1,1,0,1,0,1,0
ZTF22abzjwvb,0,1,0,1,0,1,0,1,0,0,1
ZTF22abzkbav,0,1,0,1,0,0,1,1,0,1,0
ZTF22abzkium,0,1,0,1,0,0,1,1,0,1,0
ZTF22abzmotf,0,0,1,1,0,1,0,1,0,1,0
ZTF22abzmrut,1,0,0,0,0,0,0,0,0,0,0
ZTF22abzmwmc,0,1,0,1,0,1,0,1,0,0,1
ZTF22abzoktr,1,0,0,0,0,0,0,0,0,0,0
ZTF22abzqwmp,0,1,0,1,0,1,0,1,0,0,1
ZTF22abzrbju,0,1,0,1,0,1,0,0,1,1,0
ZTF22abzrrpn,0,1,0,0,1,1,0,1,0,1,0
ZTF22abzryuu,0,1,0,0,1,1,0,1,0,1,0
ZTF22abzscpc,0,1,0,1,0,1,0,0,1,1,0
ZTF22abztbcm,0,0,1,1,0,1,0,1,0,1,0
ZTF22abztfvi,0,0,1,1,0,1,0,1,0,1,0
ZTF22abztgpt,0,0,1,1,0,1,0,1,0,1,0
ZTF22abztnst,1,0,0,0,0,0,0,0,0,0,0
ZTF22abzwebp,0,1,0,1,0,0,1,1,0,1,0
ZTF22abzwvui,1,0,0,0,0,0,0,0,0,0,0
ZTF22abzznmi,0,1,0,1,0,1,0,1,0,0,1
ZTF22abzzvtx,1,0,0,0,0,0,0,0,0,0,0
ZTF22abzzyjf,0,1,0,1,0,1,0,1,0,0,1
ZTF22abzzykw,0,1,0,1,0,1,0,1,0,0,1
ZTF22abzzzds,1,0,0,0,0,0,0,0,0,0,0
ZTF22acaaawe,1,0,0,0,0,0,0,0,0,0,0
ZTF22acaasdf,0,1,0,1,0,0,1,1,0,1,0
ZTF22acabkcr,1,0,0,0,0,0,0,0,0,0,0
ZTF22acabmva,0,1,0,1,0,0,1,1,0,1,0
ZTF22acadlqs,1,0,0,0,0,0,0,0,0,0,0
ZTF22acaebuh,0,1,0,1,0,1,0,0,1,1,0
ZTF22acaevap,0,1,0,0,1,1,0,1,0,1,0
ZTF22acaeybk,0,1,0,1,0,1,0,0,1,1,0
ZTF22acahomp,1,0,0,0,0,0,0,0,0,0,0
ZTF22acahqhn,0,1,0,0,1,1,0,1,0,1,0
ZTF22acahwzt,0,0,1,1,0,1,0,1,0,1,0
ZTF22acahyrk,0,1,0,0,1,1,0,1,0,1,0
ZTF22acahzks,1,0,0,0,0,0,0,0,0,0,0
ZTF22acaiamg,0,0,1,1,0,1,0,1,0,1,0
ZTF22acaiapy,1,0,0,0,0,0,0,0,0,0,0
ZTF22acaiasl,0,0,1,1,0,1,0,1,0,1,0
ZTF22acaidsm,0,1,0,1,0,1,0,1,0,0,1
ZTF22acailrl,0,1,0,1,0,1,0,0,1,1,0
ZTF22acailrr,0,1,0,1,0,0,1,1,0,1,0
ZTF22acailun,0,1,0,1,0,0,1,1,0,1,0
ZTF22acaimtb,0,0,1,1,0,1,0,1,0,1,0
ZTF22acaiozk,1,0,0,0,0,0,0,0,0,0,0
ZTF22acaiqcc,0,1,0,1,0,1,0,0,1,1,0
ZTF22acalffo,0,1,0,1,0,1,0,0,1,1,0
ZTF22acamdvt,0,1,0,1,0,0,1,1,0,1,0
ZTF22acamsbt,0,1,0,0,1,1,0,1,0,1,0
ZTF22acamuer,0,0,1,1,0,1,0,1,0,1,0
ZTF22acandlu,0,1,0,1,0,1,0,1,0,0,1
ZTF22acanyah,0,1,0,0,1,1,0,1,0,1,0
ZTF22acaqmfb,0,1,0,0,1,1,0,1,0,1,0
ZTF22acasxhq,0,1,0,1,0,0,1,1,0,1,0
ZTF22acatbpn,0,1,0,1,0,1,0,0,1,1,0
ZTF22acattrp,0,1,0,1,0,1,0,1,0,0,1
ZTF22acaumyt,0,1,0,1,0,1,0,1,0,0,1
ZTF22acaunuu,0,1,0,1,0,0,1,1,0,1,0
ZTF22acaunvs,0,1,0,0,1,1,0,1,0,1,0
ZTF22acaunvv,0,1,0,1,0,0,1,1,0,1,0
ZTF22acavbmh,0,1,0,0,1,1,0,1,0,1,0
ZTF22acaveqm,0,1,0,0,1,1,0,1,0,1,0
ZTF22acavrfm,0,1,0,1,0,0,1,1,0,1,0
ZTF22acavwko,0,0,1,1,0,1,0,1,0,1,0
ZTF22acavzbs,1,0,0,0,0,0,0,0,0,0,0
ZTF22acawdcn,0,1,0,1,0,1,0,0,1,1,0
ZTF22acawogb,1,0,0,0,0,0,0,0,0,0,0
ZTF22acawpwx,0,1,0,1,0,1,0,0,1,1,0
ZTF22acaympq,0,0,1,1,0,1,0,1,0,1,0
ZTF22acaynsu,1,0,0,0,0,0,0,0,0,0,0
ZTF22acazqbz,0,1,0,1,0,0,1,1,0,1,0
ZTF22acazqxt,0,1,0,0,1,1,0,1,0,1,0
ZTF22acazrlb,0,1,0,1,0,0,1,1,0,1,0
ZTF22acazuyu,0,1,0,1,0,0,1,1,0,1,0
ZTF22acazyuu,0,0,1,1,0,1,0,1,0,1,0
ZTF22acbaazp,0,1,0,1,0,0,1,1,0,1,0
ZTF22acbabap,0,0,1,1,0,1,0,1,0,1,0
ZTF22acbabcd,1,0,0,0,0,0,0,0,0,0,0
ZTF22acbabvk,0,1,0,0,1,1,0,1,0,1,0
ZTF22acbadmp,1,0,0,0,0,0,0,0,0,0,0
ZTF22acbadst,0,1,0,0,1,1,0,1,0,1,0
ZTF22acbaeal,1,0,0,0,0,0,0,0,0,0,0
ZTF22acbaeci,1,0,0,0,0,0,0,0,0,0,0
ZTF23aaaaiuc,1,0,0,0,0,0,0,0,0,0,0
ZTF23aaaapqa,0,1,0,1,0,1,0,1,0,0,1
ZTF23aaaasfy,1,0,0,0,0,0,0,0,0,0,0
ZTF23aaaavyd,0,1,0,1,0,0,1,1,0,1,0
ZTF23aaaawzj,0,1,0,0,1,1,0,1,0,1,0
ZTF23aaaaxuq,0,0,1,1,0,1,0,1,0,1,0
ZTF23aaaazor,1,0,0,0,0,0,0,0,0,0,0
ZTF23aaabcgx,0,1,0,0,1,1,0,1,0,1,0
ZTF23aaabewy,0,1,0,1,0,0,1,1,0,1,0
ZTF23aaabhgg,1,0,0,0,0,0,0,0,0,0,0
ZTF23aaabrsb,0,1,0,0,1,1,0,1,0,1,0
ZTF23aaabsqf,0,1,0,1,0,1,0,1,0,0,1
ZTF23aaabtfb,0,1,0,1,0,0,1,1,0,1,0
ZTF23aaabvna,0,0,1,1,0,1,0,1,0,1,0
ZTF23aaabvwv,1,0,0,0,0,0,0,0,0,0,0
ZTF23aaabyat,0,1,0,0,1,1,0,1,0,1,0
ZTF23aaabztz,0,1,0,1,0,0,1,1,0,1,0
ZTF23aaabzuu,0,1,0,1,0,1,0,0,1,1,0
ZTF23aaabzux,0,0,1,1,0,1,0,1,0,1,0
ZTF23aaabzxz,0,1,0,0,1,1,0,1,0,1,0
ZTF23aaacaod,0,1,0,1,0,1,0,1,0,0,1
ZTF23aaacmai,0,1,0,1,0,1,0,1,0,0,1
ZTF23aaaeppr,0,1,0,1,0,1,0,0,1,1,0
ZTF23aaaexzn,0,0,1,1,0,1,0,1,0,1,0
ZTF23aaafclb,0,1,0,0,1,1,0,1,0,1,0
ZTF23aaafcsm,0,1,0,1,0,1,0,0,1,1,0
ZTF23aaafcub,0,1,0,1,0,1,0,0,1,1,0
ZTF23aaagidf,0,1,0,0,1,1,0,1,0,1,0
ZTF23aaaglar,0,1,0,1,0,0,1,1,0,1,0
ZTF23aaaglbc,0,1,0,1,0,1,0,0,1,1,0
ZTF23aaaglzu,0,1,0,1,0,0,1,1,0,1,0
ZTF23aaagnis,0,1,0,0,1,1,0,1,0,1,0
ZTF23aaagyke,0,1,0,1,0,1,0,1,0,0,1
ZTF23aaahdwg,0,0,1,1,0,1,0,1,0,1,0
ZTF23aaahpkw,0,1,0,1,0,1,0,0,1,1,0
ZTF23aaahqyt,0,1,0,1,0,1,0,1,0,0,1
ZTF23aaahrmq,0,0,1,1,0,1,0,1,0,1,0
ZTF23aaahutd,1,0,0,0,0,0,0,0,0,0,0
ZTF23aaahuzs,0,1,0,1,0,1,0,0,1,1,0
ZTF23aaahvar,0,1,0,1,0,1,0,0,1,1,0
ZTF23aaahvbc,1,0,0,0,0,0,0,0,0,0,0
ZTF23aaahvua,0,1,0,1,0,1,0,1,0,0,1
ZTF23aaainxb,0,1,0,1,0,1,0,0,1,1,0
ZTF23aaajbsz,0,1,0,1,0,1,0,1,0,0,1
ZTF23aaajcct,0,1,0,1,0,1,0,0,1,1,0
ZTF23aaajjql,0,1,0,0,1,1,0,1,0,1,0
ZTF23aaakmju,0,1,0,0,1,1,0,1,0,1,0
ZTF23aaakmvk,0,1,0,1,0,0,1,1,0,1,0
ZTF23aaakncg,0,0,1,1,0,1,0,1,0,1,0
ZTF23aaaknew,0,0,1,1,0,1,0,1,0,1,0
ZTF23aaaknoj,1,0,0,0,0,0,0,0,0,0,0
ZTF23aaakutq,0,1,0,1,0,1,0,0,1,1,0
ZTF23aaakvdf,0,1,0,1,0,0,1,1,0,1,0
ZTF23aaakver,0,1,0,0,1,1,0,1,0,1,0
ZTF23aaakvii,0,1,0,1,0,1,0,0,1,1,0
ZTF23aaakvnk,1,0,0,0,0,0,0,0,0,0,0
ZTF23aaaltrh,0,1,0,0,1,1,0,1,0,1,0
ZTF23aaalucb,0,1,0,1,0,1,0,1,0,0,1
ZTF23aaalyua,0,1,0,1,0,1,0,0,1,1,0
ZTF23aaalywy,0,0,1,1,0,1,0,1,0,1,0
ZTF23aaalzqe,0,1,0,1,0,1,0,0,1,1,0
ZTF23aaalzud,0,1,0,1,0,0,1,1,0,1,0
ZTF23aaamgax,0,0,1,1,0,1,0,1,0,1,0
ZTF23aaamhel,0,1,0,0,1,1,0,1,0,1,0
ZTF23aaamiog,1,0,0,0,0,0,0,0,0,0,0
ZTF23aaamipf,0,1,0,1,0,1,0,1,0,0,1
ZTF23aaamknw,1,0,0,0,0,0,0,0,0,0,0
ZTF23aaammzj,1,0,0,0,0,0,0,0,0,0,0
ZTF23aaanpwh,0,0,1,1,0,1,0,1,0,1,0
ZTF23aaantgn,1,0,0,0,0,0,0,0,0,0,0
ZTF23aaaogzo,1,0,0,0,0,0,0,0,0,0,0
ZTF23aaaohag,0,1,0,1,0,0,1,1,0,1,0
ZTF23aaaohqe,1,0,0,0,0,0,0,0,0,0,0
ZTF23aaapfee,0,1,0,1,0,1,0,1,0,0,1
ZTF23aaapjis,0,0,1,1,0,1,0,1,0,1,0
ZTF23aaapokf,0,0,1,1,0,1,0,1,0,1,0
ZTF23aaappdf,1,0,0,0,0,0,0,0,0,0,0
ZTF23aaappqw,0,0,1,1,0,1,0,1,0,1,0
ZTF23aaapqrh,0,1,0,1,0,1,0,0,1,1,0
ZTF23aaaprxt,0,1,0,0,1,1,0,1,0,1,0
ZTF23aaapxcy,1,0,0,0,0,0,0,0,0,0,0
ZTF23aaarmdg,0,0,1,1,0,1,0,1,0,1,0
ZTF23aaarmha,0,0,1,1,0,1,0,1,0,1,0
ZTF23aaarmhq,1,0,0,0,0,0,0,0,0,0,0
ZTF23aaarpud,0,0,1,1,0,1,0,1,0,1,0
ZTF23aaarrwn,1,0,0,0,0,0,0,0,0,0,0
ZTF23aaarvgn,0,1,0,1,0,1,0,0,1,1,0
ZTF23aaarxir,0,0,1,1,0,1,0,1,0,1,0
ZTF23aaarxsf,0,1,0,1,0,0,1,1,0,1,0
ZTF23aaaryab,0,1,0,1,0,1,0,1,0,0,1
ZTF23aaaryph,0,1,0,1,0,0,1,1,0,1,0
ZTF23aaasaqx,0,1,0,1,0,1,0,0,1,1,0
ZTF23aaasbfe,0,1,0,0,1,1,0,1,0,1,0
ZTF23aaasgno,0,1,0,1,0,0,1,1,0,1,0
ZTF23aaauqni,0,1,0,0,1,1,0,1,0,1,0
ZTF23aaavnte,0,0,1,1,0,1,0,1,0,1,0
ZTF23aaavsnc,0,1,0,0,1,1,0,1,0,1,0
ZTF23aaavsvc,0,1,0,0,1,1,0,1,0,1,0
ZTF23aaavsyk,0,0,1,1,0,1,0,1,0,1,0
ZTF23aaavxye,0,1,0,1,0,1,0,1,0,0,1
ZTF23aaavyjf,0,1,0,1,0,1,0,1,0,0,1
ZTF23aaavykk,1,0,0,0,0,0,0,0,0,0,0
ZTF23aaavyrm,1,0,0,0,0,0,0,0,0,0,0
ZTF23aaawbmw,0,0,1,1,0,1,0,1,0,1,0
ZTF23aaawbmy,0,1,0,1,0,1,0,1,0,0,1
ZTF23aaawbpp,0,1,0,1,0,1,0,1,0,0,1
ZTF23aaawcwk,0,0,1,1,0,1,0,1,0,1,0
ZTF23aaawgsl,0,1,0,1,0,0,1,1,0,1,0
ZTF23aaawgyv,1,0,0,0,0,0,0,0,0,0,0
ZTF23aaawhco,1,0,0,0,0,0,0,0,0,0,0
ZTF23aaawmsx,0,1,0,1,0,1,0,1,0,0,1
ZTF23aaawxyo,0,1,0,1,0,1,0,0,1,1,0
ZTF23aaaxglr,0,1,0,0,1,1,0,1,0,1,0
ZTF23aaaxlyo,0,1,0,1,0,0,1,1,0,1,0
ZTF23aaaxypa,0,0,1,1,0,1,0,1,0,1,0
ZTF23aaaxzwk,0,1,0,0,1,1,0,1,0,1,0
ZTF23aaaylie,0,1,0,0,1,1,0,1,0,1,0
ZTF23aaaylij,1,0,0,0,0,0,0,0,0,0,0
ZTF23aaaymkv,0,1,0,1,0,1,0,0,1,1,0
ZTF23aaaypwj,1,0,0,0,0,0,0,0,0,0,0
ZTF23aaaytvo,0,1,0,1,0,1,0,1,0,0,1
ZTF23aaazbns,0,1,0,1,0,1,0,0,1,1,0
ZTF23aaazbqj,0,1,0,1,0,0,1,1,0,1,0
ZTF23aaazffe,0,1,0,1,0,0,1,1,0,1,0
ZTF23aaazpvz,0,1,0,0,1,1,0,1,0,1,0
ZTF23aaazssj,0,1,0,1,0,0,1,1,0,1,0
ZTF23aabamtz,0,1,0,1,0,1,0,1,0,0,1
ZTF23aabasoe,1,0,0,0,0,0,0,0,0,0,0
ZTF23aabbaap,0,1,0,1,0,1,0,1,0,0,1
ZTF23aabbpmy,0,1,0,0,1,1,0,1,0,1,0
ZTF23aabbszx,0,0,1,1,0,1,0,1,0,1,0
ZTF23aabcuxf,1,0,0,0,0,0,0,0,0,0,0
ZTF23aabcvve,0,1,0,0,1,1,0,1,0,1,0
ZTF23aabdkmn,0,1,0,1,0,0,1,1,0,1,0
ZTF23aabdwdi,0,1,0,1,0,0,1,1,0,1,0
ZTF23aabdwej,0,1,0,1,0,1,0,1,0,0,1
ZTF23aabdwhv,0,0,1,1,0,1,0,1,0,1,0
ZTF23aabdyve,0,1,0,1,0,1,0,0,1,1,0
ZTF23aabejlv,0,1,0,1,0,1,0,1,0,0,1
ZTF23aabenoz,0,1,0,1,0,1,0,0,1,1,0
ZTF23aabetnd,0,1,0,1,0,1,0,0,1,1,0
ZTF23aabeurr,0,1,0,0,1,1,0,1,0,1,0
ZTF23aabeusf,0,1,0,1,0,0,1,1,0,1,0
ZTF23aabeuso,1,0,0,0,0,0,0,0,0,0,0
ZTF23aabfamu,0,1,0,0,1,1,0,1,0,1,0
ZTF23aabfcit,0,1,0,0,1,1,0,1,0,1,0
ZTF23aabfdca,1,0,0,0,0,0,0,0,0,0,0
ZTF23aabfden,0,1,0,1,0,1,0,1,0,0,1
ZTF23aabfdro,0,0,1,1,0,1,0,1,0,1,0
ZTF23aabfdsc,1,0,0,0,0,0,0,0,0,0,0
ZTF23aabfhdo,0,1,0,0,1,1,0,1,0,1,0
ZTF23aabfhlk,0,1,0,1,0,1,0,1,0,0,1
ZTF23aabfjhs,0,1,0,0,1,1,0,1,0,1,0
ZTF23aabfosj,1,0,0,0,0,0,0,0,0,0,0
ZTF23aabgaxv,1,0,0,0,0,0,0,0,0,0,0
ZTF23aabidjl,0,0,1,1,0,1,0,1,0,1,0
ZTF23aabjjwn,0,0,1,1,0,1,0,1,0,1,0
ZTF23aabjphb,0,1,0,1,0,1,0,1,0,0,1
ZTF23aabkedz,0,0,1,1,0,1,0,1,0,1,0
ZTF23aabmadl,0,1,0,0,1,1,0,1,0,1,0
ZTF23aabmzew,0,1,0,1,0,1,0,0,1,1,0
ZTF23aabmzfr,0,1,0,1,0,1,0,0,1,1,0
ZTF23aabnyfa,0,1,0,1,0,1,0,1,0,0,1
ZTF23aabppzo,0,1,0,1,0,1,0,0,1,1,0
ZTF23aabpwmb,1,0,0,0,0,0,0,0,0,0,0
ZTF23aabqkhi,1,0,0,0,0,0,0,0,0,0,0
ZTF23aabqmll,0,1,0,1,0,1,0,1,0,0,1
ZTF23aabqqgu,0,1,0,0,1,1,0,1,0,1,0
ZTF23aabqqoi,1,0,0,0,0,0,0,0,0,0,0
ZTF23aabqqot,0,0,1,1,0,1,0,1,0,1,0
ZTF23aabqqxe,0,1,0,1,0,1,0,1,0,0,1
ZTF23aabqrda,1,0,0,0,0,0,0,0,0,0,0
ZTF23aabqrqr,0,0,1,1,0,1,0,1,0,1,0
ZTF23aabrcll,1,0,0,0,0,0,0,0,0,0,0
ZTF23aabrftw,0,1,0,1,0,1,0,0,1,1,0
ZTF23aabrmyx,0,0,1,1,0,1,0,1,0,1,0
ZTF23aabrqjp,0,1,0,1,0,0,1,1,0,1,0
ZTF23aabrsoo,0,1,0,0,1,1,0,1,0,1,0
ZTF23aabrwfl,1,0,0,0,0,0,0,0,0,0,0
ZTF23aabtarg,1,0,0,0,0,0,0,0,0,0,0
ZTF23aabtjdm,0,1,0,1,0,1,0,1,0,0,1
ZTF23aabtrno,0,1,0,0,1,1,0,1,0,1,0
ZTF23aabuubl,0,1,0,1,0,0,1,1,0,1,0
ZTF23aabvmul,0,1,0,1,0,1,0,0,1,1,0
ZTF23aabwfkc,0,0,1,1,0,1,0,1,0,1,0
ZTF23aabwmiu,1,0,0,0,0,0,0,0,0,0,0
ZTF23aabwnxo,1,0,0,0,0,0,0,0,0,0,0
ZTF23aabwutd,0,1,0,1,0,1,0,1,0,0,1
ZTF23aabxdch,0,1,0,1,0,0,1,1,0,1,0
ZTF23aabxgyd,0,1,0,1,0,1,0,0,1,1,0
ZTF23aabxnvq,0,1,0,0,1,1,0,1,0,1,0
ZTF23aabxqtq,0,1,0,1,0,1,0,1,0,0,1
ZTF23aabyarp,0,1,0,1,0,1,0,0,1,1,0
ZTF23aabybqj,0,1,0,1,0,1,0,0,1,1,0
ZTF23aabybyu,0,1,0,1,0,1,0,1,0,0,1
ZTF23aabycoe,1,0,0,0,0,0,0,0,0,0,0
ZTF23aabykuq,1,0,0,0,0,0,0,0,0,0,0
ZTF23aabzcyy,0,1,0,1,0,1,0,0,1,1,0
ZTF23aacafsp,0,1,0,0,1,1,0,1,0,1,0
ZTF23aacbdsc,0,1,0,1,0,1,0,0,1,1,0
ZTF23aacbdvq,0,1,0,1,0,1,0,1,0,0,1
ZTF23aacbepv,0,1,0,1,0,1,0,0,1,1,0
ZTF23aacbkam,0,1,0,1,0,1,0,0,1,1,0
ZTF23aacbpjj,1,0,0,0,0,0,0,0,0,0,0
ZTF23aaccjza,0,1,0,1,0,1,0,1,0,0,1
ZTF23aacdlsq,1,0,0,0,0,0,0,0,0,0,0
ZTF23aacdnmw,0,0,1,1,0,1,0,1,0,1,0
ZTF23aacekkv,1,0,0,0,0,0,0,0,0,0,0
ZTF23aacgalr,0,1,0,1,0,0,1,1,0,1,0
ZTF23aacginw,0,1,0,1,0,1,0,1,0,0,1
ZTF23aachdxb,1,0,0,0,0,0,0,0,0,0,0
ZTF23aachgyu,0,1,0,1,0,1,0,1,0,0,1
ZTF23aachlmd,0,1,0,1,0,1,0,1,0,0,1
ZTF23aachqbz,1,0,0,0,0,0,0,0,0,0,0
ZTF23aachrwd,0,1,0,0,1,1,0,1,0,1,0
ZTF23aachsji,1,0,0,0,0,0,0,0,0,0,0
ZTF23aachzzp,1,0,0,0,0,0,0,0,0,0,0
ZTF23aaciarb,0,1,0,1,0,0,1,1,0,1,0
ZTF23aaciauy,0,1,0,0,1,1,0,1,0,1,0
ZTF23aaciavm,0,1,0,1,0,0,1,1,0,1,0
ZTF23aacioyq,0,0,1,1,0,1,0,1,0,1,0
ZTF23aaciyck,1,0,0,0,0,0,0,0,0,0,0
ZTF23aacjcls,0,1,0,0,1,1,0,1,0,1,0
ZTF23aaclhjy,1,0,0,0,0,0,0,0,0,0,0
ZTF23aaclpjs,0,1,0,1,0,1,0,1,0,0,1
ZTF23aaclsrr,0,1,0,1,0,1,0,0,1,1,0
ZTF23aaclvpz,1,0,0,0,0,0,0,0,0,0,0
ZTF23aaclwfy,1,0,0,0,0,0,0,0,0,0,0
ZTF23aaclyhm,0,1,0,0,1,1,0,1,0,1,0
ZTF23aacmdcv,0,0,1,1,0,1,0,1,0,1,0
ZTF23aacmdji,1,0,0,0,0,0,0,0,0,0,0
ZTF23aacmzsd,0,0,1,1,0,1,0,1,0,1,0
ZTF23aacnayt,0,1,0,0,1,1,0,1,0,1,0
ZTF23aacndzz,0,0,1,1,0,1,0,1,0,1,0
ZTF23aacnjmh,0,1,0,1,0,1,0,1,0,0,1
ZTF23aacnjqn,0,0,1,1,0,1,0,1,0,1,0
ZTF23aacnlhe,0,0,1,1,0,1,0,1,0,1,0
ZTF23aacnlrr,0,1,0,1,0,0,1,1,0,1,0
ZTF23aacnltf,0,1,0,1,0,1,0,0,1,1,0
ZTF23aacnltm,0,1,0,0,1,1,0,1,0,1,0
ZTF23aacnlwf,0,1,0,0,1,1,0,1,0,1,0
ZTF23aacnmjs,0,1,0,1,0,1,0,1,0,0,1
ZTF23aacntte,0,0,1,1,0,1,0,1,0,1,0
ZTF23aacntzh,0,1,0,1,0,1,0,1,0,0,1
ZTF23aacoeiq,0,1,0,0,1,1,0,1,0,1,0
ZTF23aacolaj,0,1,0,0,1,1,0,1,0,1,0
ZTF23aacomxa,0,1,0,0,1,1,0,1,0,1,0
ZTF23aaconfl,1,0,0,0,0,0,0,0,0,0,0
ZTF23aacooxf,0,1,0,1,0,1,0,0,1,1,0
ZTF23aacouhk,1,0,0,0,0,0,0,0,0,0,0
ZTF23aacovbo,0,1,0,1,0,0,1,1,0,1,0
ZTF23aacpdgu,0,1,0,1,0,1,0,1,0,0,1
ZTF23aacpidz,0,1,0,1,0,0,1,1,0,1,0
ZTF23aacqjjv,0,1,0,1,0,1,0,1,0,0,1
ZTF23aacqpqi,0,1,0,1,0,0,1,1,0,1,0
ZTF23aacqrsu,0,1,0,1,0,0,1,1,0,1,0
ZTF23aacrdxz,0,1,0,1,0,0,1,1,0,1,0
ZTF23aacrnhs,0,0,1,1,0,1,0,1,0,1,0
ZTF23aacrpis,1,0,0,0,0,0,0,0,0,0,0
ZTF23aacrrgu,0,1,0,0,1,1,0,1,0,1,0
ZTF23aacrsil,0,1,0,1,0,0,1,1,0,1,0
ZTF23aacrslb,0,0,1,1,0,1,0,1,0,1,0
ZTF23aacrvqj,0,1,0,1,0,1,0,0,1,1,0
ZTF23aacrwbw,1,0,0,0,0,0,0,0,0,0,0
ZTF23aacrwhr,0,1,0,1,0,1,0,1,0,0,1
ZTF23aacrwkw,0,0,1,1,0,1,0,1,0,1,0
ZTF23aactqpr,0,1,0,0,1,1,0,1,0,1,0
ZTF23aactzit,0,1,0,1,0,1,0,0,1,1,0
ZTF23aaculdm,0,1,0,1,0,1,0,1,0,0,1
ZTF23aacuvsx,0,1,0,1,0,1,0,0,1,1,0
ZTF23aacuwmi,1,0,0,0,0,0,0,0,0,0,0
ZTF23aacuwum,1,0,0,0,0,0,0,0,0,0,0
ZTF23aacuylc,0,0,1,1,0,1,0,1,0,1,0
ZTF23aacuzgb,0,1,0,0,1,1,0,1,0,1,0
ZTF23aacvali,1,0,0,0,0,0,0,0,0,0,0
ZTF23aacvapm,0,1,0,1,0,1,0,1,0,0,1
ZTF23aacvbrz,0,1,0,1,0,1,0,1,0,0,1
ZTF23aacvfop,0,1,0,1,0,1,0,0,1,1,0
ZTF23aacvfrg,0,0,1,1,0,1,0,1,0,1,0
ZTF23aacvftg,0,1,0,1,0,1,0,0,1,1,0
ZTF23aacvfth,0,1,0,0,1,1,0,1,0,1,0
ZTF23aacvinp,0,0,1,1,0,1,0,1,0,1,0
ZTF23aacvkra,0,0,1,1,0,1,0,1,0,1,0
ZTF23aacvkvu,1,0,0,0,0,0,0,0,0,0,0
ZTF23aacvlyx,0,1,0,1,0,1,0,1,0,0,1
ZTF23aacvlzv,1,0,0,0,0,0,0,0,0,0,0
ZTF23aacvmbh,1,0,0,0,0,0,0,0,0,0,0
ZTF23aacvnhu,0,1,0,1,0,0,1,1,0,1,0
ZTF23aacxhvg,0,1,0,1,0,1,0,0,1,1,0
ZTF23aacxhwu,0,1,0,1,0,0,1,1,0,1,0
ZTF23aacxjhc,0,1,0,1,0,1,0,0,1,1,0
ZTF23aacxlcf,0,0,1,1,0,1,0,1,0,1,0
ZTF23aacxliu,0,1,0,1,0,1,0,1,0,0,1
ZTF23aacxlph,0,0,1,1,0,1,0,1,0,1,0
ZTF23aacxlsq,0,1,0,1,0,0,1,1,0,1,0
ZTF23aacxrnp,0,0,1,1,0,1,0,1,0,1,0
ZTF23aacxtvs,0,1,0,1,0,1,0,0,1,1,0
ZTF23aacxubz,0,0,1,1,0,1,0,1,0,1,0
ZTF23aacxugx,1,0,0,0,0,0,0,0,0,0,0
ZTF23aacxvwm,1,0,0,0,0,0,0,0,0,0,0
ZTF23aacxyhr,1,0,0,0,0,0,0,0,0,0,0
ZTF23aacydll,0,0,1,1,0,1,0,1,0,1,0
ZTF23aacydwa,1,0,0,0,0,0,0,0,0,0,0
ZTF23aacyexp,0,1,0,0,1,1,0,1,0,1,0
ZTF23aacyfsg,1,0,0,0,0,0,0,0,0,0,0
ZTF23aacyktv,0,1,0,1,0,1,0,0,1,1,0
ZTF23aacykzz,0,1,0,1,0,1,0,1,0,0,1
ZTF23aacymee,0,1,0,1,0,1,0,0,1,1,0
ZTF23aacyxdf,0,1,0,1,0,1,0,1,0,0,1
ZTF23aacyxny,0,1,0,1,0,0,1,1,0,1,0
ZTF23aacyxot,1,0,0,0,0,0,0,0,0,0,0
ZTF23aaczpmh,0,1,0,0,1,1,0,1,0,1,0
ZTF23aaczqhw,0,1,0,1,0,0,1,1,0,1,0
ZTF23aaczrwr,0,1,0,1,0,1,0,1,0,0,1
ZTF23aaczrxe,1,0,0,0,0,0,0,0,0,0,0
ZTF23aaczunw,0,0,1,1,0,1,0,1,0,1,0
ZTF23aaczusy,0,1,0,0,1,1,0,1,0,1,0
ZTF23aaczuwn,1,0,0,0,0,0,0,0,0,0,0
ZTF23aaczvfk,0,0,1,1,0,1,0,1,0,1,0
ZTF23aaczvhf,0,0,1,1,0,1,0,1,0,1,0
ZTF23aaczxiu,0,1,0,1,0,1,0,1,0,0,1
ZTF23aaczxog,0,1,0,1,0,1,0,1,0,0,1
ZTF23aaczyta,0,1,0,0,1,1,0,1,0,1,0
ZTF23aaczzdi,0,1,0,1,0,1,0,1,0,0,1
ZTF23aadaikl,0,1,0,1,0,0,1,1,0,1,0
ZTF23aadainn,0,1,0,1,0,0,1,1,0,1,0
ZTF23aadaiwi,0,1,0,1,0,0,1,1,0,1,0
ZTF23aadajbh,0,1,0,1,0,0,1,1,0,1,0
ZTF23aadamvj,0,1,0,1,0,1,0,0,1,1,0
ZTF23aadaqdr,0,1,0,1,0,1,0,0,1,1,0
ZTF23aadaqvo,0,1,0,1,0,1,0,1,0,0,1
ZTF23aadaxfn,1,0,0,0,0,0,0,0,0,0,0
ZTF23aadbbyl,0,1,0,1,0,0,1,1,0,1,0
ZTF23aadbodr,0,0,1,1,0,1,0,1,0,1,0
ZTF23aadbolp,0,1,0,0,1,1,0,1,0,1,0
ZTF23aadbpbh,0,1,0,1,0,1,0,0,1,1,0
ZTF23aadbptg,0,1,0,1,0,1,0,0,1,1,0
ZTF23aadbsdg,0,1,0,1,0,1,0,0,1,1,0
ZTF23aadbsmv,0,1,0,0,1,1,0,1,0,1,0
ZTF23aadbsnb,0,1,0,1,0,1,0,1,0,0,1
ZTF23aadbsop,0,1,0,0,1,1,0,1,0,1,0
ZTF23aadbspj,0,1,0,1,0,0,1,1,0,1,0
ZTF23aadbsvo,0,1,0,0,1,1,0,1,0,1,0
ZTF23aadbtct,0,1,0,0,1,1,0,1,0,1,0
ZTF23aadbtdr,0,0,1,1,0,1,0,1,0,1,0
ZTF23aadbycs,0,1,0,1,0,1,0,0,1,1,0
ZTF23aadbydz,0,1,0,1,0,1,0,0,1,1,0
ZTF23aadcajc,0,1,0,1,0,1,0,1,0,0,1
ZTF23aadcapa,0,1,0,1,0,1,0,0,1,1,0
ZTF23aadcaqo,0,1,0,1,0,1,0,1,0,0,1
ZTF23aadcarp,0,1,0,1,0,1,0,1,0,0,1
ZTF23aadcash,1,0,0,0,0,0,0,0,0,0,0
ZTF23aadcbaq,0,1,0,1,0,1,0,1,0,0,1
ZTF23aadcbay,1,0,0,0,0,0,0,0,0,0,0
ZTF23aadcbbg,0,1,0,0,1,1,0,1,0,1,0
ZTF23aadcbdn,0,0,1,1,0,1,0,1,0,1,0
ZTF23aadcbfw,0,1,0,1,0,0,1,1,0,1,0
ZTF23aadcbgu,0,1,0,1,0,0,1,1,0,1,0
ZTF23aadcbho,0,1,0,0,1,1,0,1,0,1,0
ZTF23aadccwn,1,0,0,0,0,0,0,0,0,0,0
ZTF23aadcdiq,0,1,0,1,0,0,1,1,0,1,0
ZTF23aadcdrn,0,0,1,1,0,1,0,1,0,1,0
ZTF23aadcdtw,0,0,1,1,0,1,0,1,0,1,0
ZTF23aadceqv,0,1,0,1,0,1,0,0,1,1,0
ZTF23aadcffi,0,0,1,1,0,1,0,1,0,1,0
ZTF23aadcfga,0,0,1,1,0,1,0,1,0,1,0
ZTF23aadcfgu,1,0,0,0,0,0,0,0,0,0,0
ZTF23aadcfgv,0,1,0,0,1,1,0,1,0,1,0
ZTF23aadchee,0,1,0,1,0,1,0,0,1,1,0
ZTF23aadchqd,0,1,0,1,0,0,1,1,0,1,0
ZTF23aadchqe,0,1,0,0,1,1,0,1,0,1,0
ZTF23aadchxg,0,1,0,1,0,1,0,1,0,0,1
ZTF23aadcidf,1,0,0,0,0,0,0,0,0,0,0
ZTF23aadcigg,1,0,0,0,0,0,0,0,0,0,0
ZTF23aadcihw,0,1,0,1,0,1,0,0,1,1,0
ZTF23aadcizn,0,1,0,1,0,0,1,1,0,1,0
ZTF23aadcizu,0,1,0,0,1,1,0,1,0,1,0
ZTF23aadcjll,0,1,0,1,0,0,1,1,0,1,0
ZTF23aadclzf,0,1,0,0,1,1,0,1,0,1,0
ZTF23aadcthm,0,1,0,1,0,1,0,1,0,0,1
ZTF23aadcuoi,0,1,0,0,1,1,0,1,0,1,0
ZTF23aadcvce,1,0,0,0,0,0,0,0,0,0,0
ZTF23aadcwvp,1,0,0,0,0,0,0,0,0,0,0
ZTF23aadcymf,0,1,0,1,0,1,0,1,0,0,1
ZTF23aadcyub,0,0,1,1,0,1,0,1,0,1,0
ZTF23aaddkbd,0,0,1,1,0,1,0,1,0,1,0
ZTF23aaddnyf,0,1,0,1,0,1,0,0,1,1,0
ZTF23aaddovn,1,0,0,0,0,0,0,0,0,0,0
ZTF23aaddqaa,0,0,1,1,0,1,0,1,0,1,0
ZTF23aaddrnx,0,0,1,1,0,1,0,1,0,1,0
ZTF23aadflno,0,1,0,1,0,0,1,1,0,1,0
ZTF23aadgceb,0,1,0,1,0,1,0,1,0,0,1
ZTF23aadgcff,0,1,0,1,0,0,1,1,0,1,0
ZTF23aadgcfj,0,1,0,1,0,1,0,1,0,0,1
ZTF23aadgdnk,0,1,0,1,0,0,1,1,0,1,0
ZTF23aadgdnv,0,1,0,1,0,1,0,0,1,1,0
ZTF23aadhelv,0,1,0,1,0,1,0,0,1,1,0
ZTF23aadhoxk,1,0,0,0,0,0,0,0,0,0,0
ZTF23aadhpwf,0,1,0,0,1,1,0,1,0,1,0
ZTF23aadhuyg,1,0,0,0,0,0,0,0,0,0,0
ZTF23aadhyjb,0,1,0,1,0,0,1,1,0,1,0
ZTF23aadiaxt,0,1,0,1,0,1,0,0,1,1,0
ZTF23aadihvp,0,1,0,1,0,1,0,0,1,1,0
ZTF23aadiumo,0,1,0,1,0,1,0,0,1,1,0
ZTF23aadiwtk,0,1,0,1,0,1,0,0,1,1,0
ZTF23aadjmso,1,0,0,0,0,0,0,0,0,0,0
ZTF23aadjnal,0,1,0,1,0,0,1,1,0,1,0
ZTF23aadjnbp,1,0,0,0,0,0,0,0,0,0,0
ZTF23aadjnho,0,1,0,1,0,1,0,0,1,1,0
ZTF23aadjnit,0,1,0,1,0,1,0,1,0,0,1
ZTF23aadjniz,0,0,1,1,0,1,0,1,0,1,0
ZTF23aadjnjp,1,0,0,0,0,0,0,0,0,0,0
ZTF23aadjnls,0,1,0,1,0,0,1,1,0,1,0
ZTF23aadjptg,0,1,0,1,0,1,0,1,0,0,1
ZTF23aadjrlz,1,0,0,0,0,0,0,0,0,0,0
ZTF23aadjsey,0,1,0,1,0,0,1,1,0,1,0
ZTF23aadjsoq,0,1,0,1,0,1,0,0,1,1,0
ZTF23aadjsrr,1,0,0,0,0,0,0,0,0,0,0
ZTF23aadjume,1,0,0,0,0,0,0,0,0,0,0
ZTF23aadjvau,0,1,0,0,1,1,0,1,0,1,0
ZTF23aadjvni,0,1,0,1,0,1,0,0,1,1,0
ZTF23aadjvtl,1,0,0,0,0,0,0,0,0,0,0
ZTF23aadjwvv,0,1,0,1,0,1,0,0,1,1,0
ZTF23aadkrkh,0,0,1,1,0,1,0,1,0,1,0
ZTF23aadohfu,0,1,0,0,1,1,0,1,0,1,0
ZTF23aadohhc,0,1,0,0,1,1,0,1,0,1,0
ZTF23aadozmw,0,1,0,1,0,0,1,1,0,1,0
ZTF23aadozop,0,1,0,1,0,0,1,1,0,1,0
ZTF23aadozvb,0,1,0,1,0,1,0,0,1,1,0
ZTF23aadpboq,0,1,0,0,1,1,0,1,0,1,0
ZTF23aadpbvm,1,0,0,0,0,0,0,0,0,0,0
ZTF23aadpcbj,0,1,0,1,0,0,1,1,0,1,0
ZTF23aadpgcv,0,1,0,1,0,1,0,0,1,1,0
ZTF23aadpgkp,1,0,0,0,0,0,0,0,0,0,0
ZTF23aadpxms,0,1,0,0,1,1,0,1,0,1,0
ZTF23aadqcax,0,0,1,1,0,1,0,1,0,1,0
ZTF23aadqctr,0,1,0,1,0,1,0,0,1,1,0
ZTF23aadqcvj,0,1,0,1,0,0,1,1,0,1,0
ZTF23aadqdds,0,1,0,1,0,1,0,0,1,1,0
ZTF23aadqdkb,0,0,1,1,0,1,0,1,0,1,0
ZTF23aadqduf,0,1,0,0,1,1,0,1,0,1,0
ZTF23aadqeqp,0,1,0,1,0,1,0,1,0,0,1
ZTF23aadqfwb,0,0,1,1,0,1,0,1,0,1,0
ZTF23aadqhgv,0,1,0,1,0,1,0,0,1,1,0
ZTF23aadqhoo,0,1,0,0,1,1,0,1,0,1,0
ZTF23aadqhvr,0,1,0,1,0,1,0,1,0,0,1
ZTF23aadqiek,0,1,0,1,0,1,0,0,1,1,0
ZTF23aadqifc,0,1,0,1,0,0,1,1,0,1,0
ZTF23aadqldn,1,0,0,0,0,0,0,0,0,0,0
ZTF23aadqmfe,0,1,0,1,0,1,0,1,0,0,1
ZTF23aadrbcb,0,1,0,1,0,1,0,1,0,0,1
ZTF23aadrmsa,0,1,0,1,0,0,1,1,0,1,0
ZTF23aadromz,1,0,0,0,0,0,0,0,0,0,0
ZTF23aadrtbg,0,1,0,0,1,1,0,1,0,1,0
ZTF23aadrtji,0,1,0,1,0,1,0,0,1,1,0
ZTF23aadrtjn,0,1,0,1,0,1,0,0,1,1,0
ZTF23aadrtlp,0,1,0,1,0,1,0,1,0,0,1
ZTF23aadrtqt,0,0,1,1,0,1,0,1,0,1,0
ZTF23aadrtwh,0,1,0,1,0,0,1,1,0,1,0
ZTF23aadrubc,0,1,0,0,1,1,0,1,0,1,0
ZTF23aadrubh,0,1,0,1,0,0,1,1,0,1,0
ZTF23aadruka,0,1,0,1,0,1,0,1,0,0,1
ZTF23aadruln,0,1,0,1,0,1,0,1,0,0,1
ZTF23aadrume,0,1,0,1,0,1,0,1,0,0,1
ZTF23aadrwem,0,1,0,1,0,1,0,0,1,1,0
ZTF23aadsfsm,0,1,0,1,0,1,0,0,1,1,0
ZTF23aadsfyd,0,0,1,1,0,1,0,1,0,1,0
ZTF23aadsgag,1,0,0,0,0,0,0,0,0,0,0
ZTF23aadsggf,0,1,0,1,0,1,0,0,1,1,0
ZTF23aadsglf,0,0,1,1,0,1,0,1,0,1,0
ZTF23aadskoy,0,0,1,1,0,1,0,1,0,1,0
ZTF23aadskqz,0,1,0,1,0,1,0,0,1,1,0
ZTF23aadslye,0,1,0,1,0,1,0,0,1,1,0
ZTF23aadsmjo,0,0,1,1,0,1,0,1,0,1,0
ZTF23aadsyep,1,0,0,0,0,0,0,0,0,0,0
ZTF23aadtuxy,0,1,0,1,0,1,0,0,1,1,0
ZTF23aadtvmb,0,1,0,1,0,1,0,0,1,1,0
ZTF23aadtwfs,1,0,0,0,0,0,0,0,0,0,0
ZTF23aadtwql,0,1,0,1,0,1,0,0,1,1,0
ZTF23aadudbc,0,1,0,1,0,1,0,0,1,1,0
ZTF23aadufay,1,0,0,0,0,0,0,0,0,0,0
ZTF23aaduhkq,0,1,0,1,0,0,1,1,0,1,0
ZTF23aadvvyu,0,1,0,0,1,1,0,1,0,1,0
ZTF23aadvztd,0,1,0,1,0,0,1,1,0,1,0
ZTF23aadwfqy,0,1,0,0,1,1,0,1,0,1,0
ZTF23aadwiaf,0,1,0,0,1,1,0,1,0,1,0
ZTF23aadwigb,0,1,0,1,0,1,0,0,1,1,0
ZTF23aadwiyy,1,0,0,0,0,0,0,0,0,0,0
ZTF23aadwjmc,1,0,0,0,0,0,0,0,0,0,0
ZTF23aadwjpq,0,1,0,1,0,1,0,0,1,1,0
ZTF23aadwjtg,1,0,0,0,0,0,0,0,0,0,0
ZTF23aadxiga,0,0,1,1,0,1,0,1,0,1,0
ZTF23aadxmak,0,1,0,0,1,1,0,1,0,1,0
ZTF23aadxqja,0,1,0,1,0,0,1,1,0,1,0
ZTF23aadxrid,0,1,0,1,0,1,0,0,1,1,0
ZTF23aadzddh,0,1,0,0,1,1,0,1,0,1,0
ZTF23aaeaopc,0,0,1,1,0,1,0,1,0,1,0
ZTF23aaeapfo,0,0,1,1,0,1,0,1,0,1,0
ZTF23aaeardk,1,0,0,0,0,0,0,0,0,0,0
ZTF23aaeavsh,0,1,0,1,0,1,0,0,1,1,0
ZTF23aaebybf,0,1,0,1,0,0,1,1,0,1,0
ZTF23aaebyug,1,0,0,0,0,0,0,0,0,0,0
ZTF23aaecevp,0,1,0,1,0,1,0,1,0,0,1
ZTF23aaeceyt,0,1,0,1,0,0,1,1,0,1,0
ZTF23aaecfnp,0,0,1,1,0,1,0,1,0,1,0
ZTF23aaecgkb,0,1,0,1,0,1,0,0,1,1,0
ZTF23aaecgry,1,0,0,0,0,0,0,0,0,0,0
ZTF23aaecgwh,0,1,0,1,0,0,1,1,0,1,0
ZTF23aaechiy,0,0,1,1,0,1,0,1,0,1,0
ZTF23aaechmx,0,1,0,0,1,1,0,1,0,1,0
ZTF23aaecjpe,0,0,1,1,0,1,0,1,0,1,0
ZTF23aaecjzj,1,0,0,0,0,0,0,0,0,0,0
ZTF23aaecsqi,0,1,0,1,0,0,1,1,0,1,0
ZTF23aaecvvh,0,1,0,1,0,1,0,0,1,1,0
ZTF23aaedpyy,0,1,0,1,0,1,0,1,0,0,1
ZTF23aaedvtn,0,1,0,1,0,0,1,1,0,1,0
ZTF23aaedwfk,1,0,0,0,0,0,0,0,0,0,0
ZTF23aaeebqq,0,1,0,0,1,1,0,1,0,1,0
ZTF23aaeedgu,1,0,0,0,0,0,0,0,0,0,0
ZTF23aaeeqhm,0,0,1,1,0,1,0,1,0,1,0
ZTF23aaefbda,1,0,0,0,0,0,0,0,0,0,0
ZTF23aaefbeu,1,0,0,0,0,0,0,0,0,0,0
ZTF23aaeffmd,0,1,0,1,0,0,1,1,0,1,0
ZTF23aaefjdo,0,0,1,1,0,1,0,1,0,1,0
ZTF23aaefkhe,0,1,0,1,0,0,1,1,0,1,0
ZTF23aaefktq,1,0,0,0,0,0,0,0,0,0,0
ZTF23aaefnsr,0,1,0,1,0,1,0,1,0,0,1
ZTF23aaefozl,0,0,1,1,0,1,0,1,0,1,0
ZTF23aaefpdi,0,1,0,0,1,1,0,1,0,1,0
ZTF23aaefpfb,0,1,0,1,0,1,0,1,0,0,1
ZTF23aaefqrs,0,1,0,1,0,0,1,1,0,1,0
ZTF23aaehsgt,0,1,0,1,0,1,0,0,1,1,0
ZTF23aaehtcp,0,1,0,1,0,1,0,1,0,0,1
ZTF23aaehvkb,1,0,0,0,0,0,0,0,0,0,0
ZTF23aaehwin,0,0,1,1,0,1,0,1,0,1,0
ZTF23aaeiyeq,0,1,0,1,0,1,0,0,1,1,0
ZTF23aaejdke,0,1,0,1,0,1,0,0,1,1,0
ZTF23aaejdts,1,0,0,0,0,0,0,0,0,0,0
ZTF23aaejqdi,0,1,0,0,1,1,0,1,0,1,0
ZTF23aaejqnc,0,0,1,1,0,1,0,1,0,1,0
ZTF23aaejtiz,0,1,0,1,0,1,0,0,1,1,0
ZTF23aaejvro,0,1,0,1,0,0,1,1,0,1,0
ZTF23aaejvta,0,1,0,0,1,1,0,1,0,1,0
ZTF23aaejwdu,1,0,0,0,0,0,0,0,0,0,0
ZTF23aaejwkh,0,1,0,0,1,1,0,1,0,1,0
ZTF23aaejyuo,0,1,0,0,1,1,0,1,0,1,0
ZTF23aaekbpz,0,1,0,1,0,1,0,0,1,1,0
ZTF23aaekejj,1,0,0,0,0,0,0,0,0,0,0
ZTF23aaekifm,0,0,1,1,0,1,0,1,0,1,0
ZTF23aaekilm,0,1,0,1,0,1,0,0,1,1,0
ZTF23aaeklax,0,1,0,1,0,1,0,1,0,0,1
ZTF23aaeklou,0,1,0,1,0,1,0,1,0,0,1
ZTF23aaekwuz,0,1,0,1,0,1,0,1,0,0,1
ZTF23aaelanp,1,0,0,0,0,0,0,0,0,0,0
ZTF23aaelaum,0,0,1,1,0,1,0,1,0,1,0
ZTF23aaelbet,0,1,0,0,1,1,0,1,0,1,0
ZTF23aaeldcu,1,0,0,0,0,0,0,0,0,0,0
ZTF23aaeldtx,0,1,0,1,0,1,0,1,0,0,1
ZTF23aaelfgk,0,1,0,1,0,1,0,1,0,0,1
ZTF23aaelgnd,0,1,0,1,0,0,1,1,0,1,0
ZTF23aaeljse,0,0,1,1,0,1,0,1,0,1,0
ZTF23aaelkos,0,1,0,1,0,0,1,1,0,1,0
ZTF23aaelmbd,0,1,0,1,0,0,1,1,0,1,0
ZTF23aaelpmd,0,1,0,0,1,1,0,1,0,1,0
ZTF23aaemrbj,0,1,0,1,0,0,1,1,0,1,0
ZTF23aaemsfm,0,1,0,1,0,1,0,1,0,0,1
ZTF23aaemxkw,0,0,1,1,0,1,0,1,0,1,0
ZTF23aaemxml,0,1,0,0,1,1,0,1,0,1,0
ZTF23aaenavs,1,0,0,0,0,0,0,0,0,0,0
ZTF23aaencdh,0,0,1,1,0,1,0,1,0,1,0
ZTF23aaencyg,1,0,0,0,0,0,0,0,0,0,0
ZTF23aaenexu,1,0,0,0,0,0,0,0,0,0,0
ZTF23aaenltb,1,0,0,0,0,0,0,0,0,0,0
ZTF23aaenpuo,0,1,0,1,0,1,0,1,0,0,1
ZTF23aaenqok,0,1,0,0,1,1,0,1,0,1,0
ZTF23aaenslm,0,1,0,1,0,0,1,1,0,1,0
ZTF23aaeofsd,0,0,1,1,0,1,0,1,0,1,0
ZTF23aaeogjb,1,0,0,0,0,0,0,0,0,0,0
ZTF23aaeozef,0,1,0,1,0,1,0,0,1,1,0
ZTF23aaeqhkx,1,0,0,0,0,0,0,0,0,0,0
ZTF23aaeqhyp,1,0,0,0,0,0,0,0,0,0,0
ZTF23aaeqixe,1,0,0,0,0,0,0,0,0,0,0
ZTF23aaeqkpk,0,1,0,1,0,1,0,0,1,1,0
ZTF23aaeqkxp,0,0,1,1,0,1,0,1,0,1,0
ZTF23aaeqnlr,0,1,0,1,0,0,1,1,0,1,0
ZTF23aaeqobj,0,1,0,1,0,1,0,0,1,1,0
ZTF23aaeqocy,1,0,0,0,0,0,0,0,0,0,0
ZTF23aaeqoez,1,0,0,0,0,0,0,0,0,0,0
ZTF23aaeqprj,0,1,0,0,1,1,0,1,0,1,0
ZTF23aaeqpwq,1,0,0,0,0,0,0,0,0,0,0
ZTF23aaeqsgo,1,0,0,0,0,0,0,0,0,0,0
ZTF23aaeqsvb,0,1,0,0,1,1,0,1,0,1,0
ZTF23aaeqsve,0,1,0,1,0,0,1,1,0,1,0
ZTF23aaeqtee,0,1,0,1,0,1,0,1,0,0,1
ZTF23aaerrdv,0,1,0,0,1,1,0,1,0,1,0
ZTF23aaerrwx,0,1,0,1,0,1,0,0,1,1,0
ZTF23aaeruju,0,1,0,1,0,1,0,1,0,0,1
ZTF23aaerwfe,1,0,0,0,0,0,0,0,0,0,0
ZTF23aaerwpx,1,0,0,0,0,0,0,0,0,0,0
ZTF23aaerxpd,1,0,0,0,0,0,0,0,0,0,0
ZTF23aaeryve,0,0,1,1,0,1,0,1,0,1,0
ZTF23aaesjku,0,1,0,1,0,1,0,0,1,1,0
ZTF23aaeskya,0,1,0,1,0,1,0,0,1,1,0
ZTF23aaeslas,0,1,0,1,0,1,0,1,0,0,1
ZTF23aaetmwj,0,0,1,1,0,1,0,1,0,1,0
ZTF23aaetomd,0,1,0,1,0,1,0,1,0,0,1
ZTF23aaetyct,1,0,0,0,0,0,0,0,0,0,0
ZTF23aaeuabc,0,1,0,1,0,1,0,1,0,0,1
ZTF23aaeubgd,0,1,0,1,0,1,0,1,0,0,1
ZTF23aaeubgm,0,1,0,1,0,0,1,1,0,1,0
ZTF23aaeucco,0,1,0,1,0,0,1,1,0,1,0
ZTF23aaewixx,1,0,0,0,0,0,0,0,0,0,0
ZTF23aaewksc,0,1,0,1,0,1,0,1,0,0,1
ZTF23aaewkvw,0,1,0,1,0,1,0,1,0,0,1
ZTF23aaewzfv,0,0,1,1,0,1,0,1,0,1,0
ZTF23aaexbos,0,0,1,1,0,1,0,1,0,1,0
ZTF23aaexebc,0,1,0,1,0,1,0,0,1,1,0
ZTF23aaexfuy,0,1,0,0,1,1,0,1,0,1,0
ZTF23aaeylwl,0,1,0,1,0,1,0,0,1,1,0
ZTF23aaeympk,0,1,0,0,1,1,0,1,0,1,0
ZTF23aaeymqy,0,1,0,0,1,1,0,1,0,1,0
ZTF23aaeyncp,0,0,1,1,0,1,0,1,0,1,0
ZTF23aaeynog,0,1,0,1,0,1,0,1,0,0,1
ZTF23aaeywwg,1,0,0,0,0,0,0,0,0,0,0
ZTF23aaezcew,0,1,0,1,0,1,0,0,1,1,0
ZTF23aaezeau,0,1,0,1,0,1,0,0,1,1,0
ZTF23aaezihg,1,0,0,0,0,0,0,0,0,0,0
ZTF23aaezryf,0,1,0,1,0,1,0,1,0,0,1
ZTF23aaezxke,0,1,0,0,1,1,0,1,0,1,0
ZTF23aafacce,0,1,0,1,0,0,1,1,0,1,0
ZTF23aafactx,0,0,1,1,0,1,0,1,0,1,0
ZTF23aafadba,0,1,0,1,0,1,0,0,1,1,0
ZTF23aafafci,0,1,0,1,0,0,1,1,0,1,0
ZTF23aafahxo,1,0,0,0,0,0,0,0,0,0,0
ZTF23aafaiyn,0,1,0,0,1,1,0,1,0,1,0
ZTF23aafajkz,0,0,1,1,0,1,0,1,0,1,0
ZTF23aafakgl,0,1,0,1,0,1,0,1,0,0,1
ZTF23aafanhn,0,1,0,1,0,1,0,0,1,1,0
ZTF23aafanqa,0,1,0,1,0,1,0,0,1,1,0
ZTF23aafelwu,0,1,0,1,0,1,0,0,1,1,0
ZTF23aaffhso,0,1,0,0,1,1,0,1,0,1,0
ZTF23aaffhua,0,1,0,1,0,0,1,1,0,1,0
ZTF23aaffitp,0,1,0,1,0,1,0,0,1,1,0
ZTF23aaffliw,0,1,0,1,0,1,0,0,1,1,0
ZTF23aaffnxc,0,0,1,1,0,1,0,1,0,1,0
ZTF23aaffqkk,1,0,0,0,0,0,0,0,0,0,0
ZTF23aafgaca,1,0,0,0,0,0,0,0,0,0,0
ZTF23aafgbry,0,0,1,1,0,1,0,1,0,1,0
ZTF23aafgeoy,0,1,0,0,1,1,0,1,0,1,0
ZTF23aafglmg,0,1,0,1,0,1,0,1,0,0,1
ZTF23aafgmaz,0,1,0,1,0,1,0,0,1,1,0
ZTF23aafgowi,0,1,0,1,0,1,0,0,1,1,0
ZTF23aafgsvp,0,1,0,0,1,1,0,1,0,1,0
ZTF23aafgthg,0,1,0,0,1,1,0,1,0,1,0
ZTF23aafguyu,0,1,0,1,0,0,1,1,0,1,0
ZTF23aafgvya,0,1,0,1,0,1,0,0,1,1,0
ZTF23aafgwob,0,0,1,1,0,1,0,1,0,1,0
ZTF23aafhdcu,0,1,0,1,0,1,0,1,0,0,1
ZTF23aafhdte,0,1,0,1,0,0,1,1,0,1,0
ZTF23aafhfsb,0,1,0,1,0,1,0,1,0,0,1
ZTF23aafhfwx,0,1,0,1,0,0,1,1,0,1,0
ZTF23aafhfxr,0,1,0,1,0,1,0,0,1,1,0
ZTF23aafhgak,0,1,0,1,0,0,1,1,0,1,0
ZTF23aafhtfk,0,1,0,1,0,1,0,0,1,1,0
ZTF23aafhuob,1,0,0,0,0,0,0,0,0,0,0
ZTF23aafhyse,1,0,0,0,0,0,0,0,0,0,0
ZTF23aafkpss,0,1,0,1,0,1,0,0,1,1,0
ZTF23aafkpts,0,1,0,1,0,0,1,1,0,1,0
ZTF23aafllhb,0,1,0,1,0,1,0,0,1,1,0
ZTF23aafllrr,0,1,0,1,0,1,0,0,1,1,0
ZTF23aaflmxl,1,0,0,0,0,0,0,0,0,0,0
ZTF23aaflnxp,0,1,0,1,0,0,1,1,0,1,0
ZTF23aaflroa,0,1,0,0,1,1,0,1,0,1,0
ZTF23aaflydu,1,0,0,0,0,0,0,0,0,0,0
ZTF23aaflzcw,0,1,0,1,0,0,1,1,0,1,0
ZTF23aafmhct,0,1,0,0,1,1,0,1,0,1,0
ZTF23aafmhgd,0,0,1,1,0,1,0,1,0,1,0
ZTF23aafmhkv,0,1,0,1,0,1,0,1,0,0,1
ZTF23aafpcjm,0,1,0,1,0,0,1,1,0,1,0
ZTF23aafpljt,0,0,1,1,0,1,0,1,0,1,0
ZTF23aafqkuj,0,0,1,1,0,1,0,1,0,1,0
ZTF23aafqlgs,0,1,0,1,0,1,0,1,0,0,1
ZTF23aafqmlo,0,1,0,1,0,0,1,1,0,1,0
ZTF23aafqsur,1,0,0,0,0,0,0,0,0,0,0
ZTF23aafqsvi,0,1,0,1,0,1,0,1,0,0,1
ZTF23aafqtag,1,0,0,0,0,0,0,0,0,0,0
ZTF23aafqyql,0,1,0,1,0,0,1,1,0,1,0
ZTF23aafqzkn,0,1,0,1,0,1,0,1,0,0,1
ZTF23aafratn,0,0,1,1,0,1,0,1,0,1,0
ZTF23aafrbhb,0,0,1,1,0,1,0,1,0,1,0
ZTF23aafrgnr,0,0,1,1,0,1,0,1,0,1,0
ZTF23aafrhew,0,1,0,1,0,1,0,1,0,0,1
ZTF23aafrjuu,0,1,0,1,0,1,0,1,0,0,1
ZTF23aafrknn,0,1,0,1,0,1,0,0,1,1,0
ZTF23aafrlgh,1,0,0,0,0,0,0,0,0,0,0
ZTF23aafrlmy,0,0,1,1,0,1,0,1,0,1,0
ZTF23aafrwmp,0,1,0,1,0,1,0,0,1,1,0
ZTF23aafsdsv,0,1,0,1,0,0,1,1,0,1,0
ZTF23aafsdwx,0,1,0,1,0,1,0,1,0,0,1
ZTF23aafsfbc,0,1,0,1,0,1,0,1,0,0,1
ZTF23aafskji,1,0,0,0,0,0,0,0,0,0,0
ZTF23aafslun,0,1,0,1,0,0,1,1,0,1,0
ZTF23aafsnqr,0,1,0,0,1,1,0,1,0,1,0
ZTF23aaftcvt,0,1,0,1,0,1,0,1,0,0,1
ZTF23aafuhtr,0,1,0,1,0,1,0,1,0,0,1
ZTF23aafumlg,0,0,1,1,0,1,0,1,0,1,0
ZTF23aafvnnz,0,1,0,1,0,1,0,1,0,0,1
ZTF23aafvpyn,0,1,0,1,0,0,1,1,0,1,0
ZTF23aafvqat,0,1,0,1,0,1,0,1,0,0,1
ZTF23aafvqkr,0,1,0,1,0,1,0,0,1,1,0
ZTF23aafvtuy,0,0,1,1,0,1,0,1,0,1,0
ZTF23aafvvar,0,1,0,0,1,1,0,1,0,1,0
ZTF23aafvyzd,0,1,0,0,1,1,0,1,0,1,0
ZTF23aafwsoy,0,1,0,1,0,1,0,1,0,0,1
ZTF23aafwtci,0,1,0,1,0,1,0,0,1,1,0
ZTF23aafwtlb,0,1,0,0,1,1,0,1,0,1,0
ZTF23aafwxcq,0,0,1,1,0,1,0,1,0,1,0
ZTF23aafwxwz,1,0,0,0,0,0,0,0,0,0,0
ZTF23aafwzmi,0,1,0,0,1,1,0,1,0,1,0
ZTF23aafwzot,0,1,0,1,0,0,1,1,0,1,0
ZTF23aafxfeu,0,1,0,1,0,1,0,1,0,0,1
ZTF23aafxhbo,0,0,1,1,0,1,0,1,0,1,0
ZTF23aafzqih,1,0,0,0,0,0,0,0,0,0,0
ZTF23aafzqnt,1,0,0,0,0,0,0,0,0,0,0
ZTF23aagaeha,0,1,0,1,0,0,1,1,0,1,0
ZTF23aagagnk,1,0,0,0,0,0,0,0,0,0,0
ZTF23aagajmt,1,0,0,0,0,0,0,0,0,0,0
ZTF23aagaoxx,0,0,1,1,0,1,0,1,0,1,0
ZTF23aagbhib,1,0,0,0,0,0,0,0,0,0,0
ZTF23aagcicf,1,0,0,0,0,0,0,0,0,0,0
ZTF23aagcvyi,1,0,0,0,0,0,0,0,0,0,0
ZTF23aagcxpx,0,1,0,1,0,0,1,1,0,1,0
ZTF23aagdamr,0,1,0,1,0,1,0,0,1,1,0
ZTF23aagdaqv,0,1,0,0,1,1,0,1,0,1,0
ZTF23aagdbtg,0,1,0,1,0,1,0,1,0,0,1
ZTF23aagdcqi,1,0,0,0,0,0,0,0,0,0,0
ZTF23aagdltf,1,0,0,0,0,0,0,0,0,0,0
ZTF23aagepkt,0,1,0,1,0,0,1,1,0,1,0
ZTF23aagerss,0,1,0,1,0,1,0,0,1,1,0
ZTF23aagetir,0,1,0,1,0,1,0,1,0,0,1
ZTF23aagetlo,0,1,0,0,1,1,0,1,0,1,0
ZTF23aagetsn,0,1,0,0,1,1,0,1,0,1,0
ZTF23aagexio,0,1,0,1,0,1,0,0,1,1,0
ZTF23aageyfg,1,0,0,0,0,0,0,0,0,0,0
ZTF23aagezgn,0,1,0,1,0,1,0,0,1,1,0
ZTF23aagfjnl,1,0,0,0,0,0,0,0,0,0,0
ZTF23aagfjrw,1,0,0,0,0,0,0,0,0,0,0
ZTF23aagfpxq,0,0,1,1,0,1,0,1,0,1,0
ZTF23aagfqcg,0,0,1,1,0,1,0,1,0,1,0
ZTF23aagfxiz,1,0,0,0,0,0,0,0,0,0,0
ZTF23aaggktn,1,0,0,0,0,0,0,0,0,0,0
ZTF23aaghamo,0,0,1,1,0,1,0,1,0,1,0
ZTF23aaghasj,0,0,1,1,0,1,0,1,0,1,0
ZTF23aaghaxq,0,1,0,1,0,1,0,0,1,1,0
ZTF23aaghzex,0,1,0,0,1,1,0,1,0,1,0
ZTF23aaghzps,0,1,0,1,0,1,0,0,1,1,0
ZTF23aagibop,0,0,1,1,0,1,0,1,0,1,0
ZTF23aagjdls,0,1,0,1,0,1,0,1,0,0,1
ZTF23aagjvlw,0,1,0,0,1,1,0,1,0,1,0
ZTF23aagjwpb,0,1,0,0,1,1,0,1,0,1,0
ZTF23aagkcly,0,1,0,0,1,1,0,1,0,1,0
ZTF23aagkzjp,1,0,0,0,0,0,0,0,0,0,0
ZTF23aaglprc,0,1,0,1,0,1,0,1,0,0,1
ZTF23aaglyvh,0,1,0,0,1,1,0,1,0,1,0
ZTF23aagmbrd,1,0,0,0,0,0,0,0,0,0,0
ZTF23aagmbuf,0,1,0,1,0,1,0,1,0,0,1
ZTF23aagnqtq,0,0,1,1,0,1,0,1,0,1,0
ZTF23aagomht,1,0,0,0,0,0,0,0,0,0,0
ZTF23aagomjz,0,1,0,1,0,1,0,0,1,1,0
ZTF23aagopyl,1,0,0,0,0,0,0,0,0,0,0
ZTF23aagoxkv,0,1,0,1,0,0,1,1,0,1,0
ZTF23aagozij,0,0,1,1,0,1,0,1,0,1,0
ZTF23aagpthl,0,0,1,1,0,1,0,1,0,1,0
ZTF23aagpyjf,0,0,1,1,0,1,0,1,0,1,0
ZTF23aagqyym,0,1,0,1,0,1,0,0,1,1,0
ZTF23aagqzid,0,1,0,1,0,1,0,0,1,1,0
ZTF23aagraly,1,0,0,0,0,0,0,0,0,0,0
ZTF23aagrfzn,0,1,0,1,0,1,0,1,0,0,1
ZTF23aagsfnu,0,1,0,1,0,1,0,1,0,0,1
ZTF23aagujka,0,1,0,1,0,1,0,0,1,1,0
ZTF23aagukpw,0,1,0,1,0,1,0,0,1,1,0
ZTF23aaguznx,1,0,0,0,0,0,0,0,0,0,0
ZTF23aagvcws,0,1,0,0,1,1,0,1,0,1,0
ZTF23aagvjoo,0,1,0,1,0,1,0,0,1,1,0
ZTF23aagvmsz,0,1,0,1,0,0,1,1,0,1,0
ZTF23aagvmuq,0,1,0,1,0,1,0,1,0,0,1
ZTF23aagwcfo,0,1,0,1,0,0,1,1,0,1,0
ZTF23aagwcnw,0,1,0,1,0,1,0,0,1,1,0
ZTF23aagwgjk,1,0,0,0,0,0,0,0,0,0,0
ZTF23aagwsqc,0,1,0,0,1,1,0,1,0,1,0
ZTF23aagxiub,1,0,0,0,0,0,0,0,0,0,0
ZTF23aagxsum,1,0,0,0,0,0,0,0,0,0,0
ZTF23aagxual,0,1,0,0,1,1,0,1,0,1,0
ZTF23aagyewj,0,1,0,0,1,1,0,1,0,1,0
ZTF23aagygxo,0,1,0,1,0,0,1,1,0,1,0
ZTF23aagzftc,0,1,0,1,0,1,0,1,0,0,1
ZTF23aagzkot,1,0,0,0,0,0,0,0,0,0,0
ZTF23aagzkoy,1,0,0,0,0,0,0,0,0,0,0
ZTF23aagzzhq,0,0,1,1,0,1,0,1,0,1,0
ZTF23aahavld,0,1,0,0,1,1,0,1,0,1,0
ZTF23aahbbqu,0,1,0,0,1,1,0,1,0,1,0
ZTF23aahbiuq,0,1,0,1,0,0,1,1,0,1,0
ZTF23aahbtjx,0,1,0,0,1,1,0,1,0,1,0
ZTF23aahcckj,0,0,1,1,0,1,0,1,0,1,0
ZTF23aahdooq,1,0,0,0,0,0,0,0,0,0,0
ZTF23aahegrr,1,0,0,0,0,0,0,0,0,0,0
ZTF23aahejye,0,1,0,1,0,1,0,1,0,0,1
ZTF23aahgpnl,1,0,0,0,0,0,0,0,0,0,0
ZTF23aahgqjp,0,1,0,1,0,0,1,1,0,1,0
ZTF23aahgtgr,1,0,0,0,0,0,0,0,0,0,0
ZTF23aahgzuz,0,1,0,1,0,0,1,1,0,1,0
ZTF23aahjcgp,1,0,0,0,0,0,0,0,0,0,0
ZTF23aahjdxa,0,1,0,1,0,1,0,1,0,0,1
ZTF23aahjfab,0,1,0,0,1,1,0,1,0,1,0
ZTF23aahjivb,0,1,0,1,0,1,0,1,0,0,1
ZTF23aahjkny,0,1,0,1,0,0,1,1,0,1,0
ZTF23aahnabd,0,1,0,1,0,0,1,1,0,1,0
ZTF23aahnizz,1,0,0,0,0,0,0,0,0,0,0
ZTF23aahonop,1,0,0,0,0,0,0,0,0,0,0
ZTF23aahorng,0,1,0,1,0,0,1,1,0,1,0
ZTF23aahqlzm,1,0,0,0,0,0,0,0,0,0,0
ZTF23aahsarz,0,1,0,0,1,1,0,1,0,1,0
ZTF23aahsbqg,0,1,0,1,0,1,0,1,0,0,1
ZTF23aahvalx,1,0,0,0,0,0,0,0,0,0,0
ZTF23aahvmpq,0,0,1,1,0,1,0,1,0,1,0
ZTF23aahvovq,0,1,0,1,0,1,0,0,1,1,0
ZTF23aahwchb,0,1,0,1,0,1,0,1,0,0,1
ZTF23aahwpxx,0,1,0,1,0,0,1,1,0,1,0
ZTF23aahwvva,0,1,0,1,0,1,0,1,0,0,1
ZTF23aahwwru,0,1,0,0,1,1,0,1,0,1,0
ZTF23aahxdjx,0,1,0,1,0,1,0,1,0,0,1
ZTF23aahxqas,1,0,0,0,0,0,0,0,0,0,0
ZTF23aahxqdp,0,1,0,1,0,0,1,1,0,1,0
ZTF23aahxsrk,0,1,0,1,0,1,0,0,1,1,0
ZTF23aahzyls,0,1,0,1,0,0,1,1,0,1,0
ZTF23aaiacgy,1,0,0,0,0,0,0,0,0,0,0
ZTF23aaiafvs,1,0,0,0,0,0,0,0,0,0,0
ZTF23aaiakpk,0,1,0,1,0,1,0,1,0,0,1
ZTF23aaialcw,0,0,1,1,0,1,0,1,0,1,0
ZTF23aaibnqv,0,1,0,1,0,1,0,1,0,0,1
ZTF23aaicgrc,0,1,0,1,0,1,0,1,0,0,1
ZTF23aaicmvv,0,1,0,1,0,0,1,1,0,1,0
ZTF23aaidydw,1,0,0,0,0,0,0,0,0,0,0
ZTF23aaifelu,0,1,0,1,0,1,0,0,1,1,0
ZTF23aaigcxx,0,1,0,1,0,1,0,0,1,1,0
ZTF23aaigfbe,1,0,0,0,0,0,0,0,0,0,0
ZTF23aaigfdm,0,1,0,1,0,0,1,1,0,1,0
ZTF23aaigqpy,0,1,0,1,0,1,0,1,0,0,1
ZTF23aaigrol,0,1,0,1,0,0,1,1,0,1,0
ZTF23aaigruj,0,0,1,1,0,1,0,1,0,1,0
ZTF23aaigydz,0,1,0,0,1,1,0,1,0,1,0
ZTF23aaihopt,0,1,0,1,0,1,0,0,1,1,0
ZTF23aaihowz,0,1,0,1,0,0,1,1,0,1,0
ZTF23aaiihft,0,1,0,1,0,1,0,1,0,0,1
ZTF23aaiixqy,0,1,0,0,1,1,0,1,0,1,0
ZTF23aaijdwl,0,1,0,1,0,0,1,1,0,1,0
ZTF23aaijgnu,0,1,0,1,0,1,0,1,0,0,1
ZTF23aaikllp,0,1,0,1,0,0,1,1,0,1,0
ZTF23aaikooe,0,1,0,1,0,0,1,1,0,1,0
ZTF23aaikzxr,0,1,0,0,1,1,0,1,0,1,0
ZTF23aailjmo,0,1,0,1,0,1,0,0,1,1,0
ZTF23aailodz,0,1,0,1,0,1,0,0,1,1,0
ZTF23aailzal,0,1,0,1,0,0,1,1,0,1,0
ZTF23aainsze,0,1,0,0,1,1,0,1,0,1,0
ZTF23aaiqxeo,0,1,0,0,1,1,0,1,0,1,0
ZTF23aairimt,0,1,0,1,0,1,0,0,1,1,0
ZTF23aairlss,1,0,0,0,0,0,0,0,0,0,0
ZTF23aairomm,0,0,1,1,0,1,0,1,0,1,0
ZTF23aairxxq,0,1,0,1,0,1,0,1,0,0,1
ZTF23aairylr,0,1,0,0,1,1,0,1,0,1,0
ZTF23aaisdgk,0,1,0,1,0,1,0,1,0,0,1
ZTF23aaispvl,1,0,0,0,0,0,0,0,0,0,0
ZTF23aaiszbh,0,1,0,0,1,1,0,1,0,1,0
ZTF23aaitept,0,1,0,1,0,1,0,0,1,1,0
ZTF23aaitfjz,0,1,0,1,0,1,0,1,0,0,1
ZTF23aaitimz,0,1,0,0,1,1,0,1,0,1,0
ZTF23aaitpzu,0,0,1,1,0,1,0,1,0,1,0
ZTF23aaiuuvv,0,1,0,1,0,0,1,1,0,1,0
ZTF23aaivped,0,1,0,0,1,1,0,1,0,1,0
ZTF23aaivpfh,1,0,0,0,0,0,0,0,0,0,0
ZTF23aaivsqv,0,1,0,1,0,1,0,1,0,0,1
ZTF23aaiwlzm,0,1,0,1,0,1,0,1,0,0,1
ZTF23aaiwunc,0,1,0,0,1,1,0,1,0,1,0
ZTF23aaiwvdh,0,1,0,1,0,1,0,0,1,1,0
ZTF23aaiwvpl,1,0,0,0,0,0,0,0,0,0,0
ZTF23aaiwzec,1,0,0,0,0,0,0,0,0,0,0
ZTF23aaiwzkx,0,1,0,1,0,0,1,1,0,1,0
ZTF23aaixbor,0,1,0,0,1,1,0,1,0,1,0
ZTF23aaixbxq,1,0,0,0,0,0,0,0,0,0,0
ZTF23aaixekb,1,0,0,0,0,0,0,0,0,0,0
ZTF23aaixfbk,0,1,0,0,1,1,0,1,0,1,0
ZTF23aaixfdv,1,0,0,0,0,0,0,0,0,0,0
ZTF23aaixfln,0,1,0,1,0,1,0,1,0,0,1
ZTF23aaixgtn,0,1,0,0,1,1,0,1,0,1,0
ZTF23aaixvce,1,0,0,0,0,0,0,0,0,0,0
ZTF23aaixycc,1,0,0,0,0,0,0,0,0,0,0
ZTF23aaixygm,0,1,0,1,0,1,0,1,0,0,1
ZTF23aaixzbd,0,1,0,1,0,1,0,0,1,1,0
ZTF23aaiyart,0,1,0,0,1,1,0,1,0,1,0
ZTF23aaiydyh,0,0,1,1,0,1,0,1,0,1,0
ZTF23aaiyhyx,0,1,0,1,0,1,0,0,1,1,0
ZTF23aaiyjeh,0,1,0,1,0,1,0,0,1,1,0
ZTF23aaiyrkz,0,1,0,1,0,1,0,1,0,0,1
ZTF23aaiyrns,0,1,0,1,0,0,1,1,0,1,0
ZTF23aaiysoq,0,0,1,1,0,1,0,1,0,1,0
ZTF23aaiysqn,0,0,1,1,0,1,0,1,0,1,0
ZTF23aaiytpy,0,1,0,1,0,1,0,1,0,0,1
ZTF23aaiywyz,0,0,1,1,0,1,0,1,0,1,0
ZTF23aaiyxbx,0,1,0,1,0,1,0,1,0,0,1
ZTF23aaizezh,0,1,0,1,0,1,0,1,0,0,1
ZTF23aaizfff,0,1,0,0,1,1,0,1,0,1,0
ZTF23aaizjbj,0,1,0,1,0,1,0,0,1,1,0
ZTF23aaizlst,1,0,0,0,0,0,0,0,0,0,0
ZTF23aaizrxw,0,1,0,1,0,1,0,1,0,0,1
ZTF23aajalnn,1,0,0,0,0,0,0,0,0,0,0
ZTF23aajaucm,0,1,0,0,1,1,0,1,0,1,0
ZTF23aajaygo,0,0,1,1,0,1,0,1,0,1,0
ZTF23aajaykq,0,1,0,1,0,1,0,0,1,1,0
ZTF23aajazyl,1,0,0,0,0,0,0,0,0,0,0
ZTF23aajdlir,0,1,0,0,1,1,0,1,0,1,0
ZTF23aajdttj,1,0,0,0,0,0,0,0,0,0,0
ZTF23aajdtyv,1,0,0,0,0,0,0,0,0,0,0
ZTF23aajduhx,1,0,0,0,0,0,0,0,0,0,0
ZTF23aajduii,0,0,1,1,0,1,0,1,0,1,0
ZTF23aajduoo,1,0,0,0,0,0,0,0,0,0,0
ZTF23aajduoq,0,0,1,1,0,1,0,1,0,1,0
ZTF23aajduqu,0,1,0,0,1,1,0,1,0,1,0
ZTF23aajduvy,0,1,0,1,0,0,1,1,0,1,0
ZTF23aajduzt,0,0,1,1,0,1,0,1,0,1,0
ZTF23aajenvh,0,1,0,1,0,1,0,0,1,1,0
ZTF23aajeped,0,1,0,0,1,1,0,1,0,1,0
ZTF23aajetlu,0,0,1,1,0,1,0,1,0,1,0
ZTF23aajetmx,0,1,0,1,0,0,1,1,0,1,0
ZTF23aajevax,0,1,0,1,0,1,0,0,1,1,0
ZTF23aajevsk,1,0,0,0,0,0,0,0,0,0,0
ZTF23aajewif,1,0,0,0,0,0,0,0,0,0,0
ZTF23aajfbyy,1,0,0,0,0,0,0,0,0,0,0
ZTF23aajfcaf,1,0,0,0,0,0,0,0,0,0,0
ZTF23aajfdmp,0,0,1,1,0,1,0,1,0,1,0
ZTF23aajfenp,0,1,0,0,1,1,0,1,0,1,0
ZTF23aajfexu,1,0,0,0,0,0,0,0,0,0,0
ZTF23aajfilx,0,1,0,1,0,1,0,1,0,0,1
ZTF23aajfizp,0,1,0,0,1,1,0,1,0,1,0
ZTF23aajfnvw,1,0,0,0,0,0,0,0,0,0,0
ZTF23aajfnyf,0,1,0,1,0,1,0,1,0,0,1
ZTF23aajfoed,1,0,0,0,0,0,0,0,0,0,0
ZTF23aajfqog,0,1,0,0,1,1,0,1,0,1,0
ZTF23aajfqtn,0,1,0,1,0,0,1,1,0,1,0
ZTF23aajfyrv,1,0,0,0,0,0,0,0,0,0,0
ZTF23aajgcpv,0,1,0,1,0,0,1,1,0,1,0
ZTF23aajglry,1,0,0,0,0,0,0,0,0,0,0
ZTF23aajgnbg,1,0,0,0,0,0,0,0,0,0,0
ZTF23aajgwmq,0,1,0,1,0,1,0,0,1,1,0
ZTF23aajhbqs,0,1,0,1,0,0,1,1,0,1,0
ZTF23aajhbrh,0,1,0,1,0,1,0,1,0,0,1
ZTF23aajhbyc,0,1,0,1,0,1,0,1,0,0,1
ZTF23aajhhvr,1,0,0,0,0,0,0,0,0,0,0
ZTF23aajhlmy,1,0,0,0,0,0,0,0,0,0,0
ZTF23aajhpae,1,0,0,0,0,0,0,0,0,0,0
ZTF23aajhqkt,0,1,0,1,0,0,1,1,0,1,0
ZTF23aajhqzy,1,0,0,0,0,0,0,0,0,0,0
ZTF23aajhshh,1,0,0,0,0,0,0,0,0,0,0
ZTF23aajhsln,0,0,1,1,0,1,0,1,0,1,0
ZTF23aajhsvp,0,0,1,1,0,1,0,1,0,1,0
ZTF23aajhswv,0,1,0,1,0,0,1,1,0,1,0
ZTF23aajhtuu,0,1,0,1,0,1,0,1,0,0,1
ZTF23aajhucy,0,1,0,1,0,1,0,1,0,0,1
ZTF23aajiazu,1,0,0,0,0,0,0,0,0,0,0
ZTF23aajibbm,0,1,0,1,0,1,0,0,1,1,0
ZTF23aajichz,0,1,0,0,1,1,0,1,0,1,0
ZTF23aajifkm,0,1,0,1,0,1,0,0,1,1,0
ZTF23aajihyg,0,1,0,1,0,1,0,1,0,0,1
ZTF23aajimlw,0,1,0,1,0,0,1,1,0,1,0
ZTF23aajirww,0,1,0,1,0,1,0,0,1,1,0
ZTF23aajjaqc,1,0,0,0,0,0,0,0,0,0,0
ZTF23aajjddh,1,0,0,0,0,0,0,0,0,0,0
ZTF23aajjgtx,1,0,0,0,0,0,0,0,0,0,0
ZTF23aajjhhl,0,1,0,1,0,0,1,1,0,1,0
ZTF23aajjhke,0,1,0,1,0,0,1,1,0,1,0
ZTF23aajjtxz,1,0,0,0,0,0,0,0,0,0,0
ZTF23aajjtye,0,1,0,1,0,0,1,1,0,1,0
ZTF23aajjval,0,1,0,1,0,1,0,1,0,0,1
ZTF23aajjvxa,0,1,0,0,1,1,0,1,0,1,0
ZTF23aajjydq,0,1,0,1,0,1,0,0,1,1,0
ZTF23aajkdvl,0,1,0,1,0,1,0,0,1,1,0
ZTF23aajkeia,0,1,0,1,0,0,1,1,0,1,0
ZTF23aajkejg,1,0,0,0,0,0,0,0,0,0,0
ZTF23aajkisu,0,0,1,1,0,1,0,1,0,1,0
ZTF23aajkjxm,0,1,0,1,0,0,1,1,0,1,0
ZTF23aajkujm,0,1,0,1,0,1,0,0,1,1,0
ZTF23aajlkxc,0,1,0,1,0,1,0,0,1,1,0
ZTF23aajllbt,0,1,0,0,1,1,0,1,0,1,0
ZTF23aajlmkr,1,0,0,0,0,0,0,0,0,0,0
ZTF23aajlpme,1,0,0,0,0,0,0,0,0,0,0
ZTF23aajlsiw,0,0,1,1,0,1,0,1,0,1,0
ZTF23aajlxlg,0,0,1,1,0,1,0,1,0,1,0
ZTF23aajmqns,0,1,0,1,0,1,0,0,1,1,0
ZTF23aajmrlv,0,1,0,1,0,0,1,1,0,1,0
ZTF23aajndip,0,1,0,1,0,1,0,0,1,1,0
ZTF23aajndkv,0,0,1,1,0,1,0,1,0,1,0
ZTF23aajndor,1,0,0,0,0,0,0,0,0,0,0
ZTF23aajndsl,0,1,0,0,1,1,0,1,0,1,0
ZTF23aajnjpc,1,0,0,0,0,0,0,0,0,0,0
ZTF23aajnjtk,0,1,0,1,0,0,1,1,0,1,0
ZTF23aajnkfy,0,1,0,1,0,1,0,1,0,0,1
ZTF23aajnlic,0,1,0,0,1,1,0,1,0,1,0
ZTF23aajnnsr,0,0,1,1,0,1,0,1,0,1,0
ZTF23aajnofr,0,1,0,0,1,1,0,1,0,1,0
ZTF23aajnogd,0,1,0,0,1,1,0,1,0,1,0
ZTF23aajnoox,0,0,1,1,0,1,0,1,0,1,0
ZTF23aajnqjk,0,0,1,1,0,1,0,1,0,1,0
ZTF23aajnrfe,0,1,0,1,0,1,0,1,0,0,1
ZTF23aajnuog,0,1,0,1,0,1,0,0,1,1,0
ZTF23aajnymh,0,0,1,1,0,1,0,1,0,1,0
ZTF23aajnzhs,0,0,1,1,0,1,0,1,0,1,0
ZTF23aajoabd,0,1,0,1,0,1,0,1,0,0,1
ZTF23aajoano,1,0,0,0,0,0,0,0,0,0,0
ZTF23aajocfy,0,1,0,1,0,1,0,1,0,0,1
ZTF23aajocph,0,1,0,0,1,1,0,1,0,1,0
ZTF23aajodnc,0,1,0,0,1,1,0,1,0,1,0
ZTF23aajoitr,0,1,0,1,0,1,0,1,0,0,1
ZTF23aajokee,0,1,0,0,1,1,0,1,0,1,0
ZTF23aajokit,0,1,0,1,0,0,1,1,0,1,0
ZTF23aajoqlv,0,1,0,0,1,1,0,1,0,1,0
ZTF23aajoxes,0,1,0,1,0,0,1,1,0,1,0
ZTF23aajozkk,0,0,1,1,0,1,0,1,0,1,0
ZTF23aajozmn,0,1,0,1,0,0,1,1,0,1,0
ZTF23aajpabl,0,1,0,1,0,1,0,0,1,1,0
ZTF23aajpcuk,0,1,0,1,0,1,0,1,0,0,1
ZTF23aajpdcg,0,1,0,0,1,1,0,1,0,1,0
ZTF23aajphsh,0,1,0,0,1,1,0,1,0,1,0
ZTF23aajppbh,0,1,0,1,0,1,0,1,0,0,1
ZTF23aajpssy,0,1,0,1,0,1,0,0,1,1,0
ZTF23aajqegz,0,1,0,1,0,0,1,1,0,1,0
ZTF23aajrvmr,0,1,0,1,0,1,0,0,1,1,0
ZTF23aajsbef,1,0,0,0,0,0,0,0,0,0,0
ZTF23aajsigu,0,1,0,1,0,1,0,1,0,0,1
ZTF23aajsjdv,0,1,0,0,1,1,0,1,0,1,0
ZTF23aajsmyk,0,1,0,1,0,1,0,0,1,1,0
ZTF23aajtpes,0,1,0,1,0,0,1,1,0,1,0
ZTF23aajtpey,0,1,0,1,0,0,1,1,0,1,0
ZTF23aajtqbh,1,0,0,0,0,0,0,0,0,0,0
ZTF23aajuuwh,0,1,0,1,0,1,0,0,1,1,0
ZTF23aajuvto,0,1,0,1,0,0,1,1,0,1,0
ZTF23aajvfdu,0,1,0,1,0,0,1,1,0,1,0
ZTF23aajvgqk,1,0,0,0,0,0,0,0,0,0,0
ZTF23aajvgsz,0,0,1,1,0,1,0,1,0,1,0
ZTF23aajvnbq,0,0,1,1,0,1,0,1,0,1,0
ZTF23aajvneh,0,1,0,1,0,1,0,1,0,0,1
ZTF23aajvntv,1,0,0,0,0,0,0,0,0,0,0
ZTF23aajwtko,0,0,1,1,0,1,0,1,0,1,0
ZTF23aajzuof,0,0,1,1,0,1,0,1,0,1,0
ZTF23aakacvq,0,1,0,1,0,0,1,1,0,1,0
ZTF23aakaqht,0,0,1,1,0,1,0,1,0,1,0
ZTF23aakbjjr,0,1,0,1,0,0,1,1,0,1,0
ZTF23aakbobk,0,1,0,1,0,0,1,1,0,1,0
ZTF23aakbojc,0,1,0,1,0,0,1,1,0,1,0
ZTF23aakbpap,0,1,0,0,1,1,0,1,0,1,0
ZTF23aakbqgc,0,1,0,1,0,0,1,1,0,1,0
ZTF23aakcbfv,0,1,0,1,0,1,0,0,1,1,0
ZTF23aakceva,0,1,0,1,0,1,0,0,1,1,0
ZTF23aakcmvz,0,1,0,1,0,0,1,1,0,1,0
ZTF23aakczru,0,1,0,1,0,1,0,0,1,1,0
ZTF23aakdazb,0,1,0,1,0,1,0,1,0,0,1
ZTF23aakdooi,0,1,0,1,0,1,0,1,0,0,1
ZTF23aakekzd,0,1,0,1,0,0,1,1,0,1,0
ZTF23aakenbn,0,0,1,1,0,1,0,1,0,1,0
ZTF23aakgbcp,0,1,0,1,0,0,1,1,0,1,0
ZTF23aakgtdf,1,0,0,0,0,0,0,0,0,0,0
ZTF23aakhjkk,0,1,0,1,0,1,0,1,0,0,1
ZTF23aakhjuz,0,0,1,1,0,1,0,1,0,1,0
ZTF23aakhtie,0,1,0,1,0,1,0,1,0,0,1
ZTF23aakhtqo,1,0,0,0,0,0,0,0,0,0,0
ZTF23aakhvts,0,1,0,1,0,1,0,0,1,1,0
ZTF23aakjbef,0,1,0,1,0,1,0,0,1,1,0
ZTF23aakjnib,0,1,0,0,1,1,0,1,0,1,0
ZTF23aakjnji,0,1,0,1,0,0,1,1,0,1,0
ZTF23aakjpdr,1,0,0,0,0,0,0,0,0,0,0
ZTF23aakjrzm,0,1,0,0,1,1,0,1,0,1,0
ZTF23aakjsbj,1,0,0,0,0,0,0,0,0,0,0
ZTF23aakkkmz,0,1,0,0,1,1,0,1,0,1,0
ZTF23aaklamh,0,1,0,1,0,1,0,0,1,1,0
ZTF23aaklfsz,0,1,0,1,0,1,0,0,1,1,0
ZTF23aaklhml,1,0,0,0,0,0,0,0,0,0,0
ZTF23aaklpbp,0,0,1,1,0,1,0,1,0,1,0
ZTF23aaklvgv,0,1,0,0,1,1,0,1,0,1,0
ZTF23aaklvhh,0,1,0,1,0,0,1,1,0,1,0
ZTF23aakmetf,1,0,0,0,0,0,0,0,0,0,0
ZTF23aakmnkh,0,1,0,1,0,1,0,0,1,1,0
ZTF23aakmqah,0,1,0,1,0,0,1,1,0,1,0
ZTF23aaknfkc,0,1,0,1,0,0,1,1,0,1,0
ZTF23aaknoms,1,0,0,0,0,0,0,0,0,0,0
ZTF23aaknrrz,1,0,0,0,0,0,0,0,0,0,0
ZTF23aaknrvh,0,1,0,1,0,1,0,0,1,1,0
ZTF23aaknsqr,0,0,1,1,0,1,0,1,0,1,0
ZTF23aakojnn,0,1,0,1,0,1,0,0,1,1,0
ZTF23aakplrg,0,0,1,1,0,1,0,1,0,1,0
ZTF23aakpmck,1,0,0,0,0,0,0,0,0,0,0
ZTF23aakpmdd,0,1,0,1,0,0,1,1,0,1,0
ZTF23aakpmyx,1,0,0,0,0,0,0,0,0,0,0
ZTF23aakpzvj,1,0,0,0,0,0,0,0,0,0,0
ZTF23aakqbgs,0,1,0,0,1,1,0,1,0,1,0
ZTF23aakqbgt,0,1,0,0,1,1,0,1,0,1,0
ZTF23aakqcen,1,0,0,0,0,0,0,0,0,0,0
ZTF23aakqcpr,0,1,0,1,0,1,0,1,0,0,1
ZTF23aakqiis,0,1,0,1,0,1,0,0,1,1,0
ZTF23aakrbnt,1,0,0,0,0,0,0,0,0,0,0
ZTF23aakrdfa,0,1,0,1,0,1,0,0,1,1,0
ZTF23aakrioz,1,0,0,0,0,0,0,0,0,0,0
ZTF23aakrkjt,0,1,0,1,0,0,1,1,0,1,0
ZTF23aakrnap,0,1,0,1,0,0,1,1,0,1,0
ZTF23aakrnox,1,0,0,0,0,0,0,0,0,0,0
ZTF23aakrnrc,0,1,0,0,1,1,0,1,0,1,0
ZTF23aakrupn,0,1,0,1,0,0,1,1,0,1,0
ZTF23aakstht,0,1,0,0,1,1,0,1,0,1,0
ZTF23aakstuf,0,1,0,1,0,1,0,1,0,0,1
ZTF23aaksups,0,0,1,1,0,1,0,1,0,1,0
ZTF23aaktccj,0,1,0,1,0,1,0,1,0,0,1
ZTF23aaktcdt,0,0,1,1,0,1,0,1,0,1,0
ZTF23aaktcgv,0,0,1,1,0,1,0,1,0,1,0
ZTF23aakthcx,0,1,0,1,0,1,0,0,1,1,0
ZTF23aakthob,0,1,0,1,0,1,0,1,0,0,1
ZTF23aaktuln,1,0,0,0,0,0,0,0,0,0,0
ZTF23aaktzsu,1,0,0,0,0,0,0,0,0,0,0
ZTF23aakuegw,1,0,0,0,0,0,0,0,0,0,0
ZTF23aakunhi,1,0,0,0,0,0,0,0,0,0,0
ZTF23aakyfnd,0,1,0,1,0,1,0,1,0,0,1
ZTF23aakyfsk,1,0,0,0,0,0,0,0,0,0,0
ZTF23aakyphf,0,1,0,1,0,0,1,1,0,1,0
ZTF23aakzlwl,0,1,0,1,0,0,1,1,0,1,0
ZTF23aakzmic,1,0,0,0,0,0,0,0,0,0,0
ZTF23aakzpub,1,0,0,0,0,0,0,0,0,0,0
ZTF23aalakgj,0,1,0,1,0,1,0,0,1,1,0
ZTF23aalatbx,0,1,0,1,0,1,0,1,0,0,1
ZTF23aalbbmc,0,1,0,0,1,1,0,1,0,1,0
ZTF23aalbqvc,1,0,0,0,0,0,0,0,0,0,0
ZTF23aalbudk,0,1,0,0,1,1,0,1,0,1,0
ZTF23aalburo,1,0,0,0,0,0,0,0,0,0,0
ZTF23aalbxqx,0,1,0,1,0,0,1,1,0,1,0
ZTF23aalcbiv,1,0,0,0,0,0,0,0,0,0,0
ZTF23aalccmk,0,1,0,1,0,1,0,1,0,0,1
ZTF23aalcibr,0,1,0,1,0,1,0,1,0,0,1
ZTF23aalcijh,0,0,1,1,0,1,0,1,0,1,0
ZTF23aalctal,0,1,0,0,1,1,0,1,0,1,0
ZTF23aalcttc,1,0,0,0,0,0,0,0,0,0,0
ZTF23aalcvlh,0,1,0,0,1,1,0,1,0,1,0
ZTF23aalcxih,0,1,0,0,1,1,0,1,0,1,0
ZTF23aalcynk,1,0,0,0,0,0,0,0,0,0,0
ZTF23aalcyso,0,1,0,1,0,1,0,0,1,1,0
ZTF23aalczae,1,0,0,0,0,0,0,0,0,0,0
ZTF23aaldgsn,0,1,0,1,0,1,0,0,1,1,0
ZTF23aaldhhd,0,1,0,0,1,1,0,1,0,1,0
ZTF23aaldqlf,0,1,0,0,1,1,0,1,0,1,0
ZTF23aaldvtz,0,0,1,1,0,1,0,1,0,1,0
ZTF23aalfofn,0,1,0,1,0,0,1,1,0,1,0
ZTF23aalgjlz,0,1,0,0,1,1,0,1,0,1,0
ZTF23aalgkrc,0,0,1,1,0,1,0,1,0,1,0
ZTF23aalhqci,0,1,0,0,1,1,0,1,0,1,0
ZTF23aalhyjb,0,0,1,1,0,1,0,1,0,1,0
ZTF23aalihqz,0,1,0,1,0,0,1,1,0,1,0
ZTF23aaljicz,0,1,0,1,0,1,0,1,0,0,1
ZTF23aaljjyj,0,1,0,1,0,1,0,0,1,1,0
ZTF23aaljkxh,0,1,0,0,1,1,0,1,0,1,0
ZTF23aaljzew,0,0,1,1,0,1,0,1,0,1,0
ZTF23aalmjxr,0,1,0,1,0,0,1,1,0,1,0
ZTF23aalmnfh,0,1,0,1,0,0,1,1,0,1,0
ZTF23aalngts,0,1,0,0,1,1,0,1,0,1,0
ZTF23aalnlbf,0,1,0,1,0,1,0,1,0,0,1
ZTF23aalnxms,0,1,0,0,1,1,0,1,0,1,0
ZTF23aalonkr,0,1,0,0,1,1,0,1,0,1,0
ZTF23aalptuh,0,1,0,1,0,0,1,1,0,1,0
ZTF23aalqhxc,0,1,0,0,1,1,0,1,0,1,0
ZTF23aalqssl,0,1,0,1,0,1,0,0,1,1,0
ZTF23aalrgnl,1,0,0,0,0,0,0,0,0,0,0
ZTF23aalrhtf,0,1,0,0,1,1,0,1,0,1,0
ZTF23aalrusy,0,1,0,1,0,1,0,0,1,1,0
ZTF23aalrvep,0,1,0,0,1,1,0,1,0,1,0
ZTF23aalrwqn,1,0,0,0,0,0,0,0,0,0,0
ZTF23aalrzce,0,0,1,1,0,1,0,1,0,1,0
ZTF23aalrznr,0,1,0,1,0,1,0,0,1,1,0
ZTF23aalshha,0,1,0,1,0,1,0,0,1,1,0
ZTF23aalsilt,0,1,0,1,0,1,0,1,0,0,1
ZTF23aaltsgi,0,1,0,1,0,0,1,1,0,1,0
ZTF23aaltwep,1,0,0,0,0,0,0,0,0,0,0
ZTF23aalutyy,0,1,0,0,1,1,0,1,0,1,0
ZTF23aalxrnz,1,0,0,0,0,0,0,0,0,0,0
ZTF23aalxuxe,0,1,0,1,0,1,0,1,0,0,1
ZTF23aalyrlm,1,0,0,0,0,0,0,0,0,0,0
ZTF23aalzdkl,0,1,0,1,0,0,1,1,0,1,0
ZTF23aalzdlr,1,0,0,0,0,0,0,0,0,0,0
ZTF23aalzjgk,0,0,1,1,0,1,0,1,0,1,0
ZTF23aamadkt,0,1,0,1,0,1,0,1,0,0,1
ZTF23aamadpc,0,0,1,1,0,1,0,1,0,1,0
ZTF23aamazco,1,0,0,0,0,0,0,0,0,0,0
ZTF23aambtdw,1,0,0,0,0,0,0,0,0,0,0
ZTF23aamcfpg,1,0,0,0,0,0,0,0,0,0,0
ZTF23aamcmql,1,0,0,0,0,0,0,0,0,0,0
ZTF23aamcplh,0,0,1,1,0,1,0,1,0,1,0
ZTF23aamcpxl,0,1,0,1,0,1,0,0,1,1,0
ZTF23aamcvdp,0,1,0,1,0,1,0,0,1,1,0
ZTF23aamcwnp,0,1,0,1,0,0,1,1,0,1,0
ZTF23aamdjrq,0,1,0,1,0,0,1,1,0,1,0
ZTF23aamdndf,0,1,0,0,1,1,0,1,0,1,0
ZTF23aamdnfp,0,1,0,0,1,1,0,1,0,1,0
ZTF23aamehed,0,1,0,1,0,1,0,0,1,1,0
ZTF23aameyce,0,1,0,1,0,1,0,1,0,0,1
ZTF23aamgbey,0,0,1,1,0,1,0,1,0,1,0
ZTF23aamgcga,0,0,1,1,0,1,0,1,0,1,0
ZTF23aamgetd,0,1,0,1,0,0,1,1,0,1,0
ZTF23aamgjbz,1,0,0,0,0,0,0,0,0,0,0
ZTF23aamhlnl,0,1,0,1,0,1,0,1,0,0,1
ZTF23aamikkv,0,0,1,1,0,1,0,1,0,1,0
ZTF23aamixtm,0,1,0,0,1,1,0,1,0,1,0
ZTF23aamkdfi,0,1,0,1,0,1,0,0,1,1,0
ZTF23aamkrgo,0,1,0,1,0,1,0,0,1,1,0
ZTF23aamkwvh,0,1,0,1,0,0,1,1,0,1,0
ZTF23aamlodm,1,0,0,0,0,0,0,0,0,0,0
ZTF23aamneou,0,0,1,1,0,1,0,1,0,1,0
ZTF23aamocqr,0,1,0,1,0,1,0,1,0,0,1
ZTF23aamoull,1,0,0,0,0,0,0,0,0,0,0
ZTF23aamqjwd,0,1,0,1,0,0,1,1,0,1,0
ZTF23aamqklj,1,0,0,0,0,0,0,0,0,0,0
ZTF23aamqkrn,0,0,1,1,0,1,0,1,0,1,0
ZTF23aamqtel,0,0,1,1,0,1,0,1,0,1,0
ZTF23aamqycj,0,1,0,1,0,1,0,0,1,1,0
ZTF23aamqzrq,0,1,0,1,0,1,0,0,1,1,0
ZTF23aamqzus,0,1,0,1,0,1,0,1,0,0,1
ZTF23aamqzyz,0,1,0,1,0,1,0,0,1,1,0
ZTF23aamsavc,1,0,0,0,0,0,0,0,0,0,0
ZTF23aamscqb,1,0,0,0,0,0,0,0,0,0,0
ZTF23aamsdxj,1,0,0,0,0,0,0,0,0,0,0
ZTF23aamsekd,0,1,0,1,0,1,0,0,1,1,0
ZTF23aamsjhx,0,0,1,1,0,1,0,1,0,1,0
ZTF23aamsjwc,1,0,0,0,0,0,0,0,0,0,0
ZTF23aamskdj,0,0,1,1,0,1,0,1,0,1,0
ZTF23aamslln,0,1,0,1,0,1,0,0,1,1,0
ZTF23aamstcw,0,1,0,1,0,1,0,1,0,0,1
ZTF23aamtwws,0,0,1,1,0,1,0,1,0,1,0
ZTF23aamumyw,0,0,1,1,0,1,0,1,0,1,0
ZTF23aamvyyl,0,1,0,1,0,0,1,1,0,1,0
ZTF23aamxett,0,1,0,1,0,0,1,1,0,1,0
ZTF23aamxpis,0,1,0,1,0,1,0,0,1,1,0
ZTF23aamxwvi,0,0,1,1,0,1,0,1,0,1,0
ZTF23aamzcfe,0,1,0,1,0,1,0,1,0,0,1
ZTF23aamzkrr,0,1,0,1,0,1,0,0,1,1,0
ZTF23aamzksb,0,1,0,0,1,1,0,1,0,1,0
ZTF23aamzlwd,0,1,0,1,0,1,0,0,1,1,0
ZTF23aamzlws,0,1,0,1,0,1,0,0,1,1,0
ZTF23aamzmao,0,1,0,1,0,1,0,0,1,1,0
ZTF23aamzmuw,1,0,0,0,0,0,0,0,0,0,0
ZTF23aamzxcr,1,0,0,0,0,0,0,0,0,0,0
ZTF23aamzyof,0,1,0,0,1,1,0,1,0,1,0
ZTF23aandeoj,0,1,0,1,0,0,1,1,0,1,0
ZTF23aandeul,0,1,0,1,0,0,1,1,0,1,0
ZTF23aandhbn,0,1,0,0,1,1,0,1,0,1,0
ZTF23aandhlz,0,1,0,1,0,1,0,1,0,0,1
ZTF23aandklx,1,0,0,0,0,0,0,0,0,0,0
ZTF23aandlxl,0,1,0,0,1,1,0,1,0,1,0
ZTF23aandmqf,0,1,0,1,0,1,0,0,1,1,0
ZTF23aandrvx,1,0,0,0,0,0,0,0,0,0,0
ZTF23aandsfy,0,1,0,1,0,1,0,1,0,0,1
ZTF23aandtgm,0,1,0,1,0,0,1,1,0,1,0
ZTF23aandtuw,0,1,0,0,1,1,0,1,0,1,0
ZTF23aandvjo,0,1,0,1,0,0,1,1,0,1,0
ZTF23aandvux,0,1,0,1,0,1,0,1,0,0,1
ZTF23aandvzg,0,1,0,0,1,1,0,1,0,1,0
ZTF23aanfppn,0,1,0,0,1,1,0,1,0,1,0
ZTF23aangyjj,0,0,1,1,0,1,0,1,0,1,0
ZTF23aangysu,1,0,0,0,0,0,0,0,0,0,0
ZTF23aangyzt,1,0,0,0,0,0,0,0,0,0,0
ZTF23aanhdgk,0,1,0,1,0,1,0,1,0,0,1
ZTF23aanhgiv,0,1,0,1,0,0,1,1,0,1,0
ZTF23aanhipy,0,1,0,1,0,1,0,1,0,0,1
ZTF23aanhmxv,0,1,0,1,0,1,0,1,0,0,1
ZTF23aanhzvz,0,1,0,1,0,1,0,1,0,0,1
ZTF23aanibuz,0,1,0,1,0,1,0,1,0,0,1
ZTF23aanimev,0,1,0,1,0,1,0,1,0,0,1
ZTF23aanixjy,0,1,0,1,0,1,0,0,1,1,0
ZTF23aanjiui,0,1,0,1,0,0,1,1,0,1,0
ZTF23aanjkjl,0,1,0,1,0,0,1,1,0,1,0
ZTF23aankzvh,0,0,1,1,0,1,0,1,0,1,0
ZTF23aanlblm,0,1,0,1,0,0,1,1,0,1,0
ZTF23aanlbzp,0,1,0,1,0,1,0,1,0,0,1
ZTF23aanlmst,0,1,0,1,0,1,0,1,0,0,1
ZTF23aanlmud,0,1,0,0,1,1,0,1,0,1,0
ZTF23aanmctm,0,1,0,0,1,1,0,1,0,1,0
ZTF23aanmnhh,0,0,1,1,0,1,0,1,0,1,0
ZTF23aanppvt,0,1,0,1,0,1,0,1,0,0,1
ZTF23aanptpp,0,0,1,1,0,1,0,1,0,1,0
ZTF23aanpuvp,0,1,0,1,0,1,0,0,1,1,0
ZTF23aanpuwv,0,1,0,1,0,0,1,1,0,1,0
ZTF23aanpuzv,0,1,0,1,0,1,0,0,1,1,0
ZTF23aanpwhc,0,1,0,1,0,1,0,0,1,1,0
ZTF23aanqehh,0,0,1,1,0,1,0,1,0,1,0
ZTF23aanqemk,0,1,0,1,0,1,0,1,0,0,1
ZTF23aanqemz,0,0,1,1,0,1,0,1,0,1,0
ZTF23aanqesy,0,1,0,1,0,1,0,0,1,1,0
ZTF23aanqmhw,0,1,0,1,0,1,0,1,0,0,1
ZTF23aanqouy,1,0,0,0,0,0,0,0,0,0,0
ZTF23aanqoyo,0,1,0,1,0,1,0,0,1,1,0
ZTF23aanqpae,0,1,0,0,1,1,0,1,0,1,0
ZTF23aanqqbr,0,1,0,0,1,1,0,1,0,1,0
ZTF23aanqrxb,0,1,0,0,1,1,0,1,0,1,0
ZTF23aanqvva,0,0,1,1,0,1,0,1,0,1,0
ZTF23aanraos,1,0,0,0,0,0,0,0,0,0,0
ZTF23aanrehr,0,1,0,1,0,0,1,1,0,1,0
ZTF23aanrkav,0,1,0,1,0,1,0,0,1,1,0
ZTF23aanrkfh,0,1,0,1,0,1,0,0,1,1,0
ZTF23aanrkmy,1,0,0,0,0,0,0,0,0,0,0
ZTF23aanrkon,0,1,0,1,0,1,0,0,1,1,0
ZTF23aanrksv,0,0,1,1,0,1,0,1,0,1,0
ZTF23aanrvib,0,0,1,1,0,1,0,1,0,1,0
ZTF23aanscvu,1,0,0,0,0,0,0,0,0,0,0
ZTF23aansdlc,1,0,0,0,0,0,0,0,0,0,0
ZTF23aansdng,0,1,0,1,0,1,0,0,1,1,0
ZTF23aansdxy,0,1,0,1,0,0,1,1,0,1,0
ZTF23aansehp,0,1,0,1,0,1,0,0,1,1,0
ZTF23aansfgo,0,1,0,0,1,1,0,1,0,1,0
ZTF23aansfni,0,1,0,1,0,0,1,1,0,1,0
ZTF23aansoed,0,1,0,1,0,1,0,1,0,0,1
ZTF23aansozr,1,0,0,0,0,0,0,0,0,0,0
ZTF23aansqzw,0,0,1,1,0,1,0,1,0,1,0
ZTF23aansrmz,1,0,0,0,0,0,0,0,0,0,0
ZTF23aansrze,0,1,0,1,0,1,0,0,1,1,0
ZTF23aansses,1,0,0,0,0,0,0,0,0,0,0
ZTF23aansswd,0,0,1,1,0,1,0,1,0,1,0
ZTF23aansumt,0,1,0,1,0,1,0,0,1,1,0
ZTF23aanszxa,1,0,0,0,0,0,0,0,0,0,0
ZTF23aanteou,0,0,1,1,0,1,0,1,0,1,0
ZTF23aantewv,0,1,0,1,0,1,0,1,0,0,1
ZTF23aantkgr,0,1,0,1,0,1,0,1,0,0,1
ZTF23aantlms,0,1,0,1,0,1,0,1,0,0,1
ZTF23aantlnj,0,1,0,1,0,0,1,1,0,1,0
ZTF23aantmqa,0,1,0,1,0,0,1,1,0,1,0
ZTF23aanudve,0,1,0,1,0,1,0,1,0,0,1
ZTF23aanukpu,0,1,0,1,0,1,0,1,0,0,1
ZTF23aanuoqh,1,0,0,0,0,0,0,0,0,0,0
ZTF23aanuppc,0,0,1,1,0,1,0,1,0,1,0
ZTF23aanuveu,0,1,0,1,0,1,0,0,1,1,0
ZTF23aanuzfa,0,1,0,1,0,0,1,1,0,1,0
ZTF23aanvfrw,0,1,0,1,0,1,0,1,0,0,1
ZTF23aanvwol,0,1,0,0,1,1,0,1,0,1,0
ZTF23aanwrky,0,1,0,1,0,1,0,1,0,0,1
ZTF23aanxepa,0,0,1,1,0,1,0,1,0,1,0
ZTF23aanxssj,0,0,1,1,0,1,0,1,0,1,0
ZTF23aanxtnx,1,0,0,0,0,0,0,0,0,0,0
ZTF23aanxybp,1,0,0,0,0,0,0,0,0,0,0
ZTF23aanyacd,0,1,0,1,0,1,0,1,0,0,1
ZTF23aanycdy,0,1,0,0,1,1,0,1,0,1,0
ZTF23aanyfzg,1,0,0,0,0,0,0,0,0,0,0
ZTF23aanygdr,0,1,0,1,0,1,0,0,1,1,0
ZTF23aanyibf,0,1,0,1,0,1,0,0,1,1,0
ZTF23aanyieq,1,0,0,0,0,0,0,0,0,0,0
ZTF23aanyydk,0,0,1,1,0,1,0,1,0,1,0
ZTF23aanzbtf,0,1,0,0,1,1,0,1,0,1,0
ZTF23aanzoal,0,0,1,1,0,1,0,1,0,1,0
ZTF23aanzocp,1,0,0,0,0,0,0,0,0,0,0
ZTF23aanzvzm,0,0,1,1,0,1,0,1,0,1,0
ZTF23aaoaqeg,0,1,0,1,0,0,1,1,0,1,0
ZTF23aaoarhb,0,1,0,0,1,1,0,1,0,1,0
ZTF23aaoasdn,0,0,1,1,0,1,0,1,0,1,0
ZTF23aaoaspt,0,0,1,1,0,1,0,1,0,1,0
ZTF23aaoaypt,1,0,0,0,0,0,0,0,0,0,0
ZTF23aaoblpv,1,0,0,0,0,0,0,0,0,0,0
ZTF23aaobuea,0,0,1,1,0,1,0,1,0,1,0
ZTF23aaobzsc,1,0,0,0,0,0,0,0,0,0,0
ZTF23aaocfuu,0,1,0,1,0,1,0,1,0,0,1
ZTF23aaocodk,0,1,0,0,1,1,0,1,0,1,0
ZTF23aaocsti,0,1,0,1,0,0,1,1,0,1,0
ZTF23aaodbnz,1,0,0,0,0,0,0,0,0,0,0
ZTF23aaodxuj,0,1,0,1,0,1,0,1,0,0,1
ZTF23aaohdaa,1,0,0,0,0,0,0,0,0,0,0
ZTF23aaohfjk,1,0,0,0,0,0,0,0,0,0,0
ZTF23aaohqcn,0,0,1,1,0,1,0,1,0,1,0
ZTF23aaoihym,0,1,0,0,1,1,0,1,0,1,0
ZTF23aaoihyn,0,1,0,1,0,1,0,0,1,1,0
ZTF23aaojlpq,1,0,0,0,0,0,0,0,0,0,0
ZTF23aaokxll,0,0,1,1,0,1,0,1,0,1,0
ZTF23aaokzrb,0,1,0,1,0,1,0,0,1,1,0
ZTF23aaolbvw,0,0,1,1,0,1,0,1,0,1,0
ZTF23aaomufr,0,1,0,1,0,0,1,1,0,1,0
ZTF23aaooaro,0,1,0,1,0,1,0,0,1,1,0
ZTF23aaoocjr,0,1,0,0,1,1,0,1,0,1,0
ZTF23aaoorls,0,1,0,1,0,0,1,1,0,1,0
ZTF23aaopfhd,0,0,1,1,0,1,0,1,0,1,0
ZTF23aaopjox,0,1,0,1,0,1,0,0,1,1,0
ZTF23aaopoqn,0,1,0,0,1,1,0,1,0,1,0
ZTF23aaopruu,0,1,0,1,0,1,0,0,1,1,0
ZTF23aaopvpn,0,1,0,1,0,1,0,1,0,0,1
ZTF23aaoqyvx,1,0,0,0,0,0,0,0,0,0,0
ZTF23aaoriey,0,1,0,1,0,1,0,1,0,0,1
ZTF23aaoriza,0,1,0,1,0,1,0,1,0,0,1
ZTF23aaorsdi,0,1,0,1,0,1,0,1,0,0,1
ZTF23aaorsge,0,1,0,1,0,1,0,1,0,0,1
ZTF23aaorwsb,0,1,0,1,0,0,1,1,0,1,0
ZTF23aaoryle,0,1,0,1,0,1,0,1,0,0,1
ZTF23aaosajt,0,1,0,1,0,1,0,1,0,0,1
ZTF23aaosfip,0,1,0,1,0,1,0,1,0,0,1
ZTF23aaosfkk,1,0,0,0,0,0,0,0,0,0,0
ZTF23aaosgrm,0,1,0,1,0,1,0,0,1,1,0
ZTF23aaoszvx,0,1,0,1,0,0,1,1,0,1,0
ZTF23aaotjnn,1,0,0,0,0,0,0,0,0,0,0
ZTF23aaotsyz,0,1,0,1,0,1,0,0,1,1,0
ZTF23aaotzad,0,1,0,1,0,1,0,1,0,0,1
ZTF23aaouqoo,1,0,0,0,0,0,0,0,0,0,0
ZTF23aaoutth,0,1,0,1,0,1,0,1,0,0,1
ZTF23aaovofm,0,0,1,1,0,1,0,1,0,1,0
ZTF23aaovxzm,1,0,0,0,0,0,0,0,0,0,0
ZTF23aaovxzo,0,0,1,1,0,1,0,1,0,1,0
ZTF23aaowaxu,0,1,0,0,1,1,0,1,0,1,0
ZTF23aaowenv,0,1,0,1,0,1,0,1,0,0,1
ZTF23aaowohw,1,0,0,0,0,0,0,0,0,0,0
ZTF23aaoxcoy,0,1,0,1,0,1,0,0,1,1,0
ZTF23aaoxhmh,0,1,0,1,0,0,1,1,0,1,0
ZTF23aaoxldp,0,1,0,0,1,1,0,1,0,1,0
ZTF23aaoxlek,0,1,0,0,1,1,0,1,0,1,0
ZTF23aaoxyqx,0,0,1,1,0,1,0,1,0,1,0
ZTF23aaoypfx,0,1,0,1,0,1,0,1,0,0,1
ZTF23aaoyplb,0,1,0,1,0,1,0,1,0,0,1
ZTF23aapbslt,0,1,0,1,0,1,0,0,1,1,0
ZTF23aapcvif,0,1,0,1,0,0,1,1,0,1,0
ZTF23aapdibe,0,1,0,0,1,1,0,1,0,1,0
ZTF23aapfaia,0,1,0,0,1,1,0,1,0,1,0
ZTF23aapfrwv,0,1,0,0,1,1,0,1,0,1,0
ZTF23aapftek,1,0,0,0,0,0,0,0,0,0,0
ZTF23aapfzdf,0,1,0,1,0,0,1,1,0,1,0
ZTF23aapgdnm,0,0,1,1,0,1,0,1,0,1,0
ZTF23aaphlqg,0,1,0,1,0,1,0,0,1,1,0
ZTF23aaphnyz,0,1,0,0,1,1,0,1,0,1,0
ZTF23aaphpnk,0,1,0,1,0,1,0,0,1,1,0
ZTF23aaphpqj,0,0,1,1,0,1,0,1,0,1,0
ZTF23aaphvnc,0,1,0,0,1,1,0,1,0,1,0
ZTF23aapihmw,0,1,0,1,0,1,0,0,1,1,0
ZTF23aapiise,0,1,0,1,0,1,0,0,1,1,0
ZTF23aapipnz,0,1,0,1,0,1,0,0,1,1,0
ZTF23aapivjb,0,0,1,1,0,1,0,1,0,1,0
ZTF23aapizjs,0,0,1,1,0,1,0,1,0,1,0
ZTF23aapjbxt,0,1,0,0,1,1,0,1,0,1,0
ZTF23aapjekr,0,1,0,0,1,1,0,1,0,1,0
ZTF23aapjzjo,0,1,0,1,0,1,0,0,1,1,0
ZTF23aapkcke,0,0,1,1,0,1,0,1,0,1,0
ZTF23aapkigi,1,0,0,0,0,0,0,0,0,0,0
ZTF23aapktzc,1,0,0,0,0,0,0,0,0,0,0
ZTF23aapkwyh,0,1,0,0,1,1,0,1,0,1,0
ZTF23aapkxkq,0,1,0,0,1,1,0,1,0,1,0
ZTF23aapljaj,0,1,0,1,0,1,0,0,1,1,0
ZTF23aaplkbx,0,1,0,1,0,1,0,0,1,1,0
ZTF23aapmmze,0,1,0,1,0,0,1,1,0,1,0
ZTF23aapmnos,1,0,0,0,0,0,0,0,0,0,0
ZTF23aapmokr,0,1,0,1,0,1,0,1,0,0,1
ZTF23aapngot,0,1,0,1,0,0,1,1,0,1,0
ZTF23aapnicu,0,1,0,1,0,1,0,1,0,0,1
ZTF23aapnnuq,0,0,1,1,0,1,0,1,0,1,0
ZTF23aapnqkx,0,1,0,1,0,1,0,0,1,1,0
ZTF23aapogco,1,0,0,0,0,0,0,0,0,0,0
ZTF23aapogvn,1,0,0,0,0,0,0,0,0,0,0
ZTF23aapokmt,0,0,1,1,0,1,0,1,0,1,0
ZTF23aapoqay,0,1,0,0,1,1,0,1,0,1,0
ZTF23aapozds,0,0,1,1,0,1,0,1,0,1,0
ZTF23aapphlk,0,1,0,1,0,0,1,1,0,1,0
ZTF23aappnsa,1,0,0,0,0,0,0,0,0,0,0
ZTF23aappttn,0,1,0,1,0,1,0,1,0,0,1
ZTF23aappviw,0,1,0,1,0,1,0,1,0,0,1
ZTF23aappxlm,0,1,0,1,0,0,1,1,0,1,0
ZTF23aapqkrj,0,1,0,1,0,0,1,1,0,1,0
ZTF23aapqvnn,1,0,0,0,0,0,0,0,0,0,0
ZTF23aapqxyi,0,1,0,1,0,1,0,0,1,1,0
ZTF23aaprhrb,0,0,1,1,0,1,0,1,0,1,0
ZTF23aaprmac,0,1,0,0,1,1,0,1,0,1,0
ZTF23aaprtqz,0,1,0,1,0,1,0,1,0,0,1
ZTF23aaprtrn,0,1,0,0,1,1,0,1,0,1,0
ZTF23aapswvv,0,1,0,0,1,1,0,1,0,1,0
ZTF23aapsxff,0,0,1,1,0,1,0,1,0,1,0
ZTF23aapsxiy,0,1,0,1,0,1,0,1,0,0,1
ZTF23aapsyyf,0,1,0,1,0,1,0,0,1,1,0
ZTF23aaptfsu,0,1,0,1,0,1,0,1,0,0,1
ZTF23aaptnui,0,1,0,1,0,1,0,1,0,0,1
ZTF23aaptnuj,0,1,0,1,0,0,1,1,0,1,0
ZTF23aapuknd,0,1,0,0,1,1,0,1,0,1,0
ZTF23aapunnc,1,0,0,0,0,0,0,0,0,0,0
ZTF23aapvusk,0,1,0,1,0,0,1,1,0,1,0
ZTF23aapwvkp,0,0,1,1,0,1,0,1,0,1,0
ZTF23aapwycl,0,1,0,0,1,1,0,1,0,1,0
ZTF23aapwznw,1,0,0,0,0,0,0,0,0,0,0
ZTF23aapxint,0,1,0,1,0,1,0,0,1,1,0
ZTF23aapxnat,0,1,0,0,1,1,0,1,0,1,0
ZTF23aapxubl,1,0,0,0,0,0,0,0,0,0,0
ZTF23aapyhqp,1,0,0,0,0,0,0,0,0,0,0
ZTF23aapyhqq,0,1,0,1,0,0,1,1,0,1,0
ZTF23aapymcq,0,1,0,0,1,1,0,1,0,1,0
ZTF23aapyqxq,0,1,0,0,1,1,0,1,0,1,0
ZTF23aapyqzm,0,1,0,1,0,0,1,1,0,1,0
ZTF23aapyrnh,0,1,0,1,0,1,0,1,0,0,1
ZTF23aapzisq,0,1,0,1,0,0,1,1,0,1,0
ZTF23aapznvb,0,1,0,1,0,1,0,1,0,0,1
ZTF23aapzouv,0,1,0,1,0,0,1,1,0,1,0
ZTF23aapzqep,0,1,0,1,0,1,0,1,0,0,1
ZTF23aapzqhq,0,1,0,1,0,1,0,1,0,0,1
ZTF23aapzrhp,0,1,0,0,1,1,0,1,0,1,0
ZTF23aapzyxr,0,0,1,1,0,1,0,1,0,1,0
ZTF23aaqacda,0,1,0,1,0,1,0,0,1,1,0
ZTF23aaqaiev,0,1,0,1,0,1,0,0,1,1,0
ZTF23aaqajsw,0,1,0,1,0,1,0,1,0,0,1
ZTF23aaqajtr,0,1,0,1,0,0,1,1,0,1,0
ZTF23aaqakhz,0,0,1,1,0,1,0,1,0,1,0
ZTF23aaqaobn,0,1,0,1,0,1,0,0,1,1,0
ZTF23aaqasrd,0,1,0,1,0,1,0,1,0,0,1
ZTF23aaqboan,0,0,1,1,0,1,0,1,0,1,0
ZTF23aaqbtdh,0,1,0,1,0,1,0,1,0,0,1
ZTF23aaqbwoh,0,1,0,0,1,1,0,1,0,1,0
ZTF23aaqbyga,0,1,0,1,0,1,0,0,1,1,0
ZTF23aaqchuj,0,0,1,1,0,1,0,1,0,1,0
ZTF23aaqckwq,0,1,0,1,0,0,1,1,0,1,0
ZTF23aaqcojx,0,1,0,1,0,1,0,0,1,1,0
ZTF23aaqdhtj,0,1,0,1,0,1,0,1,0,0,1
ZTF23aaqdjhi,1,0,0,0,0,0,0,0,0,0,0
ZTF23aaqekiu,0,1,0,1,0,1,0,0,1,1,0
ZTF23aaqetoh,0,1,0,1,0,1,0,1,0,0,1
ZTF23aaqeuck,0,1,0,1,0,0,1,1,0,1,0
ZTF23aaqfayr,0,1,0,1,0,1,0,1,0,0,1
ZTF23aaqfwjs,0,1,0,0,1,1,0,1,0,1,0
ZTF23aaqgcpi,0,1,0,0,1,1,0,1,0,1,0
ZTF23aaqgtkm,0,1,0,1,0,1,0,1,0,0,1
ZTF23aaqhfjq,0,1,0,1,0,1,0,0,1,1,0
ZTF23aaqhifg,0,1,0,0,1,1,0,1,0,1,0
ZTF23aaqhptz,0,1,0,1,0,1,0,1,0,0,1
ZTF23aaqhvds,1,0,0,0,0,0,0,0,0,0,0
ZTF23aaqhzwu,0,1,0,1,0,0,1,1,0,1,0
ZTF23aaqiqnl,0,1,0,1,0,1,0,1,0,0,1
ZTF23aaqixqm,0,0,1,1,0,1,0,1,0,1,0
ZTF23aaqjumr,0,1,0,1,0,1,0,0,1,1,0
ZTF23aaqknaw,0,0,1,1,0,1,0,1,0,1,0
ZTF23aaqmauw,0,1,0,0,1,1,0,1,0,1,0
ZTF23aaqmbar,0,1,0,0,1,1,0,1,0,1,0
ZTF23aaqmewf,0,1,0,1,0,1,0,1,0,0,1
ZTF23aaqmfgs,0,1,0,1,0,1,0,0,1,1,0
ZTF23aaqmfnm,0,1,0,1,0,1,0,1,0,0,1
ZTF23aaqmihu,0,1,0,1,0,1,0,0,1,1,0
ZTF23aaqmwto,1,0,0,0,0,0,0,0,0,0,0
ZTF23aaqmxqw,0,1,0,1,0,1,0,1,0,0,1
ZTF23aaqnhjp,0,1,0,1,0,0,1,1,0,1,0
ZTF23aaqnhmi,1,0,0,0,0,0,0,0,0,0,0
ZTF23aaqniyk,0,1,0,1,0,1,0,0,1,1,0
ZTF23aaqnjej,0,1,0,1,0,1,0,0,1,1,0
ZTF23aaqnjjt,0,1,0,0,1,1,0,1,0,1,0
ZTF23aaqnyds,0,1,0,1,0,1,0,1,0,0,1
ZTF23aaqocso,0,0,1,1,0,1,0,1,0,1,0
ZTF23aaqodpu,0,1,0,1,0,1,0,0,1,1,0
ZTF23aaqoqfj,0,1,0,0,1,1,0,1,0,1,0
ZTF23aaqpemc,0,1,0,1,0,1,0,0,1,1,0
ZTF23aaqpthu,0,1,0,1,0,0,1,1,0,1,0
ZTF23aaqqbhw,1,0,0,0,0,0,0,0,0,0,0
ZTF23aaqqcdp,1,0,0,0,0,0,0,0,0,0,0
ZTF23aaqqeek,0,1,0,1,0,0,1,1,0,1,0
ZTF23aaqqeri,0,1,0,1,0,1,0,1,0,0,1
ZTF23aaqqezn,0,1,0,1,0,0,1,1,0,1,0
ZTF23aaqqjxv,1,0,0,0,0,0,0,0,0,0,0
ZTF23aaqscdy,0,1,0,0,1,1,0,1,0,1,0
ZTF23aaqsevm,0,1,0,1,0,1,0,1,0,0,1
ZTF23aaqsgju,0,1,0,1,0,1,0,1,0,0,1
ZTF23aaqsrsi,0,1,0,0,1,1,0,1,0,1,0
ZTF23aaqsvjr,0,0,1,1,0,1,0,1,0,1,0
ZTF23aaqswll,0,1,0,0,1,1,0,1,0,1,0
ZTF23aaqtapc,0,0,1,1,0,1,0,1,0,1,0
ZTF23aaqtcxl,0,0,1,1,0,1,0,1,0,1,0
ZTF23aaqtdla,0,0,1,1,0,1,0,1,0,1,0
ZTF23aaqtetp,0,0,1,1,0,1,0,1,0,1,0
ZTF23aaqtfxg,0,0,1,1,0,1,0,1,0,1,0
ZTF23aaqtgfr,0,0,1,1,0,1,0,1,0,1,0
ZTF23aaqthcd,0,0,1,1,0,1,0,1,0,1,0
ZTF23aaqugpo,1,0,0,0,0,0,0,0,0,0,0
ZTF23aaquhcv,0,1,0,1,0,1,0,0,1,1,0
ZTF23aaquokj,1,0,0,0,0,0,0,0,0,0,0
ZTF23aaquolj,0,1,0,1,0,1,0,0,1,1,0
ZTF23aaquuwi,0,1,0,1,0,1,0,1,0,0,1
ZTF23aaquxxc,0,0,1,1,0,1,0,1,0,1,0
ZTF23aaquypy,0,0,1,1,0,1,0,1,0,1,0
ZTF23aaqvlgj,0,0,1,1,0,1,0,1,0,1,0
ZTF23aaqvpyy,0,1,0,0,1,1,0,1,0,1,0
ZTF23aaqvqld,0,1,0,1,0,1,0,0,1,1,0
ZTF23aaqvvnw,0,0,1,1,0,1,0,1,0,1,0
ZTF23aaqwoax,0,1,0,1,0,0,1,1,0,1,0
ZTF23aaqwtak,0,1,0,0,1,1,0,1,0,1,0
ZTF23aaqwtaz,1,0,0,0,0,0,0,0,0,0,0
ZTF23aaqwtlh,0,1,0,1,0,1,0,1,0,0,1
ZTF23aaqwxds,0,1,0,1,0,1,0,1,0,0,1
ZTF23aaqxcbb,0,1,0,1,0,0,1,1,0,1,0
ZTF23aaqxewt,0,1,0,1,0,1,0,1,0,0,1
ZTF23aaqxgan,0,1,0,1,0,1,0,0,1,1,0
ZTF23aaqxkzj,1,0,0,0,0,0,0,0,0,0,0
ZTF23aaqxmds,0,1,0,1,0,0,1,1,0,1,0
ZTF23aaqytlg,0,0,1,1,0,1,0,1,0,1,0
ZTF23aaqytql,0,1,0,1,0,1,0,1,0,0,1
ZTF23aaqzekc,0,1,0,1,0,0,1,1,0,1,0
ZTF23aaqzfwb,0,1,0,1,0,1,0,1,0,0,1
ZTF23aaqzncp,0,1,0,1,0,1,0,1,0,0,1
ZTF23aaraafb,0,1,0,1,0,1,0,0,1,1,0
ZTF23aaraahi,0,1,0,0,1,1,0,1,0,1,0
ZTF23aaraakq,0,1,0,1,0,0,1,1,0,1,0
ZTF23aaraali,0,1,0,0,1,1,0,1,0,1,0
ZTF23aarabdh,0,0,1,1,0,1,0,1,0,1,0
ZTF23aarabgd,0,1,0,1,0,1,0,0,1,1,0
ZTF23aarabor,1,0,0,0,0,0,0,0,0,0,0
ZTF23aaradkt,0,1,0,1,0,1,0,1,0,0,1
ZTF23aarbxph,0,1,0,0,1,1,0,1,0,1,0
ZTF23aarcfwl,0,1,0,1,0,1,0,1,0,0,1
ZTF23aarcxay,0,1,0,0,1,1,0,1,0,1,0
ZTF23aardbqv,0,0,1,1,0,1,0,1,0,1,0
ZTF23aardtdd,1,0,0,0,0,0,0,0,0,0,0
ZTF23aarepgy,0,1,0,1,0,1,0,0,1,1,0
ZTF23aarerww,0,1,0,1,0,1,0,0,1,1,0
ZTF23aarfblz,0,1,0,1,0,1,0,0,1,1,0
ZTF23aarflec,1,0,0,0,0,0,0,0,0,0,0
ZTF23aarfodg,1,0,0,0,0,0,0,0,0,0,0
ZTF23aarfpnx,0,0,1,1,0,1,0,1,0,1,0
ZTF23aarfvnb,0,0,1,1,0,1,0,1,0,1,0
ZTF23aargwvk,0,1,0,1,0,0,1,1,0,1,0
ZTF23aargzhw,0,1,0,0,1,1,0,1,0,1,0
ZTF23aarhmcg,1,0,0,0,0,0,0,0,0,0,0
ZTF23aarjryf,0,1,0,1,0,0,1,1,0,1,0
ZTF23aarkohk,0,0,1,1,0,1,0,1,0,1,0
ZTF23aarktkw,0,0,1,1,0,1,0,1,0,1,0
ZTF23aarkujv,0,1,0,1,0,0,1,1,0,1,0
ZTF23aarkwlm,0,0,1,1,0,1,0,1,0,1,0
ZTF23aarkyuo,0,0,1,1,0,1,0,1,0,1,0
ZTF23aarlfmu,1,0,0,0,0,0,0,0,0,0,0
ZTF23aarlusn,0,0,1,1,0,1,0,1,0,1,0
ZTF23aarmwwx,0,1,0,1,0,1,0,1,0,0,1
ZTF23aarnjwt,0,1,0,1,0,1,0,0,1,1,0
ZTF23aarpzwz,0,1,0,1,0,0,1,1,0,1,0
ZTF23aarqpzb,0,1,0,1,0,1,0,1,0,0,1
ZTF23aarqyio,0,1,0,1,0,1,0,1,0,0,1
ZTF23aarrjyp,0,1,0,1,0,0,1,1,0,1,0
ZTF23aarvaah,1,0,0,0,0,0,0,0,0,0,0
ZTF23aarvabu,1,0,0,0,0,0,0,0,0,0,0
ZTF23aarvadj,1,0,0,0,0,0,0,0,0,0,0
ZTF23aarvdcx,0,1,0,1,0,0,1,1,0,1,0
ZTF23aarvhrp,0,1,0,0,1,1,0,1,0,1,0
ZTF23aarxuzu,0,1,0,1,0,1,0,0,1,1,0
ZTF23aarxwfb,0,1,0,1,0,0,1,1,0,1,0
ZTF23aarxzbr,0,1,0,1,0,1,0,0,1,1,0
ZTF23aarxzze,1,0,0,0,0,0,0,0,0,0,0
ZTF23aarycmf,0,1,0,1,0,1,0,1,0,0,1
ZTF23aaryddx,0,1,0,0,1,1,0,1,0,1,0
ZTF23aaryjmf,0,1,0,0,1,1,0,1,0,1,0
ZTF23aarymti,0,1,0,1,0,1,0,0,1,1,0
ZTF23aarytnu,0,1,0,1,0,1,0,0,1,1,0
ZTF23aarzbie,0,1,0,1,0,1,0,0,1,1,0
ZTF23aarzbzn,0,0,1,1,0,1,0,1,0,1,0
ZTF23aarzfhf,1,0,0,0,0,0,0,0,0,0,0
ZTF23aarziqo,0,1,0,0,1,1,0,1,0,1,0
ZTF23aarzjax,1,0,0,0,0,0,0,0,0,0,0
ZTF23aarzkrl,0,0,1,1,0,1,0,1,0,1,0
ZTF23aarzyta,0,1,0,0,1,1,0,1,0,1,0
ZTF23aasaaya,0,1,0,0,1,1,0,1,0,1,0
ZTF23aasabes,1,0,0,0,0,0,0,0,0,0,0
ZTF23aasabyg,1,0,0,0,0,0,0,0,0,0,0
ZTF23aasalig,1,0,0,0,0,0,0,0,0,0,0
ZTF23aasaphh,0,1,0,0,1,1,0,1,0,1,0
ZTF23aasbszc,1,0,0,0,0,0,0,0,0,0,0
ZTF23aasccwh,0,0,1,1,0,1,0,1,0,1,0
ZTF23aascgua,0,1,0,1,0,1,0,1,0,0,1
ZTF23aaschhu,0,0,1,1,0,1,0,1,0,1,0
ZTF23aascklf,0,1,0,1,0,0,1,1,0,1,0
ZTF23aascmtj,1,0,0,0,0,0,0,0,0,0,0
ZTF23aasctqc,0,1,0,1,0,1,0,1,0,0,1
ZTF23aasctyw,0,1,0,1,0,1,0,1,0,0,1
ZTF23aascvpc,0,1,0,1,0,1,0,1,0,0,1
ZTF23aaserux,0,1,0,1,0,0,1,1,0,1,0
ZTF23aasewzq,0,1,0,0,1,1,0,1,0,1,0
ZTF23aasfkpz,0,0,1,1,0,1,0,1,0,1,0
ZTF23aasggea,0,1,0,1,0,1,0,1,0,0,1
ZTF23aasggzx,0,0,1,1,0,1,0,1,0,1,0
ZTF23aasgnox,0,0,1,1,0,1,0,1,0,1,0
ZTF23aasgrqw,0,1,0,0,1,1,0,1,0,1,0
ZTF23aasgsrk,0,1,0,1,0,1,0,1,0,0,1
ZTF23aashxqa,0,1,0,1,0,0,1,1,0,1,0
ZTF23aashxsv,0,1,0,0,1,1,0,1,0,1,0
ZTF23aashyhz,1,0,0,0,0,0,0,0,0,0,0
ZTF23aasllsq,0,1,0,1,0,1,0,0,1,1,0
ZTF23aasmalv,0,1,0,1,0,1,0,0,1,1,0
ZTF23aasmozw,1,0,0,0,0,0,0,0,0,0,0
ZTF23aasmxtj,0,1,0,1,0,0,1,1,0,1,0
ZTF23aasocjj,0,1,0,1,0,0,1,1,0,1,0
ZTF23aasopll,0,1,0,1,0,1,0,0,1,1,0
ZTF23aaspcfl,0,1,0,1,0,1,0,1,0,0,1
ZTF23aaspuob,0,1,0,1,0,1,0,1,0,0,1
ZTF23aaspxxd,0,1,0,1,0,1,0,0,1,1,0
ZTF23aasqxfk,0,0,1,1,0,1,0,1,0,1,0
ZTF23aasrbkh,0,0,1,1,0,1,0,1,0,1,0
ZTF23aasrebm,0,1,0,1,0,1,0,0,1,1,0
ZTF23aasrexx,1,0,0,0,0,0,0,0,0,0,0
ZTF23aastndi,0,1,0,0,1,1,0,1,0,1,0
ZTF23aasuikm,0,1,0,1,0,1,0,0,1,1,0
ZTF23aasumow,0,1,0,1,0,1,0,1,0,0,1
ZTF23aasuxnt,0,0,1,1,0,1,0,1,0,1,0
ZTF23aasvftz,0,1,0,1,0,1,0,0,1,1,0
ZTF23aaswbih,0,1,0,0,1,1,0,1,0,1,0
ZTF23aaswsgl,1,0,0,0,0,0,0,0,0,0,0
ZTF23aaswskf,0,1,0,0,1,1,0,1,0,1,0
ZTF23aaswtea,0,1,0,1,0,0,1,1,0,1,0
ZTF23aasxbrm,1,0,0,0,0,0,0,0,0,0,0
ZTF23aasxgup,0,1,0,1,0,1,0,1,0,0,1
ZTF23aasxhkl,1,0,0,0,0,0,0,0,0,0,0
ZTF23aasxuti,0,1,0,0,1,1,0,1,0,1,0
ZTF23aasyerj,0,1,0,1,0,0,1,1,0,1,0
ZTF23aasygqe,0,1,0,1,0,1,0,1,0,0,1
ZTF23aasylxr,0,1,0,0,1,1,0,1,0,1,0
ZTF23aaszejl,0,0,1,1,0,1,0,1,0,1,0
ZTF23aatabje,1,0,0,0,0,0,0,0,0,0,0
ZTF23aatabyp,0,1,0,0,1,1,0,1,0,1,0
ZTF23aatackh,0,0,1,1,0,1,0,1,0,1,0
ZTF23aatacva,0,1,0,1,0,1,0,0,1,1,0
ZTF23aatbjct,0,0,1,1,0,1,0,1,0,1,0
ZTF23aatbwgu,0,1,0,1,0,1,0,0,1,1,0
ZTF23aatcaov,1,0,0,0,0,0,0,0,0,0,0
ZTF23aatcjhg,0,0,1,1,0,1,0,1,0,1,0
ZTF23aatcryw,0,1,0,0,1,1,0,1,0,1,0
ZTF23aatcvtc,0,1,0,1,0,0,1,1,0,1,0
ZTF23aatddnh,1,0,0,0,0,0,0,0,0,0,0
ZTF23aatehbp,0,0,1,1,0,1,0,1,0,1,0
ZTF23aatekmu,1,0,0,0,0,0,0,0,0,0,0
ZTF23aatfyci,0,1,0,1,0,1,0,1,0,0,1
ZTF23aatgeaq,0,1,0,1,0,1,0,0,1,1,0
ZTF23aatgltp,0,1,0,1,0,1,0,0,1,1,0
ZTF23aatgncg,0,0,1,1,0,1,0,1,0,1,0
ZTF23aatgpju,0,1,0,1,0,1,0,1,0,0,1
ZTF23aatgsus,0,1,0,1,0,1,0,0,1,1,0
ZTF23aathioa,1,0,0,0,0,0,0,0,0,0,0
ZTF23aatjwzl,0,0,1,1,0,1,0,1,0,1,0
ZTF23aatjzlp,0,1,0,1,0,0,1,1,0,1,0
ZTF23aatkmxq,0,1,0,1,0,1,0,0,1,1,0
ZTF23aatletp,0,0,1,1,0,1,0,1,0,1,0
ZTF23aatlqhe,0,1,0,0,1,1,0,1,0,1,0
ZTF23aatlqic,0,1,0,1,0,1,0,1,0,0,1
ZTF23aatmebw,0,1,0,1,0,0,1,1,0,1,0
ZTF23aatmkgy,1,0,0,0,0,0,0,0,0,0,0
ZTF23aatmrgm,0,1,0,0,1,1,0,1,0,1,0
ZTF23aatnhdp,0,1,0,0,1,1,0,1,0,1,0
ZTF23aatniak,0,1,0,1,0,1,0,1,0,0,1
ZTF23aatnihs,0,1,0,1,0,1,0,1,0,0,1
ZTF23aatpcvx,0,1,0,1,0,1,0,0,1,1,0
ZTF23aatpnmr,0,0,1,1,0,1,0,1,0,1,0
ZTF23aatprrn,0,1,0,1,0,1,0,0,1,1,0
ZTF23aatpuuy,1,0,0,0,0,0,0,0,0,0,0
ZTF23aatxeki,1,0,0,0,0,0,0,0,0,0,0
ZTF23aatxeqc,0,1,0,0,1,1,0,1,0,1,0
ZTF23aatyuqn,0,1,0,0,1,1,0,1,0,1,0
ZTF23aatyyjt,0,1,0,1,0,1,0,1,0,0,1
ZTF23aatzegs,0,0,1,1,0,1,0,1,0,1,0
ZTF23aatzelx,0,1,0,0,1,1,0,1,0,1,0
ZTF23aatzfap,0,1,0,1,0,1,0,1,0,0,1
ZTF23aatzgwh,0,1,0,1,0,1,0,1,0,0,1
ZTF23aauawnl,0,1,0,1,0,0,1,1,0,1,0
ZTF23aaubzzz,0,0,1,1,0,1,0,1,0,1,0
ZTF23aaucaqp,1,0,0,0,0,0,0,0,0,0,0
ZTF23aaudsiy,0,1,0,1,0,0,1,1,0,1,0
ZTF23aaueumz,0,1,0,1,0,1,0,0,1,1,0
ZTF23aauevab,0,1,0,1,0,1,0,0,1,1,0
ZTF23aauevvh,0,0,1,1,0,1,0,1,0,1,0
ZTF23aaufdor,1,0,0,0,0,0,0,0,0,0,0
ZTF23aaufgdg,0,1,0,1,0,1,0,1,0,0,1
ZTF23aaugtqx,0,1,0,1,0,1,0,1,0,0,1
ZTF23aauhzmk,0,1,0,1,0,1,0,0,1,1,0
ZTF23aaujhvs,0,1,0,1,0,0,1,1,0,1,0
ZTF23aaulifq,0,1,0,1,0,1,0,0,1,1,0
ZTF23aaulvan,0,1,0,1,0,1,0,0,1,1,0
ZTF23aaumowl,0,1,0,1,0,1,0,1,0,0,1
ZTF23aauqmys,0,1,0,1,0,1,0,0,1,1,0
ZTF23aauqpvt,0,0,1,1,0,1,0,1,0,1,0
ZTF23aauradw,0,1,0,1,0,0,1,1,0,1,0
ZTF23aaurjcw,1,0,0,0,0,0,0,0,0,0,0
ZTF23aausdrx,0,1,0,1,0,1,0,1,0,0,1
ZTF23aausjqi,0,1,0,1,0,0,1,1,0,1,0
ZTF23aauuaug,0,1,0,1,0,0,1,1,0,1,0
ZTF23aauubgg,0,1,0,1,0,0,1,1,0,1,0
ZTF23aauucpe,0,1,0,1,0,1,0,0,1,1,0
ZTF23aauuelm,0,0,1,1,0,1,0,1,0,1,0
ZTF23aauuesu,0,1,0,1,0,1,0,0,1,1,0
ZTF23aauvqup,0,1,0,1,0,1,0,0,1,1,0
ZTF23aauvsnu,1,0,0,0,0,0,0,0,0,0,0
ZTF23aauzbrj,1,0,0,0,0,0,0,0,0,0,0
ZTF23aauzftl,1,0,0,0,0,0,0,0,0,0,0
ZTF23aauzxfh,0,1,0,1,0,0,1,1,0,1,0
ZTF23aavaaox,0,1,0,1,0,1,0,1,0,0,1
ZTF23aavampo,0,1,0,0,1,1,0,1,0,1,0
ZTF23aavanop,0,1,0,0,1,1,0,1,0,1,0
ZTF23aavanqr,0,0,1,1,0,1,0,1,0,1,0
ZTF23aavdiyz,0,1,0,1,0,0,1,1,0,1,0
ZTF23aavdjyi,0,1,0,1,0,0,1,1,0,1,0
ZTF23aavdpba,0,1,0,1,0,1,0,1,0,0,1
ZTF23aavdqus,0,0,1,1,0,1,0,1,0,1,0
ZTF23aavdvdr,1,0,0,0,0,0,0,0,0,0,0
ZTF23aavdzpd,0,1,0,1,0,1,0,1,0,0,1
ZTF23aavecfo,0,0,1,1,0,1,0,1,0,1,0
ZTF23aavehkp,0,1,0,1,0,1,0,0,1,1,0
ZTF23aavekyx,1,0,0,0,0,0,0,0,0,0,0
ZTF23aavembb,0,1,0,1,0,1,0,0,1,1,0
ZTF23aavenbh,0,1,0,1,0,1,0,0,1,1,0
ZTF23aaveoxd,1,0,0,0,0,0,0,0,0,0,0
ZTF23aavhzeg,1,0,0,0,0,0,0,0,0,0,0
ZTF23aavikqh,0,1,0,0,1,1,0,1,0,1,0
ZTF23aavimpu,0,1,0,1,0,1,0,0,1,1,0
ZTF23aavmeou,1,0,0,0,0,0,0,0,0,0,0
ZTF23aavmfbj,0,0,1,1,0,1,0,1,0,1,0
ZTF23aavmgiy,0,1,0,1,0,1,0,1,0,0,1
ZTF23aavmmpo,0,1,0,1,0,0,1,1,0,1,0
ZTF23aavmnsk,0,0,1,1,0,1,0,1,0,1,0
ZTF23aavmyle,0,1,0,1,0,1,0,1,0,0,1
ZTF23aavncrv,0,1,0,1,0,1,0,0,1,1,0
ZTF23aavnhny,1,0,0,0,0,0,0,0,0,0,0
ZTF23aavnqsz,0,1,0,0,1,1,0,1,0,1,0
ZTF23aavpswc,0,1,0,1,0,0,1,1,0,1,0
ZTF23aavtcas,1,0,0,0,0,0,0,0,0,0,0
ZTF23aavtpyg,0,1,0,1,0,1,0,1,0,0,1
ZTF23aavtrsk,0,1,0,1,0,0,1,1,0,1,0
ZTF23aavtsts,0,1,0,0,1,1,0,1,0,1,0
ZTF23aavtugd,0,1,0,1,0,1,0,1,0,0,1
ZTF23aavuqrz,0,0,1,1,0,1,0,1,0,1,0
ZTF23aavvdix,0,1,0,1,0,1,0,1,0,0,1
ZTF23aavvfnk,0,1,0,1,0,1,0,0,1,1,0
ZTF23aavvqqt,0,1,0,1,0,1,0,0,1,1,0
ZTF23aavwqgi,0,1,0,0,1,1,0,1,0,1,0
ZTF23aavwqoh,0,1,0,1,0,1,0,0,1,1,0
ZTF23aavxxef,0,0,1,1,0,1,0,1,0,1,0
ZTF23aavzbkj,0,1,0,1,0,1,0,0,1,1,0
ZTF23aavzbwq,0,1,0,1,0,0,1,1,0,1,0
ZTF23aavzcao,0,1,0,1,0,1,0,0,1,1,0
ZTF23aavzhbd,1,0,0,0,0,0,0,0,0,0,0
ZTF23aavzhii,0,1,0,1,0,1,0,0,1,1,0
ZTF23aavzhvw,0,1,0,0,1,1,0,1,0,1,0
ZTF23aavziyo,0,0,1,1,0,1,0,1,0,1,0
ZTF23aavzjds,0,1,0,1,0,0,1,1,0,1,0
ZTF23aavzjle,1,0,0,0,0,0,0,0,0,0,0
ZTF23aavzjte,1,0,0,0,0,0,0,0,0,0,0
ZTF23aavzjto,0,0,1,1,0,1,0,1,0,1,0
ZTF23aavzvmp,0,1,0,1,0,0,1,1,0,1,0
ZTF23aavzwsh,0,1,0,1,0,1,0,0,1,1,0
ZTF23aavzyit,1,0,0,0,0,0,0,0,0,0,0
ZTF23aawaoyp,0,0,1,1,0,1,0,1,0,1,0
ZTF23aawbbgc,0,1,0,0,1,1,0,1,0,1,0
ZTF23aawbxqa,0,0,1,1,0,1,0,1,0,1,0
ZTF23aawcjod,0,0,1,1,0,1,0,1,0,1,0
ZTF23aawcxrs,0,0,1,1,0,1,0,1,0,1,0
ZTF23aawcxun,0,1,0,1,0,1,0,0,1,1,0
ZTF23aawcydi,0,1,0,0,1,1,0,1,0,1,0
ZTF23aawcyia,0,1,0,1,0,1,0,1,0,0,1
ZTF23aawcykn,0,1,0,1,0,1,0,1,0,0,1
ZTF23aawcymg,0,0,1,1,0,1,0,1,0,1,0
ZTF23aawcyoa,0,1,0,1,0,0,1,1,0,1,0
ZTF23aawdaok,1,0,0,0,0,0,0,0,0,0,0
ZTF23aawdapl,1,0,0,0,0,0,0,0,0,0,0
ZTF23aawdazu,0,1,0,0,1,1,0,1,0,1,0
ZTF23aawdbdg,1,0,0,0,0,0,0,0,0,0,0
ZTF23aawdbxr,0,0,1,1,0,1,0,1,0,1,0
ZTF23aawdfrn,0,1,0,1,0,0,1,1,0,1,0
ZTF23aawgjwm,0,0,1,1,0,1,0,1,0,1,0
ZTF23aawgkqa,0,1,0,1,0,1,0,0,1,1,0
ZTF23aawgoka,0,1,0,1,0,1,0,0,1,1,0
ZTF23aawgqdc,0,1,0,1,0,1,0,0,1,1,0
ZTF23aawgqnc,0,1,0,0,1,1,0,1,0,1,0
ZTF23aawigzh,0,1,0,1,0,0,1,1,0,1,0
ZTF23aawihbc,0,0,1,1,0,1,0,1,0,1,0
ZTF23aawihbr,0,1,0,1,0,1,0,0,1,1,0
ZTF23aawiimj,0,1,0,1,0,1,0,0,1,1,0
ZTF23aawiiwu,0,1,0,1,0,1,0,0,1,1,0
ZTF23aawiqdj,0,1,0,1,0,0,1,1,0,1,0
ZTF23aawirlt,0,0,1,1,0,1,0,1,0,1,0
ZTF23aawirnh,0,1,0,0,1,1,0,1,0,1,0
ZTF23aawjpom,0,1,0,1,0,1,0,1,0,0,1
ZTF23aawkboo,0,1,0,1,0,1,0,1,0,0,1
ZTF23aawkjdx,0,1,0,1,0,0,1,1,0,1,0
ZTF23aawkpmp,1,0,0,0,0,0,0,0,0,0,0
ZTF23aawkrnc,0,0,1,1,0,1,0,1,0,1,0
ZTF23aawkvqp,0,1,0,1,0,1,0,0,1,1,0
ZTF23aawldcs,0,1,0,0,1,1,0,1,0,1,0
ZTF23aawldpf,0,1,0,0,1,1,0,1,0,1,0
ZTF23aawlwft,0,1,0,1,0,1,0,1,0,0,1
ZTF23aawlxvg,0,1,0,1,0,1,0,0,1,1,0
ZTF23aawlxvv,0,1,0,0,1,1,0,1,0,1,0
ZTF23aawlydl,0,1,0,1,0,1,0,0,1,1,0
ZTF23aawlzmd,0,1,0,1,0,1,0,1,0,0,1
ZTF23aawlzyo,0,0,1,1,0,1,0,1,0,1,0
ZTF23aawmqci,1,0,0,0,0,0,0,0,0,0,0
ZTF23aawnqme,0,1,0,1,0,1,0,0,1,1,0
ZTF23aawntab,0,1,0,0,1,1,0,1,0,1,0
ZTF23aawntlu,0,1,0,1,0,0,1,1,0,1,0
ZTF23aawnywb,0,1,0,1,0,0,1,1,0,1,0
ZTF23aawobey,1,0,0,0,0,0,0,0,0,0,0
ZTF23aawobgs,0,0,1,1,0,1,0,1,0,1,0
ZTF23aawohfc,0,1,0,0,1,1,0,1,0,1,0
ZTF23aawqydv,1,0,0,0,0,0,0,0,0,0,0
ZTF23aawrgyd,1,0,0,0,0,0,0,0,0,0,0
ZTF23aawtnfr,0,0,1,1,0,1,0,1,0,1,0
ZTF23aawtobb,0,1,0,0,1,1,0,1,0,1,0
ZTF23aawtssm,1,0,0,0,0,0,0,0,0,0,0
ZTF23aawtsyp,0,1,0,1,0,1,0,0,1,1,0
ZTF23aawvwim,0,1,0,1,0,0,1,1,0,1,0
ZTF23aawwcuu,0,1,0,1,0,1,0,1,0,0,1
ZTF23aawwhxf,0,1,0,1,0,1,0,0,1,1,0
ZTF23aawycai,0,1,0,1,0,1,0,1,0,0,1
ZTF23aawylxc,0,0,1,1,0,1,0,1,0,1,0
ZTF23aawyvuj,0,0,1,1,0,1,0,1,0,1,0
ZTF23aawywew,1,0,0,0,0,0,0,0,0,0,0
ZTF23aawyxus,0,1,0,0,1,1,0,1,0,1,0
ZTF23aawzdzn,0,1,0,1,0,0,1,1,0,1,0
ZTF23aawzexv,1,0,0,0,0,0,0,0,0,0,0
ZTF23aawzfcp,0,1,0,1,0,0,1,1,0,1,0
ZTF23aaxabwi,0,1,0,1,0,0,1,1,0,1,0
ZTF23aaxahls,0,1,0,0,1,1,0,1,0,1,0
ZTF23aaxaivt,0,1,0,1,0,1,0,1,0,0,1
ZTF23aaxaixc,0,1,0,1,0,1,0,1,0,0,1
ZTF23aaxameu,0,0,1,1,0,1,0,1,0,1,0
ZTF23aaxaszo,0,0,1,1,0,1,0,1,0,1,0
ZTF23aaxaudh,1,0,0,0,0,0,0,0,0,0,0
ZTF23aaxauuk,0,0,1,1,0,1,0,1,0,1,0
ZTF23aaxavca,0,1,0,1,0,1,0,0,1,1,0
ZTF23aaxawww,0,1,0,1,0,1,0,0,1,1,0
ZTF23aaxbany,1,0,0,0,0,0,0,0,0,0,0
ZTF23aaxbdpf,0,1,0,1,0,1,0,0,1,1,0
ZTF23aaxbfmh,0,1,0,1,0,1,0,1,0,0,1
ZTF23aaxbfvo,0,1,0,1,0,1,0,1,0,0,1
ZTF23aaxbkgs,0,1,0,1,0,1,0,0,1,1,0
ZTF23aaxbktz,0,1,0,0,1,1,0,1,0,1,0
ZTF23aaxbkxj,0,1,0,1,0,1,0,0,1,1,0
ZTF23aaxbmec,1,0,0,0,0,0,0,0,0,0,0
ZTF23aaxbmln,0,1,0,0,1,1,0,1,0,1,0
ZTF23aaxboby,0,0,1,1,0,1,0,1,0,1,0
ZTF23aaxchpk,0,1,0,1,0,1,0,1,0,0,1
ZTF23aaxcjbk,1,0,0,0,0,0,0,0,0,0,0
ZTF23aaxcqhp,0,1,0,1,0,0,1,1,0,1,0
ZTF23aaxcqwq,1,0,0,0,0,0,0,0,0,0,0
ZTF23aaxdchd,0,1,0,1,0,0,1,1,0,1,0
ZTF23aaxdcnq,0,1,0,1,0,1,0,1,0,0,1
ZTF23aaxddjy,0,1,0,0,1,1,0,1,0,1,0
ZTF23aaxdwya,0,0,1,1,0,1,0,1,0,1,0
ZTF23aaxeapo,0,0,1,1,0,1,0,1,0,1,0
ZTF23aaxebxd,0,1,0,1,0,0,1,1,0,1,0
ZTF23aaxebyi,0,1,0,0,1,1,0,1,0,1,0
ZTF23aaxegbq,0,1,0,1,0,1,0,0,1,1,0
ZTF23aaxehkt,0,1,0,1,0,0,1,1,0,1,0
ZTF23aaxfnwp,0,1,0,1,0,1,0,0,1,1,0
ZTF23aaxfsvi,0,1,0,1,0,0,1,1,0,1,0
ZTF23aaxicoe,0,0,1,1,0,1,0,1,0,1,0
ZTF23aaxjoyh,0,1,0,1,0,0,1,1,0,1,0
ZTF23aaxjucg,1,0,0,0,0,0,0,0,0,0,0
ZTF23aaxkepr,0,1,0,0,1,1,0,1,0,1,0
ZTF23aaxkhsn,0,1,0,1,0,1,0,1,0,0,1
ZTF23aaxlcnu,0,1,0,1,0,1,0,0,1,1,0
ZTF23aaxldkr,0,1,0,0,1,1,0,1,0,1,0
ZTF23aaxmwgt,0,1,0,0,1,1,0,1,0,1,0
ZTF23aaxnavw,0,1,0,1,0,1,0,0,1,1,0
ZTF23aaxnehu,0,0,1,1,0,1,0,1,0,1,0
ZTF23aaxnvfj,0,1,0,1,0,0,1,1,0,1,0
ZTF23aaxorzr,0,1,0,0,1,1,0,1,0,1,0
ZTF23aaxotij,0,1,0,1,0,0,1,1,0,1,0
ZTF23aaxotrg,0,1,0,0,1,1,0,1,0,1,0
ZTF23aaxotxa,1,0,0,0,0,0,0,0,0,0,0
ZTF23aaxplti,0,1,0,1,0,1,0,0,1,1,0
ZTF23aaxquxw,0,1,0,1,0,1,0,0,1,1,0
ZTF23aaxsckr,1,0,0,0,0,0,0,0,0,0,0
ZTF23aaxsefo,1,0,0,0,0,0,0,0,0,0,0
ZTF23aaxsxpr,0,1,0,1,0,1,0,0,1,1,0
ZTF23aaxtbas,1,0,0,0,0,0,0,0,0,0,0
ZTF23aaxtmrr,0,1,0,1,0,1,0,0,1,1,0
ZTF23aaxuvkn,0,0,1,1,0,1,0,1,0,1,0
ZTF23aaxvfes,0,0,1,1,0,1,0,1,0,1,0
ZTF23aaxvgor,0,1,0,0,1,1,0,1,0,1,0
ZTF23aaxvios,0,0,1,1,0,1,0,1,0,1,0
ZTF23aaxvjfc,1,0,0,0,0,0,0,0,0,0,0
ZTF23aaxvmnm,0,0,1,1,0,1,0,1,0,1,0
ZTF23aaxvndt,1,0,0,0,0,0,0,0,0,0,0
ZTF23aaxvoya,0,1,0,1,0,1,0,0,1,1,0
ZTF23aaxvqhh,0,0,1,1,0,1,0,1,0,1,0
ZTF23aaxvqum,0,0,1,1,0,1,0,1,0,1,0
ZTF23aaxvrya,1,0,0,0,0,0,0,0,0,0,0
ZTF23aaxvsjq,0,1,0,1,0,1,0,1,0,0,1
ZTF23aaxvzyl,0,1,0,1,0,1,0,1,0,0,1
ZTF23aaxxjyt,0,1,0,0,1,1,0,1,0,1,0
ZTF23aaxycbe,0,1,0,0,1,1,0,1,0,1,0
ZTF23aaxylja,0,0,1,1,0,1,0,1,0,1,0
ZTF23aaxytfo,0,1,0,1,0,1,0,1,0,0,1
ZTF23aaxyxhi,0,1,0,1,0,0,1,1,0,1,0
ZTF23aayalcy,0,1,0,1,0,1,0,0,1,1,0
ZTF23aaybipp,0,1,0,0,1,1,0,1,0,1,0
ZTF23aaybjpk,0,1,0,1,0,1,0,1,0,0,1
ZTF23aaybqah,0,1,0,0,1,1,0,1,0,1,0
ZTF23aaycncr,0,1,0,1,0,1,0,0,1,1,0
ZTF23aaydatj,0,1,0,1,0,1,0,0,1,1,0
ZTF23aaygpmz,0,1,0,0,1,1,0,1,0,1,0
ZTF23aaygtsw,0,1,0,1,0,1,0,0,1,1,0
ZTF23aaygybb,0,1,0,1,0,1,0,0,1,1,0
ZTF23aayhqyn,1,0,0,0,0,0,0,0,0,0,0
ZTF23aaymoki,0,1,0,1,0,1,0,0,1,1,0
ZTF23aaymzfs,0,1,0,0,1,1,0,1,0,1,0
ZTF23aaynddf,1,0,0,0,0,0,0,0,0,0,0
ZTF23aaynkfy,0,1,0,1,0,0,1,1,0,1,0
ZTF23aaynwdt,0,1,0,0,1,1,0,1,0,1,0
ZTF23aayocyn,0,1,0,0,1,1,0,1,0,1,0
ZTF23aayvygr,0,1,0,1,0,1,0,0,1,1,0
ZTF23aazbixo,0,1,0,1,0,0,1,1,0,1,0
ZTF23aazbjrl,0,1,0,1,0,0,1,1,0,1,0
ZTF23aazbjta,0,1,0,1,0,0,1,1,0,1,0
ZTF23aazboir,1,0,0,0,0,0,0,0,0,0,0
ZTF23aazbqew,1,0,0,0,0,0,0,0,0,0,0
ZTF23aazbqhm,0,1,0,1,0,0,1,1,0,1,0
ZTF23aazdghz,0,0,1,1,0,1,0,1,0,1,0
ZTF23aazeffx,0,1,0,1,0,0,1,1,0,1,0
ZTF23aazemxq,0,1,0,1,0,1,0,0,1,1,0
ZTF23aazeqzi,0,1,0,1,0,0,1,1,0,1,0
ZTF23aazeudg,0,0,1,1,0,1,0,1,0,1,0
ZTF23aazezjp,0,1,0,1,0,1,0,0,1,1,0
ZTF23aazfkgd,0,1,0,1,0,1,0,0,1,1,0
ZTF23aazfknf,0,0,1,1,0,1,0,1,0,1,0
ZTF23aazflis,0,1,0,1,0,1,0,1,0,0,1
ZTF23aazhlya,0,1,0,1,0,1,0,0,1,1,0
ZTF23aazjohh,0,1,0,1,0,1,0,1,0,0,1
ZTF23aazjoto,1,0,0,0,0,0,0,0,0,0,0
ZTF23aazjrzg,0,1,0,1,0,0,1,1,0,1,0
ZTF23aazjvdc,0,1,0,1,0,1,0,1,0,0,1
ZTF23aazjwck,0,1,0,0,1,1,0,1,0,1,0
ZTF23aazlabu,1,0,0,0,0,0,0,0,0,0,0
ZTF23aazlgce,0,1,0,1,0,1,0,1,0,0,1
ZTF23aazlhvu,0,1,0,0,1,1,0,1,0,1,0
ZTF23aazlkbg,0,1,0,0,1,1,0,1,0,1,0
ZTF23aazlrmq,1,0,0,0,0,0,0,0,0,0,0
ZTF23aazlubi,0,1,0,0,1,1,0,1,0,1,0
ZTF23aazlujs,0,1,0,1,0,0,1,1,0,1,0
ZTF23aazlytv,0,1,0,1,0,0,1,1,0,1,0
ZTF23aazmcmn,0,0,1,1,0,1,0,1,0,1,0
ZTF23aazmfec,0,1,0,1,0,0,1,1,0,1,0
ZTF23aazmkjh,1,0,0,0,0,0,0,0,0,0,0
ZTF23aazmksm,0,1,0,0,1,1,0,1,0,1,0
ZTF23aazmlcx,0,1,0,1,0,1,0,0,1,1,0
ZTF23aazngds,0,1,0,1,0,1,0,0,1,1,0
ZTF23aaznpfy,0,1,0,1,0,1,0,1,0,0,1
ZTF23aaznqky,0,1,0,1,0,1,0,1,0,0,1
ZTF23aazofzx,1,0,0,0,0,0,0,0,0,0,0
ZTF23aazohkb,0,1,0,1,0,1,0,1,0,0,1
ZTF23aazpebt,1,0,0,0,0,0,0,0,0,0,0
ZTF23aazpewx,0,0,1,1,0,1,0,1,0,1,0
ZTF23aazpvbm,0,1,0,0,1,1,0,1,0,1,0
ZTF23aazpzsr,0,1,0,1,0,1,0,0,1,1,0
ZTF23aazrrqm,0,0,1,1,0,1,0,1,0,1,0
ZTF23aazrtty,0,1,0,1,0,1,0,0,1,1,0
ZTF23aazsgsu,0,0,1,1,0,1,0,1,0,1,0
ZTF23aazsige,0,1,0,0,1,1,0,1,0,1,0
ZTF23aazugwe,1,0,0,0,0,0,0,0,0,0,0
ZTF23aazuxvw,1,0,0,0,0,0,0,0,0,0,0
ZTF23aazuzds,0,1,0,1,0,0,1,1,0,1,0
ZTF23aazvjor,0,0,1,1,0,1,0,1,0,1,0
ZTF23aazvzvm,1,0,0,0,0,0,0,0,0,0,0
ZTF23aazwbwr,0,0,1,1,0,1,0,1,0,1,0
ZTF23aazwdiy,0,0,1,1,0,1,0,1,0,1,0
ZTF23aazwshk,0,1,0,1,0,1,0,1,0,0,1
ZTF23aazwxvl,0,0,1,1,0,1,0,1,0,1,0
ZTF23aazxahe,0,1,0,0,1,1,0,1,0,1,0
ZTF23aazxair,1,0,0,0,0,0,0,0,0,0,0
ZTF23aazxbef,1,0,0,0,0,0,0,0,0,0,0
ZTF23aazxgcw,0,1,0,1,0,0,1,1,0,1,0
ZTF23aazxrvr,1,0,0,0,0,0,0,0,0,0,0
ZTF23aazxxmf,1,0,0,0,0,0,0,0,0,0,0
ZTF23aazyjxq,0,1,0,1,0,1,0,1,0,0,1
ZTF23aazyntd,0,1,0,1,0,0,1,1,0,1,0
ZTF23aazypgn,0,1,0,1,0,0,1,1,0,1,0
ZTF23aazyupf,1,0,0,0,0,0,0,0,0,0,0
ZTF23aazzgrf,0,1,0,1,0,1,0,1,0,0,1
ZTF23aazzgxk,0,1,0,0,1,1,0,1,0,1,0
ZTF23abaapmr,0,0,1,1,0,1,0,1,0,1,0
ZTF23ababeix,0,1,0,1,0,1,0,0,1,1,0
ZTF23ababimt,0,0,1,1,0,1,0,1,0,1,0
ZTF23abaconp,0,1,0,1,0,1,0,0,1,1,0
ZTF23abacqyb,0,1,0,0,1,1,0,1,0,1,0
ZTF23abacvhu,0,1,0,1,0,0,1,1,0,1,0
ZTF23abaczkv,0,1,0,0,1,1,0,1,0,1,0
ZTF23abadhsw,0,1,0,0,1,1,0,1,0,1,0
ZTF23abaehyo,1,0,0,0,0,0,0,0,0,0,0
ZTF23abahius,0,1,0,1,0,1,0,0,1,1,0
ZTF23abaikrh,0,0,1,1,0,1,0,1,0,1,0
ZTF23abaivcx,1,0,0,0,0,0,0,0,0,0,0
ZTF23abajasi,0,1,0,1,0,1,0,1,0,0,1
ZTF23abajfgk,0,1,0,1,0,1,0,0,1,1,0
ZTF23abamrly,0,1,0,1,0,0,1,1,0,1,0
ZTF23abaozwt,0,1,0,1,0,0,1,1,0,1,0
ZTF23abathri,0,1,0,1,0,1,0,0,1,1,0
ZTF23abauhhn,0,1,0,1,0,1,0,0,1,1,0
ZTF23abauhoh,0,1,0,1,0,1,0,1,0,0,1
ZTF23abauhqr,0,1,0,0,1,1,0,1,0,1,0
ZTF23abauhsd,0,1,0,0,1,1,0,1,0,1,0
ZTF23abauhvi,0,1,0,0,1,1,0,1,0,1,0
ZTF23abauhws,1,0,0,0,0,0,0,0,0,0,0
ZTF23abauhxz,0,1,0,1,0,1,0,1,0,0,1
ZTF23abauibs,0,1,0,1,0,1,0,0,1,1,0
ZTF23abauidy,0,1,0,1,0,1,0,0,1,1,0
ZTF23abauihu,0,1,0,1,0,1,0,1,0,0,1
ZTF23abauinr,0,1,0,1,0,0,1,1,0,1,0
ZTF23abaumhh,0,1,0,1,0,1,0,0,1,1,0
ZTF23abauocu,0,1,0,1,0,1,0,0,1,1,0
ZTF23abauoea,0,1,0,1,0,1,0,1,0,0,1
ZTF23abaurik,0,0,1,1,0,1,0,1,0,1,0
ZTF23abauuzc,0,1,0,1,0,1,0,1,0,0,1
ZTF23abavewn,0,1,0,1,0,1,0,0,1,1,0
ZTF23abawqaa,0,1,0,1,0,0,1,1,0,1,0
ZTF23abawqvx,0,1,0,1,0,1,0,0,1,1,0
ZTF23abawrgh,0,0,1,1,0,1,0,1,0,1,0
ZTF23abawrzb,0,1,0,1,0,1,0,1,0,0,1
ZTF23abawves,0,0,1,1,0,1,0,1,0,1,0
ZTF23abawwbv,0,1,0,1,0,1,0,0,1,1,0
ZTF23abawwyy,0,1,0,1,0,1,0,1,0,0,1
ZTF23abawyxp,0,1,0,1,0,0,1,1,0,1,0
ZTF23abawyyr,0,1,0,1,0,1,0,0,1,1,0
ZTF23abaxcys,0,1,0,1,0,1,0,0,1,1,0
ZTF23abaxkvy,0,1,0,0,1,1,0,1,0,1,0
ZTF23abaxlag,0,1,0,1,0,0,1,1,0,1,0
ZTF23abaxlrz,0,0,1,1,0,1,0,1,0,1,0
ZTF23abaxtlq,0,1,0,1,0,1,0,1,0,0,1
ZTF23abayviy,0,0,1,1,0,1,0,1,0,1,0
ZTF23abazadb,0,1,0,1,0,1,0,1,0,0,1
ZTF23abazboz,0,1,0,1,0,1,0,0,1,1,0
ZTF23abbaesv,0,1,0,1,0,0,1,1,0,1,0
ZTF23abbagns,0,1,0,0,1,1,0,1,0,1,0
ZTF23abbamlc,0,1,0,1,0,0,1,1,0,1,0
ZTF23abbamub,0,1,0,0,1,1,0,1,0,1,0
ZTF23abbanik,0,1,0,0,1,1,0,1,0,1,0
ZTF23abbaodz,1,0,0,0,0,0,0,0,0,0,0
ZTF23abbaoxt,0,1,0,1,0,1,0,1,0,0,1
ZTF23abbaqbs,0,1,0,1,0,0,1,1,0,1,0
ZTF23abbaqsx,0,1,0,1,0,1,0,0,1,1,0
ZTF23abbaqzy,0,1,0,1,0,1,0,1,0,0,1
ZTF23abbasgd,1,0,0,0,0,0,0,0,0,0,0
ZTF23abbatkg,0,1,0,1,0,1,0,1,0,0,1
ZTF23abbavbj,1,0,0,0,0,0,0,0,0,0,0
ZTF23abbavnp,0,1,0,1,0,1,0,0,1,1,0
ZTF23abbaxph,0,0,1,1,0,1,0,1,0,1,0
ZTF23abbbais,0,1,0,1,0,1,0,0,1,1,0
ZTF23abbcqdd,1,0,0,0,0,0,0,0,0,0,0
ZTF23abbdbsh,0,1,0,0,1,1,0,1,0,1,0
ZTF23abbdoqg,0,1,0,1,0,1,0,0,1,1,0
ZTF23abbdupy,0,1,0,1,0,0,1,1,0,1,0
ZTF23abbesup,0,1,0,1,0,1,0,0,1,1,0
ZTF23abbfbbp,1,0,0,0,0,0,0,0,0,0,0
ZTF23abbfmxe,0,1,0,1,0,1,0,1,0,0,1
ZTF23abbfokh,0,1,0,0,1,1,0,1,0,1,0
ZTF23abbfonh,0,0,1,1,0,1,0,1,0,1,0
ZTF23abbfpqa,0,0,1,1,0,1,0,1,0,1,0
ZTF23abbfpsy,0,1,0,1,0,0,1,1,0,1,0
ZTF23abbfpxr,0,1,0,1,0,1,0,0,1,1,0
ZTF23abbfqsx,1,0,0,0,0,0,0,0,0,0,0
ZTF23abbfsoa,0,1,0,1,0,1,0,1,0,0,1
ZTF23abbfvlx,0,0,1,1,0,1,0,1,0,1,0
ZTF23abbfytm,0,1,0,1,0,1,0,1,0,0,1
ZTF23abbgnir,0,1,0,1,0,1,0,1,0,0,1
ZTF23abbhjtu,0,1,0,1,0,1,0,1,0,0,1
ZTF23abbhmfr,0,0,1,1,0,1,0,1,0,1,0
ZTF23abbijgl,0,1,0,1,0,1,0,1,0,0,1
ZTF23abbixrw,0,0,1,1,0,1,0,1,0,1,0
ZTF23abbjnem,0,1,0,1,0,0,1,1,0,1,0
ZTF23abbjtdn,1,0,0,0,0,0,0,0,0,0,0
ZTF23abbkngr,0,0,1,1,0,1,0,1,0,1,0
ZTF23abbladl,0,1,0,0,1,1,0,1,0,1,0
ZTF23abblfjf,0,1,0,1,0,1,0,1,0,0,1
ZTF23abblgrs,0,1,0,1,0,0,1,1,0,1,0
ZTF23abbloto,0,0,1,1,0,1,0,1,0,1,0
ZTF23abblppx,0,0,1,1,0,1,0,1,0,1,0
ZTF23abbmlvx,0,1,0,1,0,1,0,0,1,1,0
ZTF23abbmpyi,0,1,0,1,0,0,1,1,0,1,0
ZTF23abbmqoi,0,1,0,1,0,0,1,1,0,1,0
ZTF23abbmsix,0,1,0,0,1,1,0,1,0,1,0
ZTF23abbngyg,0,1,0,1,0,1,0,0,1,1,0
ZTF23abbnkdr,0,1,0,0,1,1,0,1,0,1,0
ZTF23abbnkiw,0,1,0,1,0,0,1,1,0,1,0
ZTF23abbolei,0,1,0,0,1,1,0,1,0,1,0
ZTF23abbovoz,0,1,0,1,0,0,1,1,0,1,0
ZTF23abbpsiy,0,1,0,0,1,1,0,1,0,1,0
ZTF23abbpvfr,0,1,0,0,1,1,0,1,0,1,0
ZTF23abbqfkk,0,0,1,1,0,1,0,1,0,1,0
ZTF23abbsxhv,1,0,0,0,0,0,0,0,0,0,0
ZTF23abbsxzs,1,0,0,0,0,0,0,0,0,0,0
ZTF23abbtbat,0,1,0,1,0,1,0,1,0,0,1
ZTF23abbygzm,0,1,0,1,0,0,1,1,0,1,0
ZTF23abbztgs,0,1,0,1,0,1,0,1,0,0,1
ZTF23abbzukw,0,1,0,0,1,1,0,1,0,1,0
ZTF23abcbtyu,1,0,0,0,0,0,0,0,0,0,0
ZTF23abccpyk,1,0,0,0,0,0,0,0,0,0,0
ZTF23abcdfwg,0,1,0,1,0,1,0,0,1,1,0
ZTF23abcdtjq,0,1,0,1,0,1,0,0,1,1,0
ZTF23abcegak,0,1,0,1,0,1,0,0,1,1,0
ZTF23abcfmxq,0,1,0,1,0,0,1,1,0,1,0
ZTF23abcgdlt,1,0,0,0,0,0,0,0,0,0,0
ZTF23abcktbt,1,0,0,0,0,0,0,0,0,0,0
ZTF23abclxiv,0,1,0,0,1,1,0,1,0,1,0
ZTF23abclyan,0,1,0,0,1,1,0,1,0,1,0
ZTF23abcmfdn,1,0,0,0,0,0,0,0,0,0,0
ZTF23abcndqi,0,0,1,1,0,1,0,1,0,1,0
ZTF23abcqbgu,1,0,0,0,0,0,0,0,0,0,0
ZTF23abcrbkv,1,0,0,0,0,0,0,0,0,0,0
ZTF23abcrgiv,1,0,0,0,0,0,0,0,0,0,0
ZTF23abcrhwl,0,0,1,1,0,1,0,1,0,1,0
ZTF23abcrnpm,1,0,0,0,0,0,0,0,0,0,0
ZTF23abcvaom,0,1,0,0,1,1,0,1,0,1,0
ZTF23abcvarp,0,1,0,1,0,0,1,1,0,1,0
ZTF23abcvmer,0,1,0,1,0,1,0,1,0,0,1
ZTF23abcwcxo,0,1,0,1,0,1,0,0,1,1,0
ZTF23abcwidn,0,1,0,0,1,1,0,1,0,1,0
ZTF23abcxgeg,1,0,0,0,0,0,0,0,0,0,0
ZTF23abcxhua,1,0,0,0,0,0,0,0,0,0,0
ZTF23abczxjp,0,1,0,1,0,1,0,0,1,1,0
ZTF23abdasaf,0,0,1,1,0,1,0,1,0,1,0
ZTF23abddwzm,0,1,0,1,0,1,0,0,1,1,0
ZTF23abdggyc,0,0,1,1,0,1,0,1,0,1,0
ZTF23abdhfqj,0,0,1,1,0,1,0,1,0,1,0
ZTF23abdhgxe,1,0,0,0,0,0,0,0,0,0,0
ZTF23abdhlpg,1,0,0,0,0,0,0,0,0,0,0
ZTF23abdhmhw,0,1,0,1,0,0,1,1,0,1,0
ZTF23abdhrjh,0,1,0,1,0,0,1,1,0,1,0
ZTF23abdhuls,1,0,0,0,0,0,0,0,0,0,0
ZTF23abdiekz,0,1,0,1,0,1,0,1,0,0,1
ZTF23abdiqut,0,0,1,1,0,1,0,1,0,1,0
ZTF23abdmika,0,1,0,1,0,0,1,1,0,1,0
ZTF23abdnlbs,0,1,0,1,0,1,0,0,1,1,0
ZTF23abdpgvv,0,1,0,0,1,1,0,1,0,1,0
ZTF23abdrxht,0,1,0,1,0,1,0,1,0,0,1
ZTF23abdsecb,1,0,0,0,0,0,0,0,0,0,0
ZTF23abdsepj,1,0,0,0,0,0,0,0,0,0,0
ZTF23abdspgp,1,0,0,0,0,0,0,0,0,0,0
ZTF23abdttpr,1,0,0,0,0,0,0,0,0,0,0
ZTF23abdtvny,0,1,0,1,0,1,0,0,1,1,0
ZTF23abdubic,0,1,0,1,0,0,1,1,0,1,0
ZTF23abducqi,0,1,0,1,0,1,0,1,0,0,1
ZTF23abdxree,0,1,0,0,1,1,0,1,0,1,0
ZTF23abdxrxs,0,1,0,0,1,1,0,1,0,1,0
ZTF23abdyqcv,0,1,0,0,1,1,0,1,0,1,0
ZTF23abdyyvy,0,1,0,1,0,0,1,1,0,1,0
ZTF23abdzglc,0,1,0,1,0,1,0,0,1,1,0
ZTF23abdztfr,0,1,0,0,1,1,0,1,0,1,0
ZTF23abebqiq,0,0,1,1,0,1,0,1,0,1,0
ZTF23abebxmp,0,1,0,1,0,0,1,1,0,1,0
ZTF23abecinc,1,0,0,0,0,0,0,0,0,0,0
ZTF23abecyng,0,0,1,1,0,1,0,1,0,1,0
ZTF23abedqwy,0,1,0,1,0,0,1,1,0,1,0
ZTF23abeezgg,0,1,0,1,0,0,1,1,0,1,0
ZTF23abefxhn,0,1,0,1,0,0,1,1,0,1,0
ZTF23abejssh,0,1,0,1,0,1,0,1,0,0,1
ZTF23abekbjv,0,1,0,0,1,1,0,1,0,1,0
ZTF23abemprl,0,1,0,1,0,0,1,1,0,1,0
ZTF23abemtyx,0,1,0,0,1,1,0,1,0,1,0
ZTF23abenxlc,0,1,0,1,0,1,0,0,1,1,0
ZTF23abeosue,0,1,0,1,0,0,1,1,0,1,0
ZTF23abeqdho,1,0,0,0,0,0,0,0,0,0,0
ZTF23abeqixz,0,0,1,1,0,1,0,1,0,1,0
ZTF23abeqotf,1,0,0,0,0,0,0,0,0,0,0
ZTF23abeqplb,0,1,0,0,1,1,0,1,0,1,0
ZTF23abeqzmu,0,1,0,0,1,1,0,1,0,1,0
ZTF23aberops,0,1,0,1,0,1,0,0,1,1,0
ZTF23abetwwi,0,1,0,1,0,0,1,1,0,1,0
ZTF23abeudve,0,0,1,1,0,1,0,1,0,1,0
ZTF23abeuope,0,0,1,1,0,1,0,1,0,1,0
ZTF23abevepp,0,1,0,1,0,1,0,1,0,0,1
ZTF23abeviyr,0,0,1,1,0,1,0,1,0,1,0
ZTF23abevydg,0,1,0,0,1,1,0,1,0,1,0
ZTF23abexayf,0,1,0,1,0,1,0,0,1,1,0
ZTF23abexbnt,1,0,0,0,0,0,0,0,0,0,0
ZTF23abexebx,0,1,0,1,0,1,0,1,0,0,1
ZTF23abexqso,0,0,1,1,0,1,0,1,0,1,0
ZTF23abeyczj,0,1,0,0,1,1,0,1,0,1,0
ZTF23abfbkqj,1,0,0,0,0,0,0,0,0,0,0
ZTF23abfbxtm,0,0,1,1,0,1,0,1,0,1,0
ZTF23abfcffy,0,1,0,0,1,1,0,1,0,1,0
ZTF23abffdxd,0,1,0,1,0,1,0,0,1,1,0
ZTF23abfgaft,0,1,0,1,0,0,1,1,0,1,0
ZTF23abfglcy,0,1,0,0,1,1,0,1,0,1,0
ZTF23abfjvix,0,1,0,1,0,1,0,0,1,1,0
ZTF23abflamz,0,1,0,1,0,1,0,0,1,1,0
ZTF23abfnkjp,0,1,0,1,0,1,0,1,0,0,1
ZTF23abftpph,0,1,0,1,0,0,1,1,0,1,0
ZTF23abfubfc,0,1,0,1,0,1,0,0,1,1,0
ZTF23abfuwdj,0,1,0,1,0,0,1,1,0,1,0
ZTF23abfvjbr,0,0,1,1,0,1,0,1,0,1,0
ZTF23abfwupu,0,0,1,1,0,1,0,1,0,1,0
ZTF23abfyvnv,0,1,0,1,0,1,0,0,1,1,0
ZTF23abfyxdn,0,1,0,1,0,1,0,1,0,0,1
ZTF23abfzbwx,0,1,0,1,0,0,1,1,0,1,0
ZTF23abgaebf,0,0,1,1,0,1,0,1,0,1,0
ZTF23abgavfp,0,1,0,0,1,1,0,1,0,1,0
ZTF23abgcaqe,0,1,0,1,0,1,0,0,1,1,0
ZTF23abgcdqj,0,1,0,0,1,1,0,1,0,1,0
ZTF23abgcfay,0,1,0,1,0,0,1,1,0,1,0
ZTF23abgfxqn,0,1,0,1,0,0,1,1,0,1,0
ZTF23abggqqc,0,0,1,1,0,1,0,1,0,1,0
ZTF23abghfyg,1,0,0,0,0,0,0,0,0,0,0
ZTF23abghgsn,0,1,0,1,0,1,0,0,1,1,0
ZTF23abgkehw,1,0,0,0,0,0,0,0,0,0,0
ZTF23abgkpak,1,0,0,0,0,0,0,0,0,0,0
ZTF23abgktlt,0,0,1,1,0,1,0,1,0,1,0
ZTF23abgktqj,0,1,0,1,0,1,0,0,1,1,0
ZTF23abglmly,1,0,0,0,0,0,0,0,0,0,0
ZTF23abgloxq,0,1,0,1,0,1,0,1,0,0,1
ZTF23abgmbux,0,1,0,1,0,1,0,0,1,1,0
ZTF23abgmlds,0,0,1,1,0,1,0,1,0,1,0
ZTF23abgmnqv,0,1,0,1,0,0,1,1,0,1,0
ZTF23abgmrkf,0,1,0,1,0,0,1,1,0,1,0
ZTF23abgnbil,0,1,0,1,0,1,0,0,1,1,0
ZTF23abgncqj,0,1,0,0,1,1,0,1,0,1,0
ZTF23abgniav,0,1,0,1,0,1,0,1,0,0,1
ZTF23abgnppf,0,0,1,1,0,1,0,1,0,1,0
ZTF23abgnpsc,0,1,0,1,0,0,1,1,0,1,0
ZTF23abgnpto,0,1,0,0,1,1,0,1,0,1,0
ZTF23abgnvya,0,0,1,1,0,1,0,1,0,1,0
ZTF23abgnwky,0,0,1,1,0,1,0,1,0,1,0
ZTF23abgnxfv,0,1,0,1,0,1,0,0,1,1,0
ZTF23abgnxri,0,1,0,1,0,1,0,1,0,0,1
ZTF23abgoccj,1,0,0,0,0,0,0,0,0,0,0
ZTF23abgoqxu,0,1,0,1,0,0,1,1,0,1,0
ZTF23abgouvq,0,1,0,0,1,1,0,1,0,1,0
ZTF23abgovnz,0,1,0,1,0,1,0,0,1,1,0
ZTF23abgowtc,1,0,0,0,0,0,0,0,0,0,0
ZTF23abgpokx,0,1,0,1,0,0,1,1,0,1,0
ZTF23abgrunk,0,1,0,0,1,1,0,1,0,1,0
ZTF23abgsbph,0,0,1,1,0,1,0,1,0,1,0
ZTF23abgsbpr,0,0,1,1,0,1,0,1,0,1,0
ZTF23abgspod,0,1,0,1,0,0,1,1,0,1,0
ZTF23abgspvs,1,0,0,0,0,0,0,0,0,0,0
ZTF23abgtfih,0,1,0,0,1,1,0,1,0,1,0
ZTF23abgtmzs,0,0,1,1,0,1,0,1,0,1,0
ZTF23abgujxg,0,1,0,1,0,0,1,1,0,1,0
ZTF23abgvlgv,0,1,0,1,0,1,0,0,1,1,0
ZTF23abhaxcd,0,0,1,1,0,1,0,1,0,1,0
ZTF23abhayrq,0,1,0,1,0,1,0,1,0,0,1
ZTF23abhbpmc,0,1,0,1,0,1,0,1,0,0,1
ZTF23abhdcct,0,0,1,1,0,1,0,1,0,1,0
ZTF23abhddtv,1,0,0,0,0,0,0,0,0,0,0
ZTF23abheflz,0,1,0,1,0,0,1,1,0,1,0
ZTF23abhhwbn,0,1,0,1,0,0,1,1,0,1,0
ZTF23abhmfmf,0,1,0,1,0,0,1,1,0,1,0
ZTF23abhporl,0,1,0,1,0,1,0,1,0,0,1
ZTF23abhprla,0,1,0,1,0,0,1,1,0,1,0
ZTF23abhpuoc,0,1,0,1,0,1,0,0,1,1,0
ZTF23abhsfbs,0,1,0,1,0,0,1,1,0,1,0
ZTF23abhsfkg,0,1,0,0,1,1,0,1,0,1,0
ZTF23abhsglj,0,1,0,1,0,0,1,1,0,1,0
ZTF23abhshad,0,1,0,1,0,0,1,1,0,1,0
ZTF23abhshdk,0,1,0,1,0,1,0,1,0,0,1
ZTF23abhshsm,0,1,0,1,0,1,0,1,0,0,1
ZTF23abhtjxs,0,1,0,1,0,1,0,0,1,1,0
ZTF23abhtsqs,0,1,0,1,0,1,0,1,0,0,1
ZTF23abhublj,0,1,0,1,0,1,0,0,1,1,0
ZTF23abhuejo,0,1,0,1,0,0,1,1,0,1,0
ZTF23abhvjrw,0,1,0,1,0,1,0,0,1,1,0
ZTF23abhvpvp,0,1,0,1,0,0,1,1,0,1,0
ZTF23abhvpvq,0,1,0,0,1,1,0,1,0,1,0
ZTF23abhvrgz,0,0,1,1,0,1,0,1,0,1,0
ZTF23abhvrmy,1,0,0,0,0,0,0,0,0,0,0
ZTF23abhvrzi,1,0,0,0,0,0,0,0,0,0,0
ZTF23abhvsbo,0,1,0,0,1,1,0,1,0,1,0
ZTF23abhvuft,0,1,0,1,0,1,0,0,1,1,0
ZTF23abhwasg,0,1,0,1,0,1,0,0,1,1,0
ZTF23abhwbxo,0,1,0,1,0,1,0,1,0,0,1
ZTF23abhwezg,0,1,0,1,0,1,0,1,0,0,1
ZTF23abhwhho,0,0,1,1,0,1,0,1,0,1,0
ZTF23abhwkkv,0,1,0,1,0,1,0,0,1,1,0
ZTF23abhwkrd,0,1,0,1,0,1,0,0,1,1,0
ZTF23abhwkzr,0,0,1,1,0,1,0,1,0,1,0
ZTF23abhxpga,0,1,0,1,0,1,0,0,1,1,0
ZTF23abhxqsf,1,0,0,0,0,0,0,0,0,0,0
ZTF23abhzfww,0,0,1,1,0,1,0,1,0,1,0
ZTF23abhzids,0,1,0,0,1,1,0,1,0,1,0
ZTF23abhzpha,0,1,0,1,0,0,1,1,0,1,0
ZTF23abhzprm,0,0,1,1,0,1,0,1,0,1,0
ZTF23abhzvkb,0,0,1,1,0,1,0,1,0,1,0
ZTF23abhzvmc,1,0,0,0,0,0,0,0,0,0,0
ZTF23abhzvmg,0,1,0,0,1,1,0,1,0,1,0
ZTF23abhzvni,0,0,1,1,0,1,0,1,0,1,0
ZTF23abhzvor,0,1,0,1,0,1,0,0,1,1,0
ZTF23abhzvos,1,0,0,0,0,0,0,0,0,0,0
ZTF23abhzwbf,0,1,0,1,0,1,0,1,0,0,1
ZTF23abhzxwm,0,0,1,1,0,1,0,1,0,1,0
ZTF23abhzyrf,0,0,1,1,0,1,0,1,0,1,0
ZTF23abhzznc,1,0,0,0,0,0,0,0,0,0,0
ZTF23abiaakj,0,1,0,1,0,1,0,0,1,1,0
ZTF23abiades,0,1,0,1,0,1,0,1,0,0,1
ZTF23abiailg,0,1,0,1,0,1,0,1,0,0,1
ZTF23abiaoff,0,1,0,1,0,1,0,1,0,0,1
ZTF23abiapdg,0,1,0,1,0,1,0,1,0,0,1
ZTF23abiaxvx,0,1,0,1,0,1,0,1,0,0,1
ZTF23abidmwl,0,0,1,1,0,1,0,1,0,1,0
ZTF23abiduvc,0,1,0,1,0,0,1,1,0,1,0
ZTF23abidzvf,0,0,1,1,0,1,0,1,0,1,0
ZTF23abiejpw,1,0,0,0,0,0,0,0,0,0,0
ZTF23abiekci,1,0,0,0,0,0,0,0,0,0,0
ZTF23abiewbt,1,0,0,0,0,0,0,0,0,0,0
ZTF23abifcek,1,0,0,0,0,0,0,0,0,0,0
ZTF23abifyob,0,0,1,1,0,1,0,1,0,1,0
ZTF23abigyab,1,0,0,0,0,0,0,0,0,0,0
ZTF23abihdjw,0,1,0,1,0,1,0,1,0,0,1
ZTF23abiihkq,1,0,0,0,0,0,0,0,0,0,0
ZTF23abijlgx,0,1,0,0,1,1,0,1,0,1,0
ZTF23abijmrk,1,0,0,0,0,0,0,0,0,0,0
ZTF23abijmrv,0,1,0,0,1,1,0,1,0,1,0
ZTF23abijnjd,1,0,0,0,0,0,0,0,0,0,0
ZTF23abijouq,1,0,0,0,0,0,0,0,0,0,0
ZTF23abikgmu,0,1,0,1,0,1,0,1,0,0,1
ZTF23abikiob,0,1,0,1,0,1,0,1,0,0,1
ZTF23abikioc,0,0,1,1,0,1,0,1,0,1,0
ZTF23abikiql,0,1,0,1,0,1,0,0,1,1,0
ZTF23abiklhv,0,0,1,1,0,1,0,1,0,1,0
ZTF23abilkfd,0,1,0,1,0,1,0,0,1,1,0
ZTF23abiltqg,0,1,0,1,0,1,0,1,0,0,1
ZTF23abimjfg,1,0,0,0,0,0,0,0,0,0,0
ZTF23abimslf,1,0,0,0,0,0,0,0,0,0,0
ZTF23abipokl,1,0,0,0,0,0,0,0,0,0,0
ZTF23abipwsa,0,1,0,1,0,1,0,1,0,0,1
ZTF23abipycb,0,1,0,0,1,1,0,1,0,1,0
ZTF23abiqaoj,0,1,0,1,0,1,0,1,0,0,1
ZTF23abiqdgj,0,1,0,1,0,1,0,0,1,1,0
ZTF23abiqkeu,0,1,0,1,0,0,1,1,0,1,0
ZTF23abiqsuo,1,0,0,0,0,0,0,0,0,0,0
ZTF23abiqytk,0,1,0,0,1,1,0,1,0,1,0
ZTF23abiuxlr,0,1,0,1,0,1,0,1,0,0,1
ZTF23abiuxxl,0,1,0,1,0,0,1,1,0,1,0
ZTF23abiuzxv,0,1,0,1,0,1,0,0,1,1,0
ZTF23abivjaa,0,0,1,1,0,1,0,1,0,1,0
ZTF23abivqyc,0,1,0,1,0,1,0,1,0,0,1
ZTF23abivtoy,0,1,0,0,1,1,0,1,0,1,0
ZTF23abiwnhi,1,0,0,0,0,0,0,0,0,0,0
ZTF23abiwnpj,0,1,0,1,0,1,0,1,0,0,1
ZTF23abiwqvk,0,1,0,1,0,0,1,1,0,1,0
ZTF23abixviw,0,1,0,1,0,1,0,1,0,0,1
ZTF23abizggb,0,0,1,1,0,1,0,1,0,1,0
ZTF23abjacqc,0,1,0,1,0,0,1,1,0,1,0
ZTF23abjagsa,1,0,0,0,0,0,0,0,0,0,0
ZTF23abjbcij,1,0,0,0,0,0,0,0,0,0,0
ZTF23abjbgkz,0,1,0,0,1,1,0,1,0,1,0
ZTF23abjbkts,0,1,0,1,0,1,0,1,0,0,1
ZTF23abjdjrm,1,0,0,0,0,0,0,0,0,0,0
ZTF23abjdrvd,0,1,0,0,1,1,0,1,0,1,0
ZTF23abjdvkv,1,0,0,0,0,0,0,0,0,0,0
ZTF23abjfbmo,0,1,0,1,0,0,1,1,0,1,0
ZTF23abjfiiw,0,1,0,1,0,1,0,0,1,1,0
ZTF23abjfjnr,0,1,0,0,1,1,0,1,0,1,0
ZTF23abjfpib,0,1,0,0,1,1,0,1,0,1,0
ZTF23abjgzte,0,1,0,1,0,1,0,0,1,1,0
ZTF23abjheui,0,1,0,1,0,1,0,0,1,1,0
ZTF23abjhmmw,0,1,0,1,0,0,1,1,0,1,0
ZTF23abjhwem,1,0,0,0,0,0,0,0,0,0,0
ZTF23abjihns,1,0,0,0,0,0,0,0,0,0,0
ZTF23abjihwv,0,1,0,1,0,1,0,0,1,1,0
ZTF23abjikaf,0,1,0,1,0,1,0,0,1,1,0
ZTF23abjikzm,0,1,0,0,1,1,0,1,0,1,0
ZTF23abjinju,0,1,0,1,0,1,0,1,0,0,1
ZTF23abjiqod,0,1,0,1,0,0,1,1,0,1,0
ZTF23abjirzf,0,1,0,1,0,1,0,1,0,0,1
ZTF23abjiujg,0,1,0,0,1,1,0,1,0,1,0
ZTF23abjjaxz,1,0,0,0,0,0,0,0,0,0,0
ZTF23abjjdfi,1,0,0,0,0,0,0,0,0,0,0
ZTF23abjknzw,0,1,0,0,1,1,0,1,0,1,0
ZTF23abjkofv,0,1,0,0,1,1,0,1,0,1,0
ZTF23abjkoih,0,1,0,1,0,1,0,0,1,1,0
ZTF23abjkovl,0,1,0,1,0,1,0,1,0,0,1
ZTF23abjktyf,1,0,0,0,0,0,0,0,0,0,0
ZTF23abjkwfu,0,0,1,1,0,1,0,1,0,1,0
ZTF23abjkwog,0,1,0,1,0,1,0,1,0,0,1
ZTF23abjkxah,0,1,0,1,0,1,0,1,0,0,1
ZTF23abjlbev,0,1,0,1,0,1,0,0,1,1,0
ZTF23abjlbys,0,1,0,1,0,0,1,1,0,1,0
ZTF23abjlcbz,0,1,0,0,1,1,0,1,0,1,0
ZTF23abjlwrq,0,1,0,0,1,1,0,1,0,1,0
ZTF23abjmanu,0,1,0,1,0,1,0,0,1,1,0
ZTF23abjmmep,1,0,0,0,0,0,0,0,0,0,0
ZTF23abjopbc,0,1,0,1,0,1,0,1,0,0,1
ZTF23abjopuz,0,1,0,1,0,0,1,1,0,1,0
ZTF23abjpcza,0,0,1,1,0,1,0,1,0,1,0
ZTF23abjpsyy,0,0,1,1,0,1,0,1,0,1,0
ZTF23abjqfde,0,1,0,1,0,1,0,1,0,0,1
ZTF23abjrbzx,1,0,0,0,0,0,0,0,0,0,0
ZTF23abjreeb,1,0,0,0,0,0,0,0,0,0,0
ZTF23abjrerh,0,1,0,1,0,1,0,1,0,0,1
ZTF23abjrhqc,0,1,0,1,0,1,0,1,0,0,1
ZTF23abjrolf,0,0,1,1,0,1,0,1,0,1,0
ZTF23abjrolk,0,1,0,1,0,1,0,1,0,0,1
ZTF23abjrpnf,0,1,0,1,0,0,1,1,0,1,0
ZTF23abjsiqb,1,0,0,0,0,0,0,0,0,0,0
ZTF23abjsjac,0,1,0,1,0,1,0,0,1,1,0
ZTF23abjspqw,1,0,0,0,0,0,0,0,0,0,0
ZTF23abjsthx,1,0,0,0,0,0,0,0,0,0,0
ZTF23abjsxkj,0,1,0,1,0,0,1,1,0,1,0
ZTF23abjsxxg,1,0,0,0,0,0,0,0,0,0,0
ZTF23abjtesj,1,0,0,0,0,0,0,0,0,0,0
ZTF23abjvckf,0,1,0,1,0,1,0,1,0,0,1
ZTF23abjvhne,0,0,1,1,0,1,0,1,0,1,0
ZTF23abjvozl,0,1,0,1,0,1,0,1,0,0,1
ZTF23abjwblv,0,1,0,0,1,1,0,1,0,1,0
ZTF23abjwfjb,0,1,0,1,0,1,0,1,0,0,1
ZTF23abjwgre,0,1,0,1,0,0,1,1,0,1,0
ZTF23abjxcfx,0,1,0,1,0,1,0,1,0,0,1
ZTF23abjygmj,1,0,0,0,0,0,0,0,0,0,0
ZTF23abjywac,1,0,0,0,0,0,0,0,0,0,0
ZTF23abjyxff,0,1,0,1,0,1,0,0,1,1,0
ZTF23abkaait,0,1,0,1,0,1,0,1,0,0,1
ZTF23abkaalx,0,1,0,0,1,1,0,1,0,1,0
ZTF23abkaghs,0,0,1,1,0,1,0,1,0,1,0
ZTF23abkahpo,1,0,0,0,0,0,0,0,0,0,0
ZTF23abkawxc,0,1,0,1,0,1,0,1,0,0,1
ZTF23abkbijk,0,1,0,1,0,0,1,1,0,1,0
ZTF23abkbkus,0,1,0,1,0,0,1,1,0,1,0
ZTF23abkbqjk,0,1,0,1,0,0,1,1,0,1,0
ZTF23abkbrox,1,0,0,0,0,0,0,0,0,0,0
ZTF23abkdubl,0,1,0,1,0,1,0,0,1,1,0
ZTF23abkdvtd,1,0,0,0,0,0,0,0,0,0,0
ZTF23abkeibf,0,0,1,1,0,1,0,1,0,1,0
ZTF23abkeolw,1,0,0,0,0,0,0,0,0,0,0
ZTF23abkfelm,1,0,0,0,0,0,0,0,0,0,0
ZTF23abkfpsh,1,0,0,0,0,0,0,0,0,0,0
ZTF23abkfyek,0,1,0,1,0,0,1,1,0,1,0
ZTF23abkgaiv,1,0,0,0,0,0,0,0,0,0,0
ZTF23abkgjbl,0,1,0,1,0,1,0,1,0,0,1
ZTF23abkgtem,0,1,0,1,0,1,0,0,1,1,0
ZTF23abkhbcm,0,1,0,1,0,1,0,1,0,0,1
ZTF23abkhbda,1,0,0,0,0,0,0,0,0,0,0
ZTF23abkhmte,0,1,0,0,1,1,0,1,0,1,0
ZTF23abkhtxc,0,1,0,1,0,1,0,1,0,0,1
ZTF23abkhvqk,0,1,0,1,0,1,0,1,0,0,1
ZTF23abkhwgb,0,1,0,1,0,0,1,1,0,1,0
ZTF23abkihyb,0,1,0,0,1,1,0,1,0,1,0
ZTF23abkipxj,0,0,1,1,0,1,0,1,0,1,0
ZTF23abkiwxh,0,1,0,1,0,1,0,0,1,1,0
ZTF23abkixct,0,1,0,1,0,0,1,1,0,1,0
ZTF23abkixdb,0,1,0,1,0,1,0,1,0,0,1
ZTF23abkixfb,1,0,0,0,0,0,0,0,0,0,0
ZTF23abkizzm,0,0,1,1,0,1,0,1,0,1,0
ZTF23abkjgvr,0,1,0,1,0,0,1,1,0,1,0
ZTF23abkjiwv,1,0,0,0,0,0,0,0,0,0,0
ZTF23abkjoij,0,0,1,1,0,1,0,1,0,1,0
ZTF23abkjoke,1,0,0,0,0,0,0,0,0,0,0
ZTF23abkjsmr,0,1,0,1,0,1,0,0,1,1,0
ZTF23abkjwqi,0,1,0,1,0,1,0,1,0,0,1
ZTF23abkkcgl,0,0,1,1,0,1,0,1,0,1,0
ZTF23abkkcii,0,0,1,1,0,1,0,1,0,1,0
ZTF23abkmdma,0,0,1,1,0,1,0,1,0,1,0
ZTF23abknabr,0,0,1,1,0,1,0,1,0,1,0
ZTF23abknafy,0,1,0,1,0,1,0,1,0,0,1
ZTF23abkoqep,0,1,0,1,0,1,0,0,1,1,0
ZTF23abkoqof,0,1,0,1,0,0,1,1,0,1,0
ZTF23abkoyck,0,1,0,1,0,1,0,0,1,1,0
ZTF23abkphqc,0,0,1,1,0,1,0,1,0,1,0
ZTF23abkpino,1,0,0,0,0,0,0,0,0,0,0
ZTF23abkplwl,0,1,0,0,1,1,0,1,0,1,0
ZTF23abkpmsk,0,1,0,1,0,0,1,1,0,1,0
ZTF23abkpmud,0,0,1,1,0,1,0,1,0,1,0
ZTF23abkszcf,1,0,0,0,0,0,0,0,0,0,0
ZTF23abktgff,0,0,1,1,0,1,0,1,0,1,0
ZTF23abkujrx,0,1,0,1,0,1,0,1,0,0,1
ZTF23abkuyoe,1,0,0,0,0,0,0,0,0,0,0
ZTF23abkzugi,0,1,0,0,1,1,0,1,0,1,0
ZTF23ablaiml,0,1,0,0,1,1,0,1,0,1,0
ZTF23ablaoeh,0,1,0,1,0,1,0,1,0,0,1
ZTF23ablauwx,0,1,0,1,0,0,1,1,0,1,0
ZTF23ablavhx,0,1,0,0,1,1,0,1,0,1,0
ZTF23ablayfo,1,0,0,0,0,0,0,0,0,0,0
ZTF23ablesao,0,1,0,1,0,0,1,1,0,1,0
ZTF23ablezwb,0,1,0,1,0,1,0,0,1,1,0
ZTF23ablfhzl,0,1,0,1,0,1,0,1,0,0,1
ZTF23ablfkge,0,1,0,1,0,0,1,1,0,1,0
ZTF23ablfvry,0,1,0,1,0,1,0,0,1,1,0
ZTF23ablivvn,0,0,1,1,0,1,0,1,0,1,0
ZTF23abljogj,0,1,0,0,1,1,0,1,0,1,0
ZTF23abljrtg,0,1,0,1,0,1,0,0,1,1,0
ZTF23abljxac,0,1,0,1,0,1,0,0,1,1,0
ZTF23ablkbom,0,0,1,1,0,1,0,1,0,1,0
ZTF23ablkrev,0,1,0,1,0,1,0,0,1,1,0
ZTF23ablmlqi,0,1,0,0,1,1,0,1,0,1,0
ZTF23ablmvdi,0,1,0,0,1,1,0,1,0,1,0
ZTF23ablnlob,1,0,0,0,0,0,0,0,0,0,0
ZTF23ablnlwm,0,1,0,0,1,1,0,1,0,1,0
ZTF23ablnqxh,1,0,0,0,0,0,0,0,0,0,0
ZTF23ablobdp,1,0,0,0,0,0,0,0,0,0,0
ZTF23ablomyj,0,1,0,1,0,0,1,1,0,1,0
ZTF23ablonao,0,0,1,1,0,1,0,1,0,1,0
ZTF23ablonbw,0,0,1,1,0,1,0,1,0,1,0
ZTF23ablpbwc,0,1,0,0,1,1,0,1,0,1,0
ZTF23ablpfnb,0,1,0,1,0,1,0,1,0,0,1
ZTF23ablpuae,0,1,0,0,1,1,0,1,0,1,0
ZTF23ablriej,1,0,0,0,0,0,0,0,0,0,0
ZTF23abltwjy,0,0,1,1,0,1,0,1,0,1,0
ZTF23ablvlxx,1,0,0,0,0,0,0,0,0,0,0
ZTF23ablvnin,0,1,0,0,1,1,0,1,0,1,0
ZTF23ablzojk,0,0,1,1,0,1,0,1,0,1,0
ZTF23ablzqam,0,1,0,0,1,1,0,1,0,1,0
ZTF23ablzvja,0,1,0,0,1,1,0,1,0,1,0
ZTF23abmbmil,1,0,0,0,0,0,0,0,0,0,0
ZTF23abmbwbo,0,1,0,1,0,1,0,0,1,1,0
ZTF23abmeemj,1,0,0,0,0,0,0,0,0,0,0
ZTF23abmgofm,0,0,1,1,0,1,0,1,0,1,0
ZTF23abmhfjs,0,1,0,0,1,1,0,1,0,1,0
ZTF23abmhigs,0,1,0,1,0,1,0,1,0,0,1
ZTF23abmiwqj,0,0,1,1,0,1,0,1,0,1,0
ZTF23abmjtsw,0,1,0,1,0,0,1,1,0,1,0
ZTF23abmknqf,1,0,0,0,0,0,0,0,0,0,0
ZTF23abmlesg,0,1,0,1,0,1,0,1,0,0,1
ZTF23abmoycs,0,1,0,1,0,1,0,1,0,0,1
ZTF23abmpabn,0,1,0,1,0,1,0,0,1,1,0
ZTF23abmponx,0,1,0,1,0,1,0,1,0,0,1
ZTF23abmqxpm,0,1,0,0,1,1,0,1,0,1,0
ZTF23abmrmvn,1,0,0,0,0,0,0,0,0,0,0
ZTF23abmrqgw,0,1,0,0,1,1,0,1,0,1,0
ZTF23abmsoee,0,0,1,1,0,1,0,1,0,1,0
ZTF23abmsovz,0,0,1,1,0,1,0,1,0,1,0
ZTF23abmsupn,1,0,0,0,0,0,0,0,0,0,0
ZTF23abmtcuz,1,0,0,0,0,0,0,0,0,0,0
ZTF23abmwjvk,0,1,0,1,0,0,1,1,0,1,0
ZTF23abmwjyi,0,1,0,1,0,0,1,1,0,1,0
ZTF23abmwktx,0,1,0,1,0,1,0,1,0,0,1
ZTF23abmwmsm,1,0,0,0,0,0,0,0,0,0,0
ZTF23abmwnla,1,0,0,0,0,0,0,0,0,0,0
ZTF23abmwoho,1,0,0,0,0,0,0,0,0,0,0
ZTF23abmwrnj,0,1,0,1,0,1,0,0,1,1,0
ZTF23abmxiuy,1,0,0,0,0,0,0,0,0,0,0
ZTF23abmytlv,0,0,1,1,0,1,0,1,0,1,0
ZTF23abmzigo,0,1,0,0,1,1,0,1,0,1,0
ZTF23abmzqau,0,1,0,1,0,0,1,1,0,1,0
ZTF23abncnlb,0,1,0,1,0,1,0,0,1,1,0
ZTF23abncoap,0,1,0,0,1,1,0,1,0,1,0
ZTF23abncpbt,0,0,1,1,0,1,0,1,0,1,0
ZTF23abnhxme,0,0,1,1,0,1,0,1,0,1,0
ZTF23abnjpgi,0,1,0,0,1,1,0,1,0,1,0
ZTF23abnjqpb,0,1,0,1,0,1,0,0,1,1,0
ZTF23abnllac,0,1,0,1,0,0,1,1,0,1,0
ZTF23abnoqbo,0,1,0,1,0,0,1,1,0,1,0
ZTF23abnorcc,0,1,0,0,1,1,0,1,0,1,0
ZTF23abnppel,0,1,0,1,0,1,0,0,1,1,0
ZTF23abnreud,0,1,0,1,0,0,1,1,0,1,0
ZTF23abnrfyf,0,1,0,1,0,1,0,0,1,1,0
ZTF23abnskkt,0,1,0,0,1,1,0,1,0,1,0
ZTF23abnxcty,0,0,1,1,0,1,0,1,0,1,0
ZTF23abnzntm,1,0,0,0,0,0,0,0,0,0,0
ZTF23aboagdd,0,1,0,1,0,1,0,0,1,1,0
ZTF23aboahac,1,0,0,0,0,0,0,0,0,0,0
ZTF23aboauiy,0,1,0,0,1,1,0,1,0,1,0
ZTF23abobbkm,0,1,0,1,0,0,1,1,0,1,0
ZTF23abobwsd,0,1,0,0,1,1,0,1,0,1,0
ZTF23aboeikq,0,1,0,1,0,1,0,1,0,0,1
ZTF23aboejiq,0,1,0,1,0,1,0,1,0,0,1
ZTF23aboemdv,0,0,1,1,0,1,0,1,0,1,0
ZTF23aboerbs,0,0,1,1,0,1,0,1,0,1,0
ZTF23aboesot,0,1,0,1,0,0,1,1,0,1,0
ZTF23aboesxm,0,1,0,1,0,1,0,1,0,0,1
ZTF23aboetce,0,1,0,1,0,0,1,1,0,1,0
ZTF23aboewad,1,0,0,0,0,0,0,0,0,0,0
ZTF23aboffvn,0,1,0,0,1,1,0,1,0,1,0
ZTF23abofnti,0,0,1,1,0,1,0,1,0,1,0
ZTF23abogdzb,0,1,0,1,0,1,0,1,0,0,1
ZTF23abognaz,1,0,0,0,0,0,0,0,0,0,0
ZTF23abogqdn,0,1,0,1,0,0,1,1,0,1,0
ZTF23abohjok,0,1,0,1,0,1,0,0,1,1,0
ZTF23abohxen,0,1,0,1,0,1,0,0,1,1,0
ZTF23aboixaz,0,1,0,1,0,0,1,1,0,1,0
ZTF23abojfcm,1,0,0,0,0,0,0,0,0,0,0
ZTF23abojhab,0,1,0,0,1,1,0,1,0,1,0
ZTF23abojoct,0,1,0,1,0,1,0,1,0,0,1
ZTF23abojogf,0,1,0,0,1,1,0,1,0,1,0
ZTF23abojorz,0,1,0,1,0,0,1,1,0,1,0
ZTF23abojrkp,0,1,0,0,1,1,0,1,0,1,0
ZTF23abokgcv,0,1,0,1,0,1,0,0,1,1,0
ZTF23abokhba,0,1,0,1,0,1,0,1,0,0,1
ZTF23abolkfv,0,0,1,1,0,1,0,1,0,1,0
ZTF23abomtjc,0,0,1,1,0,1,0,1,0,1,0
ZTF23abongjc,0,1,0,1,0,1,0,0,1,1,0
ZTF23abonikd,0,1,0,1,0,0,1,1,0,1,0
ZTF23abonomm,1,0,0,0,0,0,0,0,0,0,0
ZTF23abonrcv,1,0,0,0,0,0,0,0,0,0,0
ZTF23abooocr,0,1,0,0,1,1,0,1,0,1,0
ZTF23abopfht,0,1,0,1,0,0,1,1,0,1,0
ZTF23abopjyr,0,1,0,0,1,1,0,1,0,1,0
ZTF23abopltv,1,0,0,0,0,0,0,0,0,0,0
ZTF23abopygy,0,1,0,1,0,0,1,1,0,1,0
ZTF23aboqoqu,0,1,0,1,0,0,1,1,0,1,0
ZTF23abosdvq,0,1,0,1,0,1,0,0,1,1,0
ZTF23abotkwh,0,1,0,1,0,0,1,1,0,1,0
ZTF23aboudlx,0,1,0,1,0,1,0,0,1,1,0
ZTF23aboudzv,0,1,0,0,1,1,0,1,0,1,0
ZTF23abouleh,0,1,0,1,0,1,0,0,1,1,0
ZTF23aboumap,0,0,1,1,0,1,0,1,0,1,0
ZTF23abouyxs,0,1,0,1,0,1,0,1,0,0,1
ZTF23abouznb,0,0,1,1,0,1,0,1,0,1,0
ZTF23abovaur,1,0,0,0,0,0,0,0,0,0,0
ZTF23abovbvo,0,1,0,0,1,1,0,1,0,1,0
ZTF23abovcmf,0,1,0,0,1,1,0,1,0,1,0
ZTF23abovgrc,1,0,0,0,0,0,0,0,0,0,0
ZTF23abovpzh,1,0,0,0,0,0,0,0,0,0,0
ZTF23abovqyj,1,0,0,0,0,0,0,0,0,0,0
ZTF23abovvas,0,1,0,0,1,1,0,1,0,1,0
ZTF23abowlyp,0,1,0,1,0,0,1,1,0,1,0
ZTF23abowmtf,0,1,0,1,0,1,0,1,0,0,1
ZTF23abowxza,0,1,0,1,0,1,0,1,0,0,1
ZTF23aboxgck,0,1,0,1,0,1,0,1,0,0,1
ZTF23aboxsoi,0,0,1,1,0,1,0,1,0,1,0
ZTF23aboyhbh,0,0,1,1,0,1,0,1,0,1,0
ZTF23abozdrp,1,0,0,0,0,0,0,0,0,0,0
ZTF23aboznsj,1,0,0,0,0,0,0,0,0,0,0
ZTF23abozobs,1,0,0,0,0,0,0,0,0,0,0
ZTF23abpaqgm,0,1,0,1,0,0,1,1,0,1,0
ZTF23abpauan,0,1,0,1,0,1,0,1,0,0,1
ZTF23abpbfur,0,1,0,1,0,1,0,0,1,1,0
ZTF23abpbgwy,0,1,0,1,0,1,0,0,1,1,0
ZTF23abpbgxa,0,1,0,0,1,1,0,1,0,1,0
ZTF23abpbuun,1,0,0,0,0,0,0,0,0,0,0
ZTF23abpbylq,0,1,0,0,1,1,0,1,0,1,0
ZTF23abpcgmc,0,1,0,1,0,1,0,1,0,0,1
ZTF23abpdaom,0,1,0,1,0,1,0,1,0,0,1
ZTF23abpdqvm,0,1,0,1,0,1,0,0,1,1,0
ZTF23abpetkw,0,1,0,1,0,1,0,0,1,1,0
ZTF23abpfaxb,0,1,0,1,0,1,0,0,1,1,0
ZTF23abpgwjy,0,1,0,1,0,0,1,1,0,1,0
ZTF23abphonx,0,0,1,1,0,1,0,1,0,1,0
ZTF23abphvio,1,0,0,0,0,0,0,0,0,0,0
ZTF23abpiigx,0,1,0,1,0,1,0,0,1,1,0
ZTF23abpjgbp,1,0,0,0,0,0,0,0,0,0,0
ZTF23abpjipu,0,1,0,1,0,1,0,0,1,1,0
ZTF23abpjyfr,1,0,0,0,0,0,0,0,0,0,0
ZTF23abpkaqt,0,1,0,1,0,1,0,1,0,0,1
ZTF23abpkasl,0,0,1,1,0,1,0,1,0,1,0
ZTF23abpkdcp,0,1,0,1,0,1,0,0,1,1,0
ZTF23abplaox,1,0,0,0,0,0,0,0,0,0,0
ZTF23abplnzw,0,1,0,0,1,1,0,1,0,1,0
ZTF23abplooq,0,1,0,1,0,1,0,1,0,0,1
ZTF23abpmenv,1,0,0,0,0,0,0,0,0,0,0
ZTF23abpnbtq,1,0,0,0,0,0,0,0,0,0,0
ZTF23abpncde,0,1,0,1,0,1,0,1,0,0,1
ZTF23abpncsr,1,0,0,0,0,0,0,0,0,0,0
ZTF23abpnddh,0,0,1,1,0,1,0,1,0,1,0
ZTF23abpnlqe,0,1,0,1,0,1,0,1,0,0,1
ZTF23abprgop,0,1,0,1,0,1,0,0,1,1,0
ZTF23abprwou,1,0,0,0,0,0,0,0,0,0,0
ZTF23abprycr,0,1,0,0,1,1,0,1,0,1,0
ZTF23abpvsyb,0,0,1,1,0,1,0,1,0,1,0
ZTF23abpwkhp,0,1,0,0,1,1,0,1,0,1,0
ZTF23abpxxcw,0,1,0,1,0,1,0,1,0,0,1
ZTF23abpymue,1,0,0,0,0,0,0,0,0,0,0
ZTF23abpytxw,0,1,0,1,0,0,1,1,0,1,0
ZTF23abpyusq,0,0,1,1,0,1,0,1,0,1,0
ZTF23abpzcse,0,1,0,0,1,1,0,1,0,1,0
ZTF23abpzebq,0,1,0,0,1,1,0,1,0,1,0
ZTF23abpzknq,0,1,0,0,1,1,0,1,0,1,0
ZTF23abpzofc,0,1,0,1,0,0,1,1,0,1,0
ZTF23abpzpil,0,1,0,1,0,0,1,1,0,1,0
ZTF23abpzqjb,1,0,0,0,0,0,0,0,0,0,0
ZTF23abpzrxi,0,1,0,1,0,0,1,1,0,1,0
ZTF23abpztri,0,1,0,1,0,0,1,1,0,1,0
ZTF23abpzvlg,0,1,0,0,1,1,0,1,0,1,0
ZTF23abpzvxa,0,0,1,1,0,1,0,1,0,1,0
ZTF23abpzwsg,0,1,0,0,1,1,0,1,0,1,0
ZTF23abpzyrr,0,1,0,1,0,1,0,0,1,1,0
ZTF23abqaihv,0,1,0,1,0,0,1,1,0,1,0
ZTF23abqbiic,0,0,1,1,0,1,0,1,0,1,0
ZTF23abqconm,0,0,1,1,0,1,0,1,0,1,0
ZTF23abqcqhs,1,0,0,0,0,0,0,0,0,0,0
ZTF23abqdqtc,1,0,0,0,0,0,0,0,0,0,0
ZTF23abqdxmt,1,0,0,0,0,0,0,0,0,0,0
ZTF23abqdzhl,1,0,0,0,0,0,0,0,0,0,0
ZTF23abqemoa,1,0,0,0,0,0,0,0,0,0,0
ZTF23abqfaho,1,0,0,0,0,0,0,0,0,0,0
ZTF23abqfnht,1,0,0,0,0,0,0,0,0,0,0
ZTF23abqgyaa,0,0,1,1,0,1,0,1,0,1,0
ZTF23abqhvro,0,1,0,0,1,1,0,1,0,1,0
ZTF23abqicnx,0,1,0,0,1,1,0,1,0,1,0
ZTF23abqidro,1,0,0,0,0,0,0,0,0,0,0
ZTF23abqidwp,0,1,0,1,0,0,1,1,0,1,0
ZTF23abqimmw,0,1,0,1,0,1,0,0,1,1,0
ZTF23abqjugc,0,1,0,1,0,0,1,1,0,1,0
ZTF23abqjxxs,0,1,0,1,0,0,1,1,0,1,0
ZTF23abqkand,0,1,0,1,0,1,0,0,1,1,0
ZTF23abqkgpf,0,1,0,1,0,1,0,1,0,0,1
ZTF23abqkiyq,0,1,0,1,0,1,0,1,0,0,1
ZTF23abqknlu,0,0,1,1,0,1,0,1,0,1,0
ZTF23abqkvir,1,0,0,0,0,0,0,0,0,0,0
ZTF23abqkwvr,0,1,0,1,0,1,0,1,0,0,1
ZTF23abqkwzr,0,1,0,1,0,1,0,0,1,1,0
ZTF23abqlcds,0,1,0,1,0,0,1,1,0,1,0
ZTF23abqmcdi,0,1,0,0,1,1,0,1,0,1,0
ZTF23abqmjpt,0,1,0,0,1,1,0,1,0,1,0
ZTF23abqmkvy,0,1,0,1,0,0,1,1,0,1,0
ZTF23abqmkyo,0,1,0,1,0,0,1,1,0,1,0
ZTF23abqmlgi,0,0,1,1,0,1,0,1,0,1,0
ZTF23abqnbxy,0,1,0,0,1,1,0,1,0,1,0
ZTF23abqobyl,1,0,0,0,0,0,0,0,0,0,0
ZTF23abqofnr,0,1,0,1,0,0,1,1,0,1,0
ZTF23abqohur,0,1,0,0,1,1,0,1,0,1,0
ZTF23abqpfpp,0,1,0,1,0,1,0,0,1,1,0
ZTF23abqqdna,1,0,0,0,0,0,0,0,0,0,0
ZTF23abqqird,1,0,0,0,0,0,0,0,0,0,0
ZTF23abqqukp,0,0,1,1,0,1,0,1,0,1,0
ZTF23abqqwvl,1,0,0,0,0,0,0,0,0,0,0
ZTF23abqrirb,0,0,1,1,0,1,0,1,0,1,0
ZTF23abqrmvn,0,1,0,1,0,1,0,1,0,0,1
ZTF23abqrqys,0,1,0,1,0,1,0,1,0,0,1
ZTF23abqrzen,0,1,0,0,1,1,0,1,0,1,0
ZTF23abqsizq,1,0,0,0,0,0,0,0,0,0,0
ZTF23abqugee,0,1,0,1,0,1,0,0,1,1,0
ZTF23abquypl,0,1,0,1,0,1,0,1,0,0,1
ZTF23abqweoo,0,1,0,1,0,1,0,1,0,0,1
ZTF23abqwetb,1,0,0,0,0,0,0,0,0,0,0
ZTF23abqwfez,0,1,0,1,0,1,0,0,1,1,0
ZTF23abqwlge,0,0,1,1,0,1,0,1,0,1,0
ZTF23abqxhji,0,0,1,1,0,1,0,1,0,1,0
ZTF23abqynqz,0,1,0,1,0,1,0,0,1,1,0
ZTF23abqzjvt,0,1,0,1,0,0,1,1,0,1,0
ZTF23abrelnk,1,0,0,0,0,0,0,0,0,0,0
ZTF23abrfkow,1,0,0,0,0,0,0,0,0,0,0
ZTF23abrgytc,0,0,1,1,0,1,0,1,0,1,0
ZTF23abrhcdo,0,1,0,0,1,1,0,1,0,1,0
ZTF23abrjivn,1,0,0,0,0,0,0,0,0,0,0
ZTF23abrkkmq,0,1,0,0,1,1,0,1,0,1,0
ZTF23abrmhes,0,1,0,1,0,1,0,1,0,0,1
ZTF23abrqyby,0,0,1,1,0,1,0,1,0,1,0
ZTF23abrqyft,1,0,0,0,0,0,0,0,0,0,0
ZTF23abruhaf,0,1,0,1,0,0,1,1,0,1,0
ZTF23abrydus,0,1,0,1,0,1,0,1,0,0,1
ZTF23abryeaa,0,1,0,1,0,1,0,0,1,1,0
ZTF23abryeep,0,1,0,1,0,1,0,0,1,1,0
ZTF23abryfmg,0,1,0,1,0,1,0,0,1,1,0
ZTF23abryggj,0,1,0,1,0,1,0,0,1,1,0
ZTF23abrygjs,0,1,0,1,0,1,0,0,1,1,0
ZTF23abrygsh,0,1,0,0,1,1,0,1,0,1,0
ZTF23abrygxk,0,1,0,0,1,1,0,1,0,1,0
ZTF23abrylud,0,1,0,1,0,0,1,1,0,1,0
ZTF23abrynbv,1,0,0,0,0,0,0,0,0,0,0
ZTF23abryonn,1,0,0,0,0,0,0,0,0,0,0
ZTF23abryovm,0,1,0,0,1,1,0,1,0,1,0
ZTF23abrypah,0,1,0,0,1,1,0,1,0,1,0
ZTF23abrypcp,0,1,0,1,0,1,0,1,0,0,1
ZTF23abryqlz,0,1,0,0,1,1,0,1,0,1,0
ZTF23abryqtx,0,1,0,0,1,1,0,1,0,1,0
ZTF23abrytzv,0,1,0,1,0,1,0,0,1,1,0
ZTF23abryude,0,1,0,1,0,1,0,1,0,0,1
ZTF23abryxcp,0,1,0,1,0,1,0,1,0,0,1
ZTF23abryzov,0,0,1,1,0,1,0,1,0,1,0
ZTF23abrzsqg,0,1,0,1,0,0,1,1,0,1,0
ZTF23abrzssa,0,1,0,1,0,0,1,1,0,1,0
ZTF23absaajb,0,1,0,1,0,1,0,1,0,0,1
ZTF23absafrf,0,1,0,1,0,0,1,1,0,1,0
ZTF23absaqti,0,1,0,1,0,1,0,0,1,1,0
ZTF23absaquj,0,1,0,1,0,0,1,1,0,1,0
ZTF23absarlb,0,1,0,1,0,0,1,1,0,1,0
ZTF23absasaf,0,1,0,1,0,1,0,1,0,0,1
ZTF23absavgq,0,0,1,1,0,1,0,1,0,1,0
ZTF23absavzi,1,0,0,0,0,0,0,0,0,0,0
ZTF23absazuz,0,1,0,1,0,1,0,0,1,1,0
ZTF23absbygq,1,0,0,0,0,0,0,0,0,0,0
ZTF23absbyjn,0,1,0,1,0,1,0,1,0,0,1
ZTF23absbyjr,0,1,0,1,0,0,1,1,0,1,0
ZTF23abscoye,0,1,0,1,0,0,1,1,0,1,0
ZTF23abscpic,0,1,0,0,1,1,0,1,0,1,0
ZTF23abscpix,0,1,0,1,0,1,0,0,1,1,0
ZTF23abscqhk,0,1,0,1,0,0,1,1,0,1,0
ZTF23abscruh,0,1,0,1,0,1,0,0,1,1,0
ZTF23abscseh,0,1,0,1,0,1,0,1,0,0,1
ZTF23abscxnq,1,0,0,0,0,0,0,0,0,0,0
ZTF23absdexg,0,1,0,0,1,1,0,1,0,1,0
ZTF23absdmgt,0,1,0,1,0,1,0,1,0,0,1
ZTF23absdnjb,1,0,0,0,0,0,0,0,0,0,0
ZTF23absdnll,1,0,0,0,0,0,0,0,0,0,0
ZTF23absdnmu,0,1,0,1,0,0,1,1,0,1,0
ZTF23absdnmw,0,1,0,1,0,1,0,0,1,1,0
ZTF23absdokr,0,0,1,1,0,1,0,1,0,1,0
ZTF23absdoxb,0,1,0,1,0,1,0,1,0,0,1
ZTF23absdupd,0,1,0,0,1,1,0,1,0,1,0
ZTF23absdxaw,0,1,0,1,0,1,0,0,1,1,0
ZTF23absdype,0,1,0,1,0,1,0,0,1,1,0
ZTF23absdyrv,0,1,0,1,0,0,1,1,0,1,0
ZTF23absdzjm,0,0,1,1,0,1,0,1,0,1,0
ZTF23absejnk,0,1,0,0,1,1,0,1,0,1,0
ZTF23absekbz,0,1,0,0,1,1,0,1,0,1,0
ZTF23abselrx,1,0,0,0,0,0,0,0,0,0,0
ZTF23absembg,0,1,0,0,1,1,0,1,0,1,0
ZTF23abseopf,0,1,0,1,0,0,1,1,0,1,0
ZTF23absepsz,0,1,0,1,0,1,0,1,0,0,1
ZTF23absepuu,0,1,0,1,0,0,1,1,0,1,0
ZTF23abseqbj,1,0,0,0,0,0,0,0,0,0,0
ZTF23abseukr,0,1,0,1,0,0,1,1,0,1,0
ZTF23absevkx,0,1,0,1,0,1,0,0,1,1,0
ZTF23absevxk,0,1,0,1,0,1,0,0,1,1,0
ZTF23absfhzx,0,1,0,1,0,1,0,0,1,1,0
ZTF23absfjar,0,1,0,1,0,1,0,1,0,0,1
ZTF23absfjqt,0,1,0,1,0,0,1,1,0,1,0
ZTF23absfryu,0,1,0,1,0,0,1,1,0,1,0
ZTF23absgdfu,0,0,1,1,0,1,0,1,0,1,0
ZTF23abshhcr,0,1,0,1,0,1,0,1,0,0,1
ZTF23abshwlf,0,0,1,1,0,1,0,1,0,1,0
ZTF23abshxld,0,1,0,0,1,1,0,1,0,1,0
ZTF23absinvk,0,1,0,1,0,1,0,1,0,0,1
ZTF23absiovd,0,1,0,1,0,1,0,1,0,0,1
ZTF23absitac,0,1,0,1,0,1,0,0,1,1,0
ZTF23absiycs,0,0,1,1,0,1,0,1,0,1,0
ZTF23absiydp,0,1,0,0,1,1,0,1,0,1,0
ZTF23absiydt,0,0,1,1,0,1,0,1,0,1,0
ZTF23absjebu,0,0,1,1,0,1,0,1,0,1,0
ZTF23absjedx,0,0,1,1,0,1,0,1,0,1,0
ZTF23absjfry,1,0,0,0,0,0,0,0,0,0,0
ZTF23absjgou,0,1,0,0,1,1,0,1,0,1,0
ZTF23absjgvt,0,1,0,1,0,1,0,0,1,1,0
ZTF23absjgwo,0,0,1,1,0,1,0,1,0,1,0
ZTF23absjgxb,0,0,1,1,0,1,0,1,0,1,0
ZTF23absjgzd,0,0,1,1,0,1,0,1,0,1,0
ZTF23absjgzg,0,1,0,1,0,1,0,0,1,1,0
ZTF23absjgzz,0,1,0,1,0,1,0,0,1,1,0
ZTF23absjhib,1,0,0,0,0,0,0,0,0,0,0
ZTF23absjire,1,0,0,0,0,0,0,0,0,0,0
ZTF23absjity,1,0,0,0,0,0,0,0,0,0,0
ZTF23abslxge,0,0,1,1,0,1,0,1,0,1,0
ZTF23abslzwe,1,0,0,0,0,0,0,0,0,0,0
ZTF23absmdii,1,0,0,0,0,0,0,0,0,0,0
ZTF23absnpma,0,1,0,1,0,1,0,1,0,0,1
ZTF23absnzwr,1,0,0,0,0,0,0,0,0,0,0
ZTF23absouhd,0,1,0,1,0,0,1,1,0,1,0
ZTF23absoyfu,0,1,0,1,0,1,0,0,1,1,0
ZTF23abspgkj,0,1,0,1,0,1,0,0,1,1,0
ZTF23abspjqs,0,0,1,1,0,1,0,1,0,1,0
ZTF23abspnkc,1,0,0,0,0,0,0,0,0,0,0
ZTF23absqbsz,0,1,0,1,0,1,0,1,0,0,1
ZTF23absqdps,1,0,0,0,0,0,0,0,0,0,0
ZTF23absqjsa,0,1,0,1,0,0,1,1,0,1,0
ZTF23absqlwb,0,0,1,1,0,1,0,1,0,1,0
ZTF23absqlxw,0,1,0,1,0,1,0,1,0,0,1
ZTF23absqnqg,0,1,0,1,0,1,0,1,0,0,1
ZTF23absqrpj,1,0,0,0,0,0,0,0,0,0,0
ZTF23absruuh,0,1,0,1,0,0,1,1,0,1,0
ZTF23abstugk,0,1,0,1,0,0,1,1,0,1,0
ZTF23abstvwb,0,1,0,1,0,0,1,1,0,1,0
ZTF23absvnkc,0,1,0,0,1,1,0,1,0,1,0
ZTF23abtatto,1,0,0,0,0,0,0,0,0,0,0
ZTF23abtbmgq,0,1,0,1,0,1,0,1,0,0,1
ZTF23abtbrkh,0,1,0,1,0,0,1,1,0,1,0
ZTF23abtcuio,0,0,1,1,0,1,0,1,0,1,0
ZTF23abtdatg,0,1,0,1,0,1,0,0,1,1,0
ZTF23abtdzbx,0,1,0,1,0,0,1,1,0,1,0
ZTF23abtejkq,0,1,0,0,1,1,0,1,0,1,0
ZTF23abtexqb,0,1,0,1,0,1,0,0,1,1,0
ZTF23abtezlm,1,0,0,0,0,0,0,0,0,0,0
ZTF23abtfwjn,0,1,0,1,0,1,0,0,1,1,0
ZTF23abtghaz,0,1,0,1,0,0,1,1,0,1,0
ZTF23abtiejg,1,0,0,0,0,0,0,0,0,0,0
ZTF23abtjdtm,0,1,0,1,0,1,0,1,0,0,1
ZTF23abtjkql,0,1,0,1,0,1,0,0,1,1,0
ZTF23abtkcmm,0,1,0,1,0,1,0,1,0,0,1
ZTF23abtkply,0,1,0,1,0,0,1,1,0,1,0
ZTF23abtlbml,1,0,0,0,0,0,0,0,0,0,0
ZTF23abtmosj,0,1,0,0,1,1,0,1,0,1,0
ZTF23abtmrpq,0,1,0,1,0,1,0,1,0,0,1
ZTF23abtmxoe,0,0,1,1,0,1,0,1,0,1,0
ZTF23abtmymt,0,0,1,1,0,1,0,1,0,1,0
ZTF23abtmzqx,0,1,0,1,0,1,0,0,1,1,0
ZTF23abtmzqz,1,0,0,0,0,0,0,0,0,0,0
ZTF23abtmzsk,1,0,0,0,0,0,0,0,0,0,0
ZTF23abtmzus,0,0,1,1,0,1,0,1,0,1,0
ZTF23abtnhdq,0,1,0,1,0,1,0,0,1,1,0
ZTF23abtnnhk,0,1,0,1,0,1,0,0,1,1,0
ZTF23abtnnwa,0,0,1,1,0,1,0,1,0,1,0
ZTF23abtobng,1,0,0,0,0,0,0,0,0,0,0
ZTF23abtpbwu,0,1,0,0,1,1,0,1,0,1,0
ZTF23abtpjik,0,1,0,1,0,1,0,0,1,1,0
ZTF23abtpxdn,0,1,0,0,1,1,0,1,0,1,0
ZTF23abtqahg,0,1,0,1,0,1,0,1,0,0,1
ZTF23abtswlk,1,0,0,0,0,0,0,0,0,0,0
ZTF23abttydj,1,0,0,0,0,0,0,0,0,0,0
ZTF23abttyrr,0,1,0,1,0,0,1,1,0,1,0
ZTF23abtuahp,0,1,0,1,0,1,0,0,1,1,0
ZTF23abtubac,0,1,0,1,0,1,0,0,1,1,0
ZTF23abtubey,1,0,0,0,0,0,0,0,0,0,0
ZTF23abtublq,0,1,0,1,0,1,0,0,1,1,0
ZTF23abtubpn,0,0,1,1,0,1,0,1,0,1,0
ZTF23abtubqj,0,0,1,1,0,1,0,1,0,1,0
ZTF23abtucbd,1,0,0,0,0,0,0,0,0,0,0
ZTF23abtudlx,0,1,0,1,0,0,1,1,0,1,0
ZTF23abtudnj,0,1,0,1,0,1,0,0,1,1,0
ZTF23abtueqj,0,1,0,1,0,0,1,1,0,1,0
ZTF23abtugeu,0,1,0,1,0,1,0,0,1,1,0
ZTF23abtughx,0,1,0,0,1,1,0,1,0,1,0
ZTF23abtugim,0,1,0,1,0,0,1,1,0,1,0
ZTF23abtugio,1,0,0,0,0,0,0,0,0,0,0
ZTF23abtugis,0,1,0,1,0,1,0,1,0,0,1
ZTF23abtugje,0,1,0,1,0,0,1,1,0,1,0
ZTF23abtuglk,0,1,0,1,0,0,1,1,0,1,0
ZTF23abtuoui,1,0,0,0,0,0,0,0,0,0,0
ZTF23abtuoyo,0,1,0,1,0,1,0,1,0,0,1
ZTF23abtuozx,0,1,0,1,0,1,0,1,0,0,1
ZTF23abtupaa,0,1,0,0,1,1,0,1,0,1,0
ZTF23abtuurf,0,1,0,0,1,1,0,1,0,1,0
ZTF23abtxfuq,0,1,0,1,0,0,1,1,0,1,0
ZTF23abtxgjr,1,0,0,0,0,0,0,0,0,0,0
ZTF23abtxhjg,0,1,0,1,0,1,0,1,0,0,1
ZTF23abtxhki,0,1,0,1,0,0,1,1,0,1,0
ZTF23abtxiug,0,1,0,1,0,1,0,0,1,1,0
ZTF23abtxjcx,0,0,1,1,0,1,0,1,0,1,0
ZTF23abtxlaq,0,1,0,1,0,0,1,1,0,1,0
ZTF23abtxlkn,0,1,0,1,0,1,0,0,1,1,0
ZTF23abtxmmt,1,0,0,0,0,0,0,0,0,0,0
ZTF23abtxnha,0,1,0,1,0,0,1,1,0,1,0
ZTF23abtxnhd,0,1,0,1,0,1,0,1,0,0,1
ZTF23abtxnit,1,0,0,0,0,0,0,0,0,0,0
ZTF23abtxroh,1,0,0,0,0,0,0,0,0,0,0
ZTF23abtxrzz,1,0,0,0,0,0,0,0,0,0,0
ZTF23abtxsik,0,1,0,0,1,1,0,1,0,1,0
ZTF23abtxsjq,0,1,0,1,0,1,0,0,1,1,0
ZTF23abtxvfp,1,0,0,0,0,0,0,0,0,0,0
ZTF23abtxvgb,0,0,1,1,0,1,0,1,0,1,0
ZTF23abtxwqq,0,1,0,1,0,0,1,1,0,1,0
ZTF23abtxxhw,0,1,0,0,1,1,0,1,0,1,0
ZTF23abtyaiz,0,1,0,0,1,1,0,1,0,1,0
ZTF23abtykfd,0,1,0,0,1,1,0,1,0,1,0
ZTF23abtymao,1,0,0,0,0,0,0,0,0,0,0
ZTF23abtynem,0,1,0,1,0,0,1,1,0,1,0
ZTF23abtynuc,0,1,0,1,0,0,1,1,0,1,0
ZTF23abtyosg,1,0,0,0,0,0,0,0,0,0,0
ZTF23abtzbzm,1,0,0,0,0,0,0,0,0,0,0
ZTF23abtzdca,0,1,0,1,0,1,0,0,1,1,0
ZTF23abuacfd,0,1,0,1,0,1,0,1,0,0,1
ZTF23abuacxa,0,1,0,1,0,0,1,1,0,1,0
ZTF23abuahmj,0,0,1,1,0,1,0,1,0,1,0
ZTF23abubbkb,1,0,0,0,0,0,0,0,0,0,0
ZTF23abubblf,0,0,1,1,0,1,0,1,0,1,0
ZTF23abubctl,0,1,0,1,0,1,0,1,0,0,1
ZTF23abubctr,1,0,0,0,0,0,0,0,0,0,0
ZTF23abubdmm,0,1,0,1,0,0,1,1,0,1,0
ZTF23abubecf,1,0,0,0,0,0,0,0,0,0,0
ZTF23abubfee,0,1,0,1,0,0,1,1,0,1,0
ZTF23abubpvo,1,0,0,0,0,0,0,0,0,0,0
ZTF23abubqzk,0,0,1,1,0,1,0,1,0,1,0
ZTF23abubtlz,1,0,0,0,0,0,0,0,0,0,0
ZTF23abubvpt,1,0,0,0,0,0,0,0,0,0,0
ZTF23abubyre,0,1,0,0,1,1,0,1,0,1,0
ZTF23abucjvh,0,1,0,1,0,1,0,0,1,1,0
ZTF23abucwbi,0,1,0,1,0,1,0,0,1,1,0
ZTF23abudaao,0,1,0,1,0,1,0,0,1,1,0
ZTF23abudagu,0,1,0,1,0,1,0,0,1,1,0
ZTF23abudboj,0,1,0,0,1,1,0,1,0,1,0
ZTF23abudccb,0,1,0,1,0,1,0,1,0,0,1
ZTF23abudcle,0,1,0,1,0,1,0,0,1,1,0
ZTF23abudcsy,0,0,1,1,0,1,0,1,0,1,0
ZTF23abudgjl,0,1,0,1,0,1,0,0,1,1,0
ZTF23abudgwv,1,0,0,0,0,0,0,0,0,0,0
ZTF23abudhoq,0,0,1,1,0,1,0,1,0,1,0
ZTF23abudhva,0,1,0,1,0,1,0,1,0,0,1
ZTF23abudkxh,1,0,0,0,0,0,0,0,0,0,0
ZTF23abudlca,0,1,0,1,0,0,1,1,0,1,0
ZTF23abudlls,0,0,1,1,0,1,0,1,0,1,0
ZTF23abudmlc,0,1,0,1,0,1,0,1,0,0,1
ZTF23abudnqy,1,0,0,0,0,0,0,0,0,0,0
ZTF23abudttb,0,1,0,1,0,1,0,0,1,1,0
ZTF23abudwij,0,0,1,1,0,1,0,1,0,1,0
ZTF23abudwvw,0,1,0,1,0,0,1,1,0,1,0
ZTF23abudymo,0,1,0,0,1,1,0,1,0,1,0
ZTF23abudyoo,0,1,0,0,1,1,0,1,0,1,0
ZTF23abueanh,0,1,0,1,0,1,0,0,1,1,0
ZTF23abuecle,0,1,0,1,0,1,0,0,1,1,0
ZTF23abuedmz,1,0,0,0,0,0,0,0,0,0,0
ZTF23abueikm,0,1,0,1,0,1,0,1,0,0,1
ZTF23abuempb,0,0,1,1,0,1,0,1,0,1,0
ZTF23abuempg,0,0,1,1,0,1,0,1,0,1,0
ZTF23abueogr,0,1,0,0,1,1,0,1,0,1,0
ZTF23abueqsi,0,1,0,0,1,1,0,1,0,1,0
ZTF23abueqwh,0,1,0,1,0,0,1,1,0,1,0
ZTF23abuerip,0,0,1,1,0,1,0,1,0,1,0
ZTF23abuerpd,0,1,0,1,0,1,0,1,0,0,1
ZTF23abuerrk,1,0,0,0,0,0,0,0,0,0,0
ZTF23abuesal,0,1,0,1,0,1,0,1,0,0,1
ZTF23abueshn,1,0,0,0,0,0,0,0,0,0,0
ZTF23abuespm,1,0,0,0,0,0,0,0,0,0,0
ZTF23abufbfu,1,0,0,0,0,0,0,0,0,0,0
ZTF23abufbge,0,1,0,0,1,1,0,1,0,1,0
ZTF23abufbrd,0,1,0,1,0,1,0,0,1,1,0
ZTF23abufcxp,0,0,1,1,0,1,0,1,0,1,0
ZTF23abufdkw,0,1,0,1,0,1,0,0,1,1,0
ZTF23abuffhu,0,1,0,1,0,1,0,1,0,0,1
ZTF23abuffws,0,1,0,0,1,1,0,1,0,1,0
ZTF23abufgwt,0,1,0,1,0,1,0,0,1,1,0
ZTF23abuflql,0,1,0,1,0,1,0,0,1,1,0
ZTF23abufogw,1,0,0,0,0,0,0,0,0,0,0
ZTF23abufqam,0,1,0,1,0,1,0,0,1,1,0
ZTF23abufqzp,0,1,0,1,0,1,0,1,0,0,1
ZTF23abufrph,0,0,1,1,0,1,0,1,0,1,0
ZTF23abufrxk,0,1,0,1,0,0,1,1,0,1,0
ZTF23abufsoe,0,1,0,0,1,1,0,1,0,1,0
ZTF23abufsyf,0,0,1,1,0,1,0,1,0,1,0
ZTF23abufycl,0,1,0,1,0,1,0,0,1,1,0
ZTF23abufzik,0,1,0,0,1,1,0,1,0,1,0
ZTF23abuhzej,0,1,0,1,0,1,0,0,1,1,0
ZTF23abuitpw,0,1,0,1,0,1,0,1,0,0,1
ZTF23abujklt,1,0,0,0,0,0,0,0,0,0,0
ZTF23abujobx,0,0,1,1,0,1,0,1,0,1,0
ZTF23abujzru,1,0,0,0,0,0,0,0,0,0,0
ZTF23abuohtc,0,0,1,1,0,1,0,1,0,1,0
ZTF23abuohtd,0,1,0,1,0,1,0,0,1,1,0
ZTF23abuojhi,0,1,0,0,1,1,0,1,0,1,0
ZTF23abuomrt,0,1,0,0,1,1,0,1,0,1,0
ZTF23abuomtl,0,1,0,1,0,0,1,1,0,1,0
ZTF23abuomtp,1,0,0,0,0,0,0,0,0,0,0
ZTF23abuomvp,0,0,1,1,0,1,0,1,0,1,0
ZTF23abuopiq,0,1,0,0,1,1,0,1,0,1,0
ZTF23abuopyu,0,1,0,0,1,1,0,1,0,1,0
ZTF23abuoqkh,0,1,0,1,0,0,1,1,0,1,0
ZTF23abuordp,1,0,0,0,0,0,0,0,0,0,0
ZTF23abuouaa,0,0,1,1,0,1,0,1,0,1,0
ZTF23abuouvk,0,0,1,1,0,1,0,1,0,1,0
ZTF23abuouwc,1,0,0,0,0,0,0,0,0,0,0
ZTF23abuovfd,0,1,0,0,1,1,0,1,0,1,0
ZTF23abupamy,0,0,1,1,0,1,0,1,0,1,0
ZTF23abupatm,0,1,0,1,0,0,1,1,0,1,0
ZTF23abuphfz,1,0,0,0,0,0,0,0,0,0,0
ZTF23abupkys,0,0,1,1,0,1,0,1,0,1,0
ZTF23abuplgt,0,1,0,1,0,0,1,1,0,1,0
ZTF23abupqks,0,1,0,1,0,0,1,1,0,1,0
ZTF23abuqcui,0,1,0,0,1,1,0,1,0,1,0
ZTF23abuqqpk,1,0,0,0,0,0,0,0,0,0,0
ZTF23abusdxc,1,0,0,0,0,0,0,0,0,0,0
ZTF23abutvta,0,1,0,0,1,1,0,1,0,1,0
ZTF23abuurpu,0,1,0,1,0,1,0,0,1,1,0
ZTF23abuvgzh,0,0,1,1,0,1,0,1,0,1,0
ZTF23abuxaau,0,1,0,1,0,1,0,0,1,1,0
ZTF23abuyeee,0,1,0,1,0,0,1,1,0,1,0
ZTF23abvdnym,1,0,0,0,0,0,0,0,0,0,0
ZTF23abvfyyg,0,1,0,0,1,1,0,1,0,1,0
ZTF23abvgpcn,0,1,0,1,0,1,0,1,0,0,1
ZTF23abvgvab,0,1,0,1,0,1,0,1,0,0,1
ZTF23abvgvdu,1,0,0,0,0,0,0,0,0,0,0
ZTF23abvojnu,0,1,0,1,0,1,0,0,1,1,0
ZTF23abvotgv,0,1,0,1,0,0,1,1,0,1,0
ZTF23abvrixz,1,0,0,0,0,0,0,0,0,0,0
ZTF23abvsdjk,0,1,0,1,0,1,0,1,0,0,1
ZTF23abvsdjo,0,1,0,1,0,1,0,1,0,0,1
ZTF23abvsdow,0,1,0,1,0,1,0,0,1,1,0
ZTF23abvsdqv,0,1,0,1,0,1,0,0,1,1,0
ZTF23abvtbdc,0,1,0,1,0,1,0,1,0,0,1
ZTF23abvtcgd,1,0,0,0,0,0,0,0,0,0,0
ZTF23abvtehs,0,1,0,1,0,1,0,0,1,1,0
ZTF23abvxwbj,1,0,0,0,0,0,0,0,0,0,0
ZTF23abvyqwv,0,1,0,1,0,0,1,1,0,1,0
ZTF23abvzeqp,0,1,0,1,0,1,0,0,1,1,0
ZTF23abvzgvd,0,0,1,1,0,1,0,1,0,1,0
ZTF23abvzitv,0,0,1,1,0,1,0,1,0,1,0
ZTF23abvznuc,1,0,0,0,0,0,0,0,0,0,0
ZTF23abwcigr,0,1,0,0,1,1,0,1,0,1,0
ZTF23abwcozj,0,1,0,0,1,1,0,1,0,1,0
ZTF24aaaajib,0,1,0,1,0,1,0,0,1,1,0
ZTF24aaaajjt,0,1,0,1,0,0,1,1,0,1,0
ZTF24aaaajsu,0,1,0,1,0,1,0,1,0,0,1
ZTF24aaaakbh,1,0,0,0,0,0,0,0,0,0,0
ZTF24aaaakcd,0,1,0,1,0,1,0,0,1,1,0
ZTF24aaaakfn,0,1,0,1,0,1,0,0,1,1,0
ZTF24aaaakgq,0,1,0,0,1,1,0,1,0,1,0
ZTF24aaaakio,0,1,0,0,1,1,0,1,0,1,0
ZTF24aaaakka,1,0,0,0,0,0,0,0,0,0,0
ZTF24aaaaknq,0,1,0,0,1,1,0,1,0,1,0
ZTF24aaaaksd,0,1,0,0,1,1,0,1,0,1,0
ZTF24aaaaome,0,0,1,1,0,1,0,1,0,1,0
ZTF24aaaaoxw,0,1,0,1,0,0,1,1,0,1,0
ZTF24aaaaqkp,0,1,0,1,0,1,0,1,0,0,1
ZTF24aaaaqqs,0,0,1,1,0,1,0,1,0,1,0
ZTF24aaaaqqz,0,1,0,1,0,1,0,0,1,1,0
ZTF24aaaaqzd,0,0,1,1,0,1,0,1,0,1,0
ZTF24aaaasen,0,1,0,1,0,0,1,1,0,1,0
ZTF24aaaasew,1,0,0,0,0,0,0,0,0,0,0
ZTF24aaaates,0,0,1,1,0,1,0,1,0,1,0
ZTF24aaaatiq,0,1,0,0,1,1,0,1,0,1,0
ZTF24aaaauvu,0,0,1,1,0,1,0,1,0,1,0
ZTF24aaaayrp,0,1,0,1,0,1,0,1,0,0,1
ZTF24aaaaznh,0,0,1,1,0,1,0,1,0,1,0
ZTF24aaabbse,0,1,0,1,0,0,1,1,0,1,0
ZTF24aaabljq,0,0,1,1,0,1,0,1,0,1,0
ZTF24aaabvwi,0,1,0,1,0,1,0,0,1,1,0
ZTF24aaacvit,0,1,0,1,0,1,0,0,1,1,0
ZTF24aaacvxg,0,1,0,1,0,1,0,0,1,1,0
ZTF24aaadahc,1,0,0,0,0,0,0,0,0,0,0
ZTF24aaaddfr,1,0,0,0,0,0,0,0,0,0,0
ZTF24aaaddnf,1,0,0,0,0,0,0,0,0,0,0
ZTF24aaaddvj,0,0,1,1,0,1,0,1,0,1,0
ZTF24aaaddxo,0,1,0,0,1,1,0,1,0,1,0
ZTF24aaaddxw,1,0,0,0,0,0,0,0,0,0,0
ZTF24aaaddyl,0,1,0,1,0,1,0,1,0,0,1
ZTF24aaadeap,1,0,0,0,0,0,0,0,0,0,0
ZTF24aaadedk,1,0,0,0,0,0,0,0,0,0,0
ZTF24aaadeen,1,0,0,0,0,0,0,0,0,0,0
ZTF24aaadegh,0,0,1,1,0,1,0,1,0,1,0
ZTF24aaadegu,0,0,1,1,0,1,0,1,0,1,0
ZTF24aaadeik,1,0,0,0,0,0,0,0,0,0,0
ZTF24aaadekf,0,1,0,1,0,1,0,1,0,0,1
ZTF24aaadeoy,0,1,0,1,0,1,0,1,0,0,1
ZTF24aaadfmd,0,1,0,1,0,1,0,1,0,0,1
ZTF24aaadhul,0,1,0,0,1,1,0,1,0,1,0
ZTF24aaadhuo,0,1,0,1,0,1,0,0,1,1,0
ZTF24aaadhyt,0,1,0,0,1,1,0,1,0,1,0
ZTF24aaadhyw,0,1,0,1,0,0,1,1,0,1,0
ZTF24aaadhza,0,1,0,0,1,1,0,1,0,1,0
ZTF24aaadhzm,0,1,0,1,0,1,0,1,0,0,1
ZTF24aaadhzt,0,1,0,1,0,1,0,0,1,1,0
ZTF24aaadiaj,1,0,0,0,0,0,0,0,0,0,0
ZTF24aaadiem,0,1,0,0,1,1,0,1,0,1,0
ZTF24aaadjuz,0,1,0,1,0,1,0,1,0,0,1
ZTF24aaadjxz,0,1,0,1,0,1,0,1,0,0,1
ZTF24aaadjyl,0,1,0,1,0,0,1,1,0,1,0
ZTF24aaadldl,0,1,0,0,1,1,0,1,0,1,0
ZTF24aaadlqa,0,1,0,0,1,1,0,1,0,1,0
ZTF24aaadlto,0,1,0,1,0,0,1,1,0,1,0
ZTF24aaadlwp,0,1,0,1,0,0,1,1,0,1,0
ZTF24aaadmbr,0,1,0,1,0,1,0,0,1,1,0
ZTF24aaadmcs,0,1,0,1,0,0,1,1,0,1,0
ZTF24aaadmhr,0,1,0,1,0,1,0,1,0,0,1
ZTF24aaadmkk,0,1,0,1,0,0,1,1,0,1,0
ZTF24aaadmop,0,1,0,1,0,0,1,1,0,1,0
ZTF24aaadmvn,1,0,0,0,0,0,0,0,0,0,0
ZTF24aaadopy,0,0,1,1,0,1,0,1,0,1,0
ZTF24aaaefgv,0,1,0,1,0,1,0,0,1,1,0
ZTF24aaaekxj,0,1,0,1,0,1,0,0,1,1,0
ZTF24aaaeraz,0,1,0,1,0,1,0,0,1,1,0
ZTF24aaaesiz,0,1,0,1,0,0,1,1,0,1,0
ZTF24aaaethj,0,1,0,1,0,1,0,1,0,0,1
ZTF24aaaeuuv,0,0,1,1,0,1,0,1,0,1,0
ZTF24aaaewiv,0,1,0,1,0,1,0,1,0,0,1
ZTF24aaaflup,0,0,1,1,0,1,0,1,0,1,0
ZTF24aaaghmh,1,0,0,0,0,0,0,0,0,0,0
ZTF24aaaghzx,0,1,0,1,0,0,1,1,0,1,0
ZTF24aaahxwr,1,0,0,0,0,0,0,0,0,0,0
ZTF24aaaiaxa,0,0,1,1,0,1,0,1,0,1,0
ZTF24aaaiipb,0,0,1,1,0,1,0,1,0,1,0
ZTF24aaailyh,0,1,0,1,0,1,0,1,0,0,1
ZTF24aaaimlv,1,0,0,0,0,0,0,0,0,0,0
ZTF24aaainhh,0,0,1,1,0,1,0,1,0,1,0
ZTF24aaaintg,0,0,1,1,0,1,0,1,0,1,0
ZTF24aaaiocv,0,1,0,1,0,1,0,0,1,1,0
ZTF24aaaiodd,0,1,0,1,0,0,1,1,0,1,0
ZTF24aaaioha,0,1,0,1,0,1,0,0,1,1,0
ZTF24aaaiohq,0,0,1,1,0,1,0,1,0,1,0
ZTF24aaaioql,0,1,0,1,0,1,0,0,1,1,0
ZTF24aaaipnj,0,1,0,0,1,1,0,1,0,1,0
ZTF24aaaipru,0,0,1,1,0,1,0,1,0,1,0
ZTF24aaaiqjc,0,0,1,1,0,1,0,1,0,1,0
ZTF24aaaiqjy,1,0,0,0,0,0,0,0,0,0,0
ZTF24aaaiqlj,0,1,0,0,1,1,0,1,0,1,0
ZTF24aaaiqwp,0,0,1,1,0,1,0,1,0,1,0
ZTF24aaairwl,1,0,0,0,0,0,0,0,0,0,0
ZTF24aaajats,0,1,0,1,0,1,0,1,0,0,1
ZTF24aaajhep,1,0,0,0,0,0,0,0,0,0,0
ZTF24aaajjmk,0,1,0,0,1,1,0,1,0,1,0
ZTF24aaajztt,0,1,0,1,0,1,0,0,1,1,0
ZTF24aaakazr,0,1,0,0,1,1,0,1,0,1,0
ZTF24aaakoep,0,1,0,1,0,1,0,0,1,1,0
ZTF24aaakpqx,1,0,0,0,0,0,0,0,0,0,0
ZTF24aaakprs,0,1,0,0,1,1,0,1,0,1,0
ZTF24aaakpuk,0,1,0,1,0,1,0,1,0,0,1
ZTF24aaakxvx,1,0,0,0,0,0,0,0,0,0,0
ZTF24aaakzpu,1,0,0,0,0,0,0,0,0,0,0
ZTF24aaammxh,0,1,0,1,0,1,0,0,1,1,0
ZTF24aaampzp,0,1,0,1,0,1,0,1,0,0,1
ZTF24aaankjj,1,0,0,0,0,0,0,0,0,0,0
ZTF24aaanvtu,0,1,0,0,1,1,0,1,0,1,0
ZTF24aaaodge,0,0,1,1,0,1,0,1,0,1,0
ZTF24aaaodqk,0,0,1,1,0,1,0,1,0,1,0
ZTF24aaaogpw,1,0,0,0,0,0,0,0,0,0,0
ZTF24aaapdgk,1,0,0,0,0,0,0,0,0,0,0
ZTF24aaapmgp,1,0,0,0,0,0,0,0,0,0,0
ZTF24aaapshx,0,1,0,0,1,1,0,1,0,1,0
ZTF24aaaptsy,0,1,0,0,1,1,0,1,0,1,0
ZTF24aaaptzb,0,1,0,0,1,1,0,1,0,1,0
ZTF24aaaqxvl,0,1,0,0,1,1,0,1,0,1,0
ZTF24aaarfod,0,1,0,0,1,1,0,1,0,1,0
ZTF24aaarlvk,0,0,1,1,0,1,0,1,0,1,0
ZTF24aaarlwx,1,0,0,0,0,0,0,0,0,0,0
ZTF24aaarmcv,0,1,0,1,0,1,0,1,0,0,1
ZTF24aaarmdf,1,0,0,0,0,0,0,0,0,0,0
ZTF24aaarmgf,1,0,0,0,0,0,0,0,0,0,0
ZTF24aaarmgn,0,1,0,1,0,1,0,0,1,1,0
ZTF24aaarmhm,0,1,0,1,0,0,1,1,0,1,0
ZTF24aaarmhr,0,1,0,1,0,1,0,1,0,0,1
ZTF24aaarmpc,0,0,1,1,0,1,0,1,0,1,0
ZTF24aaarmzn,0,1,0,1,0,1,0,0,1,1,0
ZTF24aaarpih,1,0,0,0,0,0,0,0,0,0,0
ZTF24aaarpln,0,1,0,1,0,1,0,1,0,0,1
ZTF24aaarpnz,0,1,0,1,0,0,1,1,0,1,0
ZTF24aaarpzt,0,1,0,1,0,0,1,1,0,1,0
ZTF24aaarwcd,0,0,1,1,0,1,0,1,0,1,0
ZTF24aaarwdw,0,1,0,1,0,1,0,1,0,0,1
ZTF24aaarwgo,0,0,1,1,0,1,0,1,0,1,0
ZTF24aaarwif,0,1,0,1,0,1,0,0,1,1,0
ZTF24aaarwtb,0,0,1,1,0,1,0,1,0,1,0
ZTF24aaarwtw,0,1,0,1,0,1,0,1,0,0,1
ZTF24aaarwvc,0,1,0,1,0,1,0,1,0,0,1
ZTF24aabclwe,0,0,1,1,0,1,0,1,0,1,0
ZTF24aabdzrt,1,0,0,0,0,0,0,0,0,0,0
ZTF24aabfnaw,0,1,0,0,1,1,0,1,0,1,0
ZTF24aabnihy,0,1,0,1,0,1,0,0,1,1,0
ZTF24aabojnl,0,1,0,1,0,1,0,0,1,1,0
ZTF24aabollu,1,0,0,0,0,0,0,0,0,0,0
ZTF24aabozsf,0,1,0,1,0,0,1,1,0,1,0
ZTF24aabpdnn,0,1,0,1,0,1,0,0,1,1,0
ZTF24aabpdug,0,1,0,1,0,1,0,0,1,1,0
ZTF24aabpegd,0,1,0,1,0,0,1,1,0,1,0
ZTF24aabpehq,0,1,0,1,0,0,1,1,0,1,0
ZTF24aabpehv,0,1,0,1,0,0,1,1,0,1,0
ZTF24aabpeqg,0,1,0,1,0,1,0,0,1,1,0
ZTF24aabpffn,0,0,1,1,0,1,0,1,0,1,0
ZTF24aabpfhu,1,0,0,0,0,0,0,0,0,0,0
ZTF24aabplhb,0,1,0,0,1,1,0,1,0,1,0
ZTF24aabpojp,0,1,0,1,0,1,0,1,0,0,1
ZTF24aabpvnw,0,1,0,1,0,0,1,1,0,1,0
ZTF24aabpvpc,0,1,0,0,1,1,0,1,0,1,0
ZTF24aabpxwd,0,1,0,1,0,1,0,1,0,0,1
ZTF24aabpzmq,0,1,0,1,0,1,0,1,0,0,1
ZTF24aabrwjw,1,0,0,0,0,0,0,0,0,0,0
ZTF24aabsycb,0,1,0,1,0,1,0,0,1,1,0
ZTF24aabtbcy,0,1,0,1,0,1,0,1,0,0,1
ZTF24aabugmp,0,0,1,1,0,1,0,1,0,1,0
ZTF24aabuifr,0,0,1,1,0,1,0,1,0,1,0
ZTF24aabuisb,0,1,0,1,0,0,1,1,0,1,0
ZTF24aaburix,0,1,0,1,0,1,0,0,1,1,0
ZTF24aabusid,0,0,1,1,0,1,0,1,0,1,0
ZTF24aabuuao,0,1,0,1,0,1,0,1,0,0,1
ZTF24aabuvvm,1,0,0,0,0,0,0,0,0,0,0
ZTF24aabuzcm,0,1,0,0,1,1,0,1,0,1,0
ZTF24aabuzkx,0,1,0,1,0,1,0,0,1,1,0
ZTF24aabvamb,1,0,0,0,0,0,0,0,0,0,0
ZTF24aabvdaa,0,1,0,1,0,1,0,1,0,0,1
ZTF24aabvdtg,0,1,0,0,1,1,0,1,0,1,0
ZTF24aabvdxj,1,0,0,0,0,0,0,0,0,0,0
ZTF24aabvgpr,0,1,0,1,0,1,0,1,0,0,1
ZTF24aabvlvq,0,1,0,1,0,1,0,0,1,1,0
ZTF24aabvugo,0,1,0,1,0,1,0,1,0,0,1
ZTF24aabxnem,0,1,0,1,0,1,0,0,1,1,0
ZTF24aabxwgc,1,0,0,0,0,0,0,0,0,0,0
ZTF24aacamoo,0,1,0,1,0,1,0,1,0,0,1
ZTF24aacancp,0,1,0,1,0,1,0,0,1,1,0
ZTF24aacayaq,0,1,0,1,0,1,0,1,0,0,1
ZTF24aacaydl,1,0,0,0,0,0,0,0,0,0,0
ZTF24aacayhd,0,1,0,1,0,1,0,0,1,1,0
ZTF24aacbnty,0,1,0,1,0,1,0,0,1,1,0
ZTF24aacbqld,0,1,0,0,1,1,0,1,0,1,0
ZTF24aacceme,0,1,0,0,1,1,0,1,0,1,0
ZTF24aaccrdd,1,0,0,0,0,0,0,0,0,0,0
ZTF24aaccxgb,0,1,0,1,0,1,0,0,1,1,0
ZTF24aacdxbk,0,1,0,1,0,0,1,1,0,1,0
ZTF24aacedmb,0,0,1,1,0,1,0,1,0,1,0
ZTF24aaceywd,0,1,0,1,0,1,0,0,1,1,0
ZTF24aacezcd,0,1,0,0,1,1,0,1,0,1,0
ZTF24aacgrqp,0,1,0,1,0,1,0,1,0,0,1
ZTF24aacgrxm,0,1,0,0,1,1,0,1,0,1,0
ZTF24aacgtiz,1,0,0,0,0,0,0,0,0,0,0
ZTF24aacgusg,0,1,0,1,0,0,1,1,0,1,0
ZTF24aacgwxo,1,0,0,0,0,0,0,0,0,0,0
ZTF24aacgwzx,0,1,0,1,0,1,0,1,0,0,1
ZTF24aacicsf,0,0,1,1,0,1,0,1,0,1,0
ZTF24aaciqha,0,0,1,1,0,1,0,1,0,1,0
ZTF24aaciqhs,0,1,0,1,0,0,1,1,0,1,0
ZTF24aaciqjb,0,0,1,1,0,1,0,1,0,1,0
ZTF24aaciuvu,1,0,0,0,0,0,0,0,0,0,0
ZTF24aaclnuu,0,1,0,1,0,1,0,1,0,0,1
ZTF24aacltwu,0,1,0,1,0,1,0,1,0,0,1
ZTF24aacniym,0,1,0,1,0,1,0,0,1,1,0
ZTF24aacnocv,0,0,1,1,0,1,0,1,0,1,0
ZTF24aacreea,0,1,0,1,0,1,0,0,1,1,0
ZTF24aacrhdu,1,0,0,0,0,0,0,0,0,0,0
ZTF24aacrpdw,0,1,0,1,0,0,1,1,0,1,0
ZTF24aacrppq,1,0,0,0,0,0,0,0,0,0,0
ZTF24aacrpzm,0,0,1,1,0,1,0,1,0,1,0
ZTF24aacrtht,0,1,0,1,0,0,1,1,0,1,0
ZTF24aacyuei,0,1,0,1,0,0,1,1,0,1,0
ZTF24aacyujc,0,1,0,1,0,1,0,0,1,1,0
ZTF24aadegsz,0,1,0,1,0,1,0,0,1,1,0
ZTF24aadfbfn,0,1,0,1,0,0,1,1,0,1,0
ZTF24aadfqbc,0,1,0,0,1,1,0,1,0,1,0
ZTF24aadfqbm,0,1,0,1,0,0,1,1,0,1,0
ZTF24aadfqgs,0,1,0,1,0,0,1,1,0,1,0
ZTF24aadfqhl,0,1,0,1,0,1,0,1,0,0,1
ZTF24aadfqis,1,0,0,0,0,0,0,0,0,0,0
ZTF24aadftds,0,1,0,1,0,0,1,1,0,1,0
ZTF24aadftff,0,1,0,1,0,1,0,1,0,0,1
ZTF24aadknte,0,1,0,0,1,1,0,1,0,1,0
ZTF24aadlemd,0,1,0,1,0,1,0,1,0,0,1
ZTF24aadlxdf,1,0,0,0,0,0,0,0,0,0,0
ZTF24aadmryr,0,1,0,1,0,1,0,1,0,0,1
ZTF24aadqwju,1,0,0,0,0,0,0,0,0,0,0
ZTF24aadqwli,0,0,1,1,0,1,0,1,0,1,0
ZTF24aadqwnk,0,1,0,0,1,1,0,1,0,1,0
ZTF24aadqwqu,1,0,0,0,0,0,0,0,0,0,0
ZTF24aadqxce,0,1,0,0,1,1,0,1,0,1,0
ZTF24aadqxej,0,1,0,1,0,1,0,0,1,1,0
ZTF24aadrakq,0,1,0,0,1,1,0,1,0,1,0
ZTF24aadrjst,0,1,0,1,0,1,0,1,0,0,1
ZTF24aadsdcu,0,0,1,1,0,1,0,1,0,1,0
ZTF24aadsijm,0,1,0,1,0,1,0,0,1,1,0
ZTF24aadsuzk,0,0,1,1,0,1,0,1,0,1,0
ZTF24aadttbo,0,0,1,1,0,1,0,1,0,1,0
ZTF24aaducxy,1,0,0,0,0,0,0,0,0,0,0
ZTF24aadueia,0,1,0,1,0,1,0,1,0,0,1
ZTF24aaduhdf,0,1,0,1,0,0,1,1,0,1,0
ZTF24aaduzuf,1,0,0,0,0,0,0,0,0,0,0
ZTF24aadvdgx,1,0,0,0,0,0,0,0,0,0,0
ZTF24aadvltu,0,1,0,1,0,1,0,0,1,1,0
ZTF24aadwlbj,1,0,0,0,0,0,0,0,0,0,0
ZTF24aadwxcf,0,1,0,0,1,1,0,1,0,1,0
ZTF24aadxdhn,0,1,0,1,0,1,0,1,0,0,1
ZTF24aadycaw,1,0,0,0,0,0,0,0,0,0,0
ZTF24aadykqs,0,1,0,1,0,1,0,0,1,1,0
ZTF24aaeagpu,1,0,0,0,0,0,0,0,0,0,0
ZTF24aaechyv,0,0,1,1,0,1,0,1,0,1,0
ZTF24aaecnbf,1,0,0,0,0,0,0,0,0,0,0
ZTF24aaecnoj,0,0,1,1,0,1,0,1,0,1,0
ZTF24aaecreq,1,0,0,0,0,0,0,0,0,0,0
ZTF24aaectnx,0,1,0,1,0,1,0,1,0,0,1
ZTF24aaecxiu,0,1,0,1,0,1,0,0,1,1,0
ZTF24aaecxvz,0,1,0,1,0,1,0,0,1,1,0
ZTF24aaecygi,0,1,0,0,1,1,0,1,0,1,0
ZTF24aaedhfu,1,0,0,0,0,0,0,0,0,0,0
ZTF24aaedmph,0,1,0,0,1,1,0,1,0,1,0
ZTF24aaedohi,1,0,0,0,0,0,0,0,0,0,0
ZTF24aaedoyz,0,1,0,0,1,1,0,1,0,1,0
ZTF24aaedqzu,0,1,0,0,1,1,0,1,0,1,0
ZTF24aaeecbg,0,1,0,1,0,1,0,0,1,1,0
ZTF24aaeecid,1,0,0,0,0,0,0,0,0,0,0
ZTF24aaeecuf,0,1,0,1,0,1,0,1,0,0,1
ZTF24aaeejsb,0,1,0,0,1,1,0,1,0,1,0
ZTF24aaefybn,0,0,1,1,0,1,0,1,0,1,0
ZTF24aaefynj,0,1,0,0,1,1,0,1,0,1,0
ZTF24aaegfoq,0,1,0,1,0,1,0,0,1,1,0
ZTF24aaegmuf,0,1,0,1,0,1,0,0,1,1,0
ZTF24aaegrdv,0,1,0,0,1,1,0,1,0,1,0
ZTF24aaegrez,1,0,0,0,0,0,0,0,0,0,0
ZTF24aaegrlz,1,0,0,0,0,0,0,0,0,0,0
ZTF24aaegrmd,0,1,0,0,1,1,0,1,0,1,0
ZTF24aaegrrt,1,0,0,0,0,0,0,0,0,0,0
ZTF24aaegzgl,0,0,1,1,0,1,0,1,0,1,0
ZTF24aaeicxz,0,1,0,1,0,0,1,1,0,1,0
ZTF24aaeidiy,0,1,0,0,1,1,0,1,0,1,0
ZTF24aaeiepq,1,0,0,0,0,0,0,0,0,0,0
ZTF24aaeigqc,0,0,1,1,0,1,0,1,0,1,0
ZTF24aaeiqjt,0,0,1,1,0,1,0,1,0,1,0
ZTF24aaeiysg,1,0,0,0,0,0,0,0,0,0,0
ZTF24aaejdrs,0,1,0,1,0,1,0,0,1,1,0
ZTF24aaejecu,1,0,0,0,0,0,0,0,0,0,0
ZTF24aaejefs,0,1,0,1,0,1,0,1,0,0,1
ZTF24aaejefu,0,0,1,1,0,1,0,1,0,1,0
ZTF24aaejegy,0,1,0,1,0,1,0,1,0,0,1
ZTF24aaejehf,0,1,0,1,0,1,0,0,1,1,0
ZTF24aaejevl,0,1,0,1,0,1,0,1,0,0,1
ZTF24aaejiuk,1,0,0,0,0,0,0,0,0,0,0
ZTF24aaejivf,0,0,1,1,0,1,0,1,0,1,0
ZTF24aaejixs,1,0,0,0,0,0,0,0,0,0,0
ZTF24aaejjez,0,1,0,1,0,1,0,0,1,1,0
ZTF24aaejjrp,1,0,0,0,0,0,0,0,0,0,0
ZTF24aaejjvd,0,0,1,1,0,1,0,1,0,1,0
ZTF24aaejker,0,0,1,1,0,1,0,1,0,1,0
ZTF24aaejkmy,0,0,1,1,0,1,0,1,0,1,0
ZTF24aaejoaj,0,1,0,1,0,1,0,0,1,1,0
ZTF24aaejovt,0,0,1,1,0,1,0,1,0,1,0
ZTF24aaejphz,0,1,0,1,0,0,1,1,0,1,0
ZTF24aaejrkq,0,1,0,1,0,0,1,1,0,1,0
ZTF24aaejrlu,0,1,0,0,1,1,0,1,0,1,0
ZTF24aaejrnl,0,1,0,1,0,1,0,0,1,1,0
ZTF24aaejrxm,0,1,0,0,1,1,0,1,0,1,0
ZTF24aaejrxt,0,1,0,0,1,1,0,1,0,1,0
ZTF24aaejrxw,1,0,0,0,0,0,0,0,0,0,0
ZTF24aaejrzj,0,1,0,0,1,1,0,1,0,1,0
ZTF24aaejrzs,0,1,0,1,0,1,0,0,1,1,0
ZTF24aaejsah,1,0,0,0,0,0,0,0,0,0,0
ZTF24aaejscd,0,0,1,1,0,1,0,1,0,1,0
ZTF24aaejscg,0,1,0,1,0,1,0,1,0,0,1
ZTF24aaejsfc,0,1,0,1,0,1,0,0,1,1,0
ZTF24aaejsjp,0,1,0,1,0,1,0,1,0,0,1
ZTF24aaejsnl,0,0,1,1,0,1,0,1,0,1,0
ZTF24aaejvjd,0,1,0,1,0,1,0,1,0,0,1
ZTF24aaejwaa,0,1,0,1,0,1,0,0,1,1,0
ZTF24aaejwnx,0,0,1,1,0,1,0,1,0,1,0
ZTF24aaejwqw,1,0,0,0,0,0,0,0,0,0,0
ZTF24aaejwry,0,1,0,0,1,1,0,1,0,1,0
ZTF24aaejwsi,0,1,0,1,0,1,0,0,1,1,0
ZTF24aaejwss,1,0,0,0,0,0,0,0,0,0,0
ZTF24aaejwwu,0,1,0,1,0,1,0,0,1,1,0
ZTF24aaejwxi,0,1,0,0,1,1,0,1,0,1,0
ZTF24aaejwxv,0,1,0,1,0,1,0,0,1,1,0
ZTF24aaejwyz,0,0,1,1,0,1,0,1,0,1,0
ZTF24aaekbim,0,1,0,1,0,1,0,1,0,0,1
ZTF24aaekbji,0,1,0,1,0,0,1,1,0,1,0
ZTF24aaekbkq,0,1,0,1,0,0,1,1,0,1,0
ZTF24aaekbmc,0,1,0,0,1,1,0,1,0,1,0
ZTF24aaekbmr,1,0,0,0,0,0,0,0,0,0,0
ZTF24aaekbmx,0,1,0,1,0,1,0,1,0,0,1
ZTF24aaekboj,0,1,0,1,0,1,0,1,0,0,1
ZTF24aaekbow,0,1,0,0,1,1,0,1,0,1,0
ZTF24aaekbpc,0,1,0,0,1,1,0,1,0,1,0
ZTF24aaekbre,0,0,1,1,0,1,0,1,0,1,0
ZTF24aaekbuk,0,1,0,0,1,1,0,1,0,1,0
ZTF24aaekbxi,0,1,0,1,0,0,1,1,0,1,0
ZTF24aaekbxr,0,1,0,1,0,1,0,0,1,1,0
ZTF24aaekccp,0,1,0,0,1,1,0,1,0,1,0
ZTF24aaekcdt,0,1,0,0,1,1,0,1,0,1,0
ZTF24aaekdhi,0,1,0,1,0,0,1,1,0,1,0
ZTF24aaekdzy,1,0,0,0,0,0,0,0,0,0,0
ZTF24aaekefr,0,1,0,1,0,1,0,0,1,1,0
ZTF24aaekehs,0,1,0,1,0,1,0,0,1,1,0
ZTF24aaekeyy,1,0,0,0,0,0,0,0,0,0,0
ZTF24aaekhmh,0,1,0,0,1,1,0,1,0,1,0
ZTF24aaekhtc,0,1,0,1,0,0,1,1,0,1,0
ZTF24aaekjoi,0,1,0,1,0,0,1,1,0,1,0
ZTF24aaekkhc,0,1,0,0,1,1,0,1,0,1,0
ZTF24aaekkig,0,1,0,1,0,1,0,0,1,1,0
ZTF24aaekkiz,1,0,0,0,0,0,0,0,0,0,0
ZTF24aaekkjv,0,1,0,1,0,1,0,1,0,0,1
ZTF24aaeklcd,0,1,0,1,0,0,1,1,0,1,0
ZTF24aaeklcj,0,1,0,0,1,1,0,1,0,1,0
ZTF24aaekmks,0,0,1,1,0,1,0,1,0,1,0
ZTF24aaeknhk,0,1,0,0,1,1,0,1,0,1,0
ZTF24aaeknoh,0,0,1,1,0,1,0,1,0,1,0
ZTF24aaeknto,0,1,0,1,0,1,0,0,1,1,0
ZTF24aaekntr,0,1,0,1,0,0,1,1,0,1,0
ZTF24aaeknuh,0,1,0,1,0,1,0,1,0,0,1
ZTF24aaeknvo,0,0,1,1,0,1,0,1,0,1,0
ZTF24aaeknxy,0,1,0,0,1,1,0,1,0,1,0
ZTF24aaeknyh,1,0,0,0,0,0,0,0,0,0,0
ZTF24aaeknyi,0,0,1,1,0,1,0,1,0,1,0
ZTF24aaeknzl,1,0,0,0,0,0,0,0,0,0,0
ZTF24aaekoar,0,1,0,0,1,1,0,1,0,1,0
ZTF24aaekobc,0,0,1,1,0,1,0,1,0,1,0
ZTF24aaekobd,0,1,0,1,0,0,1,1,0,1,0
ZTF24aaekoch,0,1,0,1,0,1,0,1,0,0,1
ZTF24aaekocj,0,0,1,1,0,1,0,1,0,1,0
ZTF24aaekofc,0,0,1,1,0,1,0,1,0,1,0
ZTF24aaekofi,0,1,0,1,0,0,1,1,0,1,0
ZTF24aaekoge,0,1,0,1,0,0,1,1,0,1,0
ZTF24aaekogp,0,0,1,1,0,1,0,1,0,1,0
ZTF24aaekohb,0,1,0,1,0,1,0,1,0,0,1
ZTF24aaekoig,0,0,1,1,0,1,0,1,0,1,0
ZTF24aaekoii,0,1,0,1,0,1,0,0,1,1,0
ZTF24aaekojx,0,1,0,0,1,1,0,1,0,1,0
ZTF24aaekoxr,0,1,0,1,0,1,0,1,0,0,1
ZTF24aaekqdj,0,1,0,1,0,0,1,1,0,1,0
ZTF24aaekqfr,0,1,0,1,0,1,0,1,0,0,1
ZTF24aaekqld,0,1,0,1,0,1,0,0,1,1,0
ZTF24aaekqlm,0,0,1,1,0,1,0,1,0,1,0
ZTF24aaekqnh,0,0,1,1,0,1,0,1,0,1,0
ZTF24aaekqug,0,1,0,1,0,1,0,1,0,0,1
ZTF24aaekqvx,0,1,0,1,0,0,1,1,0,1,0
ZTF24aaekrkc,1,0,0,0,0,0,0,0,0,0,0
ZTF24aaeldtm,0,1,0,1,0,1,0,1,0,0,1
ZTF24aaelfhf,0,1,0,1,0,0,1,1,0,1,0
ZTF24aaellok,1,0,0,0,0,0,0,0,0,0,0
ZTF24aaelmab,1,0,0,0,0,0,0,0,0,0,0
ZTF24aaelqdf,0,1,0,1,0,1,0,1,0,0,1
ZTF24aaemhso,0,1,0,1,0,1,0,0,1,1,0
ZTF24aaemxoy,0,0,1,1,0,1,0,1,0,1,0
ZTF24aaemypj,0,1,0,1,0,1,0,1,0,0,1
ZTF24aaemzvj,0,1,0,1,0,1,0,0,1,1,0
ZTF24aaenesb,0,1,0,1,0,1,0,1,0,0,1
ZTF24aaenkch,1,0,0,0,0,0,0,0,0,0,0
ZTF24aaenqke,0,1,0,1,0,1,0,1,0,0,1
ZTF24aaenrli,0,1,0,1,0,0,1,1,0,1,0
ZTF24aaensbu,0,0,1,1,0,1,0,1,0,1,0
ZTF24aaenthy,0,1,0,1,0,1,0,0,1,1,0
ZTF24aaeonfk,0,1,0,1,0,1,0,1,0,0,1
ZTF24aaeopqq,1,0,0,0,0,0,0,0,0,0,0
ZTF24aaeovti,0,1,0,1,0,0,1,1,0,1,0
ZTF24aaepead,1,0,0,0,0,0,0,0,0,0,0
ZTF24aaepkln,0,1,0,1,0,1,0,0,1,1,0
ZTF24aaeppqr,1,0,0,0,0,0,0,0,0,0,0
ZTF24aaeqflw,0,1,0,1,0,0,1,1,0,1,0
ZTF24aaeqgeb,1,0,0,0,0,0,0,0,0,0,0
ZTF24aaeqjmz,0,1,0,0,1,1,0,1,0,1,0
ZTF24aaerorz,1,0,0,0,0,0,0,0,0,0,0
ZTF24aaerwyh,0,1,0,1,0,1,0,0,1,1,0
ZTF24aaerxko,0,1,0,1,0,0,1,1,0,1,0
ZTF24aaerxqv,0,0,1,1,0,1,0,1,0,1,0
ZTF24aaerxsk,0,0,1,1,0,1,0,1,0,1,0
ZTF24aaerzgu,0,1,0,0,1,1,0,1,0,1,0
ZTF24aaethme,0,1,0,1,0,1,0,0,1,1,0
ZTF24aaetivw,0,1,0,1,0,1,0,0,1,1,0
ZTF24aaetiwd,0,0,1,1,0,1,0,1,0,1,0
ZTF24aaetofx,0,1,0,1,0,1,0,1,0,0,1
ZTF24aaeuhwu,0,1,0,1,0,0,1,1,0,1,0
ZTF24aaewqxv,0,1,0,1,0,1,0,1,0,0,1
ZTF24aaezctt,0,1,0,0,1,1,0,1,0,1,0
ZTF24aaezfta,0,1,0,1,0,0,1,1,0,1,0
ZTF24aaezmio,0,1,0,1,0,1,0,0,1,1,0
ZTF24aaezzgu,0,0,1,1,0,1,0,1,0,1,0
ZTF24aafaaiq,0,1,0,0,1,1,0,1,0,1,0
ZTF24aafaamo,0,1,0,1,0,1,0,1,0,0,1
ZTF24aafabqx,0,1,0,1,0,1,0,0,1,1,0
ZTF24aafahvv,0,1,0,0,1,1,0,1,0,1,0
ZTF24aafaien,0,1,0,1,0,1,0,1,0,0,1
ZTF24aafaiiw,0,1,0,1,0,1,0,0,1,1,0
ZTF24aafaloh,0,1,0,1,0,1,0,1,0,0,1
ZTF24aafawby,1,0,0,0,0,0,0,0,0,0,0
ZTF24aafaxed,0,1,0,1,0,1,0,1,0,0,1
ZTF24aafaxeg,1,0,0,0,0,0,0,0,0,0,0
ZTF24aafaxsw,1,0,0,0,0,0,0,0,0,0,0
ZTF24aafaxvf,1,0,0,0,0,0,0,0,0,0,0
ZTF24aafayfk,0,0,1,1,0,1,0,1,0,1,0
ZTF24aafaynj,1,0,0,0,0,0,0,0,0,0,0
ZTF24aafazdr,0,1,0,1,0,0,1,1,0,1,0
ZTF24aafazer,0,1,0,1,0,1,0,0,1,1,0
ZTF24aafazre,0,1,0,1,0,1,0,0,1,1,0
ZTF24aafbabh,0,0,1,1,0,1,0,1,0,1,0
ZTF24aafbais,0,1,0,1,0,0,1,1,0,1,0
ZTF24aafbanu,0,1,0,1,0,1,0,0,1,1,0
ZTF24aafbbnt,0,1,0,1,0,0,1,1,0,1,0
ZTF24aafbboy,0,1,0,1,0,1,0,0,1,1,0
ZTF24aafbbwz,0,1,0,1,0,1,0,0,1,1,0
ZTF24aafbckq,0,0,1,1,0,1,0,1,0,1,0
ZTF24aafbfic,0,1,0,1,0,0,1,1,0,1,0
ZTF24aafbfuj,0,1,0,1,0,1,0,1,0,0,1
ZTF24aafbgaw,1,0,0,0,0,0,0,0,0,0,0
ZTF24aafbhpi,0,0,1,1,0,1,0,1,0,1,0
ZTF24aafbifl,0,0,1,1,0,1,0,1,0,1,0
ZTF24aafbihp,1,0,0,0,0,0,0,0,0,0,0
ZTF24aafbjux,0,1,0,1,0,1,0,0,1,1,0
ZTF24aafbkob,0,0,1,1,0,1,0,1,0,1,0
ZTF24aafbkte,0,1,0,0,1,1,0,1,0,1,0
ZTF24aafbkyg,0,1,0,1,0,1,0,0,1,1,0
ZTF24aafblfk,1,0,0,0,0,0,0,0,0,0,0
ZTF24aafblxi,0,0,1,1,0,1,0,1,0,1,0
ZTF24aafbuws,0,1,0,1,0,1,0,0,1,1,0
ZTF24aafcjfn,1,0,0,0,0,0,0,0,0,0,0
ZTF24aafdxwp,0,1,0,1,0,0,1,1,0,1,0
ZTF24aafeqxs,0,1,0,1,0,0,1,1,0,1,0
ZTF24aaferzj,0,1,0,1,0,0,1,1,0,1,0
ZTF24aaffjrc,1,0,0,0,0,0,0,0,0,0,0
ZTF24aafflua,0,1,0,0,1,1,0,1,0,1,0
ZTF24aaffnoc,0,1,0,1,0,0,1,1,0,1,0
ZTF24aaffqde,0,1,0,1,0,1,0,1,0,0,1
ZTF24aafftbs,0,0,1,1,0,1,0,1,0,1,0
ZTF24aaffxct,1,0,0,0,0,0,0,0,0,0,0
ZTF24aafggyx,0,1,0,1,0,0,1,1,0,1,0
ZTF24aafgmho,0,1,0,0,1,1,0,1,0,1,0
ZTF24aafgymb,0,1,0,1,0,1,0,1,0,0,1
ZTF24aafhxms,0,1,0,1,0,1,0,1,0,0,1
ZTF24aafhxoc,0,1,0,1,0,0,1,1,0,1,0
ZTF24aafimlb,0,1,0,1,0,1,0,1,0,0,1
ZTF24aafioqx,0,0,1,1,0,1,0,1,0,1,0
ZTF24aafiovf,0,1,0,0,1,1,0,1,0,1,0
ZTF24aafivdv,1,0,0,0,0,0,0,0,0,0,0
ZTF24aafiyxu,0,0,1,1,0,1,0,1,0,1,0
ZTF24aafjbvf,0,1,0,1,0,1,0,0,1,1,0
ZTF24aafjbwl,0,1,0,1,0,1,0,0,1,1,0
ZTF24aafjbwp,0,1,0,1,0,1,0,0,1,1,0
ZTF24aafjcij,0,1,0,1,0,1,0,0,1,1,0
ZTF24aafjcub,0,0,1,1,0,1,0,1,0,1,0
ZTF24aafjcuz,0,1,0,0,1,1,0,1,0,1,0
ZTF24aafjcxj,0,1,0,1,0,1,0,0,1,1,0
ZTF24aafjddh,0,1,0,1,0,0,1,1,0,1,0
ZTF24aafjdou,0,1,0,1,0,1,0,0,1,1,0
ZTF24aafjeek,0,0,1,1,0,1,0,1,0,1,0
ZTF24aafjgcw,0,0,1,1,0,1,0,1,0,1,0
ZTF24aafkgki,0,0,1,1,0,1,0,1,0,1,0
ZTF24aafpicp,0,1,0,0,1,1,0,1,0,1,0
ZTF24aafqcta,0,0,1,1,0,1,0,1,0,1,0
ZTF24aafqhyf,1,0,0,0,0,0,0,0,0,0,0
ZTF24aafqpnp,0,1,0,0,1,1,0,1,0,1,0
ZTF24aafqule,0,1,0,1,0,0,1,1,0,1,0
ZTF24aafquot,0,1,0,1,0,0,1,1,0,1,0
ZTF24aafqvxv,0,1,0,1,0,1,0,0,1,1,0
ZTF24aafqwbf,0,1,0,1,0,0,1,1,0,1,0
ZTF24aafqxmu,0,1,0,1,0,1,0,0,1,1,0
ZTF24aafqxni,0,1,0,1,0,0,1,1,0,1,0
ZTF24aafqxyz,0,1,0,0,1,1,0,1,0,1,0
ZTF24aafqyax,0,1,0,1,0,1,0,0,1,1,0
ZTF24aafqyiw,0,0,1,1,0,1,0,1,0,1,0
ZTF24aafqyjy,0,1,0,1,0,1,0,0,1,1,0
ZTF24aafrare,0,1,0,0,1,1,0,1,0,1,0
ZTF24aafrauw,0,1,0,1,0,1,0,1,0,0,1
ZTF24aafrbcv,0,1,0,1,0,1,0,1,0,0,1
ZTF24aafrbem,0,0,1,1,0,1,0,1,0,1,0
ZTF24aafrcgh,0,1,0,1,0,1,0,0,1,1,0
ZTF24aafrcni,0,0,1,1,0,1,0,1,0,1,0
ZTF24aafudvi,0,1,0,1,0,0,1,1,0,1,0
ZTF24aafusqd,0,0,1,1,0,1,0,1,0,1,0
ZTF24aafutuq,0,1,0,1,0,1,0,0,1,1,0
ZTF24aafuubh,0,0,1,1,0,1,0,1,0,1,0
ZTF24aafuubt,0,1,0,0,1,1,0,1,0,1,0
ZTF24aafvcew,0,1,0,1,0,0,1,1,0,1,0
ZTF24aafvfrw,0,1,0,1,0,1,0,1,0,0,1
ZTF24aafvgzk,0,1,0,1,0,1,0,0,1,1,0
ZTF24aafvrbf,0,0,1,1,0,1,0,1,0,1,0
ZTF24aafvror,0,1,0,1,0,1,0,1,0,0,1
ZTF24aafxagu,0,1,0,1,0,0,1,1,0,1,0
ZTF24aagchqx,0,1,0,0,1,1,0,1,0,1,0
ZTF24aaghkxx,0,1,0,0,1,1,0,1,0,1,0
ZTF24aaghypx,0,0,1,1,0,1,0,1,0,1,0
ZTF24aagijll,0,1,0,1,0,0,1,1,0,1,0
ZTF24aagijmm,0,1,0,1,0,0,1,1,0,1,0
ZTF24aagimfp,1,0,0,0,0,0,0,0,0,0,0
ZTF24aagimhq,0,0,1,1,0,1,0,1,0,1,0
ZTF24aagioaa,0,1,0,1,0,0,1,1,0,1,0
ZTF24aagioey,0,1,0,1,0,0,1,1,0,1,0
ZTF24aagionf,0,1,0,0,1,1,0,1,0,1,0
ZTF24aagiqao,0,1,0,1,0,0,1,1,0,1,0
ZTF24aagiyez,0,1,0,1,0,0,1,1,0,1,0
ZTF24aagizeq,1,0,0,0,0,0,0,0,0,0,0
ZTF24aagjban,0,1,0,1,0,0,1,1,0,1,0
ZTF24aagjsrv,0,1,0,0,1,1,0,1,0,1,0
ZTF24aagkjca,0,1,0,1,0,0,1,1,0,1,0
ZTF24aagkkmk,0,1,0,1,0,1,0,0,1,1,0
ZTF24aagkorf,0,1,0,0,1,1,0,1,0,1,0
ZTF24aagkqat,1,0,0,0,0,0,0,0,0,0,0
ZTF24aagkqvg,0,1,0,1,0,0,1,1,0,1,0
ZTF24aagksvd,0,0,1,1,0,1,0,1,0,1,0
ZTF24aagktjv,0,0,1,1,0,1,0,1,0,1,0
ZTF24aagkuss,1,0,0,0,0,0,0,0,0,0,0
ZTF24aagkuvq,0,1,0,1,0,0,1,1,0,1,0
ZTF24aagkuyp,0,1,0,1,0,1,0,1,0,0,1
ZTF24aagkvhf,1,0,0,0,0,0,0,0,0,0,0
ZTF24aagkvtr,0,1,0,1,0,0,1,1,0,1,0
ZTF24aagkwfe,1,0,0,0,0,0,0,0,0,0,0
ZTF24aagkwsv,0,1,0,1,0,0,1,1,0,1,0
ZTF24aagkxom,1,0,0,0,0,0,0,0,0,0,0
ZTF24aagkybr,0,1,0,1,0,0,1,1,0,1,0
ZTF24aagkycj,1,0,0,0,0,0,0,0,0,0,0
ZTF24aaglbaz,1,0,0,0,0,0,0,0,0,0,0
ZTF24aaglbpq,0,1,0,0,1,1,0,1,0,1,0
ZTF24aaglcfd,0,1,0,1,0,0,1,1,0,1,0
ZTF24aagmclr,0,0,1,1,0,1,0,1,0,1,0
ZTF24aagmhtq,0,1,0,1,0,1,0,1,0,0,1
ZTF24aagmhuw,0,1,0,1,0,0,1,1,0,1,0
ZTF24aagmhyr,0,1,0,0,1,1,0,1,0,1,0
ZTF24aagmqfc,0,1,0,1,0,1,0,1,0,0,1
ZTF24aagmtbd,1,0,0,0,0,0,0,0,0,0,0
ZTF24aagohqt,1,0,0,0,0,0,0,0,0,0,0
ZTF24aagohvo,0,1,0,1,0,0,1,1,0,1,0
ZTF24aagoihx,0,1,0,1,0,0,1,1,0,1,0
ZTF24aagolha,0,1,0,1,0,1,0,0,1,1,0
ZTF24aagomqx,0,1,0,1,0,0,1,1,0,1,0
ZTF24aagoomr,0,1,0,1,0,1,0,1,0,0,1
ZTF24aagooop,1,0,0,0,0,0,0,0,0,0,0
ZTF24aagoxto,0,1,0,0,1,1,0,1,0,1,0
ZTF24aagoyrg,0,1,0,0,1,1,0,1,0,1,0
ZTF24aagpbdb,0,0,1,1,0,1,0,1,0,1,0
ZTF24aagpbko,0,1,0,1,0,0,1,1,0,1,0
ZTF24aagpnec,0,1,0,1,0,1,0,1,0,0,1
ZTF24aagposo,0,1,0,1,0,1,0,0,1,1,0
ZTF24aagpsrg,0,1,0,1,0,1,0,0,1,1,0
ZTF24aagpwsh,0,1,0,1,0,0,1,1,0,1,0
ZTF24aagqdnt,1,0,0,0,0,0,0,0,0,0,0
ZTF24aagqhcf,1,0,0,0,0,0,0,0,0,0,0
ZTF24aagqkxj,1,0,0,0,0,0,0,0,0,0,0
ZTF24aagqmbt,1,0,0,0,0,0,0,0,0,0,0
ZTF24aagqost,0,1,0,1,0,1,0,1,0,0,1
ZTF24aagqwkl,0,1,0,0,1,1,0,1,0,1,0
ZTF24aagscwk,0,1,0,0,1,1,0,1,0,1,0
ZTF24aagscxv,0,1,0,1,0,1,0,1,0,0,1
ZTF24aagszql,1,0,0,0,0,0,0,0,0,0,0
ZTF24aagtely,0,1,0,1,0,0,1,1,0,1,0
ZTF24aagtlpi,0,1,0,1,0,1,0,0,1,1,0
ZTF24aagtlvq,0,1,0,1,0,0,1,1,0,1,0
ZTF24aagtmbq,0,1,0,0,1,1,0,1,0,1,0
ZTF24aagtoll,0,1,0,1,0,0,1,1,0,1,0
ZTF24aagumpy,0,0,1,1,0,1,0,1,0,1,0
ZTF24aagwchu,0,0,1,1,0,1,0,1,0,1,0
ZTF24aagwdgs,0,1,0,1,0,1,0,1,0,0,1
ZTF24aagwwkr,0,1,0,1,0,1,0,0,1,1,0
ZTF24aagxcdf,0,1,0,1,0,0,1,1,0,1,0
ZTF24aagxjbo,1,0,0,0,0,0,0,0,0,0,0
ZTF24aagxtxw,0,0,1,1,0,1,0,1,0,1,0
ZTF24aagxvri,0,1,0,1,0,1,0,1,0,0,1
ZTF24aagxwua,0,1,0,1,0,1,0,1,0,0,1
ZTF24aagzsfx,1,0,0,0,0,0,0,0,0,0,0
ZTF24aagzsyy,0,0,1,1,0,1,0,1,0,1,0
ZTF24aagzxje,0,1,0,1,0,1,0,1,0,0,1
ZTF24aahaajg,0,1,0,1,0,1,0,0,1,1,0
ZTF24aahagwy,0,1,0,1,0,1,0,0,1,1,0
ZTF24aahahjj,0,1,0,1,0,0,1,1,0,1,0
ZTF24aahahri,0,1,0,1,0,1,0,0,1,1,0
ZTF24aahalmb,0,1,0,1,0,1,0,1,0,0,1
ZTF24aahangu,0,0,1,1,0,1,0,1,0,1,0
ZTF24aahaobp,1,0,0,0,0,0,0,0,0,0,0
ZTF24aahaomk,1,0,0,0,0,0,0,0,0,0,0
ZTF24aahbjtb,0,1,0,1,0,0,1,1,0,1,0
ZTF24aahdigc,0,1,0,1,0,1,0,1,0,0,1
ZTF24aahdiif,0,1,0,0,1,1,0,1,0,1,0
ZTF24aahdoyz,0,1,0,1,0,1,0,0,1,1,0
ZTF24aahdrmi,0,0,1,1,0,1,0,1,0,1,0
ZTF24aahdrmm,0,0,1,1,0,1,0,1,0,1,0
ZTF24aahdvyc,1,0,0,0,0,0,0,0,0,0,0
ZTF24aaheada,0,1,0,1,0,0,1,1,0,1,0
ZTF24aaheadk,1,0,0,0,0,0,0,0,0,0,0
ZTF24aaheccq,0,1,0,1,0,0,1,1,0,1,0
ZTF24aahedme,0,1,0,0,1,1,0,1,0,1,0
ZTF24aaheedw,0,0,1,1,0,1,0,1,0,1,0
ZTF24aahefbh,0,1,0,1,0,1,0,0,1,1,0
ZTF24aaheona,0,1,0,1,0,0,1,1,0,1,0
ZTF24aahepdc,1,0,0,0,0,0,0,0,0,0,0
ZTF24aahepii,1,0,0,0,0,0,0,0,0,0,0
ZTF24aahestx,0,1,0,1,0,1,0,1,0,0,1
ZTF24aahesvl,0,1,0,1,0,1,0,0,1,1,0
ZTF24aahetfd,0,0,1,1,0,1,0,1,0,1,0
ZTF24aahexkf,1,0,0,0,0,0,0,0,0,0,0
ZTF24aahfavy,0,1,0,0,1,1,0,1,0,1,0
ZTF24aahfiwn,0,1,0,1,0,0,1,1,0,1,0
ZTF24aahfltj,0,0,1,1,0,1,0,1,0,1,0
ZTF24aahggdt,0,1,0,0,1,1,0,1,0,1,0
ZTF24aahgjtn,1,0,0,0,0,0,0,0,0,0,0
ZTF24aahgkfu,0,1,0,1,0,1,0,0,1,1,0
ZTF24aahgkhh,0,1,0,1,0,0,1,1,0,1,0
ZTF24aahgktj,0,0,1,1,0,1,0,1,0,1,0
ZTF24aahgkxm,0,1,0,1,0,1,0,0,1,1,0
ZTF24aahgmyj,1,0,0,0,0,0,0,0,0,0,0
ZTF24aahgqwk,0,1,0,1,0,0,1,1,0,1,0
ZTF24aahgqxm,0,0,1,1,0,1,0,1,0,1,0
ZTF24aahgryu,1,0,0,0,0,0,0,0,0,0,0
ZTF24aahgwin,0,1,0,1,0,1,0,1,0,0,1
ZTF24aahgxrx,0,1,0,1,0,1,0,0,1,1,0
ZTF24aahgybo,0,1,0,1,0,1,0,1,0,0,1
ZTF24aahgycb,0,0,1,1,0,1,0,1,0,1,0
ZTF24aahhanf,0,1,0,1,0,1,0,0,1,1,0
ZTF24aahiaqc,1,0,0,0,0,0,0,0,0,0,0
ZTF24aahiasc,0,1,0,0,1,1,0,1,0,1,0
ZTF24aahibby,0,1,0,0,1,1,0,1,0,1,0
ZTF24aahiewj,0,1,0,0,1,1,0,1,0,1,0
ZTF24aahifck,0,1,0,1,0,0,1,1,0,1,0
ZTF24aahihak,0,1,0,1,0,1,0,1,0,0,1
ZTF24aahihfj,0,1,0,1,0,1,0,0,1,1,0
ZTF24aahiibg,0,1,0,1,0,0,1,1,0,1,0
ZTF24aahiijx,0,0,1,1,0,1,0,1,0,1,0
ZTF24aahiimv,0,1,0,1,0,1,0,1,0,0,1
ZTF24aahiitr,0,1,0,1,0,1,0,1,0,0,1
ZTF24aahitev,0,0,1,1,0,1,0,1,0,1,0
ZTF24aahjkdw,0,1,0,1,0,1,0,0,1,1,0
ZTF24aahkbia,0,1,0,0,1,1,0,1,0,1,0
ZTF24aahkbjk,0,1,0,0,1,1,0,1,0,1,0
ZTF24aahkboj,0,1,0,0,1,1,0,1,0,1,0
ZTF24aahkgqk,0,1,0,1,0,0,1,1,0,1,0
ZTF24aahkifq,0,1,0,1,0,0,1,1,0,1,0
ZTF24aahkoxx,0,0,1,1,0,1,0,1,0,1,0
ZTF24aahkuep,0,0,1,1,0,1,0,1,0,1,0
ZTF24aahkxyg,0,1,0,1,0,1,0,1,0,0,1
ZTF24aahkyrv,0,1,0,1,0,1,0,1,0,0,1
ZTF24aahkysr,0,1,0,1,0,1,0,1,0,0,1
ZTF24aahkysx,0,1,0,1,0,0,1,1,0,1,0
ZTF24aahkyzn,0,1,0,0,1,1,0,1,0,1,0
ZTF24aahlabb,0,1,0,1,0,0,1,1,0,1,0
ZTF24aahlctd,0,0,1,1,0,1,0,1,0,1,0
ZTF24aahlvez,0,1,0,1,0,1,0,1,0,0,1
ZTF24aahlvpb,0,1,0,1,0,0,1,1,0,1,0
ZTF24aahmedu,0,1,0,1,0,1,0,0,1,1,0
ZTF24aahnnsa,0,1,0,1,0,1,0,1,0,0,1
ZTF24aahnsbn,0,1,0,1,0,1,0,1,0,0,1
ZTF24aahnvay,0,1,0,1,0,0,1,1,0,1,0
ZTF24aahqdid,0,1,0,1,0,0,1,1,0,1,0
ZTF24aahqotr,0,1,0,1,0,1,0,1,0,0,1
ZTF24aahqtpb,0,0,1,1,0,1,0,1,0,1,0
ZTF24aahspyx,1,0,0,0,0,0,0,0,0,0,0
ZTF24aahsssl,0,1,0,0,1,1,0,1,0,1,0
ZTF24aahsugx,0,1,0,1,0,1,0,1,0,0,1
ZTF24aahsukk,0,1,0,0,1,1,0,1,0,1,0
ZTF24aahtabh,0,1,0,0,1,1,0,1,0,1,0
ZTF24aahterx,0,1,0,1,0,0,1,1,0,1,0
ZTF24aahtpuh,0,1,0,0,1,1,0,1,0,1,0
ZTF24aahtqlp,0,1,0,1,0,1,0,0,1,1,0
ZTF24aahuuky,0,1,0,1,0,1,0,1,0,0,1
ZTF24aahvgnv,1,0,0,0,0,0,0,0,0,0,0
ZTF24aahvvrj,1,0,0,0,0,0,0,0,0,0,0
ZTF24aahvvxu,0,1,0,1,0,1,0,1,0,0,1
ZTF24aahwbej,0,1,0,1,0,1,0,1,0,0,1
ZTF24aahwcbs,0,1,0,0,1,1,0,1,0,1,0
ZTF24aahwcfq,0,0,1,1,0,1,0,1,0,1,0
ZTF24aahwfwb,0,0,1,1,0,1,0,1,0,1,0
ZTF24aahxgoa,0,1,0,1,0,1,0,0,1,1,0
ZTF24aahxmew,0,1,0,1,0,1,0,1,0,0,1
ZTF24aahxmmu,0,1,0,1,0,1,0,1,0,0,1
ZTF24aahxmqr,0,1,0,1,0,1,0,1,0,0,1
ZTF24aahxvle,0,1,0,0,1,1,0,1,0,1,0
ZTF24aahxyfp,0,0,1,1,0,1,0,1,0,1,0
ZTF24aahxymx,0,1,0,1,0,1,0,1,0,0,1
ZTF24aahxyte,0,1,0,1,0,1,0,1,0,0,1
ZTF24aahyeey,0,1,0,1,0,1,0,0,1,1,0
ZTF24aahyemw,0,1,0,1,0,1,0,1,0,0,1
ZTF24aahyeuj,0,1,0,1,0,0,1,1,0,1,0
ZTF24aahyeym,0,1,0,1,0,0,1,1,0,1,0
ZTF24aahygcd,0,1,0,0,1,1,0,1,0,1,0
ZTF24aahzlcx,0,1,0,0,1,1,0,1,0,1,0
ZTF24aahzyeb,0,1,0,1,0,1,0,1,0,0,1
ZTF24aaiahuu,0,1,0,1,0,1,0,1,0,0,1
ZTF24aaiahzo,0,1,0,1,0,1,0,1,0,0,1
ZTF24aaiakhd,0,1,0,1,0,1,0,0,1,1,0
ZTF24aaiceur,0,1,0,1,0,1,0,1,0,0,1
ZTF24aaicpfc,0,1,0,0,1,1,0,1,0,1,0
ZTF24aaicquq,0,1,0,0,1,1,0,1,0,1,0
ZTF24aaictgf,0,1,0,1,0,0,1,1,0,1,0
ZTF24aaidaen,0,1,0,1,0,1,0,1,0,0,1
ZTF24aaidakv,0,1,0,0,1,1,0,1,0,1,0
ZTF24aaidazw,0,1,0,1,0,1,0,0,1,1,0
ZTF24aaidkot,0,1,0,0,1,1,0,1,0,1,0
ZTF24aaidlsu,1,0,0,0,0,0,0,0,0,0,0
ZTF24aaidmzf,0,1,0,0,1,1,0,1,0,1,0
ZTF24aaidulf,1,0,0,0,0,0,0,0,0,0,0
ZTF24aaiduss,0,1,0,1,0,1,0,1,0,0,1
ZTF24aaidxhn,0,0,1,1,0,1,0,1,0,1,0
ZTF24aaiecwt,0,1,0,1,0,1,0,1,0,0,1
ZTF24aaieemd,1,0,0,0,0,0,0,0,0,0,0
ZTF24aaieewd,0,1,0,1,0,0,1,1,0,1,0
ZTF24aaiefsd,0,1,0,1,0,1,0,1,0,0,1
ZTF24aaiefsh,0,0,1,1,0,1,0,1,0,1,0
ZTF24aaiegde,0,1,0,1,0,0,1,1,0,1,0
ZTF24aaiehgm,1,0,0,0,0,0,0,0,0,0,0
ZTF24aaiehgq,0,1,0,1,0,1,0,1,0,0,1
ZTF24aaiemyl,0,1,0,1,0,1,0,1,0,0,1
ZTF24aaieprk,0,1,0,1,0,1,0,1,0,0,1
ZTF24aaifila,0,1,0,1,0,1,0,0,1,1,0
ZTF24aaifkqk,0,1,0,0,1,1,0,1,0,1,0
ZTF24aaifnnw,0,0,1,1,0,1,0,1,0,1,0
ZTF24aaifnqi,0,1,0,1,0,1,0,1,0,0,1
ZTF24aaifokr,0,1,0,1,0,1,0,1,0,0,1
ZTF24aaifqho,0,1,0,0,1,1,0,1,0,1,0
ZTF24aaifqoe,0,1,0,1,0,1,0,1,0,0,1
ZTF24aaifrnv,0,1,0,1,0,0,1,1,0,1,0
ZTF24aaifrse,0,1,0,1,0,1,0,1,0,0,1
ZTF24aaifsdx,1,0,0,0,0,0,0,0,0,0,0
ZTF24aaifsng,1,0,0,0,0,0,0,0,0,0,0
ZTF24aaiftcp,0,1,0,1,0,1,0,0,1,1,0
ZTF24aaigath,1,0,0,0,0,0,0,0,0,0,0
ZTF24aaigqmu,0,1,0,1,0,0,1,1,0,1,0
ZTF24aaigrkd,0,1,0,1,0,1,0,1,0,0,1
ZTF24aaigrls,0,1,0,1,0,1,0,1,0,0,1
ZTF24aaihwaq,1,0,0,0,0,0,0,0,0,0,0
ZTF24aaiinor,0,0,1,1,0,1,0,1,0,1,0
ZTF24aaiiual,0,1,0,1,0,1,0,1,0,0,1
ZTF24aaiiwmw,0,1,0,1,0,1,0,0,1,1,0
ZTF24aaijfex,0,1,0,1,0,1,0,0,1,1,0
ZTF24aaijfol,0,1,0,1,0,0,1,1,0,1,0
ZTF24aaijgee,0,1,0,0,1,1,0,1,0,1,0
ZTF24aaijiob,0,1,0,0,1,1,0,1,0,1,0
ZTF24aaijiux,0,1,0,1,0,0,1,1,0,1,0
ZTF24aaijiwd,1,0,0,0,0,0,0,0,0,0,0
ZTF24aaijmnq,0,1,0,1,0,1,0,1,0,0,1
ZTF24aaijnbj,0,1,0,1,0,1,0,0,1,1,0
ZTF24aaijnoq,1,0,0,0,0,0,0,0,0,0,0
ZTF24aaijoxp,1,0,0,0,0,0,0,0,0,0,0
ZTF24aaijpbw,0,0,1,1,0,1,0,1,0,1,0
ZTF24aaijqrd,0,1,0,0,1,1,0,1,0,1,0
ZTF24aaikgul,0,1,0,1,0,1,0,1,0,0,1
ZTF24aaikhwb,0,1,0,1,0,1,0,1,0,0,1
ZTF24aaikith,0,1,0,1,0,0,1,1,0,1,0
ZTF24aaikngy,0,1,0,1,0,1,0,0,1,1,0
ZTF24aaiknyx,0,0,1,1,0,1,0,1,0,1,0
ZTF24aaikobb,0,1,0,1,0,1,0,0,1,1,0
ZTF24aaikobd,0,1,0,0,1,1,0,1,0,1,0
ZTF24aaikpdk,0,0,1,1,0,1,0,1,0,1,0
ZTF24aaikqju,1,0,0,0,0,0,0,0,0,0,0
ZTF24aaiksuy,1,0,0,0,0,0,0,0,0,0,0
ZTF24aaiksyu,1,0,0,0,0,0,0,0,0,0,0
ZTF24aaikvqs,0,1,0,1,0,1,0,1,0,0,1
ZTF24aailehx,0,1,0,0,1,1,0,1,0,1,0
ZTF24aailhuh,0,1,0,1,0,1,0,0,1,1,0
ZTF24aailmub,0,1,0,1,0,1,0,0,1,1,0
ZTF24aaimdip,0,1,0,1,0,1,0,0,1,1,0
ZTF24aaimdlh,1,0,0,0,0,0,0,0,0,0,0
ZTF24aaimdtb,1,0,0,0,0,0,0,0,0,0,0
ZTF24aaimidg,0,1,0,1,0,1,0,0,1,1,0
ZTF24aaimlax,0,0,1,1,0,1,0,1,0,1,0
ZTF24aaimliw,0,1,0,0,1,1,0,1,0,1,0
ZTF24aaimtih,0,0,1,1,0,1,0,1,0,1,0
ZTF24aaimtwb,0,1,0,0,1,1,0,1,0,1,0
ZTF24aaimwco,0,0,1,1,0,1,0,1,0,1,0
ZTF24aaimzrr,1,0,0,0,0,0,0,0,0,0,0
ZTF24aainbbh,0,1,0,1,0,0,1,1,0,1,0
ZTF24aaioqpt,0,1,0,0,1,1,0,1,0,1,0
ZTF24aaipakz,0,0,1,1,0,1,0,1,0,1,0
ZTF24aaipblm,1,0,0,0,0,0,0,0,0,0,0
ZTF24aaipdqx,0,1,0,1,0,1,0,1,0,0,1
ZTF24aaipedk,0,1,0,1,0,1,0,1,0,0,1
ZTF24aaironx,0,1,0,0,1,1,0,1,0,1,0
ZTF24aaisbeh,0,1,0,1,0,1,0,1,0,0,1
ZTF24aaisnlp,0,1,0,0,1,1,0,1,0,1,0
ZTF24aaisoow,0,1,0,1,0,1,0,0,1,1,0
ZTF24aaistkr,0,1,0,0,1,1,0,1,0,1,0
ZTF24aaittjy,0,1,0,1,0,1,0,0,1,1,0
ZTF24aaitwnq,0,1,0,1,0,0,1,1,0,1,0
ZTF24aaiuhac,0,1,0,1,0,1,0,0,1,1,0
ZTF24aaiuhwk,0,0,1,1,0,1,0,1,0,1,0
ZTF24aaiuicb,0,1,0,1,0,1,0,1,0,0,1
ZTF24aaiuknj,0,1,0,1,0,0,1,1,0,1,0
ZTF24aaiuktd,0,1,0,0,1,1,0,1,0,1,0
ZTF24aaiuktj,0,1,0,1,0,0,1,1,0,1,0
ZTF24aaiulbk,0,1,0,1,0,0,1,1,0,1,0
ZTF24aaiumxd,0,1,0,1,0,1,0,0,1,1,0
ZTF24aaiuodq,1,0,0,0,0,0,0,0,0,0,0
ZTF24aaiupwx,0,1,0,1,0,1,0,0,1,1,0
ZTF24aaiuqjb,1,0,0,0,0,0,0,0,0,0,0
ZTF24aaiuqpl,0,1,0,1,0,1,0,0,1,1,0
ZTF24aaiuqul,0,0,1,1,0,1,0,1,0,1,0
ZTF24aaiuqww,0,1,0,0,1,1,0,1,0,1,0
ZTF24aaiurmt,0,0,1,1,0,1,0,1,0,1,0
ZTF24aaiurui,0,0,1,1,0,1,0,1,0,1,0
ZTF24aaiutge,0,1,0,1,0,0,1,1,0,1,0
ZTF24aaiutvo,1,0,0,0,0,0,0,0,0,0,0
ZTF24aaiutxe,0,1,0,1,0,0,1,1,0,1,0
ZTF24aaiutxk,1,0,0,0,0,0,0,0,0,0,0
ZTF24aaiutyh,1,0,0,0,0,0,0,0,0,0,0
ZTF24aaiuufs,0,1,0,1,0,1,0,0,1,1,0
ZTF24aaiuzzx,0,1,0,0,1,1,0,1,0,1,0
ZTF24aaivblm,0,1,0,1,0,1,0,1,0,0,1
ZTF24aaivcou,0,1,0,1,0,1,0,1,0,0,1
ZTF24aaivcuq,0,1,0,0,1,1,0,1,0,1,0
ZTF24aaivdhn,1,0,0,0,0,0,0,0,0,0,0
ZTF24aaivhpl,0,1,0,1,0,0,1,1,0,1,0
ZTF24aaivixl,0,1,0,0,1,1,0,1,0,1,0
ZTF24aaivize,0,1,0,1,0,1,0,1,0,0,1
ZTF24aaivuth,1,0,0,0,0,0,0,0,0,0,0
ZTF24aaivuxh,1,0,0,0,0,0,0,0,0,0,0
ZTF24aaivvbx,0,1,0,0,1,1,0,1,0,1,0
ZTF24aaivvhw,1,0,0,0,0,0,0,0,0,0,0
ZTF24aaivvmx,0,1,0,0,1,1,0,1,0,1,0
ZTF24aaivypn,1,0,0,0,0,0,0,0,0,0,0
ZTF24aaivyzc,0,1,0,1,0,1,0,1,0,0,1
ZTF24aaivzcx,0,1,0,1,0,1,0,0,1,1,0
ZTF24aaivzgm,0,1,0,1,0,1,0,0,1,1,0
ZTF24aaivzwz,0,1,0,1,0,1,0,0,1,1,0
ZTF24aaiwaed,0,1,0,1,0,0,1,1,0,1,0
ZTF24aaiwaiq,0,1,0,1,0,1,0,1,0,0,1
ZTF24aaiwala,1,0,0,0,0,0,0,0,0,0,0
ZTF24aaiwart,0,1,0,1,0,0,1,1,0,1,0
ZTF24aaiwaup,1,0,0,0,0,0,0,0,0,0,0
ZTF24aaiwbat,0,1,0,0,1,1,0,1,0,1,0
ZTF24aaiwbnf,0,1,0,0,1,1,0,1,0,1,0
ZTF24aaiwbpx,0,1,0,1,0,1,0,0,1,1,0
ZTF24aaiwbrj,0,0,1,1,0,1,0,1,0,1,0
ZTF24aaiwbwq,0,1,0,0,1,1,0,1,0,1,0
ZTF24aaiwbzg,0,1,0,1,0,1,0,0,1,1,0
ZTF24aaiwcbu,0,1,0,1,0,1,0,0,1,1,0
ZTF24aaiwdrk,0,1,0,0,1,1,0,1,0,1,0
ZTF24aaiweap,1,0,0,0,0,0,0,0,0,0,0
ZTF24aaiwefo,0,1,0,1,0,0,1,1,0,1,0
ZTF24aaiwgtt,0,1,0,1,0,1,0,1,0,0,1
ZTF24aaiwibl,1,0,0,0,0,0,0,0,0,0,0
ZTF24aaiwvft,0,1,0,1,0,1,0,1,0,0,1
ZTF24aaiwwid,1,0,0,0,0,0,0,0,0,0,0
ZTF24aaiyfnk,0,1,0,1,0,1,0,0,1,1,0
ZTF24aaiyjao,0,1,0,0,1,1,0,1,0,1,0
ZTF24aaiylqr,1,0,0,0,0,0,0,0,0,0,0
ZTF24aaiyrta,1,0,0,0,0,0,0,0,0,0,0
ZTF24aaiywaa,1,0,0,0,0,0,0,0,0,0,0
ZTF24aaizckk,0,0,1,1,0,1,0,1,0,1,0
ZTF24aaizcye,0,1,0,1,0,1,0,1,0,0,1
ZTF24aaizdbb,0,0,1,1,0,1,0,1,0,1,0
ZTF24aaizdtj,0,1,0,1,0,0,1,1,0,1,0
ZTF24aaizjkc,0,0,1,1,0,1,0,1,0,1,0
ZTF24aaizjyc,1,0,0,0,0,0,0,0,0,0,0
ZTF24aaizmiz,0,0,1,1,0,1,0,1,0,1,0
ZTF24aaiznoa,0,0,1,1,0,1,0,1,0,1,0
ZTF24aaizork,0,1,0,1,0,1,0,1,0,0,1
ZTF24aaizqcb,0,1,0,0,1,1,0,1,0,1,0
ZTF24aajamru,0,1,0,0,1,1,0,1,0,1,0
ZTF24aajandb,0,1,0,1,0,1,0,0,1,1,0
ZTF24aajarzh,0,0,1,1,0,1,0,1,0,1,0
ZTF24aajbsxd,0,1,0,1,0,0,1,1,0,1,0
ZTF24aajbukh,0,1,0,1,0,1,0,0,1,1,0
ZTF24aajcyzd,1,0,0,0,0,0,0,0,0,0,0
ZTF24aajczao,0,0,1,1,0,1,0,1,0,1,0
ZTF24aajddmp,0,0,1,1,0,1,0,1,0,1,0
ZTF24aajdndi,1,0,0,0,0,0,0,0,0,0,0
ZTF24aajdnfo,0,1,0,1,0,1,0,0,1,1,0
ZTF24aajdopz,0,1,0,0,1,1,0,1,0,1,0
ZTF24aajecdi,0,1,0,1,0,1,0,0,1,1,0
ZTF24aajehne,0,1,0,1,0,0,1,1,0,1,0
ZTF24aajgwdv,0,1,0,1,0,1,0,1,0,0,1
ZTF24aajgxuq,0,1,0,0,1,1,0,1,0,1,0
ZTF24aajhlac,0,1,0,1,0,1,0,0,1,1,0
ZTF24aajhnsi,0,1,0,1,0,0,1,1,0,1,0
ZTF24aajhqrx,1,0,0,0,0,0,0,0,0,0,0
ZTF24aajhrid,0,1,0,1,0,0,1,1,0,1,0
ZTF24aajhtdw,0,1,0,1,0,1,0,0,1,1,0
ZTF24aajhxqs,0,1,0,1,0,1,0,1,0,0,1
ZTF24aajihvu,0,1,0,0,1,1,0,1,0,1,0
ZTF24aajipyx,1,0,0,0,0,0,0,0,0,0,0
ZTF24aajitnu,0,0,1,1,0,1,0,1,0,1,0
ZTF24aajiyiv,0,1,0,1,0,0,1,1,0,1,0
ZTF24aajjdsx,0,1,0,1,0,1,0,0,1,1,0
ZTF24aajjnnh,0,1,0,0,1,1,0,1,0,1,0
ZTF24aajmhqc,0,1,0,1,0,1,0,0,1,1,0
ZTF24aajmlvz,0,1,0,1,0,1,0,0,1,1,0
ZTF24aajmmhu,0,1,0,1,0,1,0,1,0,0,1
ZTF24aajnhkm,0,0,1,1,0,1,0,1,0,1,0
ZTF24aajoctb,1,0,0,0,0,0,0,0,0,0,0
ZTF24aajowic,0,1,0,1,0,1,0,1,0,0,1
ZTF24aajoyoc,0,0,1,1,0,1,0,1,0,1,0
ZTF24aajozmt,0,1,0,1,0,1,0,0,1,1,0
ZTF24aajpwsl,0,1,0,0,1,1,0,1,0,1,0
ZTF24aajpwxw,0,1,0,1,0,1,0,0,1,1,0
ZTF24aajqsti,0,0,1,1,0,1,0,1,0,1,0
ZTF24aajqtdv,0,1,0,1,0,0,1,1,0,1,0
ZTF24aajqwfs,1,0,0,0,0,0,0,0,0,0,0
ZTF24aajqwhw,0,1,0,1,0,1,0,1,0,0,1
ZTF24aajuyqs,0,1,0,0,1,1,0,1,0,1,0
ZTF24aajvikr,0,1,0,1,0,1,0,1,0,0,1
ZTF24aajvmgm,1,0,0,0,0,0,0,0,0,0,0
ZTF24aajvsoi,0,1,0,1,0,0,1,1,0,1,0
ZTF24aajvvhj,0,1,0,1,0,1,0,0,1,1,0
ZTF24aajwczy,0,1,0,1,0,0,1,1,0,1,0
ZTF24aajxpmq,0,0,1,1,0,1,0,1,0,1,0
ZTF24aajxzbd,0,0,1,1,0,1,0,1,0,1,0
ZTF24aajykbr,0,1,0,0,1,1,0,1,0,1,0
ZTF24aajzvnv,0,1,0,1,0,0,1,1,0,1,0
ZTF24aakaiqs,0,1,0,1,0,1,0,1,0,0,1
ZTF24aakajco,0,1,0,1,0,0,1,1,0,1,0
ZTF24aakajjy,0,0,1,1,0,1,0,1,0,1,0
ZTF24aakanwe,1,0,0,0,0,0,0,0,0,0,0
ZTF24aakbibx,0,1,0,0,1,1,0,1,0,1,0
ZTF24aakbkee,0,1,0,0,1,1,0,1,0,1,0
ZTF24aakbpfj,0,1,0,1,0,1,0,1,0,0,1
ZTF24aakbptu,0,1,0,1,0,1,0,0,1,1,0
ZTF24aakdewk,0,1,0,0,1,1,0,1,0,1,0
ZTF24aakdjgi,0,1,0,1,0,0,1,1,0,1,0
ZTF24aakdngi,0,0,1,1,0,1,0,1,0,1,0
ZTF24aakfdwc,1,0,0,0,0,0,0,0,0,0,0
ZTF24aakfgvg,1,0,0,0,0,0,0,0,0,0,0
ZTF24aakghyl,0,0,1,1,0,1,0,1,0,1,0
ZTF24aakmeyp,1,0,0,0,0,0,0,0,0,0,0
ZTF24aakmusb,0,1,0,1,0,1,0,0,1,1,0
ZTF24aaknlar,0,1,0,0,1,1,0,1,0,1,0
ZTF24aaknmjx,0,1,0,1,0,0,1,1,0,1,0
ZTF24aaknuvg,0,1,0,1,0,1,0,0,1,1,0
ZTF24aakocbz,0,1,0,0,1,1,0,1,0,1,0
ZTF24aakpgfj,1,0,0,0,0,0,0,0,0,0,0
ZTF24aakpolx,0,1,0,1,0,1,0,1,0,0,1
ZTF24aakpsnq,1,0,0,0,0,0,0,0,0,0,0
ZTF24aakptxh,0,1,0,0,1,1,0,1,0,1,0
ZTF24aakpxif,0,1,0,1,0,1,0,1,0,0,1
ZTF24aakritl,0,0,1,1,0,1,0,1,0,1,0
ZTF24aakrqzs,0,1,0,1,0,1,0,0,1,1,0
ZTF24aakrsww,0,0,1,1,0,1,0,1,0,1,0
ZTF24aakshbw,0,1,0,0,1,1,0,1,0,1,0
ZTF24aaksqsi,0,1,0,1,0,1,0,1,0,0,1
ZTF24aaksqvl,0,1,0,0,1,1,0,1,0,1,0
ZTF24aaktcvi,1,0,0,0,0,0,0,0,0,0,0
ZTF24aakthpb,1,0,0,0,0,0,0,0,0,0,0
ZTF24aaktnic,1,0,0,0,0,0,0,0,0,0,0
ZTF24aaktqfm,0,1,0,1,0,1,0,0,1,1,0
ZTF24aakusbm,0,1,0,1,0,1,0,1,0,0,1
ZTF24aakwijy,0,1,0,1,0,1,0,0,1,1,0
ZTF24aakxejp,1,0,0,0,0,0,0,0,0,0,0
ZTF24aakxtlv,0,1,0,1,0,0,1,1,0,1,0
ZTF24aakyffp,0,1,0,1,0,0,1,1,0,1,0
ZTF24aakysdl,0,1,0,1,0,0,1,1,0,1,0
ZTF24aakysdt,0,1,0,1,0,0,1,1,0,1,0
ZTF24aakyszx,0,1,0,1,0,1,0,1,0,0,1
ZTF24aakzfdi,0,1,0,0,1,1,0,1,0,1,0
ZTF24aakzgnd,1,0,0,0,0,0,0,0,0,0,0
ZTF24aakzjlc,0,1,0,1,0,1,0,0,1,1,0
ZTF24aakzklx,0,0,1,1,0,1,0,1,0,1,0
ZTF24aakzmiu,0,1,0,1,0,1,0,1,0,0,1
ZTF24aakzwsk,0,0,1,1,0,1,0,1,0,1,0
ZTF24aakzwun,0,0,1,1,0,1,0,1,0,1,0
ZTF24aalaava,0,1,0,1,0,1,0,1,0,0,1
ZTF24aalacml,0,1,0,0,1,1,0,1,0,1,0
ZTF24aalanst,0,1,0,1,0,1,0,1,0,0,1
ZTF24aalbbaf,0,1,0,1,0,0,1,1,0,1,0
ZTF24aalbbyp,0,1,0,1,0,1,0,1,0,0,1
ZTF24aalbbzp,0,0,1,1,0,1,0,1,0,1,0
ZTF24aalbhuy,0,1,0,1,0,1,0,1,0,0,1
ZTF24aalbhwo,0,1,0,0,1,1,0,1,0,1,0
ZTF24aalbjtf,0,1,0,0,1,1,0,1,0,1,0
ZTF24aalbnbl,0,0,1,1,0,1,0,1,0,1,0
ZTF24aalbonj,1,0,0,0,0,0,0,0,0,0,0
ZTF24aalbopw,0,1,0,1,0,0,1,1,0,1,0
ZTF24aalbwgz,1,0,0,0,0,0,0,0,0,0,0
ZTF24aalbwog,1,0,0,0,0,0,0,0,0,0,0
ZTF24aalbwox,0,1,0,1,0,0,1,1,0,1,0
ZTF24aalbxdb,0,1,0,1,0,1,0,1,0,0,1
ZTF24aalcbxx,0,1,0,1,0,1,0,1,0,0,1
ZTF24aalcdik,0,1,0,0,1,1,0,1,0,1,0
ZTF24aalcemv,0,1,0,1,0,0,1,1,0,1,0
ZTF24aalcenn,0,1,0,0,1,1,0,1,0,1,0
ZTF24aalceob,1,0,0,0,0,0,0,0,0,0,0
ZTF24aalcfbz,0,1,0,0,1,1,0,1,0,1,0
ZTF24aalcfyh,0,1,0,1,0,1,0,1,0,0,1
ZTF24aalcgmc,1,0,0,0,0,0,0,0,0,0,0
ZTF24aalchzg,0,1,0,1,0,1,0,0,1,1,0
ZTF24aalcknq,0,1,0,1,0,0,1,1,0,1,0
ZTF24aalckpp,0,0,1,1,0,1,0,1,0,1,0
ZTF24aalcktq,0,1,0,1,0,0,1,1,0,1,0
ZTF24aalclvz,1,0,0,0,0,0,0,0,0,0,0
ZTF24aaldwfc,0,0,1,1,0,1,0,1,0,1,0
ZTF24aaleeji,0,1,0,1,0,1,0,1,0,0,1
ZTF24aalehva,0,1,0,1,0,1,0,0,1,1,0
ZTF24aaleiew,0,0,1,1,0,1,0,1,0,1,0
ZTF24aalepin,0,1,0,1,0,0,1,1,0,1,0
ZTF24aalerju,0,1,0,1,0,0,1,1,0,1,0
ZTF24aaletve,1,0,0,0,0,0,0,0,0,0,0
ZTF24aalfgnv,0,1,0,1,0,1,0,0,1,1,0
ZTF24aalfhbt,1,0,0,0,0,0,0,0,0,0,0
ZTF24aalfowt,0,1,0,0,1,1,0,1,0,1,0
ZTF24aalfpbb,0,1,0,1,0,1,0,1,0,0,1
ZTF24aalfyuf,1,0,0,0,0,0,0,0,0,0,0
ZTF24aalgoug,1,0,0,0,0,0,0,0,0,0,0
ZTF24aalgqhw,1,0,0,0,0,0,0,0,0,0,0
ZTF24aalgtww,0,1,0,1,0,1,0,1,0,0,1
ZTF24aalgvxu,0,1,0,0,1,1,0,1,0,1,0
ZTF24aalgwti,0,1,0,1,0,0,1,1,0,1,0
ZTF24aalgxfl,0,1,0,1,0,1,0,1,0,0,1
ZTF24aalgxhz,0,1,0,0,1,1,0,1,0,1,0
ZTF24aalgxns,0,1,0,1,0,0,1,1,0,1,0
ZTF24aalgyiy,0,1,0,1,0,1,0,1,0,0,1
ZTF24aalhbbu,1,0,0,0,0,0,0,0,0,0,0
ZTF24aalhehh,0,1,0,1,0,1,0,0,1,1,0
ZTF24aalhhqr,0,0,1,1,0,1,0,1,0,1,0
ZTF24aaljolu,0,0,1,1,0,1,0,1,0,1,0
ZTF24aaljstu,0,0,1,1,0,1,0,1,0,1,0
ZTF24aaljswk,0,1,0,1,0,1,0,1,0,0,1
ZTF24aaljtes,0,1,0,1,0,1,0,1,0,0,1
ZTF24aallbzm,0,1,0,0,1,1,0,1,0,1,0
ZTF24aallcgq,0,1,0,1,0,1,0,0,1,1,0
ZTF24aalmxih,0,1,0,1,0,1,0,1,0,0,1
ZTF24aalmyfv,0,1,0,0,1,1,0,1,0,1,0
ZTF24aalmytd,0,1,0,1,0,0,1,1,0,1,0
ZTF24aalndou,1,0,0,0,0,0,0,0,0,0,0
ZTF24aalnewv,1,0,0,0,0,0,0,0,0,0,0
ZTF24aalnusq,0,0,1,1,0,1,0,1,0,1,0
ZTF24aalnzxp,0,1,0,1,0,1,0,0,1,1,0
ZTF24aaloims,0,1,0,1,0,0,1,1,0,1,0
ZTF24aalokfu,0,1,0,1,0,1,0,1,0,0,1
ZTF24aaloqvu,0,1,0,1,0,0,1,1,0,1,0
ZTF24aalorhw,0,1,0,1,0,1,0,1,0,0,1
ZTF24aalorkg,0,1,0,1,0,1,0,1,0,0,1
ZTF24aalosvq,0,1,0,1,0,1,0,1,0,0,1
ZTF24aalougs,0,1,0,0,1,1,0,1,0,1,0
ZTF24aalowhj,0,1,0,1,0,0,1,1,0,1,0
ZTF24aalphiy,0,1,0,1,0,1,0,1,0,0,1
ZTF24aalpjzm,0,0,1,1,0,1,0,1,0,1,0
ZTF24aalpqir,0,1,0,1,0,1,0,0,1,1,0
ZTF24aalpqwh,1,0,0,0,0,0,0,0,0,0,0
ZTF24aalpsin,0,0,1,1,0,1,0,1,0,1,0
ZTF24aalpxwi,1,0,0,0,0,0,0,0,0,0,0
ZTF24aalpzdw,0,1,0,1,0,1,0,0,1,1,0
ZTF24aalqbuc,0,1,0,1,0,0,1,1,0,1,0
ZTF24aalqdew,1,0,0,0,0,0,0,0,0,0,0
ZTF24aalqgjr,1,0,0,0,0,0,0,0,0,0,0
ZTF24aalqgqc,0,1,0,0,1,1,0,1,0,1,0
ZTF24aalqhcm,1,0,0,0,0,0,0,0,0,0,0
ZTF24aalqimg,0,0,1,1,0,1,0,1,0,1,0
ZTF24aalqoij,0,0,1,1,0,1,0,1,0,1,0
ZTF24aalqqut,0,1,0,1,0,0,1,1,0,1,0
ZTF24aalqrqv,0,1,0,1,0,0,1,1,0,1,0
ZTF24aalqzvs,0,1,0,1,0,1,0,1,0,0,1
ZTF24aalrbbp,0,1,0,1,0,1,0,1,0,0,1
ZTF24aalrjjb,1,0,0,0,0,0,0,0,0,0,0
ZTF24aalrkio,1,0,0,0,0,0,0,0,0,0,0
ZTF24aalrldn,0,1,0,0,1,1,0,1,0,1,0
ZTF24aalrmff,0,0,1,1,0,1,0,1,0,1,0
ZTF24aalrmkx,0,1,0,0,1,1,0,1,0,1,0
ZTF24aalrrwy,0,1,0,1,0,0,1,1,0,1,0
ZTF24aaltyyy,0,1,0,1,0,1,0,0,1,1,0
ZTF24aaltzof,0,1,0,1,0,1,0,0,1,1,0
ZTF24aalubmp,0,0,1,1,0,1,0,1,0,1,0
ZTF24aaluebq,0,1,0,0,1,1,0,1,0,1,0
ZTF24aalujeu,0,1,0,0,1,1,0,1,0,1,0
ZTF24aalukjj,0,1,0,1,0,1,0,0,1,1,0
ZTF24aalumkz,0,1,0,1,0,1,0,0,1,1,0
ZTF24aalvppg,0,1,0,0,1,1,0,1,0,1,0
ZTF24aalvyvv,1,0,0,0,0,0,0,0,0,0,0
ZTF24aalwpej,0,1,0,1,0,0,1,1,0,1,0
ZTF24aalwvuf,0,1,0,1,0,1,0,0,1,1,0
ZTF24aalwwri,0,1,0,0,1,1,0,1,0,1,0
ZTF24aalwwst,0,0,1,1,0,1,0,1,0,1,0
ZTF24aalxgvt,0,1,0,1,0,0,1,1,0,1,0
ZTF24aalxlsj,0,1,0,0,1,1,0,1,0,1,0
ZTF24aalzefs,0,1,0,1,0,0,1,1,0,1,0
ZTF24aalzgpp,0,1,0,1,0,1,0,0,1,1,0
ZTF24aalzhtv,0,1,0,1,0,0,1,1,0,1,0
ZTF24aalznab,0,0,1,1,0,1,0,1,0,1,0
ZTF24aalznhl,0,1,0,1,0,0,1,1,0,1,0
ZTF24aalzofr,1,0,0,0,0,0,0,0,0,0,0
ZTF24aalzqje,0,1,0,1,0,1,0,0,1,1,0
ZTF24aalzqni,0,1,0,0,1,1,0,1,0,1,0
ZTF24aalzvfr,1,0,0,0,0,0,0,0,0,0,0
ZTF24aamaiht,0,1,0,1,0,0,1,1,0,1,0
ZTF24aamaots,1,0,0,0,0,0,0,0,0,0,0
ZTF24aamavvu,0,0,1,1,0,1,0,1,0,1,0
ZTF24aambcaw,0,1,0,1,0,1,0,0,1,1,0
ZTF24aambzji,0,1,0,0,1,1,0,1,0,1,0
ZTF24aamdmfa,0,1,0,1,0,1,0,1,0,0,1
ZTF24aamdytk,0,1,0,1,0,1,0,1,0,0,1
ZTF24aamecco,1,0,0,0,0,0,0,0,0,0,0
ZTF24aamegtb,0,1,0,1,0,0,1,1,0,1,0
ZTF24aamffgo,1,0,0,0,0,0,0,0,0,0,0
ZTF24aamfhof,1,0,0,0,0,0,0,0,0,0,0
ZTF24aamfzwl,1,0,0,0,0,0,0,0,0,0,0
ZTF24aamgckq,0,1,0,1,0,0,1,1,0,1,0
ZTF24aamgdmz,1,0,0,0,0,0,0,0,0,0,0
ZTF24aamglni,0,1,0,1,0,0,1,1,0,1,0
ZTF24aamgwdu,1,0,0,0,0,0,0,0,0,0,0
ZTF24aamhcur,0,1,0,0,1,1,0,1,0,1,0
ZTF24aamhfaf,0,1,0,1,0,1,0,1,0,0,1
ZTF24aamhkdd,0,0,1,1,0,1,0,1,0,1,0
ZTF24aamhkkz,1,0,0,0,0,0,0,0,0,0,0
ZTF24aamhkxo,0,1,0,1,0,1,0,1,0,0,1
ZTF24aamhlhm,0,1,0,1,0,1,0,1,0,0,1
ZTF24aamhsqn,0,1,0,1,0,1,0,1,0,0,1
ZTF24aamhwlj,0,1,0,1,0,1,0,0,1,1,0
ZTF24aamhyxu,1,0,0,0,0,0,0,0,0,0,0
ZTF24aamijkf,1,0,0,0,0,0,0,0,0,0,0
ZTF24aamilir,0,1,0,1,0,0,1,1,0,1,0
ZTF24aamilny,0,1,0,0,1,1,0,1,0,1,0
ZTF24aamilth,0,1,0,0,1,1,0,1,0,1,0
ZTF24aamimek,0,1,0,1,0,0,1,1,0,1,0
ZTF24aaminbv,1,0,0,0,0,0,0,0,0,0,0
ZTF24aamiomv,0,0,1,1,0,1,0,1,0,1,0
ZTF24aamjeeu,0,0,1,1,0,1,0,1,0,1,0
ZTF24aamjfhr,0,1,0,0,1,1,0,1,0,1,0
ZTF24aamjfvg,0,1,0,0,1,1,0,1,0,1,0
ZTF24aamjgee,0,0,1,1,0,1,0,1,0,1,0
ZTF24aamjubm,0,1,0,1,0,0,1,1,0,1,0
ZTF24aamktbc,0,0,1,1,0,1,0,1,0,1,0
ZTF24aamlauj,0,0,1,1,0,1,0,1,0,1,0
ZTF24aamlauy,0,1,0,1,0,1,0,1,0,0,1
ZTF24aamlzwg,0,1,0,1,0,1,0,0,1,1,0
ZTF24aammkvn,0,1,0,0,1,1,0,1,0,1,0
ZTF24aammlur,0,1,0,1,0,1,0,1,0,0,1
ZTF24aammylz,1,0,0,0,0,0,0,0,0,0,0
ZTF24aammzbg,0,1,0,0,1,1,0,1,0,1,0
ZTF24aamnqeg,0,1,0,1,0,1,0,1,0,0,1
ZTF24aampdux,0,1,0,1,0,1,0,0,1,1,0
ZTF24aampehy,1,0,0,0,0,0,0,0,0,0,0
ZTF24aampfbp,1,0,0,0,0,0,0,0,0,0,0
ZTF24aamqabv,1,0,0,0,0,0,0,0,0,0,0
ZTF24aamqduh,0,1,0,1,0,1,0,0,1,1,0
ZTF24aamqdyh,0,1,0,0,1,1,0,1,0,1,0
ZTF24aamqgar,0,0,1,1,0,1,0,1,0,1,0
ZTF24aamqgnc,0,1,0,0,1,1,0,1,0,1,0
ZTF24aamqkfd,0,1,0,0,1,1,0,1,0,1,0
ZTF24aamqrwk,0,1,0,1,0,0,1,1,0,1,0
ZTF24aamrdcw,1,0,0,0,0,0,0,0,0,0,0
ZTF24aamrkny,0,1,0,1,0,1,0,1,0,0,1
ZTF24aamrspj,0,1,0,0,1,1,0,1,0,1,0
ZTF24aamrtbs,0,1,0,1,0,1,0,0,1,1,0
ZTF24aamspsr,0,1,0,0,1,1,0,1,0,1,0
ZTF24aamtdtq,0,1,0,1,0,1,0,0,1,1,0
ZTF24aamtpla,1,0,0,0,0,0,0,0,0,0,0
ZTF24aamtwya,0,1,0,1,0,0,1,1,0,1,0
ZTF24aamtxrn,0,1,0,1,0,0,1,1,0,1,0
ZTF24aamvpyo,0,1,0,0,1,1,0,1,0,1,0
ZTF24aamvqry,0,1,0,0,1,1,0,1,0,1,0
ZTF24aamvrgo,0,1,0,1,0,1,0,0,1,1,0
ZTF24aamvzfc,0,1,0,1,0,0,1,1,0,1,0
ZTF24aamwkxp,0,0,1,1,0,1,0,1,0,1,0
ZTF24aamwozs,1,0,0,0,0,0,0,0,0,0,0
ZTF24aamwqkh,0,0,1,1,0,1,0,1,0,1,0
ZTF24aamwznr,0,0,1,1,0,1,0,1,0,1,0
ZTF24aamxmol,0,1,0,1,0,1,0,1,0,0,1
ZTF24aamydtt,0,1,0,0,1,1,0,1,0,1,0
ZTF24aamyjbf,0,0,1,1,0,1,0,1,0,1,0
ZTF24aamykhh,1,0,0,0,0,0,0,0,0,0,0
ZTF24aamzkeg,1,0,0,0,0,0,0,0,0,0,0
ZTF24aanaaqv,0,0,1,1,0,1,0,1,0,1,0
ZTF24aanamle,1,0,0,0,0,0,0,0,0,0,0
ZTF24aanavqa,0,0,1,1,0,1,0,1,0,1,0
ZTF24aanbbjl,0,1,0,1,0,0,1,1,0,1,0
ZTF24aanboby,0,0,1,1,0,1,0,1,0,1,0
ZTF24aanbpzv,0,1,0,1,0,0,1,1,0,1,0
ZTF24aanbsne,1,0,0,0,0,0,0,0,0,0,0
ZTF24aanbswr,0,1,0,0,1,1,0,1,0,1,0
ZTF24aancjmu,1,0,0,0,0,0,0,0,0,0,0
ZTF24aancjzy,0,1,0,0,1,1,0,1,0,1,0
ZTF24aancpjk,0,1,0,1,0,0,1,1,0,1,0
ZTF24aandeta,0,0,1,1,0,1,0,1,0,1,0
ZTF24aangfcc,0,0,1,1,0,1,0,1,0,1,0
ZTF24aangkkm,0,1,0,1,0,1,0,1,0,0,1
ZTF24aangmja,0,1,0,0,1,1,0,1,0,1,0
ZTF24aangsva,0,1,0,1,0,1,0,0,1,1,0
ZTF24aanidzy,0,0,1,1,0,1,0,1,0,1,0
ZTF24aaniifw,0,1,0,1,0,0,1,1,0,1,0
ZTF24aanitqt,0,1,0,0,1,1,0,1,0,1,0
ZTF24aanjbpi,0,1,0,1,0,1,0,1,0,0,1
ZTF24aanjche,1,0,0,0,0,0,0,0,0,0,0
ZTF24aanjcpm,0,1,0,1,0,0,1,1,0,1,0
ZTF24aankryh,0,1,0,1,0,1,0,1,0,0,1
ZTF24aankvdj,0,1,0,1,0,1,0,1,0,0,1
ZTF24aanlsjp,0,1,0,0,1,1,0,1,0,1,0
ZTF24aanmanz,0,0,1,1,0,1,0,1,0,1,0
ZTF24aanmiaj,1,0,0,0,0,0,0,0,0,0,0
ZTF24aanmitt,0,1,0,1,0,1,0,1,0,0,1
ZTF24aanmorm,0,1,0,0,1,1,0,1,0,1,0
ZTF24aanmrts,0,1,0,1,0,1,0,0,1,1,0
ZTF24aanmvvy,0,1,0,1,0,1,0,1,0,0,1
ZTF24aannaos,0,1,0,1,0,1,0,1,0,0,1
ZTF24aanpztl,0,1,0,1,0,1,0,1,0,0,1
ZTF24aanqosm,0,1,0,1,0,1,0,0,1,1,0
ZTF24aanqxde,0,1,0,1,0,1,0,0,1,1,0
ZTF24aantnpg,0,1,0,1,0,0,1,1,0,1,0
ZTF24aanubwv,0,1,0,1,0,1,0,1,0,0,1
ZTF24aanuttx,0,1,0,1,0,0,1,1,0,1,0
ZTF24aanvjid,0,1,0,0,1,1,0,1,0,1,0
ZTF24aanvssj,0,0,1,1,0,1,0,1,0,1,0
ZTF24aanvten,0,1,0,1,0,1,0,1,0,0,1
ZTF24aanvuqk,0,1,0,1,0,1,0,0,1,1,0
ZTF24aanxdyg,0,1,0,1,0,0,1,1,0,1,0
ZTF24aanyhwz,0,1,0,1,0,1,0,0,1,1,0
ZTF24aanzdnq,0,1,0,1,0,0,1,1,0,1,0
ZTF24aanzefe,0,1,0,1,0,1,0,1,0,0,1
ZTF24aanzyon,1,0,0,0,0,0,0,0,0,0,0
ZTF24aaoaghn,1,0,0,0,0,0,0,0,0,0,0
ZTF24aaoamoj,0,1,0,1,0,1,0,0,1,1,0
ZTF24aaoaoee,0,1,0,1,0,1,0,1,0,0,1
ZTF24aaobewb,0,1,0,1,0,1,0,0,1,1,0
ZTF24aaobxcs,0,1,0,1,0,1,0,1,0,0,1
ZTF24aaocoef,1,0,0,0,0,0,0,0,0,0,0
ZTF24aaodato,0,1,0,1,0,1,0,0,1,1,0
ZTF24aaodngr,1,0,0,0,0,0,0,0,0,0,0
ZTF24aaodyxs,0,0,1,1,0,1,0,1,0,1,0
ZTF24aaodzrs,0,1,0,1,0,0,1,1,0,1,0
ZTF24aaoekje,0,1,0,1,0,0,1,1,0,1,0
ZTF24aaoemlu,0,1,0,1,0,1,0,1,0,0,1
ZTF24aaoeroi,1,0,0,0,0,0,0,0,0,0,0
ZTF24aaoesxn,0,1,0,1,0,0,1,1,0,1,0
ZTF24aaoexqw,0,1,0,0,1,1,0,1,0,1,0
ZTF24aaofibr,1,0,0,0,0,0,0,0,0,0,0
ZTF24aaofpuj,0,1,0,1,0,1,0,0,1,1,0
ZTF24aaogccw,1,0,0,0,0,0,0,0,0,0,0
ZTF24aaoggcb,0,1,0,0,1,1,0,1,0,1,0
ZTF24aaohhpj,1,0,0,0,0,0,0,0,0,0,0
ZTF24aaoidpy,1,0,0,0,0,0,0,0,0,0,0
ZTF24aaoihda,0,0,1,1,0,1,0,1,0,1,0
ZTF24aaoikmz,1,0,0,0,0,0,0,0,0,0,0
ZTF24aaolqqe,0,0,1,1,0,1,0,1,0,1,0
ZTF24aaomcqk,0,1,0,1,0,1,0,0,1,1,0
ZTF24aaomloj,1,0,0,0,0,0,0,0,0,0,0
ZTF24aaomrmu,0,0,1,1,0,1,0,1,0,1,0
ZTF24aaomrsa,0,1,0,1,0,1,0,0,1,1,0
ZTF24aaomsan,0,0,1,1,0,1,0,1,0,1,0
ZTF24aaomxlw,1,0,0,0,0,0,0,0,0,0,0
ZTF24aaomzwy,0,0,1,1,0,1,0,1,0,1,0
ZTF24aaoniol,0,0,1,1,0,1,0,1,0,1,0
ZTF24aaoosca,1,0,0,0,0,0,0,0,0,0,0
ZTF24aaooupg,0,1,0,1,0,0,1,1,0,1,0
ZTF24aaoqhfe,1,0,0,0,0,0,0,0,0,0,0
ZTF24aaoqram,0,1,0,1,0,1,0,1,0,0,1
ZTF24aaosjfz,0,0,1,1,0,1,0,1,0,1,0
ZTF24aaoskeh,1,0,0,0,0,0,0,0,0,0,0
ZTF24aaosldd,0,1,0,0,1,1,0,1,0,1,0
ZTF24aaosqgf,0,1,0,1,0,1,0,1,0,0,1
ZTF24aaotkgp,0,1,0,0,1,1,0,1,0,1,0
ZTF24aaotqjy,0,1,0,1,0,0,1,1,0,1,0
ZTF24aaotzpd,1,0,0,0,0,0,0,0,0,0,0
ZTF24aaoukon,0,1,0,1,0,1,0,0,1,1,0
ZTF24aaouput,0,1,0,0,1,1,0,1,0,1,0
ZTF24aaouvhf,1,0,0,0,0,0,0,0,0,0,0
ZTF24aaouwxo,0,1,0,1,0,0,1,1,0,1,0
ZTF24aaouxbr,0,1,0,0,1,1,0,1,0,1,0
ZTF24aaovbmc,1,0,0,0,0,0,0,0,0,0,0
ZTF24aaovfxc,0,1,0,1,0,0,1,1,0,1,0
ZTF24aaovhti,0,1,0,0,1,1,0,1,0,1,0
ZTF24aaovimg,1,0,0,0,0,0,0,0,0,0,0
ZTF24aaovimh,0,1,0,1,0,0,1,1,0,1,0
ZTF24aaovjfl,0,0,1,1,0,1,0,1,0,1,0
ZTF24aaovndh,0,1,0,1,0,0,1,1,0,1,0
ZTF24aaovndp,0,1,0,0,1,1,0,1,0,1,0
ZTF24aaovnhf,1,0,0,0,0,0,0,0,0,0,0
ZTF24aaovocy,0,1,0,1,0,1,0,0,1,1,0
ZTF24aaovokk,0,1,0,1,0,1,0,1,0,0,1
ZTF24aaovpcc,1,0,0,0,0,0,0,0,0,0,0
ZTF24aaovqdw,0,0,1,1,0,1,0,1,0,1,0
ZTF24aaovqwx,0,1,0,1,0,1,0,0,1,1,0
ZTF24aaovyix,0,1,0,1,0,1,0,0,1,1,0
ZTF24aaowblc,0,1,0,1,0,1,0,0,1,1,0
ZTF24aaowbmw,0,1,0,1,0,1,0,0,1,1,0
ZTF24aaowdbj,0,0,1,1,0,1,0,1,0,1,0
ZTF24aaowdnk,0,1,0,1,0,1,0,1,0,0,1
ZTF24aaowelx,0,1,0,1,0,1,0,0,1,1,0
ZTF24aaowiqq,1,0,0,0,0,0,0,0,0,0,0
ZTF24aaowjtm,0,0,1,1,0,1,0,1,0,1,0
ZTF24aaowqna,0,1,0,1,0,1,0,1,0,0,1
ZTF24aaoxkkp,1,0,0,0,0,0,0,0,0,0,0
ZTF24aaoxmev,0,1,0,1,0,1,0,1,0,0,1
ZTF24aaoxsgg,0,1,0,1,0,1,0,1,0,0,1
ZTF24aaoymvy,0,1,0,1,0,1,0,0,1,1,0
ZTF24aaoynzu,0,1,0,1,0,1,0,0,1,1,0
ZTF24aaoyzzi,0,1,0,0,1,1,0,1,0,1,0
ZTF24aaozczu,0,1,0,1,0,0,1,1,0,1,0
ZTF24aaozwsw,0,0,1,1,0,1,0,1,0,1,0
ZTF24aaozxhx,0,1,0,0,1,1,0,1,0,1,0
ZTF24aapacad,1,0,0,0,0,0,0,0,0,0,0
ZTF24aapafjt,1,0,0,0,0,0,0,0,0,0,0
ZTF24aapajlj,1,0,0,0,0,0,0,0,0,0,0
ZTF24aapalwa,0,1,0,1,0,1,0,1,0,0,1
ZTF24aapbpoz,0,1,0,0,1,1,0,1,0,1,0
ZTF24aapbtpw,0,1,0,1,0,1,0,1,0,0,1
ZTF24aapciba,0,1,0,1,0,1,0,0,1,1,0
ZTF24aapckvt,0,1,0,0,1,1,0,1,0,1,0
ZTF24aapcudz,0,0,1,1,0,1,0,1,0,1,0
ZTF24aapdlwr,0,1,0,0,1,1,0,1,0,1,0
ZTF24aapdret,0,1,0,1,0,1,0,0,1,1,0
ZTF24aapdtli,0,1,0,1,0,0,1,1,0,1,0
ZTF24aapdtys,0,1,0,1,0,1,0,1,0,0,1
ZTF24aapebzb,0,1,0,1,0,0,1,1,0,1,0
ZTF24aapedby,0,1,0,1,0,1,0,0,1,1,0
ZTF24aapeooe,0,1,0,1,0,0,1,1,0,1,0
ZTF24aapestg,0,0,1,1,0,1,0,1,0,1,0
ZTF24aapeuwj,0,1,0,0,1,1,0,1,0,1,0
ZTF24aapeuyd,0,1,0,0,1,1,0,1,0,1,0
ZTF24aapevgu,1,0,0,0,0,0,0,0,0,0,0
ZTF24aapewmr,0,1,0,1,0,1,0,0,1,1,0
ZTF24aapewnr,0,1,0,1,0,0,1,1,0,1,0
ZTF24aapexhw,0,1,0,1,0,1,0,1,0,0,1
ZTF24aapfalr,1,0,0,0,0,0,0,0,0,0,0
ZTF24aapfcas,0,1,0,1,0,1,0,0,1,1,0
ZTF24aapfcbo,0,1,0,1,0,1,0,1,0,0,1
ZTF24aapfecu,0,1,0,0,1,1,0,1,0,1,0
ZTF24aapffzm,1,0,0,0,0,0,0,0,0,0,0
ZTF24aapfhen,0,1,0,0,1,1,0,1,0,1,0
ZTF24aapfitu,1,0,0,0,0,0,0,0,0,0,0
ZTF24aapflld,0,0,1,1,0,1,0,1,0,1,0
ZTF24aapflot,0,1,0,1,0,0,1,1,0,1,0
ZTF24aapflrm,1,0,0,0,0,0,0,0,0,0,0
ZTF24aapgxir,0,0,1,1,0,1,0,1,0,1,0
ZTF24aaphlby,0,1,0,0,1,1,0,1,0,1,0
ZTF24aaphldk,0,1,0,1,0,1,0,0,1,1,0
ZTF24aaphmlk,0,1,0,0,1,1,0,1,0,1,0
ZTF24aaphvnb,1,0,0,0,0,0,0,0,0,0,0
ZTF24aapjara,0,1,0,0,1,1,0,1,0,1,0
ZTF24aapjeyg,0,1,0,1,0,0,1,1,0,1,0
ZTF24aapjgzo,1,0,0,0,0,0,0,0,0,0,0
ZTF24aapjkfl,0,1,0,1,0,0,1,1,0,1,0
ZTF24aaplgce,0,1,0,1,0,0,1,1,0,1,0
ZTF24aapoins,0,0,1,1,0,1,0,1,0,1,0
ZTF24aapoxni,0,1,0,1,0,0,1,1,0,1,0
ZTF24aappiba,1,0,0,0,0,0,0,0,0,0,0
ZTF24aappiqs,0,1,0,0,1,1,0,1,0,1,0
ZTF24aappvbt,0,0,1,1,0,1,0,1,0,1,0
ZTF24aapqsca,0,1,0,0,1,1,0,1,0,1,0
ZTF24aapqwzu,0,1,0,1,0,0,1,1,0,1,0
ZTF24aapreur,0,0,1,1,0,1,0,1,0,1,0
ZTF24aaprkyz,0,0,1,1,0,1,0,1,0,1,0
ZTF24aaprmqh,0,0,1,1,0,1,0,1,0,1,0
ZTF24aaprtht,0,1,0,1,0,0,1,1,0,1,0
ZTF24aapsadt,0,1,0,1,0,1,0,0,1,1,0
ZTF24aaptfnu,1,0,0,0,0,0,0,0,0,0,0
ZTF24aaptjno,1,0,0,0,0,0,0,0,0,0,0
ZTF24aaptkmh,0,1,0,1,0,0,1,1,0,1,0
ZTF24aaptkmi,1,0,0,0,0,0,0,0,0,0,0
ZTF24aapuxre,0,0,1,1,0,1,0,1,0,1,0
ZTF24aapvana,1,0,0,0,0,0,0,0,0,0,0
ZTF24aapvelg,0,1,0,1,0,1,0,1,0,0,1
ZTF24aapvieu,0,1,0,0,1,1,0,1,0,1,0
ZTF24aapvimc,0,1,0,1,0,0,1,1,0,1,0
ZTF24aapvozi,0,1,0,1,0,1,0,1,0,0,1
ZTF24aapwcgc,0,1,0,1,0,0,1,1,0,1,0
ZTF24aapwjli,1,0,0,0,0,0,0,0,0,0,0
ZTF24aapwmqc,0,1,0,1,0,1,0,1,0,0,1
ZTF24aapwpjn,0,1,0,1,0,1,0,1,0,0,1
ZTF24aapwqsj,0,0,1,1,0,1,0,1,0,1,0
ZTF24aapwrfb,0,0,1,1,0,1,0,1,0,1,0
ZTF24aapwxdw,1,0,0,0,0,0,0,0,0,0,0
ZTF24aapwxyw,0,1,0,0,1,1,0,1,0,1,0
ZTF24aapwzeq,0,1,0,1,0,1,0,0,1,1,0
ZTF24aapxjig,0,1,0,1,0,0,1,1,0,1,0
ZTF24aapxjle,0,1,0,0,1,1,0,1,0,1,0
ZTF24aapyivn,1,0,0,0,0,0,0,0,0,0,0
ZTF24aapziin,0,0,1,1,0,1,0,1,0,1,0
ZTF24aapzirf,0,1,0,0,1,1,0,1,0,1,0
ZTF24aapziyd,0,1,0,1,0,1,0,0,1,1,0
ZTF24aapzode,1,0,0,0,0,0,0,0,0,0,0
ZTF24aapzoix,0,1,0,1,0,1,0,0,1,1,0
ZTF24aapzzna,1,0,0,0,0,0,0,0,0,0,0
ZTF24aaqcrdh,0,1,0,1,0,1,0,0,1,1,0
ZTF24aaqcycs,0,1,0,0,1,1,0,1,0,1,0
ZTF24aaqcyga,0,0,1,1,0,1,0,1,0,1,0
ZTF24aaqdfsz,1,0,0,0,0,0,0,0,0,0,0
ZTF24aaqdgoq,0,1,0,1,0,0,1,1,0,1,0
ZTF24aaqdihg,1,0,0,0,0,0,0,0,0,0,0
ZTF24aaqdsdm,0,1,0,0,1,1,0,1,0,1,0
ZTF24aaqeggn,0,1,0,1,0,1,0,0,1,1,0
ZTF24aaqegmv,0,1,0,1,0,1,0,0,1,1,0
ZTF24aaqekif,1,0,0,0,0,0,0,0,0,0,0
ZTF24aaqfkpd,0,1,0,1,0,1,0,1,0,0,1
ZTF24aaqixox,0,1,0,1,0,1,0,0,1,1,0
ZTF24aaqjjer,0,1,0,1,0,1,0,1,0,0,1
ZTF24aaqjqrf,1,0,0,0,0,0,0,0,0,0,0
ZTF24aaqklzm,0,1,0,1,0,0,1,1,0,1,0
ZTF24aaqkyns,1,0,0,0,0,0,0,0,0,0,0
ZTF24aaqnrpp,0,1,0,0,1,1,0,1,0,1,0
ZTF24aaqnttd,0,0,1,1,0,1,0,1,0,1,0
ZTF24aaqogsa,0,1,0,1,0,1,0,1,0,0,1
ZTF24aaqpnac,0,1,0,1,0,1,0,0,1,1,0
ZTF24aaqpvnm,0,1,0,1,0,1,0,0,1,1,0
ZTF24aaqseim,0,1,0,0,1,1,0,1,0,1,0
ZTF24aaqtlyx,1,0,0,0,0,0,0,0,0,0,0
ZTF24aaqtzho,0,1,0,1,0,1,0,1,0,0,1
ZTF24aaqucwn,0,1,0,0,1,1,0,1,0,1,0
ZTF24aaquegq,0,1,0,0,1,1,0,1,0,1,0
ZTF24aaqugdz,0,1,0,1,0,1,0,1,0,0,1
ZTF24aaqugzv,0,1,0,1,0,0,1,1,0,1,0
ZTF24aaquixl,0,0,1,1,0,1,0,1,0,1,0
ZTF24aaqvnez,1,0,0,0,0,0,0,0,0,0,0
ZTF24aaqvqlp,0,1,0,1,0,0,1,1,0,1,0
ZTF24aaqvwdf,1,0,0,0,0,0,0,0,0,0,0
ZTF24aaqwomt,0,1,0,0,1,1,0,1,0,1,0
ZTF24aaqwqet,0,1,0,1,0,1,0,1,0,0,1
ZTF24aaqxcpz,0,1,0,1,0,0,1,1,0,1,0
ZTF24aaqxcsr,0,1,0,1,0,1,0,0,1,1,0
ZTF24aaqxnui,1,0,0,0,0,0,0,0,0,0,0
ZTF24aaqzkzx,0,1,0,1,0,1,0,0,1,1,0
ZTF24aaqzpsb,0,1,0,1,0,1,0,1,0,0,1
ZTF24aaqzxyu,0,1,0,0,1,1,0,1,0,1,0
ZTF24aaqzycc,1,0,0,0,0,0,0,0,0,0,0
ZTF24aarafaw,0,1,0,1,0,0,1,1,0,1,0
ZTF24aaragna,0,1,0,1,0,1,0,0,1,1,0
ZTF24aarajmv,1,0,0,0,0,0,0,0,0,0,0
ZTF24aarajvc,0,1,0,1,0,0,1,1,0,1,0
ZTF24aarajyp,0,1,0,1,0,1,0,0,1,1,0
ZTF24aarbdll,0,1,0,0,1,1,0,1,0,1,0
ZTF24aarbequ,0,1,0,0,1,1,0,1,0,1,0
ZTF24aarbgtp,0,0,1,1,0,1,0,1,0,1,0
ZTF24aarbhiu,0,0,1,1,0,1,0,1,0,1,0
ZTF24aardazo,0,1,0,1,0,1,0,0,1,1,0
ZTF24aardggz,0,1,0,1,0,1,0,1,0,0,1
ZTF24aardmib,0,1,0,1,0,0,1,1,0,1,0
ZTF24aarecvo,1,0,0,0,0,0,0,0,0,0,0
ZTF24aareiqy,0,1,0,1,0,1,0,1,0,0,1
ZTF24aargaif,0,1,0,1,0,0,1,1,0,1,0
ZTF24aargamg,0,1,0,1,0,1,0,0,1,1,0
ZTF24aargjpt,0,1,0,1,0,1,0,0,1,1,0
ZTF24aargoer,1,0,0,0,0,0,0,0,0,0,0
ZTF24aarjcvm,0,1,0,0,1,1,0,1,0,1,0
ZTF24aarkfbu,0,1,0,1,0,1,0,1,0,0,1
ZTF24aarkrxi,0,1,0,0,1,1,0,1,0,1,0
ZTF24aarndoh,0,1,0,1,0,0,1,1,0,1,0
ZTF24aarorkm,0,0,1,1,0,1,0,1,0,1,0
ZTF24aarpfty,1,0,0,0,0,0,0,0,0,0,0
ZTF24aarpnnb,0,1,0,1,0,1,0,0,1,1,0
ZTF24aarpqjv,0,1,0,1,0,1,0,0,1,1,0
ZTF24aarptla,0,1,0,1,0,0,1,1,0,1,0
ZTF24aarrrkf,0,1,0,1,0,0,1,1,0,1,0
ZTF24aarrxiy,1,0,0,0,0,0,0,0,0,0,0
ZTF24aarrxpw,0,1,0,1,0,1,0,1,0,0,1
ZTF24aartqxb,0,1,0,1,0,1,0,1,0,0,1
ZTF24aartuoc,0,1,0,1,0,1,0,1,0,0,1
ZTF24aarujdy,0,0,1,1,0,1,0,1,0,1,0
ZTF24aarumtk,0,0,1,1,0,1,0,1,0,1,0
ZTF24aarunsw,0,0,1,1,0,1,0,1,0,1,0
ZTF24aaruybh,0,1,0,1,0,0,1,1,0,1,0
ZTF24aarvgge,1,0,0,0,0,0,0,0,0,0,0
ZTF24aarvhfv,0,1,0,1,0,1,0,0,1,1,0
ZTF24aarvrgb,0,0,1,1,0,1,0,1,0,1,0
ZTF24aarvruf,0,1,0,0,1,1,0,1,0,1,0
ZTF24aarvwvr,0,1,0,0,1,1,0,1,0,1,0
ZTF24aarwbca,0,1,0,1,0,1,0,0,1,1,0
ZTF24aarwdwz,0,1,0,0,1,1,0,1,0,1,0
ZTF24aarweix,0,1,0,1,0,0,1,1,0,1,0
ZTF24aarwzus,0,0,1,1,0,1,0,1,0,1,0
ZTF24aarxcme,0,1,0,1,0,1,0,0,1,1,0
ZTF24aarxinn,0,0,1,1,0,1,0,1,0,1,0
ZTF24aarxwyd,0,1,0,0,1,1,0,1,0,1,0
ZTF24aarxxmm,0,1,0,0,1,1,0,1,0,1,0
ZTF24aarybtv,0,1,0,1,0,1,0,1,0,0,1
ZTF24aasaljy,1,0,0,0,0,0,0,0,0,0,0
ZTF24aasbleh,0,1,0,0,1,1,0,1,0,1,0
ZTF24aasbssc,0,1,0,1,0,1,0,1,0,0,1
ZTF24aasbtjr,0,1,0,0,1,1,0,1,0,1,0
ZTF24aascngq,0,1,0,0,1,1,0,1,0,1,0
ZTF24aascpbx,1,0,0,0,0,0,0,0,0,0,0
ZTF24aascytf,1,0,0,0,0,0,0,0,0,0,0
ZTF24aasegiw,0,1,0,1,0,1,0,0,1,1,0
ZTF24aasejrd,1,0,0,0,0,0,0,0,0,0,0
ZTF24aaserll,0,0,1,1,0,1,0,1,0,1,0
ZTF24aasfedj,0,1,0,1,0,1,0,1,0,0,1
ZTF24aasfepq,0,1,0,1,0,1,0,1,0,0,1
ZTF24aasffad,0,1,0,1,0,1,0,1,0,0,1
ZTF24aasfhzh,0,1,0,1,0,1,0,1,0,0,1
ZTF24aasfpum,1,0,0,0,0,0,0,0,0,0,0
ZTF24aasfuod,0,1,0,1,0,1,0,1,0,0,1
ZTF24aasfutg,0,1,0,1,0,1,0,0,1,1,0
ZTF24aashapy,0,1,0,0,1,1,0,1,0,1,0
ZTF24aashlqp,0,1,0,1,0,0,1,1,0,1,0
ZTF24aashwcc,0,1,0,0,1,1,0,1,0,1,0
ZTF24aasifyn,0,1,0,1,0,1,0,1,0,0,1
ZTF24aasikhh,0,0,1,1,0,1,0,1,0,1,0
ZTF24aasimvj,0,1,0,1,0,1,0,1,0,0,1
ZTF24aasjpxb,0,1,0,1,0,1,0,0,1,1,0
ZTF24aasjwgy,1,0,0,0,0,0,0,0,0,0,0
ZTF24aasjzkt,0,1,0,0,1,1,0,1,0,1,0
ZTF24aaskhrq,0,1,0,0,1,1,0,1,0,1,0
ZTF24aaskjim,0,1,0,1,0,1,0,1,0,0,1
ZTF24aasktkt,0,1,0,1,0,1,0,0,1,1,0
ZTF24aaslvce,0,1,0,0,1,1,0,1,0,1,0
ZTF24aasmvus,1,0,0,0,0,0,0,0,0,0,0
ZTF24aasmygp,0,1,0,0,1,1,0,1,0,1,0
ZTF24aasnhqj,0,1,0,1,0,1,0,1,0,0,1
ZTF24aasnxuf,0,0,1,1,0,1,0,1,0,1,0
ZTF24aasojjk,0,0,1,1,0,1,0,1,0,1,0
ZTF24aaspwim,0,0,1,1,0,1,0,1,0,1,0
ZTF24aasqdgk,0,1,0,1,0,1,0,1,0,0,1
ZTF24aasqeih,0,1,0,1,0,1,0,1,0,0,1
ZTF24aasrhbc,0,1,0,1,0,1,0,0,1,1,0
ZTF24aasrhdc,0,1,0,1,0,1,0,0,1,1,0
ZTF24aasrqaf,0,1,0,1,0,0,1,1,0,1,0
ZTF24aasvdze,0,1,0,1,0,0,1,1,0,1,0
ZTF24aasvnnj,0,1,0,0,1,1,0,1,0,1,0
ZTF24aaswzot,0,1,0,1,0,0,1,1,0,1,0
ZTF24aasxiqu,0,1,0,0,1,1,0,1,0,1,0
ZTF24aasyngr,0,1,0,1,0,1,0,0,1,1,0
ZTF24aataxft,0,1,0,0,1,1,0,1,0,1,0
ZTF24aatbkoi,0,1,0,0,1,1,0,1,0,1,0
ZTF24aatblos,0,1,0,0,1,1,0,1,0,1,0
ZTF24aatbrat,1,0,0,0,0,0,0,0,0,0,0
ZTF24aatbucf,1,0,0,0,0,0,0,0,0,0,0
ZTF24aatbwnq,0,0,1,1,0,1,0,1,0,1,0
ZTF24aatcenz,0,1,0,0,1,1,0,1,0,1,0
ZTF24aatchag,0,1,0,0,1,1,0,1,0,1,0
ZTF24aatchko,1,0,0,0,0,0,0,0,0,0,0
ZTF24aatchxo,1,0,0,0,0,0,0,0,0,0,0
ZTF24aatcjxq,0,1,0,1,0,1,0,1,0,0,1
ZTF24aatcowf,0,1,0,1,0,1,0,1,0,0,1
ZTF24aatcqgl,0,1,0,0,1,1,0,1,0,1,0
ZTF24aatdpts,0,1,0,1,0,0,1,1,0,1,0
ZTF24aatdufa,1,0,0,0,0,0,0,0,0,0,0
ZTF24aatduir,1,0,0,0,0,0,0,0,0,0,0
ZTF24aatdvad,0,1,0,1,0,1,0,0,1,1,0
ZTF24aateouu,0,1,0,1,0,1,0,1,0,0,1
ZTF24aatfbjn,1,0,0,0,0,0,0,0,0,0,0
ZTF24aatgswg,1,0,0,0,0,0,0,0,0,0,0
ZTF24aatgtrs,0,1,0,1,0,1,0,1,0,0,1
ZTF24aatgvrs,0,1,0,0,1,1,0,1,0,1,0
ZTF24aathrfb,1,0,0,0,0,0,0,0,0,0,0
ZTF24aathrjy,1,0,0,0,0,0,0,0,0,0,0
ZTF24aathvil,0,1,0,0,1,1,0,1,0,1,0
ZTF24aathvwi,0,1,0,1,0,0,1,1,0,1,0
ZTF24aathzgk,0,1,0,1,0,1,0,1,0,0,1
ZTF24aathzox,0,0,1,1,0,1,0,1,0,1,0
ZTF24aatiafq,1,0,0,0,0,0,0,0,0,0,0
ZTF24aatibaw,0,0,1,1,0,1,0,1,0,1,0
ZTF24aatiefz,0,1,0,1,0,0,1,1,0,1,0
ZTF24aatieok,0,0,1,1,0,1,0,1,0,1,0
ZTF24aatifep,0,1,0,1,0,0,1,1,0,1,0
ZTF24aatifmm,0,1,0,1,0,1,0,0,1,1,0
ZTF24aatigmo,0,1,0,0,1,1,0,1,0,1,0
ZTF24aatijro,0,1,0,1,0,1,0,1,0,0,1
ZTF24aatikta,1,0,0,0,0,0,0,0,0,0,0
ZTF24aatjphv,1,0,0,0,0,0,0,0,0,0,0
ZTF24aatjvqt,0,1,0,1,0,1,0,0,1,1,0
ZTF24aatkbpq,0,1,0,1,0,1,0,1,0,0,1
ZTF24aatkdmy,1,0,0,0,0,0,0,0,0,0,0
ZTF24aatkgip,0,1,0,1,0,0,1,1,0,1,0
ZTF24aatlqae,0,1,0,1,0,1,0,1,0,0,1
ZTF24aatlsjr,0,1,0,0,1,1,0,1,0,1,0
ZTF24aatlwuy,0,1,0,0,1,1,0,1,0,1,0
ZTF24aatpyzf,0,1,0,0,1,1,0,1,0,1,0
ZTF24aatqacu,0,1,0,1,0,1,0,1,0,0,1
ZTF24aatqahi,0,1,0,1,0,1,0,0,1,1,0
ZTF24aatqbrm,1,0,0,0,0,0,0,0,0,0,0
ZTF24aatqcbd,0,1,0,0,1,1,0,1,0,1,0
ZTF24aatqiio,0,0,1,1,0,1,0,1,0,1,0
ZTF24aatqjdb,0,1,0,1,0,0,1,1,0,1,0
ZTF24aatqmwy,0,1,0,1,0,1,0,0,1,1,0
ZTF24aatqqdj,0,1,0,0,1,1,0,1,0,1,0
ZTF24aatrvwr,0,1,0,1,0,1,0,0,1,1,0
ZTF24aatsegj,1,0,0,0,0,0,0,0,0,0,0
ZTF24aatvrhz,0,1,0,0,1,1,0,1,0,1,0
ZTF24aatvsab,0,0,1,1,0,1,0,1,0,1,0
ZTF24aatvsjz,1,0,0,0,0,0,0,0,0,0,0
ZTF24aatvsud,0,1,0,1,0,1,0,0,1,1,0
ZTF24aatvswq,0,1,0,1,0,1,0,0,1,1,0
ZTF24aatvubs,0,1,0,1,0,0,1,1,0,1,0
ZTF24aatvvco,0,1,0,0,1,1,0,1,0,1,0
ZTF24aatwclk,0,1,0,1,0,1,0,0,1,1,0
ZTF24aatwddy,1,0,0,0,0,0,0,0,0,0,0
ZTF24aatwrgh,0,1,0,1,0,0,1,1,0,1,0
ZTF24aatwunq,1,0,0,0,0,0,0,0,0,0,0
ZTF24aatwwjf,0,1,0,1,0,1,0,1,0,0,1
ZTF24aatwwpj,0,0,1,1,0,1,0,1,0,1,0
ZTF24aatxyod,0,1,0,1,0,1,0,0,1,1,0
ZTF24aatyafe,0,0,1,1,0,1,0,1,0,1,0
ZTF24aatydah,0,0,1,1,0,1,0,1,0,1,0
ZTF24aatydxn,0,0,1,1,0,1,0,1,0,1,0
ZTF24aatyewx,0,1,0,0,1,1,0,1,0,1,0
ZTF24aatyffg,0,1,0,1,0,1,0,1,0,0,1
ZTF24aatyfug,0,1,0,1,0,0,1,1,0,1,0
ZTF24aatykdn,0,0,1,1,0,1,0,1,0,1,0
ZTF24aatykkg,0,1,0,1,0,1,0,0,1,1,0
ZTF24aatylpm,0,1,0,0,1,1,0,1,0,1,0
ZTF24aatytmb,0,1,0,0,1,1,0,1,0,1,0
ZTF24aatytqv,0,1,0,1,0,0,1,1,0,1,0
ZTF24aatytvb,0,1,0,1,0,0,1,1,0,1,0
ZTF24aatzabr,1,0,0,0,0,0,0,0,0,0,0
ZTF24aatzsjw,0,1,0,1,0,1,0,0,1,1,0
ZTF24aauatou,0,0,1,1,0,1,0,1,0,1,0
ZTF24aaucclf,1,0,0,0,0,0,0,0,0,0,0
ZTF24aaucgie,0,1,0,1,0,1,0,1,0,0,1
ZTF24aaucuru,0,0,1,1,0,1,0,1,0,1,0
ZTF24aaudahz,0,1,0,1,0,0,1,1,0,1,0
ZTF24aaudcsq,1,0,0,0,0,0,0,0,0,0,0
ZTF24aauddzm,0,1,0,1,0,1,0,0,1,1,0
ZTF24aaudfic,0,0,1,1,0,1,0,1,0,1,0
ZTF24aaudwan,1,0,0,0,0,0,0,0,0,0,0
ZTF24aaudwdu,0,1,0,0,1,1,0,1,0,1,0
ZTF24aaudyhy,0,0,1,1,0,1,0,1,0,1,0
ZTF24aaueejq,0,0,1,1,0,1,0,1,0,1,0
ZTF24aauefgk,0,1,0,1,0,0,1,1,0,1,0
ZTF24aauegbs,0,1,0,0,1,1,0,1,0,1,0
ZTF24aauejvx,0,1,0,1,0,1,0,1,0,0,1
ZTF24aauekqv,0,1,0,1,0,0,1,1,0,1,0
ZTF24aauekto,1,0,0,0,0,0,0,0,0,0,0
ZTF24aauekuo,0,1,0,0,1,1,0,1,0,1,0
ZTF24aauekwz,0,1,0,1,0,1,0,1,0,0,1
ZTF24aauelbz,1,0,0,0,0,0,0,0,0,0,0
ZTF24aauengz,0,1,0,1,0,1,0,1,0,0,1
ZTF24aaueukr,0,1,0,1,0,0,1,1,0,1,0
ZTF24aauevaw,0,1,0,1,0,1,0,1,0,0,1
ZTF24aaufqkz,0,0,1,1,0,1,0,1,0,1,0
ZTF24aaufthu,0,1,0,1,0,1,0,1,0,0,1
ZTF24aaugavy,0,1,0,1,0,0,1,1,0,1,0
ZTF24aaugpvz,0,1,0,1,0,1,0,1,0,0,1
ZTF24aaugvme,1,0,0,0,0,0,0,0,0,0,0
ZTF24aaugxrl,1,0,0,0,0,0,0,0,0,0,0
ZTF24aaugzuq,0,1,0,1,0,1,0,1,0,0,1
ZTF24aauhaxq,0,1,0,1,0,0,1,1,0,1,0
ZTF24aauhfht,0,1,0,1,0,0,1,1,0,1,0
ZTF24aaulmfi,0,0,1,1,0,1,0,1,0,1,0
ZTF24aaulmlv,0,1,0,1,0,0,1,1,0,1,0
ZTF24aaumfuq,0,1,0,0,1,1,0,1,0,1,0
ZTF24aaumfvx,0,0,1,1,0,1,0,1,0,1,0
ZTF24aaumgrp,0,1,0,1,0,0,1,1,0,1,0
ZTF24aaumhjo,0,0,1,1,0,1,0,1,0,1,0
ZTF24aaumhmm,0,1,0,1,0,1,0,0,1,1,0
ZTF24aaumtfj,0,1,0,1,0,0,1,1,0,1,0
ZTF24aaumxrc,0,0,1,1,0,1,0,1,0,1,0
ZTF24aaumyfk,1,0,0,0,0,0,0,0,0,0,0
ZTF24aaunazz,0,1,0,1,0,0,1,1,0,1,0
ZTF24aauntes,0,1,0,0,1,1,0,1,0,1,0
ZTF24aauoayi,1,0,0,0,0,0,0,0,0,0,0
ZTF24aauobib,0,1,0,1,0,1,0,0,1,1,0
ZTF24aaupmlg,1,0,0,0,0,0,0,0,0,0,0
ZTF24aaupoie,1,0,0,0,0,0,0,0,0,0,0
ZTF24aautbcb,1,0,0,0,0,0,0,0,0,0,0
ZTF24aautdxb,0,0,1,1,0,1,0,1,0,1,0
ZTF24aautfia,1,0,0,0,0,0,0,0,0,0,0
ZTF24aautouz,0,1,0,0,1,1,0,1,0,1,0
ZTF24aauufbc,0,0,1,1,0,1,0,1,0,1,0
ZTF24aauuigu,0,1,0,1,0,0,1,1,0,1,0
ZTF24aauuiva,0,1,0,1,0,1,0,1,0,0,1
ZTF24aauulvn,1,0,0,0,0,0,0,0,0,0,0
ZTF24aauunir,1,0,0,0,0,0,0,0,0,0,0
ZTF24aauuovk,0,1,0,0,1,1,0,1,0,1,0
ZTF24aauvdrj,1,0,0,0,0,0,0,0,0,0,0
ZTF24aauvedh,0,1,0,1,0,1,0,1,0,0,1
ZTF24aauvgjm,0,1,0,1,0,0,1,1,0,1,0
ZTF24aauvywv,0,1,0,1,0,1,0,0,1,1,0
ZTF24aauwfny,1,0,0,0,0,0,0,0,0,0,0
ZTF24aauypjo,0,0,1,1,0,1,0,1,0,1,0
ZTF24aauzzsl,0,1,0,1,0,1,0,0,1,1,0
ZTF24aavaawt,0,1,0,1,0,1,0,0,1,1,0
ZTF24aavbmrv,0,1,0,1,0,1,0,0,1,1,0
ZTF24aavcbjr,0,0,1,1,0,1,0,1,0,1,0
ZTF24aavcbzo,0,1,0,1,0,0,1,1,0,1,0
ZTF24aavcexj,0,1,0,1,0,0,1,1,0,1,0
ZTF24aavcfby,0,1,0,1,0,1,0,1,0,0,1
ZTF24aavcwrv,0,1,0,1,0,1,0,0,1,1,0
ZTF24aavdbbm,0,1,0,0,1,1,0,1,0,1,0
ZTF24aaveqme,0,0,1,1,0,1,0,1,0,1,0
ZTF24aaveqpk,0,1,0,1,0,0,1,1,0,1,0
ZTF24aavextw,0,1,0,1,0,1,0,1,0,0,1
ZTF24aavgnxv,0,1,0,1,0,1,0,0,1,1,0
ZTF24aavhseb,0,1,0,0,1,1,0,1,0,1,0
ZTF24aavovrp,0,1,0,1,0,0,1,1,0,1,0
ZTF24aavpduw,0,1,0,0,1,1,0,1,0,1,0
ZTF24aavpscs,0,1,0,1,0,1,0,1,0,0,1
ZTF24aavpxsr,0,1,0,1,0,0,1,1,0,1,0
ZTF24aavpzbc,0,0,1,1,0,1,0,1,0,1,0
ZTF24aavqfgx,0,0,1,1,0,1,0,1,0,1,0
ZTF24aavrdir,0,1,0,1,0,0,1,1,0,1,0
ZTF24aavsfuw,0,1,0,1,0,1,0,1,0,0,1
ZTF24aavsmko,1,0,0,0,0,0,0,0,0,0,0
ZTF24aavsnrj,0,1,0,1,0,1,0,0,1,1,0
ZTF24aavspwq,0,0,1,1,0,1,0,1,0,1,0
ZTF24aavttjp,1,0,0,0,0,0,0,0,0,0,0
ZTF24aavxknf,0,1,0,1,0,1,0,1,0,0,1
ZTF24aavxnqk,1,0,0,0,0,0,0,0,0,0,0
ZTF24aavxqhj,0,1,0,1,0,0,1,1,0,1,0
ZTF24aavyicb,0,0,1,1,0,1,0,1,0,1,0
ZTF24aavzpcw,0,0,1,1,0,1,0,1,0,1,0
ZTF24aavzrue,0,1,0,0,1,1,0,1,0,1,0
ZTF24aavzubm,1,0,0,0,0,0,0,0,0,0,0
ZTF24aavzwkd,0,1,0,0,1,1,0,1,0,1,0
ZTF24aawadju,0,1,0,0,1,1,0,1,0,1,0
ZTF24aawakwl,0,1,0,1,0,1,0,1,0,0,1
ZTF24aawaumv,0,1,0,1,0,1,0,0,1,1,0
ZTF24aawawgj,0,1,0,1,0,0,1,1,0,1,0
ZTF24aawbgfo,0,1,0,1,0,0,1,1,0,1,0
ZTF24aawbicb,0,0,1,1,0,1,0,1,0,1,0
ZTF24aawbunv,1,0,0,0,0,0,0,0,0,0,0
ZTF24aawccjt,1,0,0,0,0,0,0,0,0,0,0
ZTF24aawgjnz,0,1,0,1,0,0,1,1,0,1,0
ZTF24aawhuoa,0,1,0,1,0,1,0,0,1,1,0
ZTF24aawitsa,0,0,1,1,0,1,0,1,0,1,0
ZTF24aawivgj,0,1,0,1,0,1,0,1,0,0,1
ZTF24aawivma,0,1,0,1,0,0,1,1,0,1,0
ZTF24aawjqgo,1,0,0,0,0,0,0,0,0,0,0
ZTF24aawjwxx,0,1,0,1,0,0,1,1,0,1,0
ZTF24aawkhdf,0,1,0,0,1,1,0,1,0,1,0
ZTF24aawkujt,0,0,1,1,0,1,0,1,0,1,0
ZTF24aawkwom,0,1,0,1,0,0,1,1,0,1,0
ZTF24aawlotq,1,0,0,0,0,0,0,0,0,0,0
ZTF24aawmfeg,0,1,0,1,0,0,1,1,0,1,0
ZTF24aawmfgu,0,1,0,1,0,1,0,1,0,0,1
ZTF24aawnqvy,0,1,0,1,0,0,1,1,0,1,0
ZTF24aawobjz,0,1,0,1,0,0,1,1,0,1,0
ZTF24aawokit,0,1,0,1,0,1,0,1,0,0,1
ZTF24aawperf,0,1,0,1,0,1,0,0,1,1,0
ZTF24aawpwhq,0,1,0,1,0,1,0,1,0,0,1
ZTF24aawrrbv,0,0,1,1,0,1,0,1,0,1,0
ZTF24aawruoc,0,1,0,1,0,1,0,1,0,0,1
ZTF24aawrxsp,0,1,0,1,0,0,1,1,0,1,0
ZTF24aawsctg,0,1,0,1,0,1,0,1,0,0,1
ZTF24aawscxn,0,0,1,1,0,1,0,1,0,1,0
ZTF24aawshuy,0,1,0,1,0,0,1,1,0,1,0
ZTF24aawsibi,0,1,0,1,0,0,1,1,0,1,0
ZTF24aawtoiv,0,0,1,1,0,1,0,1,0,1,0
ZTF24aawtruq,0,1,0,1,0,0,1,1,0,1,0
ZTF24aawunyn,0,1,0,1,0,0,1,1,0,1,0
ZTF24aawvqyh,1,0,0,0,0,0,0,0,0,0,0
ZTF24aawxnds,0,0,1,1,0,1,0,1,0,1,0
ZTF24aawxngf,1,0,0,0,0,0,0,0,0,0,0
ZTF24aawxnln,0,1,0,1,0,0,1,1,0,1,0
ZTF24aawxnpl,1,0,0,0,0,0,0,0,0,0,0
ZTF24aawxovs,0,1,0,0,1,1,0,1,0,1,0
ZTF24aawxpan,0,1,0,1,0,0,1,1,0,1,0
ZTF24aawxpgg,1,0,0,0,0,0,0,0,0,0,0
ZTF24aawxqjl,0,1,0,1,0,1,0,0,1,1,0
ZTF24aawxsyh,0,1,0,1,0,1,0,1,0,0,1
ZTF24aawxtxh,0,1,0,1,0,1,0,0,1,1,0
ZTF24aawyrsn,0,1,0,0,1,1,0,1,0,1,0
ZTF24aaxalnx,0,1,0,0,1,1,0,1,0,1,0
ZTF24aaxapka,0,1,0,0,1,1,0,1,0,1,0
ZTF24aaxapqg,0,1,0,1,0,0,1,1,0,1,0
ZTF24aaxaptv,0,0,1,1,0,1,0,1,0,1,0
ZTF24aaxasok,0,0,1,1,0,1,0,1,0,1,0
ZTF24aaxausq,0,1,0,1,0,0,1,1,0,1,0
ZTF24aaxavnf,1,0,0,0,0,0,0,0,0,0,0
ZTF24aaxbjca,0,1,0,1,0,1,0,1,0,0,1
ZTF24aaxdyfv,0,1,0,1,0,1,0,1,0,0,1
ZTF24aaxeayz,0,1,0,0,1,1,0,1,0,1,0
ZTF24aaxedvf,0,1,0,1,0,1,0,1,0,0,1
ZTF24aaxefgt,0,1,0,1,0,0,1,1,0,1,0
ZTF24aaxeggd,0,1,0,0,1,1,0,1,0,1,0
ZTF24aaxflwb,0,1,0,1,0,1,0,1,0,0,1
ZTF24aaxgcyi,0,1,0,1,0,1,0,1,0,0,1
ZTF24aaxgdmy,1,0,0,0,0,0,0,0,0,0,0
ZTF24aaxgebj,0,1,0,1,0,1,0,1,0,0,1
ZTF24aaxgiyr,0,1,0,0,1,1,0,1,0,1,0
ZTF24aaxhbfk,0,1,0,1,0,1,0,0,1,1,0
ZTF24aaxhbrb,0,0,1,1,0,1,0,1,0,1,0
ZTF24aaxhccp,0,1,0,0,1,1,0,1,0,1,0
ZTF24aaxhxhf,0,0,1,1,0,1,0,1,0,1,0
ZTF24aaxigzn,0,1,0,0,1,1,0,1,0,1,0
ZTF24aaxipgf,0,1,0,1,0,0,1,1,0,1,0
ZTF24aaxiuif,0,1,0,1,0,0,1,1,0,1,0
ZTF24aaxiuvg,0,0,1,1,0,1,0,1,0,1,0
ZTF24aaxizpd,0,1,0,1,0,1,0,1,0,0,1
ZTF24aaxjbzn,1,0,0,0,0,0,0,0,0,0,0
ZTF24aaxjjmx,0,1,0,1,0,1,0,0,1,1,0
ZTF24aaxjmgg,0,1,0,0,1,1,0,1,0,1,0
ZTF24aaxjnfs,0,0,1,1,0,1,0,1,0,1,0
ZTF24aaxkhwm,0,1,0,1,0,0,1,1,0,1,0
ZTF24aaxkitr,0,1,0,1,0,1,0,1,0,0,1
ZTF24aaxlfam,0,0,1,1,0,1,0,1,0,1,0
ZTF24aaxlkrl,0,1,0,0,1,1,0,1,0,1,0
ZTF24aaxlnut,0,1,0,1,0,1,0,1,0,0,1
ZTF24aaxlnuv,0,0,1,1,0,1,0,1,0,1,0
ZTF24aaxlzxr,0,1,0,0,1,1,0,1,0,1,0
ZTF24aaxmoec,0,1,0,1,0,1,0,0,1,1,0
ZTF24aaxmpyh,0,1,0,1,0,0,1,1,0,1,0
ZTF24aaxmxyw,0,1,0,1,0,1,0,0,1,1,0
ZTF24aaxnrue,0,1,0,0,1,1,0,1,0,1,0
ZTF24aaxnvou,1,0,0,0,0,0,0,0,0,0,0
ZTF24aaxoasg,0,1,0,1,0,1,0,1,0,0,1
ZTF24aaxobdu,0,1,0,1,0,0,1,1,0,1,0
ZTF24aaxpgwg,1,0,0,0,0,0,0,0,0,0,0
ZTF24aaxpkmv,0,1,0,0,1,1,0,1,0,1,0
ZTF24aaxplgj,1,0,0,0,0,0,0,0,0,0,0
ZTF24aaxplkk,0,0,1,1,0,1,0,1,0,1,0
ZTF24aaxprsd,0,0,1,1,0,1,0,1,0,1,0
ZTF24aaxpsrw,0,1,0,0,1,1,0,1,0,1,0
ZTF24aaxpsuf,1,0,0,0,0,0,0,0,0,0,0
ZTF24aaxqguj,0,0,1,1,0,1,0,1,0,1,0
ZTF24aaxqhje,0,1,0,1,0,0,1,1,0,1,0
ZTF24aaxqpui,0,1,0,0,1,1,0,1,0,1,0
ZTF24aaxqsey,0,1,0,1,0,1,0,1,0,0,1
ZTF24aaxqspe,0,1,0,1,0,1,0,0,1,1,0
ZTF24aaxqufu,0,0,1,1,0,1,0,1,0,1,0
ZTF24aaxqviu,1,0,0,0,0,0,0,0,0,0,0
ZTF24aaxrqad,0,0,1,1,0,1,0,1,0,1,0
ZTF24aaxrsqx,1,0,0,0,0,0,0,0,0,0,0
ZTF24aaxrwro,0,1,0,1,0,1,0,1,0,0,1
ZTF24aaxrxdp,0,0,1,1,0,1,0,1,0,1,0
ZTF24aaxrxgu,0,1,0,1,0,1,0,0,1,1,0
ZTF24aaxrzzp,0,1,0,1,0,1,0,1,0,0,1
ZTF24aaxsaeq,1,0,0,0,0,0,0,0,0,0,0
ZTF24aaxtibi,0,1,0,1,0,1,0,1,0,0,1
ZTF24aaxtlix,1,0,0,0,0,0,0,0,0,0,0
ZTF24aaxtrap,0,1,0,1,0,1,0,1,0,0,1
ZTF24aaxtttu,0,0,1,1,0,1,0,1,0,1,0
ZTF24aaxtxpf,1,0,0,0,0,0,0,0,0,0,0
ZTF24aaxudbj,1,0,0,0,0,0,0,0,0,0,0
ZTF24aaxuodn,0,1,0,1,0,1,0,0,1,1,0
ZTF24aaxvbmg,0,0,1,1,0,1,0,1,0,1,0
ZTF24aaxvjhz,0,1,0,1,0,1,0,1,0,0,1
ZTF24aaxvkai,0,1,0,1,0,1,0,0,1,1,0
ZTF24aaxvwry,0,1,0,1,0,0,1,1,0,1,0
ZTF24aaxwnvw,0,1,0,1,0,0,1,1,0,1,0
ZTF24aaxwxlf,0,1,0,1,0,1,0,0,1,1,0
ZTF24aaxwymv,0,1,0,1,0,1,0,1,0,0,1
ZTF24aaxxegw,0,0,1,1,0,1,0,1,0,1,0
ZTF24aaxxhcd,0,1,0,1,0,1,0,1,0,0,1
ZTF24aaxytcm,0,1,0,1,0,0,1,1,0,1,0
ZTF24aaxyuds,0,1,0,1,0,1,0,0,1,1,0
ZTF24aaxzjdt,0,0,1,1,0,1,0,1,0,1,0
ZTF24aaxzkdq,0,1,0,1,0,1,0,1,0,0,1
ZTF24aayabgl,0,1,0,0,1,1,0,1,0,1,0
ZTF24aayahfb,0,0,1,1,0,1,0,1,0,1,0
ZTF24aayajuw,0,1,0,1,0,1,0,1,0,0,1
ZTF24aayaljv,0,1,0,1,0,1,0,1,0,0,1
ZTF24aayamvt,0,1,0,1,0,1,0,1,0,0,1
ZTF24aaybaek,1,0,0,0,0,0,0,0,0,0,0
ZTF24aaybafr,0,1,0,1,0,1,0,1,0,0,1
ZTF24aaybatu,0,1,0,1,0,0,1,1,0,1,0
ZTF24aaybenz,1,0,0,0,0,0,0,0,0,0,0
ZTF24aaybfbo,0,1,0,1,0,1,0,1,0,0,1
ZTF24aaybjvl,0,1,0,1,0,1,0,0,1,1,0
ZTF24aaybyaw,0,1,0,1,0,1,0,0,1,1,0
ZTF24aaycdea,0,0,1,1,0,1,0,1,0,1,0
ZTF24aaycdqm,1,0,0,0,0,0,0,0,0,0,0
ZTF24aaydcxy,1,0,0,0,0,0,0,0,0,0,0
ZTF24aaydvkl,0,1,0,0,1,1,0,1,0,1,0
ZTF24aaydybu,0,1,0,0,1,1,0,1,0,1,0
ZTF24aayeatn,0,1,0,0,1,1,0,1,0,1,0
ZTF24aayeetd,0,1,0,1,0,1,0,1,0,0,1
ZTF24aayegqu,0,1,0,1,0,1,0,0,1,1,0
ZTF24aayegzu,0,1,0,1,0,1,0,1,0,0,1
ZTF24aayelxu,0,1,0,1,0,0,1,1,0,1,0
ZTF24aayfgrd,0,1,0,0,1,1,0,1,0,1,0
ZTF24aayfkif,0,1,0,1,0,1,0,1,0,0,1
ZTF24aayflcf,0,1,0,1,0,1,0,0,1,1,0
ZTF24aayfnzt,0,1,0,1,0,1,0,0,1,1,0
ZTF24aayfqie,0,0,1,1,0,1,0,1,0,1,0
ZTF24aayggvg,1,0,0,0,0,0,0,0,0,0,0
ZTF24aayheno,1,0,0,0,0,0,0,0,0,0,0
ZTF24aayhknn,1,0,0,0,0,0,0,0,0,0,0
ZTF24aayhopq,1,0,0,0,0,0,0,0,0,0,0
ZTF24aayhznc,0,1,0,0,1,1,0,1,0,1,0
ZTF24aayilwi,0,1,0,0,1,1,0,1,0,1,0
ZTF24aayiott,1,0,0,0,0,0,0,0,0,0,0
ZTF24aayiouw,1,0,0,0,0,0,0,0,0,0,0
ZTF24aayiscn,0,1,0,0,1,1,0,1,0,1,0
ZTF24aayjiuk,0,1,0,0,1,1,0,1,0,1,0
ZTF24aaykelu,0,1,0,1,0,1,0,0,1,1,0
ZTF24aaykimc,0,1,0,0,1,1,0,1,0,1,0
ZTF24aaylrsd,0,1,0,1,0,1,0,0,1,1,0
ZTF24aaymgcw,0,1,0,1,0,1,0,0,1,1,0
ZTF24aaymmim,0,1,0,1,0,1,0,1,0,0,1
ZTF24aaymnts,0,1,0,1,0,1,0,1,0,0,1
ZTF24aaymown,0,1,0,1,0,1,0,1,0,0,1
ZTF24aaymrap,0,1,0,1,0,1,0,0,1,1,0
ZTF24aaymurz,0,1,0,1,0,1,0,1,0,0,1
ZTF24aaymusv,1,0,0,0,0,0,0,0,0,0,0
ZTF24aaynbdw,0,1,0,1,0,1,0,0,1,1,0
ZTF24aayncfc,0,1,0,0,1,1,0,1,0,1,0
ZTF24aaynjfz,0,1,0,1,0,0,1,1,0,1,0
ZTF24aaynrjn,1,0,0,0,0,0,0,0,0,0,0
ZTF24aaynvya,1,0,0,0,0,0,0,0,0,0,0
ZTF24aaynyoc,0,0,1,1,0,1,0,1,0,1,0
ZTF24aaypcqo,0,1,0,1,0,1,0,0,1,1,0
ZTF24aaypesp,0,1,0,1,0,0,1,1,0,1,0
ZTF24aaypgwf,0,1,0,1,0,1,0,1,0,0,1
ZTF24aaypock,0,1,0,1,0,0,1,1,0,1,0
ZTF24aaypoky,1,0,0,0,0,0,0,0,0,0,0
ZTF24aaypyhu,0,1,0,1,0,1,0,1,0,0,1
ZTF24aaypyop,0,1,0,1,0,0,1,1,0,1,0
ZTF24aayqbgq,0,1,0,0,1,1,0,1,0,1,0
ZTF24aayqpqt,1,0,0,0,0,0,0,0,0,0,0
ZTF24aayrngv,0,1,0,1,0,0,1,1,0,1,0
ZTF24aayrqqk,0,1,0,1,0,1,0,1,0,0,1
ZTF24aayrwrx,0,1,0,1,0,1,0,0,1,1,0
ZTF24aayuimp,0,1,0,1,0,1,0,0,1,1,0
ZTF24aayuocq,0,1,0,0,1,1,0,1,0,1,0
ZTF24aayuxkl,0,0,1,1,0,1,0,1,0,1,0
ZTF24aaywofx,0,1,0,0,1,1,0,1,0,1,0
ZTF24aaywvsf,0,1,0,0,1,1,0,1,0,1,0
ZTF24aaywyyx,0,1,0,1,0,1,0,1,0,0,1
ZTF24aayxswy,0,0,1,1,0,1,0,1,0,1,0
ZTF24aayyjko,0,1,0,1,0,1,0,1,0,0,1
ZTF24aayylbv,0,1,0,1,0,0,1,1,0,1,0
ZTF24aayzcup,0,1,0,1,0,1,0,1,0,0,1
ZTF24aayzril,0,1,0,1,0,1,0,0,1,1,0
ZTF24aayzuvs,0,1,0,1,0,0,1,1,0,1,0
ZTF24aayzvyb,0,1,0,1,0,1,0,0,1,1,0
ZTF24aazafel,0,1,0,0,1,1,0,1,0,1,0
ZTF24aazaxcq,0,1,0,1,0,1,0,1,0,0,1
ZTF24aazaxzt,0,1,0,1,0,1,0,1,0,0,1
ZTF24aazazzo,0,0,1,1,0,1,0,1,0,1,0
ZTF24aazbbbo,1,0,0,0,0,0,0,0,0,0,0
ZTF24aazblzv,0,1,0,1,0,0,1,1,0,1,0
ZTF24aazggci,0,1,0,1,0,0,1,1,0,1,0
ZTF24aazgovy,0,1,0,1,0,1,0,1,0,0,1
ZTF24aazgyku,0,1,0,1,0,0,1,1,0,1,0
ZTF24aazhkqn,0,1,0,1,0,1,0,1,0,0,1
ZTF24aazjbkr,0,1,0,1,0,1,0,1,0,0,1
ZTF24aazjdml,0,1,0,1,0,0,1,1,0,1,0
ZTF24aazjpbb,1,0,0,0,0,0,0,0,0,0,0
ZTF24aazjpyg,0,1,0,1,0,1,0,0,1,1,0
ZTF24aazjzlb,0,1,0,1,0,1,0,1,0,0,1
ZTF24aazkvzi,0,1,0,1,0,0,1,1,0,1,0
ZTF24aazkzkl,0,1,0,1,0,0,1,1,0,1,0
ZTF24aazlmpe,0,1,0,0,1,1,0,1,0,1,0
ZTF24aazlori,1,0,0,0,0,0,0,0,0,0,0
ZTF24aazlrdt,0,0,1,1,0,1,0,1,0,1,0
ZTF24aazmhiu,0,1,0,0,1,1,0,1,0,1,0
ZTF24aazmujy,1,0,0,0,0,0,0,0,0,0,0
ZTF24aaznzoo,0,1,0,1,0,0,1,1,0,1,0
ZTF24aazpohj,0,1,0,1,0,1,0,1,0,0,1
ZTF24aazpqhq,0,1,0,1,0,0,1,1,0,1,0
ZTF24aazqavh,0,0,1,1,0,1,0,1,0,1,0
ZTF24aazqdbi,1,0,0,0,0,0,0,0,0,0,0
ZTF24aazqdjn,1,0,0,0,0,0,0,0,0,0,0
ZTF24aazqkmd,0,0,1,1,0,1,0,1,0,1,0
ZTF24aazqoct,0,1,0,0,1,1,0,1,0,1,0
ZTF24aazqyeu,1,0,0,0,0,0,0,0,0,0,0
ZTF24aazqypq,0,1,0,1,0,1,0,0,1,1,0
ZTF24aazrbmi,0,1,0,1,0,1,0,1,0,0,1
ZTF24aazrkhd,0,1,0,1,0,1,0,0,1,1,0
ZTF24aazsdgx,0,1,0,1,0,0,1,1,0,1,0
ZTF24aazsnkg,1,0,0,0,0,0,0,0,0,0,0
ZTF24aazsprl,0,1,0,1,0,0,1,1,0,1,0
ZTF24aaztbct,1,0,0,0,0,0,0,0,0,0,0
ZTF24aaztdwy,1,0,0,0,0,0,0,0,0,0,0
ZTF24aaztfaa,0,1,0,1,0,0,1,1,0,1,0
ZTF24aaztgrn,0,1,0,1,0,1,0,1,0,0,1
ZTF24aazxztq,0,0,1,1,0,1,0,1,0,1,0
ZTF24aazykxx,0,0,1,1,0,1,0,1,0,1,0
ZTF24aazynka,0,1,0,0,1,1,0,1,0,1,0
ZTF24aazzdzq,0,1,0,1,0,1,0,1,0,0,1
ZTF24abacbwh,0,1,0,1,0,1,0,0,1,1,0
ZTF24abaclyy,1,0,0,0,0,0,0,0,0,0,0
ZTF24abacxks,0,0,1,1,0,1,0,1,0,1,0
ZTF24abaczqu,0,0,1,1,0,1,0,1,0,1,0
ZTF24abadhzc,1,0,0,0,0,0,0,0,0,0,0
ZTF24abadioa,0,1,0,1,0,1,0,0,1,1,0
ZTF24abagndi,0,0,1,1,0,1,0,1,0,1,0
ZTF24abagnlx,1,0,0,0,0,0,0,0,0,0,0
ZTF24abagnws,0,1,0,0,1,1,0,1,0,1,0
ZTF24abagoni,1,0,0,0,0,0,0,0,0,0,0
ZTF24abagsld,0,1,0,1,0,0,1,1,0,1,0
ZTF24abaguss,0,1,0,0,1,1,0,1,0,1,0
ZTF24abagxhz,0,1,0,1,0,1,0,1,0,0,1
ZTF24abagxqc,0,0,1,1,0,1,0,1,0,1,0
ZTF24abagzjv,0,0,1,1,0,1,0,1,0,1,0
ZTF24abagzwo,0,1,0,1,0,0,1,1,0,1,0
ZTF24abahcgs,0,1,0,0,1,1,0,1,0,1,0
ZTF24abahdzf,1,0,0,0,0,0,0,0,0,0,0
ZTF24abahkcv,0,0,1,1,0,1,0,1,0,1,0
ZTF24abahkso,0,1,0,1,0,1,0,1,0,0,1
ZTF24abahmab,0,1,0,0,1,1,0,1,0,1,0
ZTF24abahnwe,1,0,0,0,0,0,0,0,0,0,0
ZTF24abahogf,0,1,0,0,1,1,0,1,0,1,0
ZTF24abaiely,0,1,0,1,0,0,1,1,0,1,0
ZTF24abaigmt,0,1,0,1,0,1,0,0,1,1,0
ZTF24abaiioq,0,1,0,0,1,1,0,1,0,1,0
ZTF24abaioqi,0,1,0,1,0,1,0,0,1,1,0
ZTF24abaipnc,1,0,0,0,0,0,0,0,0,0,0
ZTF24abairtj,0,1,0,1,0,1,0,1,0,0,1
ZTF24abaisov,0,0,1,1,0,1,0,1,0,1,0
ZTF24abaiwgc,0,1,0,1,0,0,1,1,0,1,0
ZTF24abaiwgs,0,1,0,1,0,0,1,1,0,1,0
ZTF24abaiwgy,0,1,0,0,1,1,0,1,0,1,0
ZTF24abaixbv,1,0,0,0,0,0,0,0,0,0,0
ZTF24abajewv,1,0,0,0,0,0,0,0,0,0,0
ZTF24abajfuy,0,1,0,1,0,1,0,0,1,1,0
ZTF24abajhho,0,1,0,1,0,1,0,1,0,0,1
ZTF24abajmau,0,1,0,1,0,0,1,1,0,1,0
ZTF24abajqwo,0,1,0,1,0,1,0,0,1,1,0
ZTF24abajrbb,0,1,0,1,0,0,1,1,0,1,0
ZTF24abajruk,0,1,0,1,0,1,0,0,1,1,0
ZTF24abajssx,0,1,0,0,1,1,0,1,0,1,0
ZTF24abajxbl,0,0,1,1,0,1,0,1,0,1,0
ZTF24abakcyt,0,1,0,1,0,1,0,0,1,1,0
ZTF24abakdvu,0,0,1,1,0,1,0,1,0,1,0
ZTF24abakgav,0,1,0,1,0,0,1,1,0,1,0
ZTF24abakhfr,0,1,0,1,0,0,1,1,0,1,0
ZTF24abakntk,0,1,0,1,0,1,0,1,0,0,1
ZTF24abakpem,1,0,0,0,0,0,0,0,0,0,0
ZTF24abalaqb,0,1,0,0,1,1,0,1,0,1,0
ZTF24abalbsv,0,0,1,1,0,1,0,1,0,1,0
ZTF24abalcce,0,1,0,0,1,1,0,1,0,1,0
ZTF24abalhyv,1,0,0,0,0,0,0,0,0,0,0
ZTF24abalisc,1,0,0,0,0,0,0,0,0,0,0
ZTF24abaljca,0,1,0,1,0,0,1,1,0,1,0
ZTF24abaljlm,0,1,0,1,0,0,1,1,0,1,0
ZTF24abalkgn,0,1,0,1,0,1,0,0,1,1,0
ZTF24aballtd,1,0,0,0,0,0,0,0,0,0,0
ZTF24abalntn,0,1,0,1,0,1,0,1,0,0,1
ZTF24abalnuj,0,1,0,0,1,1,0,1,0,1,0
ZTF24abalrbb,1,0,0,0,0,0,0,0,0,0,0
ZTF24abalrrt,0,1,0,0,1,1,0,1,0,1,0
ZTF24abalrta,1,0,0,0,0,0,0,0,0,0,0
ZTF24abalsqc,0,1,0,1,0,0,1,1,0,1,0
ZTF24abalukk,0,1,0,1,0,1,0,0,1,1,0
ZTF24abalvlh,1,0,0,0,0,0,0,0,0,0,0
ZTF24abalxjn,0,1,0,1,0,1,0,0,1,1,0
ZTF24abalzao,0,0,1,1,0,1,0,1,0,1,0
ZTF24abalzdx,0,0,1,1,0,1,0,1,0,1,0
ZTF24abamagk,0,0,1,1,0,1,0,1,0,1,0
ZTF24abambcs,0,1,0,1,0,1,0,1,0,0,1
ZTF24abambhz,0,1,0,0,1,1,0,1,0,1,0
ZTF24abambkn,1,0,0,0,0,0,0,0,0,0,0
ZTF24abamcec,0,0,1,1,0,1,0,1,0,1,0
ZTF24abamcyk,0,1,0,1,0,1,0,0,1,1,0
ZTF24abamgpo,1,0,0,0,0,0,0,0,0,0,0
ZTF24abamguy,0,1,0,1,0,1,0,1,0,0,1
ZTF24abamiep,0,0,1,1,0,1,0,1,0,1,0
ZTF24abamivp,0,1,0,1,0,0,1,1,0,1,0
ZTF24abamnch,0,1,0,0,1,1,0,1,0,1,0
ZTF24abamycz,1,0,0,0,0,0,0,0,0,0,0
ZTF24abanfwg,1,0,0,0,0,0,0,0,0,0,0
ZTF24abanpml,1,0,0,0,0,0,0,0,0,0,0
ZTF24abaoqum,0,1,0,1,0,1,0,1,0,0,1
ZTF24abapbmm,0,1,0,1,0,1,0,0,1,1,0
ZTF24abapsnt,0,1,0,1,0,1,0,0,1,1,0
ZTF24abapsvo,0,1,0,1,0,1,0,1,0,0,1
ZTF24abaqlmy,0,1,0,0,1,1,0,1,0,1,0
ZTF24abaqlzi,0,1,0,1,0,1,0,1,0,0,1
ZTF24abaqolc,0,1,0,1,0,1,0,0,1,1,0
ZTF24abaqsgl,0,1,0,1,0,1,0,0,1,1,0
ZTF24abaqswy,0,0,1,1,0,1,0,1,0,1,0
ZTF24abaqxuo,1,0,0,0,0,0,0,0,0,0,0
ZTF24abarbgx,1,0,0,0,0,0,0,0,0,0,0
ZTF24abarcto,0,1,0,1,0,1,0,1,0,0,1
ZTF24abaretv,0,1,0,1,0,1,0,0,1,1,0
ZTF24abarfoi,0,1,0,1,0,0,1,1,0,1,0
ZTF24abarhqv,0,1,0,0,1,1,0,1,0,1,0
ZTF24abarjiw,0,0,1,1,0,1,0,1,0,1,0
ZTF24abarkue,1,0,0,0,0,0,0,0,0,0,0
ZTF24abarljs,0,1,0,1,0,0,1,1,0,1,0
ZTF24abarnos,1,0,0,0,0,0,0,0,0,0,0
ZTF24abaroca,0,1,0,1,0,0,1,1,0,1,0
ZTF24abarohv,0,1,0,1,0,0,1,1,0,1,0
ZTF24abarupa,0,1,0,0,1,1,0,1,0,1,0
ZTF24abarzmc,0,1,0,1,0,1,0,1,0,0,1
ZTF24abasdex,0,0,1,1,0,1,0,1,0,1,0
ZTF24abasdhi,0,1,0,1,0,0,1,1,0,1,0
ZTF24abaskkm,0,1,0,0,1,1,0,1,0,1,0
ZTF24abasodj,1,0,0,0,0,0,0,0,0,0,0
ZTF24abasohi,0,1,0,0,1,1,0,1,0,1,0
ZTF24abasojg,0,1,0,1,0,1,0,0,1,1,0
ZTF24abasotv,1,0,0,0,0,0,0,0,0,0,0
ZTF24abaspjb,0,1,0,0,1,1,0,1,0,1,0
ZTF24abasqzc,0,1,0,0,1,1,0,1,0,1,0
ZTF24abasrvz,1,0,0,0,0,0,0,0,0,0,0
ZTF24abasvvv,1,0,0,0,0,0,0,0,0,0,0
ZTF24abaswpz,0,1,0,1,0,0,1,1,0,1,0
ZTF24abasyff,1,0,0,0,0,0,0,0,0,0,0
ZTF24abatcfm,0,1,0,1,0,0,1,1,0,1,0
ZTF24abatcml,0,0,1,1,0,1,0,1,0,1,0
ZTF24abathjg,0,1,0,0,1,1,0,1,0,1,0
ZTF24abatmau,1,0,0,0,0,0,0,0,0,0,0
ZTF24abatnmq,0,1,0,1,0,0,1,1,0,1,0
ZTF24abatozh,0,1,0,0,1,1,0,1,0,1,0
ZTF24abatpfn,1,0,0,0,0,0,0,0,0,0,0
ZTF24abatpip,1,0,0,0,0,0,0,0,0,0,0
ZTF24abatqqb,0,1,0,1,0,0,1,1,0,1,0
ZTF24abavusp,0,0,1,1,0,1,0,1,0,1,0
ZTF24abawhex,0,1,0,1,0,1,0,1,0,0,1
ZTF24abawzex,0,1,0,0,1,1,0,1,0,1,0
ZTF24abayhhh,0,1,0,1,0,1,0,0,1,1,0
ZTF24abayjhr,0,0,1,1,0,1,0,1,0,1,0
ZTF24abbblab,1,0,0,0,0,0,0,0,0,0,0
ZTF24abbbtki,1,0,0,0,0,0,0,0,0,0,0
ZTF24abbbttv,0,1,0,0,1,1,0,1,0,1,0
ZTF24abbcity,0,1,0,1,0,1,0,1,0,0,1
ZTF24abbcrwn,1,0,0,0,0,0,0,0,0,0,0
ZTF24abbcxga,0,1,0,1,0,0,1,1,0,1,0
ZTF24abbddyw,1,0,0,0,0,0,0,0,0,0,0
ZTF24abbdlby,0,1,0,1,0,1,0,0,1,1,0
ZTF24abbenwl,0,1,0,1,0,1,0,1,0,0,1
ZTF24abbgjue,0,1,0,1,0,0,1,1,0,1,0
ZTF24abbirmr,0,0,1,1,0,1,0,1,0,1,0
ZTF24abbizoj,0,1,0,1,0,1,0,0,1,1,0
ZTF24abbkkmh,0,0,1,1,0,1,0,1,0,1,0
ZTF24abbkopr,0,1,0,0,1,1,0,1,0,1,0
ZTF24abbovsz,0,1,0,1,0,1,0,0,1,1,0
ZTF24abbpail,0,1,0,1,0,1,0,0,1,1,0
ZTF24abbrcrq,0,1,0,1,0,1,0,0,1,1,0
ZTF24abbrvli,0,0,1,1,0,1,0,1,0,1,0
ZTF24abbsnih,0,1,0,1,0,0,1,1,0,1,0
ZTF24abbtegk,0,0,1,1,0,1,0,1,0,1,0
ZTF24abbvpge,0,0,1,1,0,1,0,1,0,1,0
ZTF24abbwrpa,0,1,0,0,1,1,0,1,0,1,0
ZTF24abbwwjr,1,0,0,0,0,0,0,0,0,0,0
ZTF24abbwztk,0,1,0,1,0,0,1,1,0,1,0
ZTF24abbxfal,1,0,0,0,0,0,0,0,0,0,0
ZTF24abbzhel,1,0,0,0,0,0,0,0,0,0,0
ZTF24abcbmug,0,1,0,1,0,0,1,1,0,1,0
ZTF24abcbnnt,0,1,0,0,1,1,0,1,0,1,0
ZTF24abcfink,0,1,0,1,0,1,0,1,0,0,1
ZTF24abcitfj,0,1,0,1,0,1,0,1,0,0,1
ZTF24abcitle,0,1,0,1,0,1,0,0,1,1,0
ZTF24abcivmm,0,1,0,1,0,0,1,1,0,1,0
ZTF24abciyld,0,1,0,1,0,1,0,0,1,1,0
ZTF24abciyni,0,0,1,1,0,1,0,1,0,1,0
ZTF24abcizqd,0,1,0,0,1,1,0,1,0,1,0
ZTF24abcjgzl,1,0,0,0,0,0,0,0,0,0,0
ZTF24abckmtt,0,1,0,1,0,0,1,1,0,1,0
ZTF24abcncwq,1,0,0,0,0,0,0,0,0,0,0
ZTF24abcnfxa,0,1,0,0,1,1,0,1,0,1,0
ZTF24abcnkdl,0,1,0,1,0,1,0,1,0,0,1
ZTF24abcoesl,0,1,0,1,0,1,0,0,1,1,0
ZTF24abcphus,0,1,0,1,0,0,1,1,0,1,0
ZTF24abcpmak,0,1,0,1,0,0,1,1,0,1,0
ZTF24abcpmkk,0,1,0,1,0,0,1,1,0,1,0
ZTF24abcrdha,0,1,0,1,0,0,1,1,0,1,0
ZTF24abcrfrr,0,1,0,1,0,0,1,1,0,1,0
ZTF24abcrgam,1,0,0,0,0,0,0,0,0,0,0
ZTF24abcrhvm,0,1,0,1,0,1,0,1,0,0,1
ZTF24abcrkrw,1,0,0,0,0,0,0,0,0,0,0
ZTF24abcrlgd,1,0,0,0,0,0,0,0,0,0,0
ZTF24abcrnrm,0,1,0,1,0,1,0,0,1,1,0
ZTF24abcrpjm,0,0,1,1,0,1,0,1,0,1,0
ZTF24abcsjdb,0,0,1,1,0,1,0,1,0,1,0
ZTF24abcsosy,0,0,1,1,0,1,0,1,0,1,0
ZTF24abcsvlz,1,0,0,0,0,0,0,0,0,0,0
ZTF24abcsyba,1,0,0,0,0,0,0,0,0,0,0
ZTF24abctntt,0,1,0,1,0,0,1,1,0,1,0
ZTF24abctpfk,0,1,0,1,0,0,1,1,0,1,0
ZTF24abctqda,0,1,0,1,0,1,0,0,1,1,0
ZTF24abctqhv,0,1,0,1,0,0,1,1,0,1,0
ZTF24abctqjh,0,1,0,0,1,1,0,1,0,1,0
ZTF24abctsci,0,1,0,1,0,0,1,1,0,1,0
ZTF24abctunh,0,1,0,0,1,1,0,1,0,1,0
ZTF24abcukcr,0,1,0,1,0,0,1,1,0,1,0
ZTF24abcuupv,0,1,0,1,0,1,0,0,1,1,0
ZTF24abcuyyx,0,1,0,1,0,0,1,1,0,1,0
ZTF24abcvach,1,0,0,0,0,0,0,0,0,0,0
ZTF24abcvfkm,0,1,0,1,0,1,0,1,0,0,1
ZTF24abcwruk,0,1,0,0,1,1,0,1,0,1,0
ZTF24abcwvgz,0,1,0,1,0,1,0,1,0,0,1
ZTF24abcwvki,0,1,0,1,0,0,1,1,0,1,0
ZTF24abcwvuo,1,0,0,0,0,0,0,0,0,0,0
ZTF24abcwzpt,0,1,0,1,0,1,0,1,0,0,1
ZTF24abcxbtx,0,1,0,0,1,1,0,1,0,1,0
ZTF24abcxfhy,0,0,1,1,0,1,0,1,0,1,0
ZTF24abcxxkk,0,1,0,0,1,1,0,1,0,1,0
ZTF24abcyelj,0,1,0,1,0,0,1,1,0,1,0
ZTF24abcyevp,0,1,0,1,0,1,0,1,0,0,1
ZTF24abcyfru,0,1,0,1,0,1,0,1,0,0,1
ZTF24abcykte,0,0,1,1,0,1,0,1,0,1,0
ZTF24abcyplg,0,1,0,1,0,1,0,0,1,1,0
ZTF24abcziyd,0,1,0,1,0,0,1,1,0,1,0
ZTF24abdazpl,1,0,0,0,0,0,0,0,0,0,0
ZTF24abdbkbn,0,1,0,1,0,1,0,1,0,0,1
ZTF24abddluv,0,1,0,1,0,1,0,1,0,0,1
ZTF24abddnky,1,0,0,0,0,0,0,0,0,0,0
ZTF24abddpgi,0,1,0,0,1,1,0,1,0,1,0
ZTF24abddplf,0,1,0,1,0,1,0,1,0,0,1
ZTF24abddtov,1,0,0,0,0,0,0,0,0,0,0
ZTF24abddtyz,0,1,0,0,1,1,0,1,0,1,0
ZTF24abddzvn,0,1,0,1,0,1,0,0,1,1,0
ZTF24abdfesv,0,1,0,0,1,1,0,1,0,1,0
ZTF24abdfoml,0,0,1,1,0,1,0,1,0,1,0
ZTF24abdfqwb,0,1,0,1,0,1,0,1,0,0,1
ZTF24abdfrwr,0,1,0,0,1,1,0,1,0,1,0
ZTF24abdftvd,1,0,0,0,0,0,0,0,0,0,0
ZTF24abdfusd,0,1,0,0,1,1,0,1,0,1,0
ZTF24abdgsjv,0,1,0,1,0,1,0,0,1,1,0
ZTF24abdijtu,0,1,0,1,0,1,0,0,1,1,0
ZTF24abdjbyl,0,1,0,0,1,1,0,1,0,1,0
ZTF24abdjhym,0,1,0,1,0,1,0,1,0,0,1
ZTF24abdjipv,0,1,0,1,0,1,0,0,1,1,0
ZTF24abdjirp,0,1,0,1,0,0,1,1,0,1,0
ZTF24abdjktl,0,1,0,1,0,1,0,0,1,1,0
ZTF24abdjmmc,1,0,0,0,0,0,0,0,0,0,0
ZTF24abdjthj,1,0,0,0,0,0,0,0,0,0,0
ZTF24abdjzhr,0,0,1,1,0,1,0,1,0,1,0
ZTF24abdkfqu,1,0,0,0,0,0,0,0,0,0,0
ZTF24abdkhfe,0,1,0,1,0,1,0,1,0,0,1
ZTF24abdkhqn,0,1,0,1,0,0,1,1,0,1,0
ZTF24abdkknz,1,0,0,0,0,0,0,0,0,0,0
ZTF24abdkzjr,0,1,0,1,0,0,1,1,0,1,0
ZTF24abdlaaq,0,1,0,0,1,1,0,1,0,1,0
ZTF24abdlusb,0,1,0,1,0,0,1,1,0,1,0
ZTF24abdlutu,0,1,0,1,0,1,0,1,0,0,1
ZTF24abdlxry,1,0,0,0,0,0,0,0,0,0,0
ZTF24abdlzil,0,1,0,1,0,1,0,0,1,1,0
ZTF24abdmfzl,0,1,0,1,0,0,1,1,0,1,0
ZTF24abdndte,0,1,0,1,0,1,0,0,1,1,0
ZTF24abdnwgr,1,0,0,0,0,0,0,0,0,0,0
ZTF24abdojeb,0,1,0,1,0,1,0,1,0,0,1
ZTF24abdooog,0,1,0,1,0,0,1,1,0,1,0
ZTF24abdoqsk,1,0,0,0,0,0,0,0,0,0,0
ZTF24abdounl,0,1,0,1,0,0,1,1,0,1,0
ZTF24abdpbkj,0,1,0,1,0,0,1,1,0,1,0
ZTF24abdpbnp,0,0,1,1,0,1,0,1,0,1,0
ZTF24abdpbts,0,0,1,1,0,1,0,1,0,1,0
ZTF24abdrcfn,0,1,0,1,0,0,1,1,0,1,0
ZTF24abdrfsx,0,1,0,1,0,0,1,1,0,1,0
ZTF24abdsfqf,1,0,0,0,0,0,0,0,0,0,0
ZTF24abdtsag,0,1,0,0,1,1,0,1,0,1,0
ZTF24abdtszn,1,0,0,0,0,0,0,0,0,0,0
ZTF24abdulee,1,0,0,0,0,0,0,0,0,0,0
ZTF24abdumvs,1,0,0,0,0,0,0,0,0,0,0
ZTF24abdvpie,0,1,0,1,0,1,0,1,0,0,1
ZTF24abdvqov,0,1,0,1,0,1,0,0,1,1,0
ZTF24abdwekt,1,0,0,0,0,0,0,0,0,0,0
ZTF24abdwreu,0,1,0,1,0,0,1,1,0,1,0
ZTF24abdxidm,0,1,0,0,1,1,0,1,0,1,0
ZTF24abdxjvl,0,0,1,1,0,1,0,1,0,1,0
ZTF24abdzbje,0,1,0,0,1,1,0,1,0,1,0
ZTF24abdzwik,0,1,0,1,0,0,1,1,0,1,0
ZTF24abeahmj,0,0,1,1,0,1,0,1,0,1,0
ZTF24abebfxo,0,1,0,1,0,1,0,1,0,0,1
ZTF24abebgmf,0,1,0,1,0,0,1,1,0,1,0
ZTF24abebtgs,0,1,0,1,0,1,0,1,0,0,1
ZTF24abebyhn,0,1,0,1,0,0,1,1,0,1,0
ZTF24abectby,0,0,1,1,0,1,0,1,0,1,0
ZTF24abedhog,1,0,0,0,0,0,0,0,0,0,0
ZTF24abedtxr,0,0,1,1,0,1,0,1,0,1,0
ZTF24abedzpe,0,1,0,1,0,0,1,1,0,1,0
ZTF24abeecbb,1,0,0,0,0,0,0,0,0,0,0
ZTF24abeeljm,0,1,0,0,1,1,0,1,0,1,0
ZTF24abeepsw,0,1,0,1,0,1,0,1,0,0,1
ZTF24abeesak,0,1,0,1,0,1,0,1,0,0,1
ZTF24abefmrx,0,1,0,1,0,1,0,0,1,1,0
ZTF24abefrsz,0,0,1,1,0,1,0,1,0,1,0
ZTF24abefser,0,1,0,1,0,1,0,1,0,0,1
ZTF24abegbxy,0,0,1,1,0,1,0,1,0,1,0
ZTF24abeixjv,0,0,1,1,0,1,0,1,0,1,0
ZTF24abejexe,0,1,0,1,0,0,1,1,0,1,0
ZTF24abekcti,1,0,0,0,0,0,0,0,0,0,0
ZTF24abekczn,0,0,1,1,0,1,0,1,0,1,0
ZTF24abekejc,1,0,0,0,0,0,0,0,0,0,0
ZTF24abektbl,0,1,0,0,1,1,0,1,0,1,0
ZTF24abektkp,0,1,0,1,0,1,0,1,0,0,1
ZTF24abekvcz,0,0,1,1,0,1,0,1,0,1,0
ZTF24abekyfg,0,1,0,0,1,1,0,1,0,1,0
ZTF24abelgwg,0,1,0,1,0,0,1,1,0,1,0
ZTF24abelhni,0,1,0,1,0,1,0,0,1,1,0
ZTF24abempjh,0,1,0,1,0,1,0,0,1,1,0
ZTF24abenibr,0,1,0,0,1,1,0,1,0,1,0
ZTF24abeoypw,0,1,0,1,0,0,1,1,0,1,0
ZTF24abepmwm,0,1,0,1,0,0,1,1,0,1,0
ZTF24abepnas,0,0,1,1,0,1,0,1,0,1,0
ZTF24abepoqi,1,0,0,0,0,0,0,0,0,0,0
ZTF24abeqbjb,0,1,0,0,1,1,0,1,0,1,0
ZTF24abeqneg,0,1,0,1,0,1,0,0,1,1,0
ZTF24abeqqfe,0,1,0,0,1,1,0,1,0,1,0
ZTF24abescrn,1,0,0,0,0,0,0,0,0,0,0
ZTF24abesvjv,1,0,0,0,0,0,0,0,0,0,0
ZTF24abesygq,0,1,0,1,0,1,0,0,1,1,0
ZTF24abethzy,0,0,1,1,0,1,0,1,0,1,0
ZTF24abexezi,0,0,1,1,0,1,0,1,0,1,0
ZTF24abeyfeg,0,1,0,1,0,1,0,1,0,0,1
ZTF24abeywka,0,1,0,1,0,1,0,1,0,0,1
ZTF24abezgvf,1,0,0,0,0,0,0,0,0,0,0
ZTF24abezvvi,0,0,1,1,0,1,0,1,0,1,0
ZTF24abfaake,0,1,0,0,1,1,0,1,0,1,0
ZTF24abfaqgh,1,0,0,0,0,0,0,0,0,0,0
ZTF24abfayfp,0,1,0,1,0,1,0,0,1,1,0
ZTF24abfazpb,0,0,1,1,0,1,0,1,0,1,0
ZTF24abfbsdo,0,1,0,1,0,1,0,1,0,0,1
ZTF24abfbwsn,0,1,0,1,0,1,0,0,1,1,0
ZTF24abfecnu,0,1,0,1,0,1,0,0,1,1,0
ZTF24abfezzu,0,1,0,0,1,1,0,1,0,1,0
ZTF24abffaqw,1,0,0,0,0,0,0,0,0,0,0
ZTF24abffmny,0,1,0,1,0,0,1,1,0,1,0
ZTF24abffnia,0,1,0,1,0,0,1,1,0,1,0
ZTF24abffwyy,0,0,1,1,0,1,0,1,0,1,0
ZTF24abfhjot,0,1,0,0,1,1,0,1,0,1,0
ZTF24abfhmnb,0,1,0,1,0,1,0,0,1,1,0
ZTF24abfinav,1,0,0,0,0,0,0,0,0,0,0
ZTF24abflvme,0,1,0,0,1,1,0,1,0,1,0
ZTF24abfontr,0,0,1,1,0,1,0,1,0,1,0
ZTF24abfpdff,0,1,0,1,0,1,0,1,0,0,1
ZTF24abfpdna,0,1,0,1,0,0,1,1,0,1,0
ZTF24abfpdqm,0,1,0,1,0,1,0,1,0,0,1
ZTF24abfpeaq,1,0,0,0,0,0,0,0,0,0,0
ZTF24abfpeiw,0,1,0,1,0,1,0,0,1,1,0
ZTF24abfpgyi,0,1,0,1,0,1,0,0,1,1,0
ZTF24abfppbm,0,1,0,0,1,1,0,1,0,1,0
ZTF24abfqlcs,0,1,0,1,0,1,0,1,0,0,1
ZTF24abfqrwq,0,1,0,0,1,1,0,1,0,1,0
ZTF24abfqxem,0,1,0,1,0,0,1,1,0,1,0
ZTF24abfrdua,1,0,0,0,0,0,0,0,0,0,0
ZTF24abfsynd,0,1,0,1,0,1,0,0,1,1,0
ZTF24abftutl,0,1,0,1,0,1,0,0,1,1,0
ZTF24abfudxh,0,0,1,1,0,1,0,1,0,1,0
ZTF24abfuwoh,0,1,0,0,1,1,0,1,0,1,0
ZTF24abfwean,0,1,0,0,1,1,0,1,0,1,0
ZTF24abfwfak,0,1,0,0,1,1,0,1,0,1,0
ZTF24abfwlfu,1,0,0,0,0,0,0,0,0,0,0
ZTF24abfwlww,0,0,1,1,0,1,0,1,0,1,0
ZTF24abfwmpi,0,1,0,1,0,0,1,1,0,1,0
ZTF24abfxxcp,0,1,0,1,0,1,0,0,1,1,0
ZTF24abfykmb,0,1,0,1,0,1,0,0,1,1,0
ZTF24abfyvsu,1,0,0,0,0,0,0,0,0,0,0
ZTF24abfzsgn,0,1,0,0,1,1,0,1,0,1,0
ZTF24abfzzhc,0,0,1,1,0,1,0,1,0,1,0
ZTF24abgbyot,0,1,0,1,0,0,1,1,0,1,0
ZTF24abgdyvw,0,1,0,0,1,1,0,1,0,1,0
ZTF24abgefjl,0,1,0,0,1,1,0,1,0,1,0
ZTF24abgjdrx,0,1,0,1,0,1,0,1,0,0,1
ZTF24abgjdxk,0,1,0,1,0,1,0,1,0,0,1
ZTF24abgkjag,0,1,0,1,0,1,0,0,1,1,0
ZTF24abgoldn,1,0,0,0,0,0,0,0,0,0,0
ZTF24abgqnwz,0,1,0,1,0,0,1,1,0,1,0
ZTF24abgrsdt,1,0,0,0,0,0,0,0,0,0,0
ZTF24abgscdl,0,1,0,1,0,1,0,0,1,1,0
ZTF24abgsswm,0,1,0,0,1,1,0,1,0,1,0
ZTF24abgtiuc,0,1,0,1,0,0,1,1,0,1,0
ZTF24abgulqv,0,1,0,1,0,1,0,0,1,1,0
ZTF24abgvkwg,0,1,0,1,0,1,0,0,1,1,0
ZTF24abgvscf,0,1,0,1,0,1,0,0,1,1,0
ZTF24abgwdnf,0,1,0,1,0,1,0,0,1,1,0
ZTF24abgyqsl,0,1,0,0,1,1,0,1,0,1,0
ZTF24abhbnbk,0,1,0,1,0,1,0,0,1,1,0
ZTF24abhbsuq,1,0,0,0,0,0,0,0,0,0,0
ZTF24abhcehv,0,1,0,1,0,1,0,1,0,0,1
ZTF24abhdptp,0,1,0,1,0,0,1,1,0,1,0
ZTF24abhdqpp,0,0,1,1,0,1,0,1,0,1,0
ZTF24abhduon,1,0,0,0,0,0,0,0,0,0,0
ZTF24abheyev,0,1,0,1,0,1,0,0,1,1,0
ZTF24abhfcrb,0,1,0,1,0,0,1,1,0,1,0
ZTF24abhfcts,0,1,0,1,0,1,0,0,1,1,0
ZTF24abhhcof,0,1,0,0,1,1,0,1,0,1,0
ZTF24abhihcx,1,0,0,0,0,0,0,0,0,0,0
ZTF24abhjruq,0,1,0,1,0,1,0,0,1,1,0
ZTF24abhjsld,1,0,0,0,0,0,0,0,0,0,0
ZTF24abhkdbn,1,0,0,0,0,0,0,0,0,0,0
ZTF24abhkdnr,0,1,0,0,1,1,0,1,0,1,0
ZTF24abhkfju,1,0,0,0,0,0,0,0,0,0,0
ZTF24abhkhbr,0,1,0,0,1,1,0,1,0,1,0
ZTF24abhkitv,0,1,0,1,0,0,1,1,0,1,0
ZTF24abhlmjz,0,0,1,1,0,1,0,1,0,1,0
ZTF24abhlpjl,0,1,0,1,0,1,0,1,0,0,1
ZTF24abhluet,1,0,0,0,0,0,0,0,0,0,0
ZTF24abhqgia,0,0,1,1,0,1,0,1,0,1,0
ZTF24abhstjv,1,0,0,0,0,0,0,0,0,0,0
ZTF24abhtadx,0,0,1,1,0,1,0,1,0,1,0
ZTF24abhtxit,0,1,0,1,0,1,0,0,1,1,0
ZTF24abhuswk,0,0,1,1,0,1,0,1,0,1,0
ZTF24abhvcij,0,1,0,1,0,0,1,1,0,1,0
ZTF24abhwgju,0,1,0,1,0,1,0,0,1,1,0
ZTF24abhwtud,0,1,0,1,0,1,0,1,0,0,1
ZTF24abhwymz,0,1,0,1,0,0,1,1,0,1,0
ZTF24abhxjeq,0,1,0,1,0,0,1,1,0,1,0
ZTF24abhxlsr,0,0,1,1,0,1,0,1,0,1,0
ZTF24abhxpgy,1,0,0,0,0,0,0,0,0,0,0
ZTF24abhxqnk,0,1,0,0,1,1,0,1,0,1,0
ZTF24abicrns,1,0,0,0,0,0,0,0,0,0,0
ZTF24abietks,0,1,0,0,1,1,0,1,0,1,0
ZTF24abifpxn,0,1,0,1,0,1,0,0,1,1,0
ZTF24abihuzi,0,1,0,1,0,1,0,1,0,0,1
ZTF24abihvgi,1,0,0,0,0,0,0,0,0,0,0
ZTF24abihwzh,0,1,0,0,1,1,0,1,0,1,0
ZTF24abihxql,0,1,0,0,1,1,0,1,0,1,0
ZTF24abihzun,0,1,0,0,1,1,0,1,0,1,0
ZTF24abiiabk,0,0,1,1,0,1,0,1,0,1,0
ZTF24abiieub,0,1,0,1,0,1,0,0,1,1,0
ZTF24abiigji,0,1,0,1,0,1,0,0,1,1,0
ZTF24abiigva,1,0,0,0,0,0,0,0,0,0,0
ZTF24abiihsz,0,1,0,1,0,0,1,1,0,1,0
ZTF24abiiiuh,0,1,0,1,0,1,0,0,1,1,0
ZTF24abiijcy,0,0,1,1,0,1,0,1,0,1,0
ZTF24abiikba,0,1,0,1,0,1,0,1,0,0,1
ZTF24abiikzm,0,1,0,1,0,1,0,0,1,1,0
ZTF24abiilbk,0,1,0,1,0,1,0,1,0,0,1
ZTF24abiimsa,1,0,0,0,0,0,0,0,0,0,0
ZTF24abiinxu,0,1,0,1,0,1,0,1,0,0,1
ZTF24abiinyr,0,1,0,0,1,1,0,1,0,1,0
ZTF24abiipqg,0,1,0,0,1,1,0,1,0,1,0
ZTF24abiixhe,0,1,0,1,0,1,0,0,1,1,0
ZTF24abijafw,0,1,0,1,0,0,1,1,0,1,0
ZTF24abijgwh,1,0,0,0,0,0,0,0,0,0,0
ZTF24abikybo,0,1,0,0,1,1,0,1,0,1,0
ZTF24abiltvb,0,1,0,1,0,0,1,1,0,1,0
ZTF24abimmze,0,1,0,0,1,1,0,1,0,1,0
ZTF24abimzth,0,1,0,1,0,1,0,0,1,1,0
ZTF24abinbgx,0,1,0,1,0,1,0,0,1,1,0
ZTF24abincya,0,1,0,1,0,1,0,1,0,0,1
ZTF24abindek,0,0,1,1,0,1,0,1,0,1,0
ZTF24abinjdn,0,0,1,1,0,1,0,1,0,1,0
ZTF24abinmuf,0,0,1,1,0,1,0,1,0,1,0
ZTF24abinxqu,0,1,0,1,0,1,0,0,1,1,0
ZTF24abinyya,0,0,1,1,0,1,0,1,0,1,0
ZTF24abiolkd,0,1,0,1,0,0,1,1,0,1,0
ZTF24abiopiy,0,1,0,1,0,1,0,1,0,0,1
ZTF24abiovti,0,1,0,1,0,0,1,1,0,1,0
ZTF24abipxwv,0,1,0,1,0,1,0,0,1,1,0
ZTF24abipyia,0,1,0,1,0,1,0,0,1,1,0
ZTF24abislzl,0,1,0,1,0,0,1,1,0,1,0
ZTF24abityxo,0,0,1,1,0,1,0,1,0,1,0
ZTF24abiumhn,0,1,0,1,0,1,0,0,1,1,0
ZTF24abivkgx,0,1,0,1,0,1,0,1,0,0,1
ZTF24abiwssp,0,1,0,1,0,0,1,1,0,1,0
ZTF24abixvae,0,1,0,1,0,1,0,0,1,1,0
ZTF24abixvyb,0,0,1,1,0,1,0,1,0,1,0
ZTF24abixzdk,0,1,0,1,0,0,1,1,0,1,0
ZTF24abiydie,0,1,0,1,0,0,1,1,0,1,0
ZTF24abiykzk,0,1,0,1,0,1,0,0,1,1,0
ZTF24abiyvvk,0,1,0,1,0,0,1,1,0,1,0
ZTF24abiyxye,0,1,0,1,0,1,0,1,0,0,1
ZTF24abizagi,0,1,0,1,0,1,0,0,1,1,0
ZTF24abizqut,0,1,0,0,1,1,0,1,0,1,0
ZTF24abizwme,0,1,0,1,0,1,0,0,1,1,0
ZTF24abizyga,0,0,1,1,0,1,0,1,0,1,0
ZTF24abjanqa,0,1,0,1,0,1,0,1,0,0,1
ZTF24abjaqus,0,0,1,1,0,1,0,1,0,1,0
ZTF24abjcrge,0,1,0,1,0,1,0,0,1,1,0
ZTF24abjczpg,0,1,0,1,0,1,0,1,0,0,1
ZTF24abjdahk,1,0,0,0,0,0,0,0,0,0,0
ZTF24abjdfnx,0,1,0,1,0,0,1,1,0,1,0
ZTF24abjdgpw,0,1,0,1,0,0,1,1,0,1,0
ZTF24abjdyma,0,1,0,0,1,1,0,1,0,1,0
ZTF24abjfblb,1,0,0,0,0,0,0,0,0,0,0
ZTF24abjfnih,0,1,0,0,1,1,0,1,0,1,0
ZTF24abjhzyi,1,0,0,0,0,0,0,0,0,0,0
ZTF24abjibqy,0,1,0,0,1,1,0,1,0,1,0
ZTF24abjimjj,0,0,1,1,0,1,0,1,0,1,0
ZTF24abjinjf,0,1,0,1,0,1,0,0,1,1,0
ZTF24abjivrv,0,1,0,1,0,1,0,0,1,1,0
ZTF24abjkgdc,0,1,0,0,1,1,0,1,0,1,0
ZTF24abjklze,0,1,0,0,1,1,0,1,0,1,0
ZTF24abjlhsb,1,0,0,0,0,0,0,0,0,0,0
ZTF24abjloyj,0,1,0,0,1,1,0,1,0,1,0
ZTF24abjqbpj,1,0,0,0,0,0,0,0,0,0,0
ZTF24abjqrvk,0,1,0,1,0,1,0,1,0,0,1
ZTF24abjqxnc,0,1,0,0,1,1,0,1,0,1,0
ZTF24abjrcrr,0,1,0,1,0,0,1,1,0,1,0
ZTF24abjrdxb,0,0,1,1,0,1,0,1,0,1,0
ZTF24abjsdsv,1,0,0,0,0,0,0,0,0,0,0
ZTF24abjsell,0,1,0,0,1,1,0,1,0,1,0
ZTF24abjxsvq,0,1,0,1,0,1,0,0,1,1,0
ZTF24abkaksu,1,0,0,0,0,0,0,0,0,0,0
ZTF24abkanvh,0,1,0,0,1,1,0,1,0,1,0
ZTF24abkayhy,0,1,0,1,0,0,1,1,0,1,0
ZTF24abkbany,1,0,0,0,0,0,0,0,0,0,0
ZTF24abkbonv,0,1,0,0,1,1,0,1,0,1,0
ZTF24abkcder,0,0,1,1,0,1,0,1,0,1,0
ZTF24abkcwlr,0,0,1,1,0,1,0,1,0,1,0
ZTF24abkcyrn,0,1,0,1,0,1,0,0,1,1,0
ZTF24abkcyyz,1,0,0,0,0,0,0,0,0,0,0
ZTF24abkdgld,0,0,1,1,0,1,0,1,0,1,0
ZTF24abkdnzl,0,1,0,1,0,1,0,1,0,0,1
ZTF24abkegqp,0,0,1,1,0,1,0,1,0,1,0
ZTF24abkeifs,0,1,0,1,0,1,0,0,1,1,0
ZTF24abkgrck,0,1,0,1,0,1,0,0,1,1,0
ZTF24abkgvhk,0,0,1,1,0,1,0,1,0,1,0
ZTF24abkjwjl,0,0,1,1,0,1,0,1,0,1,0
ZTF24abkkhbu,0,1,0,0,1,1,0,1,0,1,0
ZTF24abklezc,0,1,0,1,0,1,0,0,1,1,0
ZTF24abklffr,0,1,0,1,0,0,1,1,0,1,0
ZTF24abkrkyb,0,1,0,0,1,1,0,1,0,1,0
ZTF24abksqnf,1,0,0,0,0,0,0,0,0,0,0
ZTF24ableoob,0,1,0,1,0,0,1,1,0,1,0
ZTF24ablfjnk,0,1,0,1,0,1,0,1,0,0,1
ZTF24ablflun,0,1,0,1,0,0,1,1,0,1,0
ZTF24ablflur,0,1,0,1,0,0,1,1,0,1,0
ZTF24ablfqye,0,1,0,1,0,1,0,0,1,1,0
ZTF24ablfrqn,0,1,0,0,1,1,0,1,0,1,0
ZTF24ablfshg,1,0,0,0,0,0,0,0,0,0,0
ZTF24ablfujv,0,1,0,1,0,1,0,1,0,0,1
ZTF24ablgasd,0,0,1,1,0,1,0,1,0,1,0
ZTF24ablgcwp,1,0,0,0,0,0,0,0,0,0,0
ZTF24ablgdax,1,0,0,0,0,0,0,0,0,0,0
ZTF24ablgfbz,1,0,0,0,0,0,0,0,0,0,0
ZTF24ablgjvz,0,1,0,1,0,1,0,1,0,0,1
ZTF24ablglml,0,1,0,1,0,1,0,1,0,0,1
ZTF24ablhsco,0,1,0,1,0,0,1,1,0,1,0
ZTF24abljiit,0,1,0,1,0,1,0,0,1,1,0
ZTF24abljlca,0,1,0,1,0,0,1,1,0,1,0
ZTF24abljppz,0,1,0,0,1,1,0,1,0,1,0
ZTF24ablkgwk,0,1,0,1,0,0,1,1,0,1,0
ZTF24ablkmbz,0,1,0,1,0,1,0,0,1,1,0
ZTF24ablkmlf,0,1,0,0,1,1,0,1,0,1,0
ZTF24ablkoli,0,0,1,1,0,1,0,1,0,1,0
ZTF24ablkvhz,0,1,0,1,0,0,1,1,0,1,0
ZTF24ablkvjn,0,1,0,0,1,1,0,1,0,1,0
ZTF24ablkvzt,0,1,0,1,0,0,1,1,0,1,0
ZTF24ablkxcw,0,1,0,1,0,1,0,1,0,0,1
ZTF24abllcko,0,1,0,1,0,1,0,0,1,1,0
ZTF24ablleez,1,0,0,0,0,0,0,0,0,0,0
ZTF24abllesy,0,1,0,1,0,1,0,1,0,0,1
ZTF24ablmzzi,0,1,0,1,0,1,0,1,0,0,1
ZTF24ablnplh,0,1,0,1,0,0,1,1,0,1,0
ZTF24ablntoj,0,0,1,1,0,1,0,1,0,1,0
ZTF24abloatb,0,1,0,1,0,1,0,1,0,0,1
ZTF24ablozhf,0,1,0,0,1,1,0,1,0,1,0
ZTF24ablozqg,1,0,0,0,0,0,0,0,0,0,0
ZTF24ablozwz,0,1,0,0,1,1,0,1,0,1,0
ZTF24ablpekx,0,1,0,1,0,0,1,1,0,1,0
ZTF24ablpojh,0,1,0,1,0,1,0,1,0,0,1
ZTF24ablqead,0,1,0,1,0,1,0,0,1,1,0
ZTF24ablrntc,0,1,0,1,0,1,0,1,0,0,1
ZTF24ablrqbf,0,1,0,0,1,1,0,1,0,1,0
ZTF24ablrsya,1,0,0,0,0,0,0,0,0,0,0
ZTF24ablrtvu,0,1,0,1,0,0,1,1,0,1,0
ZTF24ablsnly,0,1,0,1,0,1,0,1,0,0,1
ZTF24ablsrxa,0,1,0,1,0,0,1,1,0,1,0
ZTF24ablsyyj,1,0,0,0,0,0,0,0,0,0,0
ZTF24abltdnn,1,0,0,0,0,0,0,0,0,0,0
ZTF24abltieo,0,1,0,1,0,0,1,1,0,1,0
ZTF24abltxrh,0,0,1,1,0,1,0,1,0,1,0
ZTF24abltxth,0,1,0,0,1,1,0,1,0,1,0
ZTF24abluhat,0,1,0,1,0,0,1,1,0,1,0
ZTF24abluhgj,0,1,0,1,0,1,0,0,1,1,0
ZTF24abluhsy,0,1,0,1,0,0,1,1,0,1,0
ZTF24abluiau,0,1,0,1,0,0,1,1,0,1,0
ZTF24abluivz,1,0,0,0,0,0,0,0,0,0,0
ZTF24ablujja,0,1,0,1,0,1,0,1,0,0,1
ZTF24abluybf,0,0,1,1,0,1,0,1,0,1,0
ZTF24abluyoy,1,0,0,0,0,0,0,0,0,0,0
ZTF24abluyre,1,0,0,0,0,0,0,0,0,0,0
ZTF24ablvbgb,0,0,1,1,0,1,0,1,0,1,0
ZTF24ablvfpw,0,1,0,1,0,1,0,1,0,0,1
ZTF24ablxcdq,1,0,0,0,0,0,0,0,0,0,0
ZTF24ablxivt,0,1,0,1,0,0,1,1,0,1,0
ZTF24ablypqy,0,1,0,1,0,0,1,1,0,1,0
ZTF24ablyxkp,0,1,0,0,1,1,0,1,0,1,0
ZTF24ablyxmn,1,0,0,0,0,0,0,0,0,0,0
ZTF24ablzdlw,0,1,0,1,0,0,1,1,0,1,0
ZTF24ablzltr,0,1,0,0,1,1,0,1,0,1,0
ZTF24abmaplm,0,0,1,1,0,1,0,1,0,1,0
ZTF24abmblhk,0,1,0,1,0,1,0,1,0,0,1
ZTF24abmbpiq,0,1,0,0,1,1,0,1,0,1,0
ZTF24abmbpwa,1,0,0,0,0,0,0,0,0,0,0
ZTF24abmdebl,0,0,1,1,0,1,0,1,0,1,0
ZTF24abmdmgz,0,1,0,1,0,1,0,1,0,0,1
ZTF24abmecim,0,1,0,1,0,0,1,1,0,1,0
ZTF24abmehce,0,0,1,1,0,1,0,1,0,1,0
ZTF24abmeyrl,0,1,0,1,0,0,1,1,0,1,0
ZTF24abmezbd,1,0,0,0,0,0,0,0,0,0,0
ZTF24abmezgd,0,0,1,1,0,1,0,1,0,1,0
ZTF24abmfauy,0,1,0,0,1,1,0,1,0,1,0
ZTF24abmfcvu,0,1,0,1,0,1,0,1,0,0,1
ZTF24abmfemn,0,1,0,1,0,0,1,1,0,1,0
ZTF24abmfgxy,0,1,0,0,1,1,0,1,0,1,0
ZTF24abmfhws,0,1,0,0,1,1,0,1,0,1,0
ZTF24abmfiql,0,1,0,0,1,1,0,1,0,1,0
ZTF24abmjqzf,1,0,0,0,0,0,0,0,0,0,0
ZTF24abmkdnc,0,1,0,0,1,1,0,1,0,1,0
ZTF24abmkseg,0,1,0,1,0,0,1,1,0,1,0
ZTF24abmktku,0,1,0,1,0,1,0,1,0,0,1
ZTF24abmldzc,1,0,0,0,0,0,0,0,0,0,0
ZTF24abmllgk,0,1,0,0,1,1,0,1,0,1,0
ZTF24abmlvew,0,1,0,1,0,0,1,1,0,1,0
ZTF24abmlvxh,1,0,0,0,0,0,0,0,0,0,0
ZTF24abmmavi,0,1,0,1,0,1,0,0,1,1,0
ZTF24abmmstm,0,1,0,0,1,1,0,1,0,1,0
ZTF24abmqdca,1,0,0,0,0,0,0,0,0,0,0
ZTF24abmqran,0,1,0,1,0,1,0,1,0,0,1
ZTF24abmqrts,0,1,0,1,0,1,0,1,0,0,1
ZTF24abmquim,0,1,0,1,0,1,0,1,0,0,1
ZTF24abmqwjo,0,0,1,1,0,1,0,1,0,1,0
ZTF24abmqxki,0,1,0,0,1,1,0,1,0,1,0
ZTF24abmsqaz,0,0,1,1,0,1,0,1,0,1,0
ZTF24abmsqmq,0,0,1,1,0,1,0,1,0,1,0
ZTF24abmugqo,0,0,1,1,0,1,0,1,0,1,0
ZTF24abmuhbu,0,1,0,1,0,0,1,1,0,1,0
ZTF24abmumbg,1,0,0,0,0,0,0,0,0,0,0
ZTF24abmumeh,0,0,1,1,0,1,0,1,0,1,0
ZTF24abmummp,0,1,0,1,0,1,0,0,1,1,0
ZTF24abmxzcu,0,0,1,1,0,1,0,1,0,1,0
ZTF24abmyogn,1,0,0,0,0,0,0,0,0,0,0
ZTF24abmyoit,1,0,0,0,0,0,0,0,0,0,0
ZTF24abmyong,0,0,1,1,0,1,0,1,0,1,0
ZTF24abmyoun,0,1,0,1,0,1,0,0,1,1,0
ZTF24abmypje,0,1,0,0,1,1,0,1,0,1,0
ZTF24abmyttk,0,0,1,1,0,1,0,1,0,1,0
ZTF24abnafgr,0,1,0,1,0,1,0,1,0,0,1
ZTF24abnafkr,0,1,0,1,0,1,0,1,0,0,1
ZTF24abnajxt,0,1,0,1,0,0,1,1,0,1,0
ZTF24abnapky,0,1,0,1,0,1,0,1,0,0,1
ZTF24abneqze,0,1,0,1,0,1,0,0,1,1,0
ZTF24abnfjob,0,1,0,1,0,0,1,1,0,1,0
ZTF24abngizr,0,0,1,1,0,1,0,1,0,1,0
ZTF24abngpuc,0,1,0,1,0,1,0,1,0,0,1
ZTF24abnmchs,0,1,0,0,1,1,0,1,0,1,0
ZTF24abnoldv,0,1,0,1,0,1,0,0,1,1,0
ZTF24abnpdky,0,1,0,0,1,1,0,1,0,1,0
ZTF24abnpekj,1,0,0,0,0,0,0,0,0,0,0
ZTF24abnpelc,0,1,0,1,0,1,0,0,1,1,0
ZTF24abnpiop,0,1,0,1,0,1,0,1,0,0,1
ZTF24abnppsj,1,0,0,0,0,0,0,0,0,0,0
ZTF24abnpslz,0,1,0,1,0,1,0,1,0,0,1
ZTF24abnpwcx,0,1,0,0,1,1,0,1,0,1,0
ZTF24abnqqmr,1,0,0,0,0,0,0,0,0,0,0
ZTF24abnrufq,0,1,0,0,1,1,0,1,0,1,0
ZTF24abnsaax,0,1,0,1,0,0,1,1,0,1,0
ZTF24abnsght,1,0,0,0,0,0,0,0,0,0,0
ZTF24abnsgzr,1,0,0,0,0,0,0,0,0,0,0
ZTF24abnshco,0,0,1,1,0,1,0,1,0,1,0
ZTF24abnshyt,0,1,0,1,0,0,1,1,0,1,0
ZTF24abnsndl,0,1,0,1,0,0,1,1,0,1,0
ZTF24abnsndr,1,0,0,0,0,0,0,0,0,0,0
ZTF24abnsnqv,0,1,0,1,0,1,0,0,1,1,0
ZTF24abntcca,0,1,0,1,0,1,0,0,1,1,0
ZTF24abntkpa,0,1,0,1,0,1,0,0,1,1,0
ZTF24abntsaw,0,0,1,1,0,1,0,1,0,1,0
ZTF24abnucbu,0,0,1,1,0,1,0,1,0,1,0
ZTF24abnwnqs,1,0,0,0,0,0,0,0,0,0,0
ZTF24abnxpkm,1,0,0,0,0,0,0,0,0,0,0
ZTF24abnxwvi,0,1,0,1,0,1,0,1,0,0,1
ZTF24abnxzlj,0,1,0,1,0,0,1,1,0,1,0
ZTF24abnyans,0,1,0,1,0,0,1,1,0,1,0
ZTF24abnyirw,0,1,0,1,0,1,0,0,1,1,0
ZTF24abnypyh,0,1,0,1,0,1,0,0,1,1,0
ZTF24abnyruv,0,1,0,0,1,1,0,1,0,1,0
ZTF24abnytzz,1,0,0,0,0,0,0,0,0,0,0
ZTF24abnyyfe,1,0,0,0,0,0,0,0,0,0,0
ZTF24abnyzkq,0,1,0,1,0,1,0,1,0,0,1
ZTF24abnzbso,1,0,0,0,0,0,0,0,0,0,0
ZTF24abnzedo,1,0,0,0,0,0,0,0,0,0,0
ZTF24abnztcd,0,0,1,1,0,1,0,1,0,1,0
ZTF24abnztph,0,0,1,1,0,1,0,1,0,1,0
ZTF24abnzvha,0,1,0,1,0,1,0,1,0,0,1
ZTF24aboakqo,0,1,0,1,0,1,0,0,1,1,0
ZTF24aboausi,0,1,0,0,1,1,0,1,0,1,0
ZTF24aboawrf,1,0,0,0,0,0,0,0,0,0,0
ZTF24abocnoi,0,1,0,0,1,1,0,1,0,1,0
ZTF24abocwde,0,1,0,1,0,1,0,0,1,1,0
ZTF24abodvbz,1,0,0,0,0,0,0,0,0,0,0
ZTF24aboefhq,0,1,0,1,0,1,0,1,0,0,1
ZTF24aboeiao,0,1,0,1,0,0,1,1,0,1,0
ZTF24aboeilj,0,1,0,1,0,1,0,0,1,1,0
ZTF24aboelkg,0,1,0,1,0,1,0,1,0,0,1
ZTF24aboemrx,0,1,0,1,0,0,1,1,0,1,0
ZTF24abofewn,0,1,0,1,0,0,1,1,0,1,0
ZTF24abofxtj,1,0,0,0,0,0,0,0,0,0,0
ZTF24abogfen,1,0,0,0,0,0,0,0,0,0,0
ZTF24abogfzd,0,1,0,1,0,1,0,1,0,0,1
ZTF24abognnv,1,0,0,0,0,0,0,0,0,0,0
ZTF24abogqfo,0,1,0,0,1,1,0,1,0,1,0
ZTF24abogweb,0,1,0,1,0,1,0,0,1,1,0
ZTF24abohqwt,0,1,0,0,1,1,0,1,0,1,0
ZTF24abohvte,0,0,1,1,0,1,0,1,0,1,0
ZTF24aboiyai,1,0,0,0,0,0,0,0,0,0,0
ZTF24abojdmz,0,0,1,1,0,1,0,1,0,1,0
ZTF24abojiiz,0,1,0,1,0,1,0,1,0,0,1
ZTF24abojikx,0,0,1,1,0,1,0,1,0,1,0
ZTF24abojywb,1,0,0,0,0,0,0,0,0,0,0
ZTF24abokcrd,0,1,0,1,0,0,1,1,0,1,0
ZTF24abokdaj,0,1,0,1,0,1,0,0,1,1,0
ZTF24abokdca,0,1,0,1,0,0,1,1,0,1,0
ZTF24abokpyn,0,1,0,1,0,0,1,1,0,1,0
ZTF24abokzab,0,0,1,1,0,1,0,1,0,1,0
ZTF24aboldby,0,1,0,1,0,0,1,1,0,1,0
ZTF24abolyxg,0,0,1,1,0,1,0,1,0,1,0
ZTF24abonrde,0,0,1,1,0,1,0,1,0,1,0
ZTF24aboocoy,0,1,0,1,0,0,1,1,0,1,0
ZTF24aboofuy,0,1,0,1,0,1,0,0,1,1,0
ZTF24aboqltp,0,1,0,1,0,0,1,1,0,1,0
ZTF24aboqsxx,0,1,0,0,1,1,0,1,0,1,0
ZTF24abotjlo,0,1,0,1,0,0,1,1,0,1,0
ZTF24abotjza,0,1,0,1,0,1,0,0,1,1,0
ZTF24abotlnq,1,0,0,0,0,0,0,0,0,0,0
ZTF24abottme,0,1,0,1,0,0,1,1,0,1,0
ZTF24abouekz,0,1,0,1,0,1,0,0,1,1,0
ZTF24aboukdf,0,0,1,1,0,1,0,1,0,1,0
ZTF24aboukmj,0,1,0,1,0,1,0,0,1,1,0
ZTF24aboukuf,0,1,0,1,0,1,0,1,0,0,1
ZTF24abouyal,1,0,0,0,0,0,0,0,0,0,0
ZTF24aboxgtb,1,0,0,0,0,0,0,0,0,0,0
ZTF24aboyicq,0,1,0,1,0,1,0,0,1,1,0
ZTF24abozaua,0,1,0,1,0,1,0,0,1,1,0
ZTF24abozrgf,0,1,0,1,0,1,0,1,0,0,1
ZTF24abozrrj,0,1,0,1,0,1,0,1,0,0,1
ZTF24abpaagj,0,1,0,1,0,0,1,1,0,1,0
ZTF24abpbhvy,1,0,0,0,0,0,0,0,0,0,0
ZTF24abpbius,0,1,0,1,0,1,0,1,0,0,1
ZTF24abpbiwo,1,0,0,0,0,0,0,0,0,0,0
ZTF24abphheh,1,0,0,0,0,0,0,0,0,0,0
ZTF24abpiomq,0,1,0,0,1,1,0,1,0,1,0
ZTF24abpooja,0,1,0,0,1,1,0,1,0,1,0
ZTF24abpoqxi,0,0,1,1,0,1,0,1,0,1,0
ZTF24abpowdn,0,1,0,1,0,1,0,0,1,1,0
ZTF24abpqerw,1,0,0,0,0,0,0,0,0,0,0
ZTF24abpqghw,0,1,0,1,0,0,1,1,0,1,0
ZTF24abprmky,0,1,0,1,0,0,1,1,0,1,0
ZTF24abpruda,0,1,0,1,0,1,0,0,1,1,0
ZTF24abptosc,0,1,0,1,0,1,0,1,0,0,1
ZTF24abptqdc,0,1,0,0,1,1,0,1,0,1,0
ZTF24abpttlq,0,1,0,1,0,0,1,1,0,1,0
ZTF24abpuatr,1,0,0,0,0,0,0,0,0,0,0
ZTF24abpusqp,0,1,0,1,0,1,0,0,1,1,0
ZTF24abpuzcc,0,1,0,0,1,1,0,1,0,1,0
ZTF24abpvqxe,0,0,1,1,0,1,0,1,0,1,0
ZTF24abpvupp,0,1,0,1,0,1,0,0,1,1,0
ZTF24abpwejm,0,1,0,0,1,1,0,1,0,1,0
ZTF24abpwhph,0,1,0,0,1,1,0,1,0,1,0
ZTF24abpwkph,1,0,0,0,0,0,0,0,0,0,0
ZTF24abpwnyt,0,1,0,1,0,0,1,1,0,1,0
ZTF24abpxetg,0,1,0,1,0,1,0,0,1,1,0
ZTF24abpygzx,0,1,0,1,0,1,0,0,1,1,0
ZTF24abpykhc,0,1,0,1,0,0,1,1,0,1,0
ZTF24abpyloz,0,1,0,1,0,1,0,0,1,1,0
ZTF24abpzwwe,1,0,0,0,0,0,0,0,0,0,0
ZTF24abqaeai,0,1,0,1,0,1,0,0,1,1,0
ZTF24abqccoe,0,0,1,1,0,1,0,1,0,1,0
ZTF24abqcoqv,0,0,1,1,0,1,0,1,0,1,0
ZTF24abqdcod,0,1,0,1,0,1,0,1,0,0,1
ZTF24abqdhvr,0,1,0,1,0,0,1,1,0,1,0
ZTF24abqdvwa,1,0,0,0,0,0,0,0,0,0,0
ZTF24abqeglz,0,1,0,0,1,1,0,1,0,1,0
ZTF24abqepli,0,1,0,1,0,1,0,0,1,1,0
ZTF24abqesjc,1,0,0,0,0,0,0,0,0,0,0
ZTF24abqesrx,0,0,1,1,0,1,0,1,0,1,0
ZTF24abqewog,1,0,0,0,0,0,0,0,0,0,0
ZTF24abqewqp,0,1,0,1,0,0,1,1,0,1,0
ZTF24abqexqg,0,1,0,1,0,0,1,1,0,1,0
ZTF24abqezdw,0,1,0,1,0,1,0,1,0,0,1
ZTF24abqfcep,0,1,0,1,0,1,0,1,0,0,1
ZTF24abqfdav,0,1,0,1,0,1,0,0,1,1,0
ZTF24abqfdci,1,0,0,0,0,0,0,0,0,0,0
ZTF24abqfloo,0,1,0,1,0,0,1,1,0,1,0
ZTF24abqkitr,0,1,0,1,0,1,0,1,0,0,1
ZTF24abqkjqh,0,1,0,1,0,1,0,1,0,0,1
ZTF24abqkkqz,1,0,0,0,0,0,0,0,0,0,0
ZTF24abqkmcy,0,1,0,1,0,0,1,1,0,1,0
ZTF24abqljik,0,1,0,1,0,0,1,1,0,1,0
ZTF24abqlltm,0,0,1,1,0,1,0,1,0,1,0
ZTF24abqllyr,1,0,0,0,0,0,0,0,0,0,0
ZTF24abqlrdc,0,1,0,1,0,0,1,1,0,1,0
ZTF24abqmyfv,0,1,0,1,0,1,0,1,0,0,1
ZTF24abqnbwr,0,1,0,1,0,1,0,0,1,1,0
ZTF24abqndfj,0,1,0,1,0,1,0,1,0,0,1
ZTF24abqomjm,0,0,1,1,0,1,0,1,0,1,0
ZTF24abqozsv,0,1,0,1,0,1,0,1,0,0,1
ZTF24abqpbas,0,0,1,1,0,1,0,1,0,1,0
ZTF24abqpshs,0,1,0,1,0,1,0,1,0,0,1
ZTF24abqqoxy,0,1,0,1,0,0,1,1,0,1,0
ZTF24abqqven,1,0,0,0,0,0,0,0,0,0,0
ZTF24abqtejp,1,0,0,0,0,0,0,0,0,0,0
ZTF24abqtlxj,0,0,1,1,0,1,0,1,0,1,0
ZTF24abqtmtt,0,1,0,1,0,0,1,1,0,1,0
ZTF24abqwubu,0,0,1,1,0,1,0,1,0,1,0
ZTF24abqwuuu,0,1,0,1,0,1,0,1,0,0,1
ZTF24abqxfih,0,0,1,1,0,1,0,1,0,1,0
ZTF24abqykxi,0,1,0,1,0,1,0,1,0,0,1
ZTF24abqzwao,0,1,0,1,0,1,0,0,1,1,0
ZTF24abrcsrl,0,0,1,1,0,1,0,1,0,1,0
ZTF24abrfplt,0,1,0,0,1,1,0,1,0,1,0
ZTF24abrhwmu,0,1,0,1,0,1,0,0,1,1,0
ZTF24abrhxcq,0,0,1,1,0,1,0,1,0,1,0
ZTF24abribcl,0,1,0,1,0,1,0,0,1,1,0
ZTF24abribvc,0,0,1,1,0,1,0,1,0,1,0
ZTF24abricne,0,0,1,1,0,1,0,1,0,1,0
ZTF24abrieht,0,1,0,1,0,0,1,1,0,1,0
ZTF24abriexo,0,0,1,1,0,1,0,1,0,1,0
ZTF24abrigzn,0,1,0,1,0,1,0,0,1,1,0
ZTF24abripcp,1,0,0,0,0,0,0,0,0,0,0
ZTF24abrkavq,0,1,0,0,1,1,0,1,0,1,0
ZTF24abrkbhg,1,0,0,0,0,0,0,0,0,0,0
ZTF24abrkbor,0,1,0,1,0,0,1,1,0,1,0
ZTF24abrkikf,0,1,0,1,0,0,1,1,0,1,0
ZTF24abrkybg,0,1,0,1,0,1,0,1,0,0,1
ZTF24abrlkcg,1,0,0,0,0,0,0,0,0,0,0
ZTF24abrnlty,0,1,0,1,0,1,0,0,1,1,0
ZTF24abrntfl,0,1,0,0,1,1,0,1,0,1,0
ZTF24abrooqt,0,0,1,1,0,1,0,1,0,1,0
ZTF24abropkg,0,0,1,1,0,1,0,1,0,1,0
ZTF24abrorjk,0,1,0,1,0,0,1,1,0,1,0
ZTF24abrowfx,0,1,0,0,1,1,0,1,0,1,0
ZTF24abrpaxx,0,0,1,1,0,1,0,1,0,1,0
ZTF24abrpcos,0,1,0,1,0,1,0,1,0,0,1
ZTF24abrpedj,0,1,0,1,0,0,1,1,0,1,0
ZTF24abrpezq,0,1,0,1,0,0,1,1,0,1,0
ZTF24abrpfwp,0,1,0,1,0,1,0,1,0,0,1
ZTF24abrpgkc,1,0,0,0,0,0,0,0,0,0,0
ZTF24abrpqhh,0,1,0,1,0,1,0,0,1,1,0
ZTF24abrpuyh,0,0,1,1,0,1,0,1,0,1,0
ZTF24abrrind,0,1,0,0,1,1,0,1,0,1,0
ZTF24abrsyfe,1,0,0,0,0,0,0,0,0,0,0
ZTF24abrwkrm,0,0,1,1,0,1,0,1,0,1,0
ZTF24abrwosb,0,1,0,1,0,0,1,1,0,1,0
ZTF24abryppo,0,0,1,1,0,1,0,1,0,1,0
ZTF24abrywzn,0,1,0,1,0,0,1,1,0,1,0
ZTF24abryyok,0,1,0,0,1,1,0,1,0,1,0
ZTF24abryzhm,0,1,0,1,0,1,0,1,0,0,1
ZTF24abrzdoy,0,1,0,1,0,1,0,0,1,1,0
ZTF24absbhfe,1,0,0,0,0,0,0,0,0,0,0
ZTF24absdolw,0,1,0,1,0,0,1,1,0,1,0
ZTF24absdprx,0,1,0,1,0,1,0,1,0,0,1
ZTF24absdpry,0,1,0,1,0,0,1,1,0,1,0
ZTF24absdzss,0,1,0,1,0,1,0,1,0,0,1
ZTF24absfynl,0,1,0,0,1,1,0,1,0,1,0
ZTF24absgbyi,0,0,1,1,0,1,0,1,0,1,0
ZTF24abshyhp,0,0,1,1,0,1,0,1,0,1,0
ZTF24abshykw,0,0,1,1,0,1,0,1,0,1,0
ZTF24abshyxi,1,0,0,0,0,0,0,0,0,0,0
ZTF24abshzyl,1,0,0,0,0,0,0,0,0,0,0
ZTF24absiasi,0,0,1,1,0,1,0,1,0,1,0
ZTF24absibhe,0,1,0,1,0,1,0,1,0,0,1
ZTF24absjpac,1,0,0,0,0,0,0,0,0,0,0
ZTF24abslvcw,0,1,0,1,0,0,1,1,0,1,0
ZTF24absmlcw,0,1,0,0,1,1,0,1,0,1,0
ZTF24absmntg,0,1,0,1,0,1,0,1,0,0,1
ZTF24absrfdz,1,0,0,0,0,0,0,0,0,0,0
ZTF24absrpsn,0,1,0,0,1,1,0,1,0,1,0
ZTF24abssgro,0,1,0,1,0,1,0,1,0,0,1
ZTF24abssxcb,0,1,0,0,1,1,0,1,0,1,0
ZTF24absvyug,0,1,0,1,0,1,0,1,0,0,1
ZTF24absvzdo,1,0,0,0,0,0,0,0,0,0,0
ZTF24abswbne,1,0,0,0,0,0,0,0,0,0,0
ZTF24abswjac,1,0,0,0,0,0,0,0,0,0,0
ZTF24abswphp,0,1,0,1,0,1,0,1,0,0,1
ZTF24absxhea,0,1,0,0,1,1,0,1,0,1,0
ZTF24abszkov,0,1,0,1,0,1,0,0,1,1,0
ZTF24abszpfh,1,0,0,0,0,0,0,0,0,0,0
ZTF24abszzbd,0,1,0,1,0,1,0,0,1,1,0
ZTF24abtafub,1,0,0,0,0,0,0,0,0,0,0
ZTF24abtaqoc,0,1,0,1,0,1,0,0,1,1,0
ZTF24abtaqry,0,1,0,1,0,1,0,0,1,1,0
ZTF24abtaqvw,1,0,0,0,0,0,0,0,0,0,0
ZTF24abtareh,0,1,0,1,0,0,1,1,0,1,0
ZTF24abtartn,0,1,0,1,0,1,0,0,1,1,0
ZTF24abtdfgx,0,1,0,1,0,1,0,1,0,0,1
ZTF24abtdixv,0,1,0,0,1,1,0,1,0,1,0
ZTF24abtdjad,0,0,1,1,0,1,0,1,0,1,0
ZTF24abtdzkl,0,1,0,1,0,0,1,1,0,1,0
ZTF24abteakh,1,0,0,0,0,0,0,0,0,0,0
ZTF24abtedxc,0,1,0,1,0,1,0,0,1,1,0
ZTF24abteglw,0,1,0,1,0,1,0,1,0,0,1
ZTF24abtfolv,0,0,1,1,0,1,0,1,0,1,0
ZTF24abtfuul,0,1,0,1,0,0,1,1,0,1,0
ZTF24abtgags,0,1,0,1,0,1,0,1,0,0,1
ZTF24abtjarv,1,0,0,0,0,0,0,0,0,0,0
ZTF24abtjewj,0,1,0,1,0,0,1,1,0,1,0
ZTF24abtjjsg,0,1,0,1,0,1,0,0,1,1,0
ZTF24abtjpqu,0,1,0,1,0,1,0,0,1,1,0
ZTF24abtkbhs,0,1,0,0,1,1,0,1,0,1,0
ZTF24abtkbvq,0,1,0,1,0,0,1,1,0,1,0
ZTF24abtkwfd,1,0,0,0,0,0,0,0,0,0,0
ZTF24abtlpat,0,0,1,1,0,1,0,1,0,1,0
ZTF24abtlsjj,0,0,1,1,0,1,0,1,0,1,0
ZTF24abtltqp,1,0,0,0,0,0,0,0,0,0,0
ZTF24abtnkbi,1,0,0,0,0,0,0,0,0,0,0
ZTF24abtnlrl,0,1,0,1,0,1,0,0,1,1,0
ZTF24abtnsxe,0,1,0,1,0,0,1,1,0,1,0
ZTF24abtntic,0,1,0,1,0,1,0,0,1,1,0
ZTF24abtnwev,1,0,0,0,0,0,0,0,0,0,0
ZTF24abtokrc,0,1,0,1,0,1,0,1,0,0,1
ZTF24abtowfy,1,0,0,0,0,0,0,0,0,0,0
ZTF24abtpjwc,0,1,0,0,1,1,0,1,0,1,0
ZTF24abtqndt,1,0,0,0,0,0,0,0,0,0,0
ZTF24abtqvyz,0,1,0,0,1,1,0,1,0,1,0
ZTF24abtqzos,0,1,0,1,0,1,0,1,0,0,1
ZTF24abtrckg,1,0,0,0,0,0,0,0,0,0,0
ZTF24abtrjtf,0,1,0,1,0,1,0,0,1,1,0
ZTF24abtroak,0,1,0,1,0,0,1,1,0,1,0
ZTF24abttauc,0,1,0,1,0,1,0,0,1,1,0
ZTF24abttlhz,0,0,1,1,0,1,0,1,0,1,0
ZTF24abttris,1,0,0,0,0,0,0,0,0,0,0
ZTF24abtubud,1,0,0,0,0,0,0,0,0,0,0
ZTF24abtuqmp,0,1,0,1,0,1,0,0,1,1,0
ZTF24abubjhh,0,1,0,1,0,1,0,1,0,0,1
ZTF24abubkhz,0,1,0,1,0,0,1,1,0,1,0
ZTF24abuchul,1,0,0,0,0,0,0,0,0,0,0
ZTF24abucjfx,0,0,1,1,0,1,0,1,0,1,0
ZTF24abueiws,1,0,0,0,0,0,0,0,0,0,0
ZTF24abuerbi,0,1,0,0,1,1,0,1,0,1,0
ZTF24abuezxx,0,1,0,0,1,1,0,1,0,1,0
ZTF24abufkgl,1,0,0,0,0,0,0,0,0,0,0
ZTF24abugiko,1,0,0,0,0,0,0,0,0,0,0
ZTF24abugkym,0,0,1,1,0,1,0,1,0,1,0
ZTF24abugqth,0,1,0,1,0,1,0,1,0,0,1
ZTF24abugxai,0,0,1,1,0,1,0,1,0,1,0
ZTF24abugzpf,0,1,0,1,0,0,1,1,0,1,0
ZTF24abuhkdm,1,0,0,0,0,0,0,0,0,0,0
ZTF24abuhkxc,0,1,0,1,0,0,1,1,0,1,0
ZTF24abuhlja,0,0,1,1,0,1,0,1,0,1,0
ZTF24abunqbl,0,1,0,1,0,1,0,1,0,0,1
ZTF24abuntvn,0,1,0,1,0,0,1,1,0,1,0
ZTF24abunutj,0,0,1,1,0,1,0,1,0,1,0
ZTF24aburata,0,1,0,1,0,1,0,1,0,0,1
ZTF24aburemr,0,1,0,1,0,1,0,0,1,1,0
ZTF24aburvph,0,1,0,1,0,1,0,0,1,1,0
ZTF24abutkox,0,1,0,1,0,0,1,1,0,1,0
ZTF24abutlnn,0,0,1,1,0,1,0,1,0,1,0
ZTF24abutmcu,0,1,0,1,0,0,1,1,0,1,0
ZTF24abutvtk,0,1,0,1,0,1,0,1,0,0,1
ZTF24abuudqq,0,1,0,1,0,1,0,0,1,1,0
ZTF24abuugtf,0,1,0,0,1,1,0,1,0,1,0
ZTF24abuvhck,1,0,0,0,0,0,0,0,0,0,0
ZTF24abuvisc,0,1,0,1,0,1,0,0,1,1,0
ZTF24abuviyp,0,0,1,1,0,1,0,1,0,1,0
ZTF24abuvkge,0,1,0,0,1,1,0,1,0,1,0
ZTF24abuvltp,0,1,0,1,0,1,0,1,0,0,1
ZTF24abuvtvj,0,1,0,1,0,1,0,1,0,0,1
ZTF24abuvxap,0,1,0,1,0,1,0,0,1,1,0
ZTF24abuwwrg,1,0,0,0,0,0,0,0,0,0,0
ZTF24abuxcnp,0,1,0,1,0,0,1,1,0,1,0
ZTF24abuxivw,0,1,0,1,0,1,0,1,0,0,1
ZTF24abuyefl,1,0,0,0,0,0,0,0,0,0,0
ZTF24abuylxw,0,1,0,0,1,1,0,1,0,1,0
ZTF24abuznqn,0,0,1,1,0,1,0,1,0,1,0
ZTF24abvbjqe,1,0,0,0,0,0,0,0,0,0,0
ZTF24abvbzbd,0,1,0,0,1,1,0,1,0,1,0
ZTF24abvcdfk,0,1,0,1,0,1,0,1,0,0,1
ZTF24abvdaoi,0,1,0,1,0,0,1,1,0,1,0
ZTF24abvdzbs,0,0,1,1,0,1,0,1,0,1,0
ZTF24abvecpv,0,0,1,1,0,1,0,1,0,1,0
ZTF24abvetao,0,0,1,1,0,1,0,1,0,1,0
ZTF24abvevsc,0,0,1,1,0,1,0,1,0,1,0
ZTF24abvexcx,1,0,0,0,0,0,0,0,0,0,0
ZTF24abvfviq,1,0,0,0,0,0,0,0,0,0,0
ZTF24abvfxas,0,1,0,1,0,0,1,1,0,1,0
ZTF24abvgeyz,0,1,0,1,0,1,0,0,1,1,0
ZTF24abvgfgb,0,1,0,1,0,0,1,1,0,1,0
ZTF24abvgfin,0,1,0,1,0,1,0,1,0,0,1
ZTF24abvgfvm,0,0,1,1,0,1,0,1,0,1,0
ZTF24abvghof,0,1,0,0,1,1,0,1,0,1,0
ZTF24abvgioq,1,0,0,0,0,0,0,0,0,0,0
ZTF24abvgiqb,0,1,0,0,1,1,0,1,0,1,0
ZTF24abvgisg,0,0,1,1,0,1,0,1,0,1,0
ZTF24abvgnfu,0,1,0,1,0,1,0,1,0,0,1
ZTF24abvgnzs,0,1,0,1,0,1,0,0,1,1,0
ZTF24abvgobp,0,0,1,1,0,1,0,1,0,1,0
ZTF24abvgooe,0,1,0,1,0,0,1,1,0,1,0
ZTF24abvgprj,0,0,1,1,0,1,0,1,0,1,0
ZTF24abvjszl,0,1,0,1,0,1,0,1,0,0,1
ZTF24abvknct,0,1,0,1,0,1,0,1,0,0,1
ZTF24abvnmfb,0,1,0,1,0,0,1,1,0,1,0
ZTF24abvofas,0,1,0,1,0,1,0,1,0,0,1
ZTF24abvokqe,0,1,0,0,1,1,0,1,0,1,0
ZTF24abvoxim,0,1,0,1,0,1,0,0,1,1,0
ZTF24abvrnpa,0,1,0,1,0,1,0,1,0,0,1
ZTF24abvtkzl,0,1,0,1,0,1,0,1,0,0,1
ZTF24abvtoyo,0,0,1,1,0,1,0,1,0,1,0
ZTF24abvukpp,1,0,0,0,0,0,0,0,0,0,0
ZTF24abvuydm,1,0,0,0,0,0,0,0,0,0,0
ZTF24abvylvw,0,1,0,1,0,1,0,0,1,1,0
ZTF24abvytin,0,1,0,0,1,1,0,1,0,1,0
ZTF24abvzbtk,1,0,0,0,0,0,0,0,0,0,0
ZTF24abvzbvl,0,1,0,1,0,0,1,1,0,1,0
ZTF24abvzfgd,0,1,0,0,1,1,0,1,0,1,0
ZTF24abwbfbd,0,1,0,0,1,1,0,1,0,1,0
ZTF24abwbyie,0,1,0,1,0,1,0,1,0,0,1
ZTF24abwcerr,0,1,0,1,0,0,1,1,0,1,0
ZTF24abwckqi,0,0,1,1,0,1,0,1,0,1,0
ZTF24abwcqgy,0,1,0,1,0,0,1,1,0,1,0
ZTF24abwcufa,0,1,0,0,1,1,0,1,0,1,0
ZTF24abwcuiz,0,1,0,1,0,0,1,1,0,1,0
ZTF24abwcujs,0,1,0,1,0,1,0,1,0,0,1
ZTF24abwcuwy,0,1,0,1,0,0,1,1,0,1,0
ZTF24abwcygj,0,1,0,0,1,1,0,1,0,1,0
ZTF24abwdtsj,0,1,0,1,0,1,0,0,1,1,0
ZTF24abwdtxf,0,0,1,1,0,1,0,1,0,1,0
ZTF24abwdvif,0,1,0,0,1,1,0,1,0,1,0
ZTF24abweokc,0,1,0,0,1,1,0,1,0,1,0
ZTF24abwhukn,0,1,0,0,1,1,0,1,0,1,0
ZTF24abwinhc,0,1,0,1,0,0,1,1,0,1,0
ZTF24abwjpgf,0,1,0,1,0,1,0,0,1,1,0
ZTF24abwkugn,0,0,1,1,0,1,0,1,0,1,0
ZTF24abwkxwh,0,0,1,1,0,1,0,1,0,1,0
ZTF24abwlgbo,0,1,0,1,0,0,1,1,0,1,0
ZTF24abwlhln,0,1,0,1,0,1,0,1,0,0,1
ZTF24abwlhmc,0,1,0,0,1,1,0,1,0,1,0
ZTF24abwljjk,0,1,0,1,0,1,0,0,1,1,0
ZTF24abwmydg,0,1,0,1,0,1,0,1,0,0,1
ZTF24abwmzop,0,1,0,0,1,1,0,1,0,1,0
ZTF24abwsfdk,1,0,0,0,0,0,0,0,0,0,0
ZTF24abwsvqt,0,0,1,1,0,1,0,1,0,1,0
ZTF24abwsvtl,0,1,0,1,0,1,0,1,0,0,1
ZTF24abwtpan,0,1,0,1,0,0,1,1,0,1,0
ZTF24abwuuir,0,0,1,1,0,1,0,1,0,1,0
ZTF24abwuuiu,0,1,0,1,0,1,0,0,1,1,0
ZTF24abwuvhs,0,1,0,0,1,1,0,1,0,1,0
ZTF24abwzugp,0,1,0,1,0,1,0,1,0,0,1
ZTF24abxfuog,0,1,0,0,1,1,0,1,0,1,0
ZTF24abxgget,0,1,0,1,0,0,1,1,0,1,0
ZTF24abxgsjr,0,0,1,1,0,1,0,1,0,1,0
ZTF24abxhvxq,0,1,0,1,0,0,1,1,0,1,0
ZTF24abxvnqs,0,1,0,1,0,0,1,1,0,1,0
ZTF24abxvoop,0,1,0,1,0,1,0,1,0,0,1
ZTF24abxvulk,0,1,0,1,0,0,1,1,0,1,0
ZTF24abxxfzd,0,1,0,1,0,1,0,0,1,1,0
ZTF24abxyfev,0,1,0,1,0,0,1,1,0,1,0
ZTF24abyatui,0,1,0,1,0,1,0,0,1,1,0
ZTF24abycwgk,0,1,0,1,0,0,1,1,0,1,0
ZTF24abydsgu,0,0,1,1,0,1,0,1,0,1,0
ZTF24abyegeg,0,1,0,1,0,1,0,1,0,0,1
ZTF24abyegwp,0,1,0,1,0,0,1,1,0,1,0
ZTF24abyehsi,0,1,0,1,0,1,0,0,1,1,0
ZTF24abyeldd,0,1,0,0,1,1,0,1,0,1,0
ZTF24abyeoiq,0,1,0,1,0,1,0,1,0,0,1
ZTF24abyfotc,0,0,1,1,0,1,0,1,0,1,0
ZTF24abygatq,0,1,0,1,0,0,1,1,0,1,0
ZTF24abygbss,0,0,1,1,0,1,0,1,0,1,0
ZTF24abygeqh,0,1,0,1,0,0,1,1,0,1,0
ZTF24abyhlom,1,0,0,0,0,0,0,0,0,0,0
ZTF24abyhmih,0,1,0,1,0,0,1,1,0,1,0
ZTF24abyhowu,0,1,0,1,0,0,1,1,0,1,0
ZTF24abyhunm,0,0,1,1,0,1,0,1,0,1,0
ZTF24abyhuuo,0,0,1,1,0,1,0,1,0,1,0
ZTF24abyhwff,0,1,0,1,0,0,1,1,0,1,0
ZTF24abyhxmt,1,0,0,0,0,0,0,0,0,0,0
ZTF24abyiqka,0,0,1,1,0,1,0,1,0,1,0
ZTF24abyiuvo,0,1,0,1,0,1,0,0,1,1,0
ZTF24abyjzxe,1,0,0,0,0,0,0,0,0,0,0
ZTF24abykdvr,0,0,1,1,0,1,0,1,0,1,0
ZTF24abykoen,0,1,0,1,0,1,0,0,1,1,0
ZTF24abykpfq,0,1,0,1,0,1,0,0,1,1,0
ZTF24abyktrz,1,0,0,0,0,0,0,0,0,0,0
ZTF24abykufb,0,0,1,1,0,1,0,1,0,1,0
ZTF24abykwta,1,0,0,0,0,0,0,0,0,0,0
ZTF24abykyaj,0,1,0,1,0,1,0,1,0,0,1
ZTF24abykybc,0,1,0,1,0,1,0,1,0,0,1
ZTF24abykyge,0,1,0,0,1,1,0,1,0,1,0
ZTF24abykygm,1,0,0,0,0,0,0,0,0,0,0
ZTF24abykyhc,0,1,0,0,1,1,0,1,0,1,0
ZTF24abykzaw,0,1,0,1,0,1,0,0,1,1,0
ZTF24abykzcq,0,1,0,1,0,1,0,1,0,0,1
ZTF24abylbgi,0,1,0,1,0,1,0,1,0,0,1
ZTF24abylbjf,1,0,0,0,0,0,0,0,0,0,0
ZTF24abylepq,1,0,0,0,0,0,0,0,0,0,0
ZTF24abymwoh,0,0,1,1,0,1,0,1,0,1,0
ZTF24abynapy,1,0,0,0,0,0,0,0,0,0,0
ZTF24abyneij,0,1,0,1,0,1,0,1,0,0,1
ZTF24abynice,0,1,0,1,0,0,1,1,0,1,0
ZTF24abynpec,1,0,0,0,0,0,0,0,0,0,0
ZTF24abynrxq,0,1,0,0,1,1,0,1,0,1,0
ZTF24abyofbb,0,0,1,1,0,1,0,1,0,1,0
ZTF24abyrxua,0,0,1,1,0,1,0,1,0,1,0
ZTF24abyrzfi,1,0,0,0,0,0,0,0,0,0,0
ZTF24abysuvn,0,1,0,0,1,1,0,1,0,1,0
ZTF24abyuqty,1,0,0,0,0,0,0,0,0,0,0
ZTF24abyutxq,0,1,0,1,0,1,0,1,0,0,1
ZTF24abyvmkn,0,1,0,1,0,1,0,1,0,0,1
ZTF24abyzbkt,0,1,0,1,0,0,1,1,0,1,0
ZTF24abyzmiw,0,1,0,1,0,0,1,1,0,1,0
ZTF24abzapei,0,0,1,1,0,1,0,1,0,1,0
ZTF24abzasey,0,1,0,1,0,1,0,0,1,1,0
ZTF24abzatfh,0,1,0,1,0,0,1,1,0,1,0
ZTF24abzbchk,0,1,0,0,1,1,0,1,0,1,0
ZTF24abzbjma,0,1,0,0,1,1,0,1,0,1,0
ZTF24abzbssa,0,0,1,1,0,1,0,1,0,1,0
ZTF24abzjeod,0,1,0,0,1,1,0,1,0,1,0
ZTF24abzkdil,0,1,0,1,0,0,1,1,0,1,0
ZTF24abzkrce,0,0,1,1,0,1,0,1,0,1,0
ZTF24abzkrhw,0,1,0,0,1,1,0,1,0,1,0
ZTF24abzkrma,1,0,0,0,0,0,0,0,0,0,0
ZTF24abzksbl,1,0,0,0,0,0,0,0,0,0,0
ZTF24abzkvev,0,1,0,0,1,1,0,1,0,1,0
ZTF24abzlpie,1,0,0,0,0,0,0,0,0,0,0
ZTF24abzltdv,0,0,1,1,0,1,0,1,0,1,0
ZTF24abznxgb,1,0,0,0,0,0,0,0,0,0,0
ZTF24abzqupe,0,1,0,1,0,0,1,1,0,1,0
ZTF24abzrmoo,0,1,0,1,0,1,0,1,0,0,1
ZTF24abzrzhz,1,0,0,0,0,0,0,0,0,0,0
ZTF24abzsflr,0,1,0,1,0,1,0,1,0,0,1
ZTF24abzsqjc,0,0,1,1,0,1,0,1,0,1,0
ZTF24abzsrpo,1,0,0,0,0,0,0,0,0,0,0
ZTF24abzstda,0,1,0,1,0,1,0,1,0,0,1
ZTF24abzsuck,0,0,1,1,0,1,0,1,0,1,0
ZTF24abztkrq,0,1,0,1,0,1,0,0,1,1,0
ZTF24abztxiq,0,1,0,1,0,1,0,1,0,0,1
ZTF24abzvpgp,0,1,0,0,1,1,0,1,0,1,0
ZTF24abzvpqu,1,0,0,0,0,0,0,0,0,0,0
ZTF24abzvqfu,0,1,0,1,0,1,0,0,1,1,0
ZTF24abzvrls,0,1,0,1,0,1,0,0,1,1,0
ZTF24abzvymr,0,1,0,1,0,1,0,1,0,0,1
ZTF24abzvyoq,1,0,0,0,0,0,0,0,0,0,0
ZTF24abzwoej,0,1,0,1,0,1,0,1,0,0,1
ZTF24abzwpqf,0,1,0,0,1,1,0,1,0,1,0
ZTF24abzwsfk,0,1,0,1,0,1,0,1,0,0,1
ZTF24abzwudv,0,1,0,1,0,0,1,1,0,1,0
ZTF24abzxgxl,1,0,0,0,0,0,0,0,0,0,0
ZTF24abzynpy,0,1,0,1,0,0,1,1,0,1,0
ZTF24acabreb,1,0,0,0,0,0,0,0,0,0,0
ZTF24acabxwm,0,1,0,1,0,1,0,0,1,1,0
ZTF24acabzjg,0,1,0,1,0,1,0,0,1,1,0
ZTF24acacdwj,1,0,0,0,0,0,0,0,0,0,0
ZTF24acacebz,0,1,0,1,0,1,0,1,0,0,1
ZTF24acacehl,0,1,0,1,0,0,1,1,0,1,0
ZTF24acacekv,1,0,0,0,0,0,0,0,0,0,0
ZTF24acacexk,1,0,0,0,0,0,0,0,0,0,0
ZTF24acacfap,0,1,0,1,0,1,0,1,0,0,1
ZTF24acacfpl,0,0,1,1,0,1,0,1,0,1,0
ZTF24acaclrl,0,1,0,0,1,1,0,1,0,1,0
ZTF24acacmen,0,1,0,1,0,1,0,1,0,0,1
ZTF24acadbcv,0,1,0,1,0,1,0,0,1,1,0
ZTF24acadcrr,0,1,0,1,0,0,1,1,0,1,0
ZTF24acadeyn,0,1,0,1,0,1,0,1,0,0,1
ZTF24acadiud,0,1,0,1,0,0,1,1,0,1,0
ZTF24acadxpr,0,1,0,0,1,1,0,1,0,1,0
ZTF24acadyyl,0,1,0,1,0,1,0,1,0,0,1
ZTF24acaemhp,0,1,0,1,0,1,0,0,1,1,0
ZTF24acahmla,0,1,0,1,0,1,0,1,0,0,1
ZTF24acahpvk,0,0,1,1,0,1,0,1,0,1,0
ZTF24acahtsl,1,0,0,0,0,0,0,0,0,0,0
ZTF24acahtyk,0,1,0,0,1,1,0,1,0,1,0
ZTF24acahuab,1,0,0,0,0,0,0,0,0,0,0
ZTF24acahubb,0,1,0,1,0,1,0,0,1,1,0
ZTF24acahubh,0,1,0,1,0,0,1,1,0,1,0
ZTF24acahubi,0,1,0,1,0,0,1,1,0,1,0
ZTF24acahvpq,1,0,0,0,0,0,0,0,0,0,0
ZTF24acahvpy,0,1,0,1,0,0,1,1,0,1,0
ZTF24acahvqs,0,1,0,1,0,0,1,1,0,1,0
ZTF24acahvqw,1,0,0,0,0,0,0,0,0,0,0
ZTF24acahvqx,0,1,0,0,1,1,0,1,0,1,0
ZTF24acahvsh,0,0,1,1,0,1,0,1,0,1,0
ZTF24acahwsm,0,1,0,1,0,1,0,1,0,0,1
ZTF25aaaafak,1,0,0,0,0,0,0,0,0,0,0
ZTF25aaaafge,0,1,0,1,0,0,1,1,0,1,0
ZTF25aaaaper,1,0,0,0,0,0,0,0,0,0,0
ZTF25aaaauxw,0,0,1,1,0,1,0,1,0,1,0
ZTF25aaaawig,1,0,0,0,0,0,0,0,0,0,0
ZTF25aaabvre,1,0,0,0,0,0,0,0,0,0,0
ZTF25aaacure,0,0,1,1,0,1,0,1,0,1,0
ZTF25aaadbif,0,1,0,1,0,1,0,0,1,1,0
ZTF25aaadfll,0,1,0,1,0,0,1,1,0,1,0
ZTF25aaadgii,1,0,0,0,0,0,0,0,0,0,0
ZTF25aaadytl,0,1,0,1,0,1,0,1,0,0,1
ZTF25aaaexrb,1,0,0,0,0,0,0,0,0,0,0
ZTF25aaagbkt,0,1,0,1,0,0,1,1,0,1,0
ZTF25aaajuyx,0,1,0,1,0,0,1,1,0,1,0
ZTF25aaakjsi,1,0,0,0,0,0,0,0,0,0,0
ZTF25aaakman,0,1,0,1,0,1,0,0,1,1,0
ZTF25aaakmkh,0,1,0,1,0,0,1,1,0,1,0
ZTF25aaaknab,0,1,0,1,0,1,0,1,0,0,1
ZTF25aaaknyc,0,1,0,1,0,0,1,1,0,1,0
ZTF25aaaktqb,0,1,0,1,0,1,0,1,0,0,1
ZTF25aaakxjj,0,1,0,1,0,1,0,0,1,1,0
ZTF25aaaluwi,0,1,0,1,0,1,0,1,0,0,1
ZTF25aaamfqz,1,0,0,0,0,0,0,0,0,0,0
ZTF25aaamnql,0,0,1,1,0,1,0,1,0,1,0
ZTF25aaamujv,0,1,0,0,1,1,0,1,0,1,0
ZTF25aaanbtg,0,1,0,0,1,1,0,1,0,1,0
ZTF25aaaoinj,0,0,1,1,0,1,0,1,0,1,0
ZTF25aaaoupu,0,1,0,1,0,1,0,0,1,1,0
ZTF25aaaovwf,0,0,1,1,0,1,0,1,0,1,0
ZTF25aaaqjfc,1,0,0,0,0,0,0,0,0,0,0
ZTF25aaaqkbi,0,1,0,1,0,1,0,1,0,0,1
ZTF25aaatnmd,1,0,0,0,0,0,0,0,0,0,0
ZTF25aaavbeu,1,0,0,0,0,0,0,0,0,0,0
ZTF25aaaztqr,1,0,0,0,0,0,0,0,0,0,0
ZTF25aaaztvy,0,1,0,1,0,1,0,0,1,1,0
ZTF25aaaztwh,0,1,0,0,1,1,0,1,0,1,0
ZTF25aaaztwi,0,1,0,1,0,1,0,1,0,0,1
ZTF25aaazuaw,0,0,1,1,0,1,0,1,0,1,0
ZTF25aaazubi,1,0,0,0,0,0,0,0,0,0,0
ZTF25aabebix,0,1,0,1,0,0,1,1,0,1,0
ZTF25aabjeiy,0,0,1,1,0,1,0,1,0,1,0
ZTF25aabmbjx,0,1,0,1,0,0,1,1,0,1,0
ZTF25aabmcjz,0,0,1,1,0,1,0,1,0,1,0
ZTF25aabmhdd,0,1,0,1,0,1,0,1,0,0,1
ZTF25aabosqp,0,1,0,1,0,1,0,1,0,0,1
ZTF25aaboumb,0,1,0,0,1,1,0,1,0,1,0
ZTF25aabowed,0,1,0,1,0,1,0,0,1,1,0
ZTF25aabowly,0,1,0,1,0,0,1,1,0,1,0
ZTF25aabphpd,0,1,0,1,0,1,0,1,0,0,1
ZTF25aabqdqc,0,1,0,1,0,1,0,1,0,0,1
ZTF25aabskal,0,1,0,1,0,0,1,1,0,1,0
ZTF25aabsnwc,0,1,0,0,1,1,0,1,0,1,0
ZTF25aabsnyf,1,0,0,0,0,0,0,0,0,0,0
ZTF25aabzbex,0,1,0,1,0,1,0,1,0,0,1
ZTF25aabzkxv,0,0,1,1,0,1,0,1,0,1,0
ZTF25aabztpo,0,1,0,1,0,1,0,1,0,0,1
ZTF25aacaopu,0,1,0,1,0,1,0,0,1,1,0
ZTF25aacaslr,0,1,0,0,1,1,0,1,0,1,0
ZTF25aacawpa,0,0,1,1,0,1,0,1,0,1,0
ZTF25aacbbqh,0,1,0,0,1,1,0,1,0,1,0
ZTF25aacbhct,0,1,0,1,0,1,0,0,1,1,0
ZTF25aacblvq,0,1,0,1,0,1,0,0,1,1,0
ZTF25aaccwwm,0,1,0,0,1,1,0,1,0,1,0
ZTF25aacddmf,0,1,0,1,0,1,0,1,0,0,1
ZTF25aacdheo,0,1,0,0,1,1,0,1,0,1,0
ZTF25aacdilx,1,0,0,0,0,0,0,0,0,0,0
ZTF25aacdipy,0,1,0,1,0,1,0,0,1,1,0
ZTF25aacdjzo,0,1,0,1,0,0,1,1,0,1,0
ZTF25aacdkws,1,0,0,0,0,0,0,0,0,0,0
ZTF25aacdlqc,0,1,0,0,1,1,0,1,0,1,0
ZTF25aacdlqg,0,1,0,1,0,1,0,1,0,0,1
ZTF25aacdlqv,0,0,1,1,0,1,0,1,0,1,0
ZTF25aacdxnv,1,0,0,0,0,0,0,0,0,0,0
ZTF25aaceblr,0,1,0,1,0,0,1,1,0,1,0
ZTF25aaceirn,0,1,0,0,1,1,0,1,0,1,0
ZTF25aacelyq,1,0,0,0,0,0,0,0,0,0,0
ZTF25aacfcvl,0,1,0,1,0,1,0,1,0,0,1
ZTF25aacgoiv,0,0,1,1,0,1,0,1,0,1,0
ZTF25aacgvsm,0,1,0,1,0,1,0,0,1,1,0
ZTF25aachqbl,0,1,0,0,1,1,0,1,0,1,0
ZTF25aachybh,0,1,0,1,0,1,0,0,1,1,0
ZTF25aachzgf,1,0,0,0,0,0,0,0,0,0,0
ZTF25aachzjr,0,1,0,1,0,1,0,1,0,0,1
ZTF25aachzkj,1,0,0,0,0,0,0,0,0,0,0
ZTF25aacibgj,0,1,0,1,0,0,1,1,0,1,0
ZTF25aacicco,0,1,0,1,0,1,0,0,1,1,0
ZTF25aaciinz,0,1,0,0,1,1,0,1,0,1,0
ZTF25aaciknm,0,1,0,1,0,1,0,0,1,1,0
ZTF25aacjfra,1,0,0,0,0,0,0,0,0,0,0
ZTF25aacjoxx,0,0,1,1,0,1,0,1,0,1,0
ZTF25aacjpcn,0,1,0,1,0,1,0,1,0,0,1
ZTF25aackiry,0,1,0,1,0,0,1,1,0,1,0
ZTF25aackkec,0,1,0,1,0,0,1,1,0,1,0
ZTF25aaclacj,1,0,0,0,0,0,0,0,0,0,0
ZTF25aacldzw,0,0,1,1,0,1,0,1,0,1,0
ZTF25aacljwu,0,0,1,1,0,1,0,1,0,1,0
ZTF25aaclklv,0,1,0,1,0,1,0,1,0,0,1
ZTF25aaclsok,0,1,0,1,0,0,1,1,0,1,0
ZTF25aacmbmg,1,0,0,0,0,0,0,0,0,0,0
ZTF25aacmcvv,1,0,0,0,0,0,0,0,0,0,0
ZTF25aacmwcv,0,1,0,1,0,0,1,1,0,1,0
ZTF25aacnode,0,1,0,0,1,1,0,1,0,1,0
ZTF25aacnour,1,0,0,0,0,0,0,0,0,0,0
ZTF25aacnufw,0,1,0,0,1,1,0,1,0,1,0
ZTF25aacoubx,1,0,0,0,0,0,0,0,0,0,0
ZTF25aacpoph,0,1,0,1,0,0,1,1,0,1,0
ZTF25aacqgbm,0,0,1,1,0,1,0,1,0,1,0
ZTF25aacqigz,0,1,0,1,0,1,0,0,1,1,0
ZTF25aacqtcq,0,1,0,1,0,0,1,1,0,1,0
ZTF25aacrwou,0,1,0,1,0,1,0,1,0,0,1
ZTF25aactemy,0,1,0,1,0,1,0,0,1,1,0
ZTF25aactenu,1,0,0,0,0,0,0,0,0,0,0
ZTF25aaczjrc,0,1,0,1,0,1,0,1,0,0,1
ZTF25aadanpr,0,1,0,1,0,1,0,1,0,0,1
ZTF25aadcfqv,0,0,1,1,0,1,0,1,0,1,0
ZTF25aadcxfd,0,0,1,1,0,1,0,1,0,1,0
ZTF25aadcylv,0,1,0,1,0,1,0,1,0,0,1
ZTF25aaddgfc,0,1,0,1,0,1,0,1,0,0,1
ZTF25aaddkie,1,0,0,0,0,0,0,0,0,0,0
ZTF25aaddrbu,1,0,0,0,0,0,0,0,0,0,0
ZTF25aadetbt,0,1,0,1,0,1,0,1,0,0,1
ZTF25aadevqv,0,1,0,1,0,1,0,1,0,0,1
ZTF25aadexjn,0,0,1,1,0,1,0,1,0,1,0
ZTF25aadfmfe,0,1,0,0,1,1,0,1,0,1,0
ZTF25aadfqjb,1,0,0,0,0,0,0,0,0,0,0
ZTF25aadfuyb,1,0,0,0,0,0,0,0,0,0,0
ZTF25aadfuzq,0,1,0,1,0,1,0,0,1,1,0
ZTF25aadfwoz,0,1,0,1,0,1,0,1,0,0,1
ZTF25aadgcki,0,1,0,1,0,0,1,1,0,1,0
ZTF25aadgcqi,0,1,0,1,0,0,1,1,0,1,0
ZTF25aadgcto,0,1,0,0,1,1,0,1,0,1,0
ZTF25aadgdow,0,0,1,1,0,1,0,1,0,1,0
ZTF25aadhmta,0,1,0,1,0,1,0,0,1,1,0
ZTF25aadhobh,0,0,1,1,0,1,0,1,0,1,0
ZTF25aadhoxh,0,1,0,1,0,0,1,1,0,1,0
ZTF25aadhtfg,1,0,0,0,0,0,0,0,0,0,0
ZTF25aadhuav,0,0,1,1,0,1,0,1,0,1,0
ZTF25aadictv,0,1,0,1,0,1,0,0,1,1,0
ZTF25aadigin,0,1,0,0,1,1,0,1,0,1,0
ZTF25aadigrr,0,1,0,0,1,1,0,1,0,1,0
ZTF25aadkgix,1,0,0,0,0,0,0,0,0,0,0
ZTF25aadlhgd,0,1,0,1,0,0,1,1,0,1,0
ZTF25aadlhqn,0,1,0,1,0,0,1,1,0,1,0
ZTF25aadlhrm,0,1,0,1,0,0,1,1,0,1,0
ZTF25aadllil,0,1,0,0,1,1,0,1,0,1,0
ZTF25aadlqdf,0,0,1,1,0,1,0,1,0,1,0
ZTF25aadlqew,0,1,0,1,0,1,0,1,0,0,1
ZTF25aadlqfo,0,1,0,1,0,1,0,1,0,0,1
ZTF25aadltny,0,1,0,1,0,1,0,1,0,0,1
ZTF25aadlugr,0,1,0,0,1,1,0,1,0,1,0
ZTF25aadmaqa,0,0,1,1,0,1,0,1,0,1,0
ZTF25aadnogd,0,1,0,0,1,1,0,1,0,1,0
ZTF25aadnpqj,0,1,0,1,0,1,0,0,1,1,0
ZTF25aadnpyi,0,1,0,1,0,0,1,1,0,1,0
ZTF25aadnqwd,0,1,0,1,0,1,0,1,0,0,1
ZTF25aadnryr,0,0,1,1,0,1,0,1,0,1,0
ZTF25aadnsei,0,1,0,1,0,1,0,0,1,1,0
ZTF25aadnsja,0,1,0,1,0,1,0,1,0,0,1
ZTF25aadnsku,1,0,0,0,0,0,0,0,0,0,0
ZTF25aadnsyu,0,1,0,1,0,1,0,0,1,1,0
ZTF25aadnthv,1,0,0,0,0,0,0,0,0,0,0
ZTF25aadntob,0,1,0,0,1,1,0,1,0,1,0
ZTF25aadntzd,0,1,0,1,0,1,0,1,0,0,1
ZTF25aadnucz,0,1,0,1,0,1,0,0,1,1,0
ZTF25aadnuje,0,1,0,0,1,1,0,1,0,1,0
ZTF25aadnumh,0,1,0,1,0,1,0,0,1,1,0
ZTF25aadnunz,1,0,0,0,0,0,0,0,0,0,0
ZTF25aadnvuz,0,0,1,1,0,1,0,1,0,1,0
ZTF25aadnwdl,1,0,0,0,0,0,0,0,0,0,0
ZTF25aadnwmq,0,1,0,1,0,0,1,1,0,1,0
ZTF25aadnxtg,0,0,1,1,0,1,0,1,0,1,0
ZTF25aadnxuk,0,1,0,1,0,1,0,0,1,1,0
ZTF25aadnxup,0,1,0,0,1,1,0,1,0,1,0
ZTF25aadnxyi,1,0,0,0,0,0,0,0,0,0,0
ZTF25aadnyok,0,1,0,1,0,0,1,1,0,1,0
ZTF25aadnzrg,1,0,0,0,0,0,0,0,0,0,0
ZTF25aadoahz,0,1,0,1,0,1,0,0,1,1,0
ZTF25aadoawe,0,0,1,1,0,1,0,1,0,1,0
ZTF25aadobgc,0,1,0,1,0,0,1,1,0,1,0
ZTF25aadobna,0,1,0,1,0,1,0,1,0,0,1
ZTF25aadobqx,0,1,0,1,0,1,0,0,1,1,0
ZTF25aadocfd,0,1,0,1,0,0,1,1,0,1,0
ZTF25aadocrz,0,1,0,1,0,1,0,1,0,0,1
ZTF25aadodbm,1,0,0,0,0,0,0,0,0,0,0
ZTF25aadoddr,0,0,1,1,0,1,0,1,0,1,0
ZTF25aadodey,0,0,1,1,0,1,0,1,0,1,0
ZTF25aadodik,0,1,0,0,1,1,0,1,0,1,0
ZTF25aadodiz,1,0,0,0,0,0,0,0,0,0,0
ZTF25aadodos,0,1,0,1,0,1,0,0,1,1,0
ZTF25aadodxk,0,1,0,0,1,1,0,1,0,1,0
ZTF25aadoeph,0,0,1,1,0,1,0,1,0,1,0
ZTF25aadofac,1,0,0,0,0,0,0,0,0,0,0
ZTF25aadofkl,0,1,0,1,0,0,1,1,0,1,0
ZTF25aadogcx,0,0,1,1,0,1,0,1,0,1,0
ZTF25aadogdb,0,1,0,1,0,1,0,0,1,1,0
ZTF25aadohxh,0,1,0,0,1,1,0,1,0,1,0
ZTF25aadojaj,0,1,0,0,1,1,0,1,0,1,0
ZTF25aadojpy,0,1,0,1,0,0,1,1,0,1,0
ZTF25aadomdx,0,1,0,1,0,1,0,0,1,1,0
ZTF25aadomvq,0,1,0,1,0,1,0,0,1,1,0
ZTF25aadonjk,0,1,0,0,1,1,0,1,0,1,0
ZTF25aadoply,0,1,0,1,0,1,0,1,0,0,1
ZTF25aadorcp,0,1,0,0,1,1,0,1,0,1,0
ZTF25aadorvj,0,1,0,1,0,0,1,1,0,1,0
ZTF25aadoubr,0,1,0,0,1,1,0,1,0,1,0
ZTF25aadowyf,1,0,0,0,0,0,0,0,0,0,0
ZTF25aadoyhz,0,0,1,1,0,1,0,1,0,1,0
ZTF25aadoyxk,0,1,0,0,1,1,0,1,0,1,0
ZTF25aadozie,0,1,0,1,0,1,0,1,0,0,1
ZTF25aadozji,0,1,0,1,0,1,0,1,0,0,1
ZTF25aadpagd,0,1,0,1,0,1,0,0,1,1,0
ZTF25aadpbbz,1,0,0,0,0,0,0,0,0,0,0
ZTF25aadpbre,0,0,1,1,0,1,0,1,0,1,0
ZTF25aadpbrz,0,1,0,1,0,0,1,1,0,1,0
ZTF25aadpcyd,0,1,0,1,0,1,0,1,0,0,1
ZTF25aadpdoo,0,1,0,0,1,1,0,1,0,1,0
ZTF25aadpdzc,0,1,0,1,0,1,0,0,1,1,0
ZTF25aadpemn,0,1,0,1,0,1,0,0,1,1,0
ZTF25aadpgpv,1,0,0,0,0,0,0,0,0,0,0
ZTF25aadpldb,0,1,0,1,0,1,0,1,0,0,1
ZTF25aadpmzs,1,0,0,0,0,0,0,0,0,0,0
ZTF25aadpseq,0,1,0,1,0,0,1,1,0,1,0
ZTF25aadptup,0,1,0,1,0,0,1,1,0,1,0
ZTF25aadqafc,0,1,0,1,0,0,1,1,0,1,0
ZTF25aadqagj,0,1,0,1,0,0,1,1,0,1,0
ZTF25aadqblq,0,1,0,0,1,1,0,1,0,1,0
ZTF25aadqbsu,0,1,0,1,0,1,0,0,1,1,0
ZTF25aadqccx,0,0,1,1,0,1,0,1,0,1,0
ZTF25aadqeea,1,0,0,0,0,0,0,0,0,0,0
ZTF25aadqeid,1,0,0,0,0,0,0,0,0,0,0
ZTF25aadqlam,0,1,0,1,0,1,0,1,0,0,1
ZTF25aadqmhr,0,1,0,1,0,1,0,0,1,1,0
ZTF25aadqnpq,0,1,0,1,0,0,1,1,0,1,0
ZTF25aadqpde,0,1,0,1,0,1,0,1,0,0,1
ZTF25aadqsrc,0,1,0,1,0,1,0,0,1,1,0
ZTF25aadrhla,0,0,1,1,0,1,0,1,0,1,0
ZTF25aadrkik,1,0,0,0,0,0,0,0,0,0,0
ZTF25aadrorc,0,1,0,1,0,0,1,1,0,1,0
ZTF25aadrpsj,0,1,0,1,0,0,1,1,0,1,0
ZTF25aadrree,1,0,0,0,0,0,0,0,0,0,0
ZTF25aadrsoy,0,1,0,1,0,1,0,0,1,1,0
ZTF25aadrzjk,0,1,0,1,0,0,1,1,0,1,0
ZTF25aadrzrj,0,1,0,1,0,1,0,0,1,1,0
ZTF25aadsabl,0,1,0,1,0,0,1,1,0,1,0
ZTF25aadsgsu,1,0,0,0,0,0,0,0,0,0,0
ZTF25aadsrdp,0,1,0,1,0,1,0,0,1,1,0
ZTF25aadstwz,0,1,0,1,0,1,0,0,1,1,0
ZTF25aadtbha,1,0,0,0,0,0,0,0,0,0,0
ZTF25aadtusj,1,0,0,0,0,0,0,0,0,0,0
ZTF25aadupwg,0,1,0,1,0,1,0,1,0,0,1
ZTF25aadurqw,0,1,0,1,0,1,0,0,1,1,0
ZTF25aaduubv,0,0,1,1,0,1,0,1,0,1,0
ZTF25aadvwok,0,1,0,1,0,0,1,1,0,1,0
ZTF25aadwasr,1,0,0,0,0,0,0,0,0,0,0
ZTF25aadwees,0,1,0,0,1,1,0,1,0,1,0
ZTF25aadwhdp,0,1,0,1,0,0,1,1,0,1,0
ZTF25aadwoyl,0,1,0,1,0,1,0,1,0,0,1
ZTF25aadwpdr,1,0,0,0,0,0,0,0,0,0,0
ZTF25aadwwom,1,0,0,0,0,0,0,0,0,0,0
ZTF25aadwyyz,0,1,0,1,0,1,0,0,1,1,0
ZTF25aadxhcj,0,1,0,1,0,1,0,0,1,1,0
ZTF25aadxhoo,0,1,0,0,1,1,0,1,0,1,0
ZTF25aadxhvs,0,1,0,1,0,1,0,0,1,1,0
ZTF25aadxllq,0,1,0,1,0,1,0,0,1,1,0
ZTF25aadxmgc,1,0,0,0,0,0,0,0,0,0,0
ZTF25aadxqku,0,1,0,1,0,1,0,1,0,0,1
ZTF25aadxqnz,0,1,0,1,0,1,0,1,0,0,1
ZTF25aadxquh,0,1,0,1,0,1,0,1,0,0,1
ZTF25aadxqzy,0,1,0,0,1,1,0,1,0,1,0
ZTF25aadxspw,0,1,0,1,0,1,0,1,0,0,1
ZTF25aadxtcu,0,1,0,0,1,1,0,1,0,1,0
ZTF25aadxtjo,1,0,0,0,0,0,0,0,0,0,0
ZTF25aadxtva,0,0,1,1,0,1,0,1,0,1,0
ZTF25aadxvnk,1,0,0,0,0,0,0,0,0,0,0
ZTF25aadxytz,0,1,0,1,0,1,0,0,1,1,0
ZTF25aadxzdc,0,1,0,1,0,1,0,0,1,1,0
ZTF25aadxzjt,0,1,0,1,0,1,0,1,0,0,1
ZTF25aadycqx,0,0,1,1,0,1,0,1,0,1,0
ZTF25aadydef,1,0,0,0,0,0,0,0,0,0,0
ZTF25aadydhp,0,1,0,1,0,1,0,1,0,0,1
ZTF25aadyhts,0,0,1,1,0,1,0,1,0,1,0
ZTF25aadyikc,1,0,0,0,0,0,0,0,0,0,0
ZTF25aadyiqd,1,0,0,0,0,0,0,0,0,0,0
ZTF25aadyiyf,0,1,0,1,0,0,1,1,0,1,0
ZTF25aadyjsb,0,1,0,1,0,0,1,1,0,1,0
ZTF25aadyogm,0,1,0,1,0,0,1,1,0,1,0
ZTF25aadyoid,0,1,0,1,0,1,0,0,1,1,0
ZTF25aadypmk,1,0,0,0,0,0,0,0,0,0,0
ZTF25aadyrml,0,1,0,1,0,1,0,1,0,0,1
ZTF25aadyxov,1,0,0,0,0,0,0,0,0,0,0
ZTF25aadyzik,1,0,0,0,0,0,0,0,0,0,0
ZTF25aadyzky,0,1,0,1,0,0,1,1,0,1,0
ZTF25aadzabe,0,0,1,1,0,1,0,1,0,1,0
ZTF25aadzgtw,0,1,0,1,0,1,0,0,1,1,0
ZTF25aadzgxo,1,0,0,0,0,0,0,0,0,0,0
ZTF25aadzhii,0,0,1,1,0,1,0,1,0,1,0
ZTF25aadzhpw,0,1,0,1,0,1,0,0,1,1,0
ZTF25aadzhqf,0,1,0,1,0,0,1,1,0,1,0
ZTF25aadzkpv,1,0,0,0,0,0,0,0,0,0,0
ZTF25aadzltm,0,1,0,0,1,1,0,1,0,1,0
ZTF25aadzotq,0,1,0,1,0,1,0,1,0,0,1
ZTF25aadzqvz,0,1,0,1,0,1,0,0,1,1,0
ZTF25aadzugw,1,0,0,0,0,0,0,0,0,0,0
ZTF25aadzwbs,1,0,0,0,0,0,0,0,0,0,0
ZTF25aadzwhw,0,1,0,1,0,0,1,1,0,1,0
ZTF25aaeahys,0,0,1,1,0,1,0,1,0,1,0
ZTF25aaeamcn,1,0,0,0,0,0,0,0,0,0,0
ZTF25aaeaqkh,0,1,0,1,0,1,0,1,0,0,1
ZTF25aaeaquu,0,0,1,1,0,1,0,1,0,1,0
ZTF25aaearne,0,0,1,1,0,1,0,1,0,1,0
ZTF25aaeaubq,0,1,0,1,0,1,0,1,0,0,1
ZTF25aaeavsz,0,1,0,0,1,1,0,1,0,1,0
ZTF25aaeaxvh,0,1,0,1,0,1,0,1,0,0,1
ZTF25aaebctc,1,0,0,0,0,0,0,0,0,0,0
ZTF25aaebfgd,0,1,0,1,0,1,0,0,1,1,0
ZTF25aaebkdz,1,0,0,0,0,0,0,0,0,0,0
ZTF25aaeblfr,0,1,0,1,0,1,0,1,0,0,1
ZTF25aaebqvl,0,1,0,1,0,1,0,0,1,1,0
ZTF25aaebtmq,0,1,0,1,0,0,1,1,0,1,0
ZTF25aaebwtr,0,0,1,1,0,1,0,1,0,1,0
ZTF25aaebysd,0,1,0,1,0,1,0,0,1,1,0
ZTF25aaecatq,1,0,0,0,0,0,0,0,0,0,0
ZTF25aaechat,0,1,0,1,0,1,0,0,1,1,0
ZTF25aaedgfn,0,1,0,0,1,1,0,1,0,1,0
ZTF25aaedhhj,1,0,0,0,0,0,0,0,0,0,0
ZTF25aaedhzi,0,1,0,1,0,1,0,1,0,0,1
ZTF25aaedkfn,0,0,1,1,0,1,0,1,0,1,0
ZTF25aaedorq,0,1,0,1,0,1,0,1,0,0,1
ZTF25aaedtjs,1,0,0,0,0,0,0,0,0,0,0
ZTF25aaeebbs,0,1,0,1,0,0,1,1,0,1,0
ZTF25aaeejzq,0,1,0,1,0,0,1,1,0,1,0
ZTF25aaeeopt,0,1,0,1,0,1,0,1,0,0,1
ZTF25aaeetrh,0,1,0,1,0,1,0,0,1,1,0
ZTF25aaeewey,0,1,0,0,1,1,0,1,0,1,0
ZTF25aaeewxc,0,1,0,1,0,1,0,1,0,0,1
ZTF25aaefglk,0,0,1,1,0,1,0,1,0,1,0
ZTF25aaefhty,0,0,1,1,0,1,0,1,0,1,0
ZTF25aaefjfq,1,0,0,0,0,0,0,0,0,0,0
ZTF25aaefmes,0,0,1,1,0,1,0,1,0,1,0
ZTF25aaefpjy,0,1,0,0,1,1,0,1,0,1,0
ZTF25aaegdlz,0,1,0,1,0,1,0,1,0,0,1
ZTF25aaeggke,0,1,0,1,0,0,1,1,0,1,0
ZTF25aaeghtk,0,1,0,0,1,1,0,1,0,1,0
ZTF25aaegoou,0,1,0,1,0,0,1,1,0,1,0
ZTF25aaegrwh,0,1,0,1,0,1,0,1,0,0,1
ZTF25aaeipwf,0,1,0,0,1,1,0,1,0,1,0
ZTF25aaeiwjc,1,0,0,0,0,0,0,0,0,0,0
ZTF25aaeixax,1,0,0,0,0,0,0,0,0,0,0
ZTF25aaelkws,1,0,0,0,0,0,0,0,0,0,0
ZTF25aaemcwa,0,1,0,1,0,1,0,1,0,0,1
ZTF25aaeuesi,1,0,0,0,0,0,0,0,0,0,0
ZTF25aaeuevy,0,1,0,0,1,1,0,1,0,1,0
ZTF25aaewwhy,0,1,0,1,0,1,0,0,1,1,0
ZTF25aaexmjo,0,1,0,1,0,1,0,0,1,1,0
ZTF25aaexoyf,0,1,0,0,1,1,0,1,0,1,0
ZTF25aaeyhmn,0,0,1,1,0,1,0,1,0,1,0
ZTF25aafdwin,0,1,0,1,0,0,1,1,0,1,0
ZTF25aafdznv,1,0,0,0,0,0,0,0,0,0,0
ZTF25aafdzsb,0,1,0,1,0,0,1,1,0,1,0
ZTF25aafecyz,1,0,0,0,0,0,0,0,0,0,0
ZTF25aafedhq,0,1,0,1,0,1,0,0,1,1,0
ZTF25aafeixc,0,1,0,1,0,0,1,1,0,1,0
ZTF25aafhomb,0,1,0,1,0,1,0,0,1,1,0
ZTF25aafhylr,0,0,1,1,0,1,0,1,0,1,0
ZTF25aafibii,0,0,1,1,0,1,0,1,0,1,0
ZTF25aafinhn,0,1,0,0,1,1,0,1,0,1,0
ZTF25aafkgbc,1,0,0,0,0,0,0,0,0,0,0
ZTF25aafkghc,1,0,0,0,0,0,0,0,0,0,0
ZTF25aafkgqm,0,1,0,1,0,0,1,1,0,1,0
ZTF25aafkobk,0,1,0,0,1,1,0,1,0,1,0
ZTF25aafkofm,0,0,1,1,0,1,0,1,0,1,0
ZTF25aafktzs,0,1,0,1,0,0,1,1,0,1,0
ZTF25aafkudw,1,0,0,0,0,0,0,0,0,0,0
ZTF25aafkuhi,0,0,1,1,0,1,0,1,0,1,0
ZTF25aafkuix,0,1,0,1,0,0,1,1,0,1,0
ZTF25aafobzl,1,0,0,0,0,0,0,0,0,0,0
ZTF25aafodpp,0,1,0,1,0,1,0,0,1,1,0
ZTF25aafofmu,0,1,0,1,0,1,0,1,0,0,1
ZTF25aafojrq,0,1,0,1,0,1,0,1,0,0,1
ZTF25aafqvot,0,0,1,1,0,1,0,1,0,1,0
ZTF25aafratu,1,0,0,0,0,0,0,0,0,0,0
ZTF25aafsqka,0,1,0,1,0,0,1,1,0,1,0
ZTF25aafstyp,1,0,0,0,0,0,0,0,0,0,0
ZTF25aafsvec,0,1,0,1,0,0,1,1,0,1,0
ZTF25aafszil,0,1,0,1,0,0,1,1,0,1,0
ZTF25aaftdfu,0,1,0,1,0,0,1,1,0,1,0
ZTF25aaftthw,0,0,1,1,0,1,0,1,0,1,0
ZTF25aaftvfq,0,0,1,1,0,1,0,1,0,1,0
ZTF25aafulea,0,1,0,0,1,1,0,1,0,1,0
ZTF25aafulfd,0,1,0,1,0,1,0,0,1,1,0
ZTF25aafumfl,0,1,0,1,0,0,1,1,0,1,0
ZTF25aafunxj,0,1,0,1,0,0,1,1,0,1,0
ZTF25aafuujx,0,1,0,1,0,1,0,0,1,1,0
ZTF25aafvald,0,1,0,1,0,0,1,1,0,1,0
ZTF25aafvaqf,0,1,0,1,0,1,0,0,1,1,0
ZTF25aafvbeq,0,0,1,1,0,1,0,1,0,1,0
ZTF25aafvrmz,0,1,0,0,1,1,0,1,0,1,0
ZTF25aafwbcr,0,1,0,1,0,1,0,0,1,1,0
ZTF25aafwbdj,0,1,0,0,1,1,0,1,0,1,0
ZTF25aafwbid,1,0,0,0,0,0,0,0,0,0,0
ZTF25aafwcgi,0,0,1,1,0,1,0,1,0,1,0
ZTF25aafwcmp,0,1,0,1,0,1,0,1,0,0,1
ZTF25aafwdxq,0,1,0,1,0,1,0,1,0,0,1
ZTF25aafwdyh,0,1,0,1,0,0,1,1,0,1,0
ZTF25aafwdzi,0,1,0,1,0,1,0,0,1,1,0
ZTF25aafweab,0,1,0,1,0,1,0,0,1,1,0
ZTF25aafwenk,0,1,0,0,1,1,0,1,0,1,0
ZTF25aafwfga,1,0,0,0,0,0,0,0,0,0,0
ZTF25aafwfof,0,1,0,1,0,0,1,1,0,1,0
ZTF25aafwfzz,0,1,0,0,1,1,0,1,0,1,0
ZTF25aafwgbh,0,0,1,1,0,1,0,1,0,1,0
ZTF25aafwoqx,0,1,0,1,0,1,0,0,1,1,0
ZTF25aafwshe,0,1,0,1,0,1,0,1,0,0,1
ZTF25aafwzqv,1,0,0,0,0,0,0,0,0,0,0
ZTF25aafxadh,0,1,0,0,1,1,0,1,0,1,0
ZTF25aafxefh,0,0,1,1,0,1,0,1,0,1,0
ZTF25aafxhwr,0,0,1,1,0,1,0,1,0,1,0
ZTF25aafxjcq,1,0,0,0,0,0,0,0,0,0,0
ZTF25aafxkcn,0,1,0,1,0,1,0,1,0,0,1
ZTF25aafxtlr,0,1,0,1,0,1,0,0,1,1,0
ZTF25aafydrq,0,1,0,1,0,1,0,0,1,1,0
ZTF25aafyiwo,0,0,1,1,0,1,0,1,0,1,0
ZTF25aafyogt,0,1,0,1,0,1,0,0,1,1,0
ZTF25aafyowc,0,1,0,1,0,0,1,1,0,1,0
ZTF25aafyrpv,0,1,0,1,0,0,1,1,0,1,0
ZTF25aafyrrh,0,1,0,1,0,0,1,1,0,1,0
ZTF25aafysqm,0,1,0,1,0,1,0,1,0,0,1
ZTF25aafytak,0,1,0,1,0,1,0,1,0,0,1
ZTF25aafytez,0,1,0,1,0,1,0,0,1,1,0
ZTF25aafyzrg,0,1,0,1,0,1,0,0,1,1,0
ZTF25aafzcnv,0,1,0,0,1,1,0,1,0,1,0
ZTF25aafzduc,0,1,0,1,0,1,0,1,0,0,1
ZTF25aafzncz,1,0,0,0,0,0,0,0,0,0,0
ZTF25aagaalz,1,0,0,0,0,0,0,0,0,0,0
ZTF25aagajvv,0,1,0,0,1,1,0,1,0,1,0
ZTF25aagbdvy,0,1,0,1,0,1,0,1,0,0,1
ZTF25aagbene,1,0,0,0,0,0,0,0,0,0,0
ZTF25aagbfnl,1,0,0,0,0,0,0,0,0,0,0
ZTF25aagbfuo,0,1,0,0,1,1,0,1,0,1,0
ZTF25aagbfxn,0,1,0,1,0,0,1,1,0,1,0
ZTF25aagbkad,0,1,0,1,0,0,1,1,0,1,0
ZTF25aagbnoo,0,1,0,1,0,0,1,1,0,1,0
ZTF25aagbosk,0,1,0,1,0,1,0,1,0,0,1
ZTF25aagbpjr,0,1,0,1,0,1,0,0,1,1,0
ZTF25aagbqyv,0,1,0,1,0,1,0,0,1,1,0
ZTF25aagbrjw,0,0,1,1,0,1,0,1,0,1,0
ZTF25aagbrlt,0,1,0,0,1,1,0,1,0,1,0
ZTF25aagbrpb,1,0,0,0,0,0,0,0,0,0,0
ZTF25aagbsbc,0,0,1,1,0,1,0,1,0,1,0
ZTF25aagbsfj,0,1,0,1,0,0,1,1,0,1,0
ZTF25aagbsfo,1,0,0,0,0,0,0,0,0,0,0
ZTF25aagbsgv,0,1,0,1,0,0,1,1,0,1,0
ZTF25aagbsqw,1,0,0,0,0,0,0,0,0,0,0
ZTF25aagbsxt,0,1,0,0,1,1,0,1,0,1,0
ZTF25aagbsxw,0,1,0,0,1,1,0,1,0,1,0
ZTF25aagbtag,0,1,0,1,0,1,0,1,0,0,1
ZTF25aagbtci,0,1,0,1,0,1,0,1,0,0,1
ZTF25aagbttn,0,1,0,1,0,1,0,1,0,0,1
ZTF25aagbttx,1,0,0,0,0,0,0,0,0,0,0
ZTF25aagbuno,0,0,1,1,0,1,0,1,0,1,0
ZTF25aagbusn,0,1,0,1,0,1,0,0,1,1,0
ZTF25aagbvdf,0,1,0,0,1,1,0,1,0,1,0
ZTF25aagbvrp,1,0,0,0,0,0,0,0,0,0,0
ZTF25aagbwyq,0,1,0,0,1,1,0,1,0,1,0
ZTF25aagbycg,0,1,0,1,0,0,1,1,0,1,0
ZTF25aagbzll,1,0,0,0,0,0,0,0,0,0,0
ZTF25aagdqgv,0,0,1,1,0,1,0,1,0,1,0
ZTF25aagenlz,0,1,0,1,0,0,1,1,0,1,0
ZTF25aagesgo,0,0,1,1,0,1,0,1,0,1,0
ZTF25aagezfh,0,0,1,1,0,1,0,1,0,1,0
ZTF25aagezzb,0,1,0,1,0,1,0,0,1,1,0
ZTF25aagffqy,0,0,1,1,0,1,0,1,0,1,0
ZTF25aagfgol,0,1,0,1,0,1,0,1,0,0,1
ZTF25aagfolg,0,1,0,1,0,1,0,1,0,0,1
ZTF25aagfsjf,1,0,0,0,0,0,0,0,0,0,0
ZTF25aaggckj,0,1,0,1,0,1,0,1,0,0,1
ZTF25aaggpsn,0,1,0,0,1,1,0,1,0,1,0
ZTF25aaggptz,0,1,0,1,0,0,1,1,0,1,0
ZTF25aaggsfv,0,1,0,1,0,0,1,1,0,1,0
ZTF25aaggugu,0,0,1,1,0,1,0,1,0,1,0
ZTF25aaggvje,0,1,0,1,0,1,0,0,1,1,0
ZTF25aaghlbd,0,1,0,1,0,1,0,0,1,1,0
ZTF25aaghvcm,0,0,1,1,0,1,0,1,0,1,0
ZTF25aaghzcn,0,1,0,1,0,1,0,0,1,1,0
ZTF25aagiabl,0,0,1,1,0,1,0,1,0,1,0
ZTF25aagicqr,0,1,0,1,0,1,0,0,1,1,0
ZTF25aagieqs,0,0,1,1,0,1,0,1,0,1,0
ZTF25aagifoy,0,1,0,1,0,1,0,1,0,0,1
ZTF25aagihat,0,1,0,1,0,1,0,0,1,1,0
ZTF25aaginlj,1,0,0,0,0,0,0,0,0,0,0
ZTF25aagjfth,0,1,0,1,0,0,1,1,0,1,0
ZTF25aagjhel,0,0,1,1,0,1,0,1,0,1,0
ZTF25aagjiap,0,1,0,1,0,1,0,0,1,1,0
ZTF25aagjtok,0,1,0,0,1,1,0,1,0,1,0
ZTF25aagjywq,0,1,0,1,0,1,0,0,1,1,0
ZTF25aagksbc,0,1,0,1,0,1,0,1,0,0,1
ZTF25aagksqn,0,1,0,1,0,0,1,1,0,1,0
ZTF25aaglbkb,0,1,0,0,1,1,0,1,0,1,0
ZTF25aaglcrr,0,1,0,1,0,1,0,1,0,0,1
ZTF25aagledm,0,1,0,0,1,1,0,1,0,1,0
ZTF25aaglehw,1,0,0,0,0,0,0,0,0,0,0
ZTF25aaglhnn,0,1,0,1,0,1,0,1,0,0,1
ZTF25aaglhtc,0,1,0,1,0,1,0,1,0,0,1
ZTF25aagljrb,0,1,0,1,0,1,0,0,1,1,0
ZTF25aagljum,0,1,0,1,0,0,1,1,0,1,0
ZTF25aagljzw,1,0,0,0,0,0,0,0,0,0,0
ZTF25aagllzj,0,1,0,1,0,1,0,1,0,0,1
ZTF25aaglorv,0,0,1,1,0,1,0,1,0,1,0
ZTF25aaglpax,0,1,0,1,0,1,0,0,1,1,0
ZTF25aaglpch,0,1,0,1,0,1,0,1,0,0,1
ZTF25aaglqvm,0,1,0,0,1,1,0,1,0,1,0
ZTF25aaglres,0,1,0,1,0,0,1,1,0,1,0
ZTF25aaglrlj,0,0,1,1,0,1,0,1,0,1,0
ZTF25aaglsdj,1,0,0,0,0,0,0,0,0,0,0
ZTF25aaglstk,0,1,0,1,0,1,0,0,1,1,0
ZTF25aaglszr,1,0,0,0,0,0,0,0,0,0,0
ZTF25aagmfxr,0,1,0,1,0,1,0,1,0,0,1
ZTF25aagmhlt,1,0,0,0,0,0,0,0,0,0,0
ZTF25aagmtdd,0,1,0,1,0,0,1,1,0,1,0
ZTF25aagnajz,0,1,0,1,0,0,1,1,0,1,0
ZTF25aagnemz,1,0,0,0,0,0,0,0,0,0,0
ZTF25aagnesh,0,1,0,1,0,1,0,1,0,0,1
ZTF25aagnfew,0,1,0,1,0,0,1,1,0,1,0
ZTF25aagnnuw,0,1,0,1,0,1,0,1,0,0,1
ZTF25aagnscv,0,1,0,0,1,1,0,1,0,1,0
ZTF25aagnutx,0,1,0,1,0,1,0,0,1,1,0
ZTF25aagnzfj,1,0,0,0,0,0,0,0,0,0,0
ZTF25aagnzwz,0,1,0,0,1,1,0,1,0,1,0
ZTF25aagoicl,0,1,0,0,1,1,0,1,0,1,0
ZTF25aagqeov,0,1,0,1,0,1,0,0,1,1,0
ZTF25aagqert,0,1,0,1,0,1,0,0,1,1,0
ZTF25aagqgbg,0,1,0,1,0,1,0,1,0,0,1
ZTF25aagqgce,0,1,0,1,0,1,0,1,0,0,1
ZTF25aagqhet,0,0,1,1,0,1,0,1,0,1,0
ZTF25aagrayv,1,0,0,0,0,0,0,0,0,0,0
ZTF25aagrecw,0,1,0,1,0,1,0,0,1,1,0
ZTF25aagrgkz,1,0,0,0,0,0,0,0,0,0,0
ZTF25aagrxjh,1,0,0,0,0,0,0,0,0,0,0
ZTF25aagsfii,0,1,0,1,0,1,0,1,0,0,1
ZTF25aagsgbm,0,1,0,1,0,1,0,1,0,0,1
ZTF25aagsnnc,0,0,1,1,0,1,0,1,0,1,0
ZTF25aagtanb,1,0,0,0,0,0,0,0,0,0,0
ZTF25aagtbnw,0,0,1,1,0,1,0,1,0,1,0
ZTF25aagtjfn,0,1,0,1,0,0,1,1,0,1,0
ZTF25aagudcs,0,1,0,1,0,1,0,1,0,0,1
ZTF25aagufmb,0,1,0,1,0,1,0,0,1,1,0
ZTF25aagufmn,0,1,0,1,0,1,0,0,1,1,0
ZTF25aagugpd,0,0,1,1,0,1,0,1,0,1,0
ZTF25aagugtu,0,1,0,0,1,1,0,1,0,1,0
ZTF25aagukqa,0,1,0,1,0,1,0,0,1,1,0
ZTF25aagvgls,0,1,0,1,0,1,0,0,1,1,0
ZTF25aagvjvz,0,1,0,0,1,1,0,1,0,1,0
ZTF25aagvjyq,0,1,0,0,1,1,0,1,0,1,0
ZTF25aagvkhu,1,0,0,0,0,0,0,0,0,0,0
ZTF25aagvkqj,1,0,0,0,0,0,0,0,0,0,0
ZTF25aagvwlx,1,0,0,0,0,0,0,0,0,0,0
ZTF25aagvwow,0,1,0,1,0,1,0,1,0,0,1
ZTF25aagvwsu,1,0,0,0,0,0,0,0,0,0,0
ZTF25aagvxiy,0,1,0,1,0,0,1,1,0,1,0
ZTF25aagvzuh,0,1,0,1,0,0,1,1,0,1,0
ZTF25aagwaud,1,0,0,0,0,0,0,0,0,0,0
ZTF25aagwbae,0,1,0,0,1,1,0,1,0,1,0
ZTF25aagwbig,0,0,1,1,0,1,0,1,0,1,0
ZTF25aagwcqs,1,0,0,0,0,0,0,0,0,0,0
ZTF25aagwdoh,0,1,0,1,0,1,0,1,0,0,1
ZTF25aagwggx,0,1,0,1,0,1,0,0,1,1,0
ZTF25aagxhfp,0,1,0,1,0,1,0,0,1,1,0
ZTF25aagynxj,0,1,0,1,0,1,0,0,1,1,0
ZTF25aagzkmd,1,0,0,0,0,0,0,0,0,0,0
ZTF25aagzlaw,0,1,0,1,0,0,1,1,0,1,0
ZTF25aagzocg,0,1,0,0,1,1,0,1,0,1,0
ZTF25aagzyec,0,1,0,1,0,0,1,1,0,1,0
ZTF25aahbcph,0,1,0,0,1,1,0,1,0,1,0
ZTF25aahbhzm,0,1,0,1,0,1,0,1,0,0,1
ZTF25aahbwco,0,1,0,1,0,0,1,1,0,1,0
ZTF25aahcwki,0,1,0,1,0,0,1,1,0,1,0
ZTF25aahdxqn,0,0,1,1,0,1,0,1,0,1,0
ZTF25aahdybs,0,1,0,1,0,0,1,1,0,1,0
ZTF25aaheekm,0,1,0,1,0,1,0,1,0,0,1
ZTF25aahegby,0,1,0,1,0,0,1,1,0,1,0
ZTF25aahelrj,0,1,0,1,0,1,0,0,1,1,0
ZTF25aahenco,0,1,0,1,0,1,0,0,1,1,0
ZTF25aahenim,1,0,0,0,0,0,0,0,0,0,0
ZTF25aahenlw,0,0,1,1,0,1,0,1,0,1,0
ZTF25aahepgl,1,0,0,0,0,0,0,0,0,0,0
ZTF25aaheqbd,1,0,0,0,0,0,0,0,0,0,0
ZTF25aaheymz,0,1,0,1,0,1,0,0,1,1,0
ZTF25aahezul,1,0,0,0,0,0,0,0,0,0,0
ZTF25aahfrdc,0,0,1,1,0,1,0,1,0,1,0
ZTF25aahgocz,1,0,0,0,0,0,0,0,0,0,0
ZTF25aahgxdt,0,1,0,1,0,0,1,1,0,1,0
ZTF25aahgyfr,0,1,0,1,0,1,0,0,1,1,0
ZTF25aahhlol,0,0,1,1,0,1,0,1,0,1,0
ZTF25aahkjnh,1,0,0,0,0,0,0,0,0,0,0
ZTF25aahknpl,1,0,0,0,0,0,0,0,0,0,0
ZTF25aahlyea,1,0,0,0,0,0,0,0,0,0,0
ZTF25aahlynx,0,1,0,0,1,1,0,1,0,1,0
ZTF25aahlzwb,0,1,0,1,0,0,1,1,0,1,0
ZTF25aahmabn,0,1,0,1,0,0,1,1,0,1,0
ZTF25aahmagg,0,1,0,1,0,1,0,1,0,0,1
ZTF25aahmahw,0,1,0,1,0,0,1,1,0,1,0
ZTF25aahmayt,1,0,0,0,0,0,0,0,0,0,0
ZTF25aahmbaq,1,0,0,0,0,0,0,0,0,0,0
ZTF25aahmbod,0,1,0,0,1,1,0,1,0,1,0
ZTF25aahmbua,0,0,1,1,0,1,0,1,0,1,0
ZTF25aahmcwz,0,1,0,1,0,1,0,1,0,0,1
ZTF25aahmecj,0,1,0,1,0,0,1,1,0,1,0
ZTF25aahmeli,0,1,0,0,1,1,0,1,0,1,0
ZTF25aahmhym,0,1,0,1,0,0,1,1,0,1,0
ZTF25aahmiis,0,1,0,1,0,1,0,0,1,1,0
ZTF25aahmnds,1,0,0,0,0,0,0,0,0,0,0
ZTF25aahmpwe,0,1,0,1,0,0,1,1,0,1,0
ZTF25aahnqvn,0,1,0,0,1,1,0,1,0,1,0
ZTF25aahntuq,0,1,0,0,1,1,0,1,0,1,0
ZTF25aahoacc,0,1,0,0,1,1,0,1,0,1,0
ZTF25aahobjl,0,1,0,1,0,1,0,1,0,0,1
ZTF25aahoiux,1,0,0,0,0,0,0,0,0,0,0
ZTF25aahonnh,0,0,1,1,0,1,0,1,0,1,0
ZTF25aahpkvy,0,1,0,1,0,1,0,0,1,1,0
ZTF25aahqsrx,0,1,0,1,0,0,1,1,0,1,0
ZTF25aahtbhd,0,1,0,1,0,1,0,1,0,0,1
ZTF25aahufry,0,1,0,1,0,0,1,1,0,1,0
ZTF25aahuxku,0,1,0,1,0,1,0,0,1,1,0
ZTF25aahwelj,0,1,0,1,0,1,0,0,1,1,0
ZTF25aahwexr,0,1,0,0,1,1,0,1,0,1,0
ZTF25aahxaqz,0,1,0,1,0,1,0,0,1,1,0
ZTF25aahyeff,0,1,0,0,1,1,0,1,0,1,0
ZTF25aaielkr,1,0,0,0,0,0,0,0,0,0,0
ZTF25aaieoer,0,1,0,1,0,1,0,0,1,1,0
ZTF25aaieots,0,1,0,1,0,1,0,0,1,1,0
ZTF25aaieppf,0,1,0,1,0,1,0,0,1,1,0
ZTF25aaiepwx,0,0,1,1,0,1,0,1,0,1,0
ZTF25aaieswp,1,0,0,0,0,0,0,0,0,0,0
ZTF25aaieufq,1,0,0,0,0,0,0,0,0,0,0
ZTF25aaiewrn,0,1,0,1,0,0,1,1,0,1,0
ZTF25aaiezuv,1,0,0,0,0,0,0,0,0,0,0
ZTF25aaifatz,0,1,0,1,0,0,1,1,0,1,0
ZTF25aaifgmt,0,1,0,1,0,0,1,1,0,1,0
ZTF25aaifgnd,0,1,0,1,0,1,0,1,0,0,1
ZTF25aaifjkw,0,1,0,1,0,0,1,1,0,1,0
ZTF25aaifjmf,0,1,0,1,0,1,0,0,1,1,0
ZTF25aaiigls,1,0,0,0,0,0,0,0,0,0,0
ZTF25aaiigmr,1,0,0,0,0,0,0,0,0,0,0
ZTF25aaiiiug,0,1,0,1,0,1,0,0,1,1,0
ZTF25aaiitra,0,1,0,0,1,1,0,1,0,1,0
ZTF25aaiiuef,1,0,0,0,0,0,0,0,0,0,0
ZTF25aaiizug,0,0,1,1,0,1,0,1,0,1,0
ZTF25aaijcmg,1,0,0,0,0,0,0,0,0,0,0
ZTF25aaijeta,0,1,0,1,0,0,1,1,0,1,0
ZTF25aaijfdf,1,0,0,0,0,0,0,0,0,0,0
ZTF25aaijfhr,0,1,0,1,0,1,0,0,1,1,0
ZTF25aaijfsv,0,0,1,1,0,1,0,1,0,1,0
ZTF25aaijgse,0,1,0,1,0,1,0,1,0,0,1
ZTF25aaijkug,0,1,0,1,0,1,0,1,0,0,1
ZTF25aaijmfs,0,1,0,1,0,0,1,1,0,1,0
ZTF25aaijouk,0,1,0,0,1,1,0,1,0,1,0
ZTF25aaijoul,0,1,0,0,1,1,0,1,0,1,0
ZTF25aaijouo,0,1,0,1,0,1,0,0,1,1,0
ZTF25aaijouu,0,1,0,1,0,1,0,0,1,1,0
ZTF25aaijqoy,0,1,0,1,0,1,0,1,0,0,1
ZTF25aaijqxe,0,1,0,1,0,1,0,1,0,0,1
ZTF25aaijqxp,0,1,0,0,1,1,0,1,0,1,0
ZTF25aaijuar,0,1,0,1,0,0,1,1,0,1,0
ZTF25aaijuaz,0,1,0,0,1,1,0,1,0,1,0
ZTF25aaijwug,0,0,1,1,0,1,0,1,0,1,0
ZTF25aaijwxg,0,1,0,1,0,0,1,1,0,1,0
ZTF25aaijwxi,0,1,0,1,0,1,0,1,0,0,1
ZTF25aaijxfh,0,0,1,1,0,1,0,1,0,1,0
ZTF25aaijyvp,0,1,0,1,0,1,0,1,0,0,1
ZTF25aaijznv,0,1,0,0,1,1,0,1,0,1,0
ZTF25aaijzyi,1,0,0,0,0,0,0,0,0,0,0
ZTF25aailgdn,0,1,0,0,1,1,0,1,0,1,0
ZTF25aaipaml,0,1,0,1,0,1,0,1,0,0,1
ZTF25aaiqzzk,0,1,0,1,0,0,1,1,0,1,0
ZTF25aairbkn,0,1,0,1,0,0,1,1,0,1,0
ZTF25aairenk,0,1,0,1,0,1,0,0,1,1,0
ZTF25aairens,0,1,0,1,0,1,0,1,0,0,1
ZTF25aairezz,0,1,0,0,1,1,0,1,0,1,0
ZTF25aairfin,0,1,0,1,0,1,0,0,1,1,0
ZTF25aairmmf,0,1,0,1,0,0,1,1,0,1,0
ZTF25aairncf,0,0,1,1,0,1,0,1,0,1,0
ZTF25aairpqx,0,0,1,1,0,1,0,1,0,1,0
ZTF25aaiscph,0,1,0,1,0,0,1,1,0,1,0
ZTF25aaisddb,0,1,0,0,1,1,0,1,0,1,0
ZTF25aaisddd,0,1,0,1,0,1,0,1,0,0,1
ZTF25aaisnqx,0,1,0,1,0,1,0,0,1,1,0
ZTF25aaitagy,0,1,0,0,1,1,0,1,0,1,0
ZTF25aaitpbz,1,0,0,0,0,0,0,0,0,0,0
ZTF25aaitrgx,0,1,0,1,0,1,0,1,0,0,1
ZTF25aaiusnb,1,0,0,0,0,0,0,0,0,0,0
ZTF25aaivapv,0,1,0,1,0,1,0,0,1,1,0
ZTF25aaivbjd,0,1,0,1,0,1,0,0,1,1,0
ZTF25aaivmya,1,0,0,0,0,0,0,0,0,0,0
ZTF25aaixend,0,1,0,1,0,1,0,0,1,1,0
ZTF25aaixhvu,0,1,0,1,0,0,1,1,0,1,0
ZTF25aaiybxt,1,0,0,0,0,0,0,0,0,0,0
ZTF25aaiyotm,1,0,0,0,0,0,0,0,0,0,0
ZTF25aaiypqd,0,1,0,1,0,0,1,1,0,1,0
ZTF25aaiypzi,0,0,1,1,0,1,0,1,0,1,0
ZTF25aaiyrmy,0,1,0,1,0,1,0,1,0,0,1
ZTF25aaiyrsx,0,1,0,1,0,1,0,1,0,0,1
ZTF25aaiyrwq,1,0,0,0,0,0,0,0,0,0,0
ZTF25aaiysoc,0,0,1,1,0,1,0,1,0,1,0
ZTF25aaiysrh,0,1,0,1,0,1,0,0,1,1,0
ZTF25aaiyxms,0,1,0,0,1,1,0,1,0,1,0
ZTF25aaizimu,1,0,0,0,0,0,0,0,0,0,0
ZTF25aaizrur,1,0,0,0,0,0,0,0,0,0,0
ZTF25aaizxrf,0,0,1,1,0,1,0,1,0,1,0
ZTF25aaizyki,0,1,0,1,0,1,0,1,0,0,1
ZTF25aajahhj,0,1,0,1,0,0,1,1,0,1,0
ZTF25aajawif,0,1,0,0,1,1,0,1,0,1,0
ZTF25aajaxol,0,0,1,1,0,1,0,1,0,1,0
ZTF25aajbbol,1,0,0,0,0,0,0,0,0,0,0
ZTF25aajbcmc,0,1,0,1,0,0,1,1,0,1,0
ZTF25aajbdia,0,0,1,1,0,1,0,1,0,1,0
ZTF25aajbldd,0,0,1,1,0,1,0,1,0,1,0
ZTF25aajcqok,1,0,0,0,0,0,0,0,0,0,0
ZTF25aajcqoo,0,1,0,0,1,1,0,1,0,1,0
ZTF25aajcxlv,0,1,0,1,0,0,1,1,0,1,0
ZTF25aajdyvz,0,0,1,1,0,1,0,1,0,1,0
ZTF25aajemnf,1,0,0,0,0,0,0,0,0,0,0
ZTF25aajexxm,0,1,0,1,0,1,0,1,0,0,1
ZTF25aajexyz,0,0,1,1,0,1,0,1,0,1,0
ZTF25aajfesg,0,1,0,1,0,1,0,1,0,0,1
ZTF25aajffqa,0,1,0,0,1,1,0,1,0,1,0
ZTF25aajfjhm,0,1,0,1,0,1,0,0,1,1,0
ZTF25aajfndd,0,1,0,1,0,1,0,0,1,1,0
ZTF25aajfnyg,0,1,0,1,0,1,0,0,1,1,0
ZTF25aajfyvr,1,0,0,0,0,0,0,0,0,0,0
ZTF25aajgcix,0,1,0,0,1,1,0,1,0,1,0
ZTF25aajgcqn,0,1,0,0,1,1,0,1,0,1,0
ZTF25aajgctb,0,1,0,0,1,1,0,1,0,1,0
ZTF25aajgcvv,0,1,0,1,0,1,0,1,0,0,1
ZTF25aajgfqt,0,1,0,1,0,0,1,1,0,1,0
ZTF25aajgmti,1,0,0,0,0,0,0,0,0,0,0
ZTF25aajgmuh,0,1,0,1,0,0,1,1,0,1,0
ZTF25aajgoqd,0,1,0,0,1,1,0,1,0,1,0
ZTF25aajhxml,0,1,0,1,0,1,0,0,1,1,0
ZTF25aajiutj,1,0,0,0,0,0,0,0,0,0,0
ZTF25aajiwoq,0,1,0,1,0,1,0,0,1,1,0
ZTF25aajixgi,0,1,0,1,0,0,1,1,0,1,0
ZTF25aajjfkq,1,0,0,0,0,0,0,0,0,0,0
ZTF25aajjjjs,0,1,0,1,0,1,0,1,0,0,1
ZTF25aajlrgd,0,1,0,1,0,1,0,1,0,0,1
ZTF25aajmtzs,1,0,0,0,0,0,0,0,0,0,0
ZTF25aajnmqu,0,1,0,1,0,1,0,0,1,1,0
ZTF25aajnqrv,0,1,0,0,1,1,0,1,0,1,0
ZTF25aajnzcg,0,1,0,0,1,1,0,1,0,1,0
ZTF25aajoavn,1,0,0,0,0,0,0,0,0,0,0
ZTF25aajobed,0,1,0,1,0,0,1,1,0,1,0
ZTF25aajoboc,0,1,0,1,0,1,0,1,0,0,1
ZTF25aajocfa,1,0,0,0,0,0,0,0,0,0,0
ZTF25aajodri,0,1,0,1,0,0,1,1,0,1,0
ZTF25aajodub,0,1,0,0,1,1,0,1,0,1,0
ZTF25aajoezr,0,1,0,1,0,0,1,1,0,1,0
ZTF25aajqezj,0,1,0,0,1,1,0,1,0,1,0
ZTF25aajqkss,0,1,0,0,1,1,0,1,0,1,0
ZTF25aajqyyx,0,0,1,1,0,1,0,1,0,1,0
ZTF25aajrcjd,0,1,0,0,1,1,0,1,0,1,0
ZTF25aajrcqo,0,1,0,0,1,1,0,1,0,1,0
ZTF25aajrfht,0,1,0,1,0,1,0,0,1,1,0
ZTF25aajrzwp,1,0,0,0,0,0,0,0,0,0,0
ZTF25aajsavn,0,1,0,0,1,1,0,1,0,1,0
ZTF25aajsbjv,0,1,0,1,0,0,1,1,0,1,0
ZTF25aajscwm,0,1,0,1,0,0,1,1,0,1,0
ZTF25aajsecc,0,1,0,0,1,1,0,1,0,1,0
ZTF25aajsfer,0,1,0,1,0,0,1,1,0,1,0
ZTF25aajsigm,0,0,1,1,0,1,0,1,0,1,0
ZTF25aajsirl,1,0,0,0,0,0,0,0,0,0,0
ZTF25aajsivt,1,0,0,0,0,0,0,0,0,0,0
ZTF25aajuqtp,0,1,0,1,0,1,0,1,0,0,1
ZTF25aajurmf,0,1,0,1,0,1,0,0,1,1,0
ZTF25aajusau,0,1,0,0,1,1,0,1,0,1,0
ZTF25aajutas,0,1,0,1,0,1,0,0,1,1,0
ZTF25aajvsot,0,1,0,0,1,1,0,1,0,1,0
ZTF25aajvukq,0,1,0,1,0,0,1,1,0,1,0
ZTF25aajwnhj,0,1,0,1,0,0,1,1,0,1,0
ZTF25aajwqjy,0,1,0,1,0,1,0,0,1,1,0
ZTF25aajxoyr,0,1,0,1,0,1,0,1,0,0,1
ZTF25aajygas,0,0,1,1,0,1,0,1,0,1,0
ZTF25aajylqu,0,0,1,1,0,1,0,1,0,1,0
ZTF25aajzaif,0,1,0,1,0,1,0,0,1,1,0
ZTF25aajzmwc,0,1,0,1,0,1,0,1,0,0,1
ZTF25aajzmwr,0,0,1,1,0,1,0,1,0,1,0
ZTF25aajzrwh,0,1,0,0,1,1,0,1,0,1,0
ZTF25aakanbw,0,1,0,0,1,1,0,1,0,1,0
ZTF25aakavyv,0,1,0,0,1,1,0,1,0,1,0
ZTF25aakbard,0,1,0,1,0,1,0,0,1,1,0
ZTF25aakbfeh,0,0,1,1,0,1,0,1,0,1,0
ZTF25aakbrup,0,1,0,0,1,1,0,1,0,1,0
ZTF25aakcadv,0,1,0,1,0,1,0,0,1,1,0
ZTF25aakcgbn,0,1,0,0,1,1,0,1,0,1,0
ZTF25aakcjwc,0,1,0,0,1,1,0,1,0,1,0
ZTF25aakcowh,0,1,0,1,0,1,0,1,0,0,1
ZTF25aakcple,0,1,0,1,0,1,0,0,1,1,0
ZTF25aakdcew,0,1,0,1,0,1,0,1,0,0,1
ZTF25aakdwio,1,0,0,0,0,0,0,0,0,0,0
ZTF25aakfivz,0,1,0,1,0,1,0,0,1,1,0
ZTF25aakfktj,0,1,0,1,0,1,0,1,0,0,1
ZTF25aakghvs,0,1,0,1,0,1,0,0,1,1,0
ZTF25aakgmdh,0,1,0,1,0,0,1,1,0,1,0
ZTF25aakgmoq,0,1,0,0,1,1,0,1,0,1,0
ZTF25aakgmpw,0,0,1,1,0,1,0,1,0,1,0
ZTF25aakgpiq,0,0,1,1,0,1,0,1,0,1,0
ZTF25aakgqrv,0,1,0,1,0,0,1,1,0,1,0
ZTF25aakgtdk,0,1,0,1,0,1,0,0,1,1,0
ZTF25aakguao,0,1,0,0,1,1,0,1,0,1,0
ZTF25aakgumm,0,1,0,1,0,1,0,0,1,1,0
ZTF25aakguwi,0,1,0,1,0,0,1,1,0,1,0
ZTF25aakgwxc,0,1,0,0,1,1,0,1,0,1,0
ZTF25aakgxgh,0,0,1,1,0,1,0,1,0,1,0
ZTF25aakgytd,0,0,1,1,0,1,0,1,0,1,0
ZTF25aakhanf,0,1,0,1,0,1,0,1,0,0,1
ZTF25aakhent,0,1,0,1,0,0,1,1,0,1,0
ZTF25aakheyv,1,0,0,0,0,0,0,0,0,0,0
ZTF25aakhmrz,0,1,0,1,0,0,1,1,0,1,0
ZTF25aakhmwn,0,1,0,0,1,1,0,1,0,1,0
ZTF25aakhogj,0,1,0,1,0,0,1,1,0,1,0
ZTF25aakhpdo,0,1,0,1,0,1,0,1,0,0,1
ZTF25aakhvsj,0,1,0,1,0,1,0,0,1,1,0
ZTF25aakhxdj,0,1,0,1,0,1,0,0,1,1,0
ZTF25aakhxxw,0,1,0,1,0,1,0,0,1,1,0
ZTF25aakihxv,0,1,0,0,1,1,0,1,0,1,0
ZTF25aakijbg,0,1,0,1,0,0,1,1,0,1,0
ZTF25aaklwfi,0,0,1,1,0,1,0,1,0,1,0
ZTF25aaklxxk,0,1,0,1,0,0,1,1,0,1,0
ZTF25aakmdrc,0,1,0,0,1,1,0,1,0,1,0
ZTF25aakmhgu,0,0,1,1,0,1,0,1,0,1,0
ZTF25aaknoqu,0,1,0,1,0,0,1,1,0,1,0
ZTF25aaknvah,0,1,0,0,1,1,0,1,0,1,0
ZTF25aaknvgp,0,1,0,0,1,1,0,1,0,1,0
ZTF25aaknwnk,0,0,1,1,0,1,0,1,0,1,0
ZTF25aakoiab,1,0,0,0,0,0,0,0,0,0,0
ZTF25aakonkr,1,0,0,0,0,0,0,0,0,0,0
ZTF25aakothn,1,0,0,0,0,0,0,0,0,0,0
ZTF25aakrkep,1,0,0,0,0,0,0,0,0,0,0
ZTF25aakvuju,0,1,0,0,1,1,0,1,0,1,0
ZTF25aakvupm,1,0,0,0,0,0,0,0,0,0,0
ZTF25aakvurl,0,0,1,1,0,1,0,1,0,1,0
ZTF25aakvwcw,0,0,1,1,0,1,0,1,0,1,0
ZTF25aakwstj,0,1,0,1,0,0,1,1,0,1,0
ZTF25aalbnkr,0,1,0,1,0,1,0,0,1,1,0
ZTF25aalbqif,0,1,0,1,0,0,1,1,0,1,0
ZTF25aalbrvu,0,1,0,1,0,1,0,1,0,0,1
ZTF25aaldwzo,1,0,0,0,0,0,0,0,0,0,0
ZTF25aalefnm,0,1,0,1,0,0,1,1,0,1,0
ZTF25aalfuzf,0,1,0,1,0,1,0,0,1,1,0
ZTF25aalgovr,0,1,0,1,0,0,1,1,0,1,0
ZTF25aalhcpv,0,1,0,1,0,0,1,1,0,1,0
ZTF25aalhuxh,0,1,0,1,0,1,0,0,1,1,0
ZTF25aaliwnq,0,1,0,0,1,1,0,1,0,1,0
ZTF25aalklvx,0,0,1,1,0,1,0,1,0,1,0
ZTF25aalmtjc,1,0,0,0,0,0,0,0,0,0,0
ZTF25aalobbl,0,1,0,0,1,1,0,1,0,1,0
ZTF25aalofcc,0,1,0,1,0,1,0,1,0,0,1
ZTF25aaloguf,0,1,0,1,0,1,0,0,1,1,0
ZTF25aalpqkg,1,0,0,0,0,0,0,0,0,0,0
ZTF25aalpuoq,0,0,1,1,0,1,0,1,0,1,0
ZTF25aalrnsd,1,0,0,0,0,0,0,0,0,0,0
ZTF25aalrvdf,0,1,0,0,1,1,0,1,0,1,0
ZTF25aalsblg,0,1,0,1,0,1,0,1,0,0,1
ZTF25aaltcsm,1,0,0,0,0,0,0,0,0,0,0
ZTF25aaluadu,0,1,0,0,1,1,0,1,0,1,0
ZTF25aaluerd,0,1,0,1,0,0,1,1,0,1,0
ZTF25aaluwyd,0,1,0,1,0,1,0,0,1,1,0
ZTF25aaluxuf,0,1,0,1,0,1,0,1,0,0,1
ZTF25aaluzfa,0,1,0,1,0,0,1,1,0,1,0
ZTF25aalvnyi,1,0,0,0,0,0,0,0,0,0,0
ZTF25aalvofc,0,1,0,0,1,1,0,1,0,1,0
ZTF25aalvrak,1,0,0,0,0,0,0,0,0,0,0
ZTF25aalvrgi,0,1,0,1,0,0,1,1,0,1,0
ZTF25aalvvkc,0,1,0,1,0,1,0,0,1,1,0
ZTF25aalvvww,0,1,0,0,1,1,0,1,0,1,0
ZTF25aalvyha,0,1,0,1,0,0,1,1,0,1,0
ZTF25aalvyig,0,0,1,1,0,1,0,1,0,1,0
ZTF25aalvykx,0,0,1,1,0,1,0,1,0,1,0
ZTF25aalvyyu,0,1,0,1,0,0,1,1,0,1,0
ZTF25aalvzjj,0,0,1,1,0,1,0,1,0,1,0
ZTF25aalyfoi,0,1,0,1,0,0,1,1,0,1,0
ZTF25aalylco,0,1,0,1,0,0,1,1,0,1,0
ZTF25aalziig,0,1,0,1,0,1,0,1,0,0,1
ZTF25aalzmga,0,0,1,1,0,1,0,1,0,1,0
ZTF25aalzyxt,1,0,0,0,0,0,0,0,0,0,0
ZTF25aamaebs,0,1,0,0,1,1,0,1,0,1,0
ZTF25aamafep,0,1,0,0,1,1,0,1,0,1,0
ZTF25aamajdl,0,1,0,1,0,0,1,1,0,1,0
ZTF25aamajvi,0,1,0,0,1,1,0,1,0,1,0
ZTF25aambowy,0,1,0,1,0,1,0,1,0,0,1
ZTF25aamcfwx,0,1,0,1,0,1,0,0,1,1,0
ZTF25aamctks,0,1,0,1,0,0,1,1,0,1,0
ZTF25aameuts,0,1,0,0,1,1,0,1,0,1,0
ZTF25aamhmkn,0,1,0,1,0,1,0,0,1,1,0
ZTF25aamkkup,0,1,0,0,1,1,0,1,0,1,0
ZTF25aamkkvk,0,1,0,0,1,1,0,1,0,1,0
ZTF25aamkngs,0,1,0,0,1,1,0,1,0,1,0
ZTF25aamkpcb,0,1,0,1,0,1,0,0,1,1,0
ZTF25aamkvgu,0,1,0,1,0,1,0,0,1,1,0
ZTF25aamkvwe,0,1,0,1,0,1,0,1,0,0,1
ZTF25aamolfa,0,1,0,1,0,1,0,0,1,1,0
ZTF25aamopoo,0,1,0,0,1,1,0,1,0,1,0
ZTF25aamorbo,0,1,0,0,1,1,0,1,0,1,0
ZTF25aampqju,0,1,0,0,1,1,0,1,0,1,0
ZTF25aamqhpc,0,1,0,0,1,1,0,1,0,1,0
ZTF25aamrath,0,0,1,1,0,1,0,1,0,1,0
ZTF25aanbhlz,0,0,1,1,0,1,0,1,0,1,0
ZTF25aanbhvt,1,0,0,0,0,0,0,0,0,0,0
ZTF25aanbpte,0,1,0,0,1,1,0,1,0,1,0
ZTF25aanbvqv,1,0,0,0,0,0,0,0,0,0,0
ZTF25aancuae,0,1,0,1,0,0,1,1,0,1,0
ZTF25aanczgn,0,0,1,1,0,1,0,1,0,1,0
ZTF25aaneozj,0,1,0,1,0,1,0,1,0,0,1
ZTF25aanevul,0,1,0,1,0,1,0,1,0,0,1
ZTF25aanezar,0,1,0,1,0,1,0,0,1,1,0
ZTF25aanezcc,0,1,0,0,1,1,0,1,0,1,0
ZTF25aanezft,1,0,0,0,0,0,0,0,0,0,0
ZTF25aanfaos,1,0,0,0,0,0,0,0,0,0,0
ZTF25aanfaxg,0,1,0,1,0,1,0,1,0,0,1
ZTF25aanhiwe,0,0,1,1,0,1,0,1,0,1,0
ZTF25aanhnie,0,1,0,1,0,1,0,0,1,1,0
ZTF25aanhrgr,1,0,0,0,0,0,0,0,0,0,0
ZTF25aanhspj,0,1,0,0,1,1,0,1,0,1,0
ZTF25aanilvx,0,1,0,1,0,1,0,0,1,1,0
ZTF25aanimml,1,0,0,0,0,0,0,0,0,0,0
ZTF25aanioee,0,1,0,0,1,1,0,1,0,1,0
ZTF25aanioke,0,1,0,1,0,1,0,0,1,1,0
ZTF25aaniqfc,0,1,0,1,0,1,0,0,1,1,0
ZTF25aanjceq,0,1,0,0,1,1,0,1,0,1,0
ZTF25aanjtfo,0,1,0,1,0,1,0,1,0,0,1
ZTF25aankcxz,0,1,0,1,0,0,1,1,0,1,0
ZTF25aankiex,0,1,0,1,0,1,0,0,1,1,0
ZTF25aankigq,0,1,0,1,0,1,0,1,0,0,1
ZTF25aanknni,0,1,0,1,0,0,1,1,0,1,0
ZTF25aankplu,0,1,0,1,0,0,1,1,0,1,0
ZTF25aankptu,0,1,0,0,1,1,0,1,0,1,0
ZTF25aankpyy,0,0,1,1,0,1,0,1,0,1,0
ZTF25aankqcj,0,1,0,1,0,1,0,1,0,0,1
ZTF25aanksba,0,1,0,1,0,1,0,1,0,0,1
ZTF25aankwmr,1,0,0,0,0,0,0,0,0,0,0
ZTF25aankxwe,1,0,0,0,0,0,0,0,0,0,0
ZTF25aankymu,1,0,0,0,0,0,0,0,0,0,0
ZTF25aanlabd,1,0,0,0,0,0,0,0,0,0,0
ZTF25aanlaxv,0,1,0,0,1,1,0,1,0,1,0
ZTF25aanlbdn,0,0,1,1,0,1,0,1,0,1,0
ZTF25aanlbme,0,1,0,0,1,1,0,1,0,1,0
ZTF25aanlbth,0,0,1,1,0,1,0,1,0,1,0
ZTF25aanldlw,0,1,0,1,0,0,1,1,0,1,0
ZTF25aanlezr,0,1,0,1,0,1,0,0,1,1,0
ZTF25aanlfrx,1,0,0,0,0,0,0,0,0,0,0
ZTF25aanlnwh,0,1,0,1,0,1,0,0,1,1,0
ZTF25aanlzrr,1,0,0,0,0,0,0,0,0,0,0
ZTF25aanmeyn,0,1,0,0,1,1,0,1,0,1,0
ZTF25aanmfks,0,1,0,1,0,1,0,0,1,1,0
ZTF25aanmgbt,0,1,0,1,0,1,0,1,0,0,1
ZTF25aanmgsw,0,0,1,1,0,1,0,1,0,1,0
ZTF25aanmgza,0,1,0,0,1,1,0,1,0,1,0
ZTF25aanmgze,1,0,0,0,0,0,0,0,0,0,0
ZTF25aanmjpa,0,1,0,1,0,1,0,1,0,0,1
ZTF25aanmmkd,0,1,0,0,1,1,0,1,0,1,0
ZTF25aanmuev,0,1,0,1,0,0,1,1,0,1,0
ZTF25aanokha,0,1,0,1,0,1,0,1,0,0,1
ZTF25aanphnp,0,1,0,1,0,0,1,1,0,1,0
ZTF25aanptjd,0,1,0,1,0,0,1,1,0,1,0
ZTF25aanpudm,0,1,0,1,0,0,1,1,0,1,0
ZTF25aanpuox,1,0,0,0,0,0,0,0,0,0,0
ZTF25aanpuwo,0,0,1,1,0,1,0,1,0,1,0
ZTF25aanpvix,1,0,0,0,0,0,0,0,0,0,0
ZTF25aanpvkc,0,1,0,1,0,1,0,0,1,1,0
ZTF25aanpvmb,0,1,0,1,0,1,0,0,1,1,0
ZTF25aanpvtd,0,1,0,1,0,1,0,0,1,1,0
ZTF25aanpwbn,0,1,0,1,0,0,1,1,0,1,0
ZTF25aanpzac,1,0,0,0,0,0,0,0,0,0,0
ZTF25aanpzlx,0,1,0,1,0,0,1,1,0,1,0
ZTF25aanrnym,0,1,0,1,0,1,0,0,1,1,0
ZTF25aanrpwq,0,1,0,1,0,1,0,1,0,0,1
ZTF25aanrqbd,0,1,0,0,1,1,0,1,0,1,0
ZTF25aantcdw,0,1,0,0,1,1,0,1,0,1,0
ZTF25aantkgq,0,0,1,1,0,1,0,1,0,1,0
ZTF25aantrxh,0,1,0,1,0,1,0,1,0,0,1
ZTF25aantvvp,0,0,1,1,0,1,0,1,0,1,0
ZTF25aanxqxb,0,1,0,1,0,1,0,1,0,0,1
ZTF25aanxtwh,0,1,0,1,0,1,0,0,1,1,0
ZTF25aanxwya,1,0,0,0,0,0,0,0,0,0,0
ZTF25aanycrh,0,0,1,1,0,1,0,1,0,1,0
ZTF25aanyfsl,1,0,0,0,0,0,0,0,0,0,0
ZTF25aanygim,0,1,0,1,0,1,0,0,1,1,0
ZTF25aanzrfa,0,1,0,0,1,1,0,1,0,1,0
ZTF25aanztch,0,1,0,0,1,1,0,1,0,1,0
ZTF25aanzxmm,0,1,0,1,0,1,0,1,0,0,1
ZTF25aaoaciv,0,1,0,1,0,1,0,1,0,0,1
ZTF25aaoadvc,0,1,0,1,0,1,0,1,0,0,1
ZTF25aaoadvs,0,1,0,0,1,1,0,1,0,1,0
ZTF25aaochyk,0,1,0,0,1,1,0,1,0,1,0
ZTF25aaocijv,0,1,0,1,0,0,1,1,0,1,0
ZTF25aaoeipd,0,1,0,0,1,1,0,1,0,1,0
ZTF25aaofefb,0,1,0,1,0,1,0,1,0,0,1
ZTF25aaoffds,0,1,0,0,1,1,0,1,0,1,0
ZTF25aaofffn,1,0,0,0,0,0,0,0,0,0,0
ZTF25aaofmmt,0,1,0,1,0,0,1,1,0,1,0
ZTF25aaofndr,0,1,0,0,1,1,0,1,0,1,0
ZTF25aaogbon,1,0,0,0,0,0,0,0,0,0,0
ZTF25aaogxug,0,1,0,1,0,1,0,1,0,0,1
ZTF25aaohldg,1,0,0,0,0,0,0,0,0,0,0
ZTF25aaohmjd,0,1,0,1,0,1,0,1,0,0,1
ZTF25aaohnzw,1,0,0,0,0,0,0,0,0,0,0
ZTF25aaohqer,0,1,0,1,0,0,1,1,0,1,0
ZTF25aaompnj,1,0,0,0,0,0,0,0,0,0,0
ZTF25aaomqcf,0,1,0,1,0,0,1,1,0,1,0
ZTF25aaomqhs,0,1,0,1,0,1,0,0,1,1,0
ZTF25aaopnon,0,1,0,1,0,1,0,1,0,0,1
ZTF25aaopvlb,0,1,0,1,0,1,0,1,0,0,1
ZTF25aaoqlvv,0,0,1,1,0,1,0,1,0,1,0
ZTF25aaoqzlc,0,1,0,1,0,1,0,0,1,1,0
ZTF25aaorugv,0,0,1,1,0,1,0,1,0,1,0
ZTF25aaoruhl,0,0,1,1,0,1,0,1,0,1,0
ZTF25aaosopq,0,1,0,1,0,0,1,1,0,1,0
ZTF25aaospgg,0,0,1,1,0,1,0,1,0,1,0
ZTF25aaospja,1,0,0,0,0,0,0,0,0,0,0
ZTF25aaotbca,1,0,0,0,0,0,0,0,0,0,0
ZTF25aaotlsy,0,1,0,1,0,0,1,1,0,1,0
ZTF25aaotogs,0,1,0,1,0,0,1,1,0,1,0
ZTF25aaoufxb,0,1,0,1,0,1,0,1,0,0,1
ZTF25aaouhpg,0,1,0,1,0,1,0,0,1,1,0
ZTF25aaoujpz,0,0,1,1,0,1,0,1,0,1,0
ZTF25aaoulgp,0,0,1,1,0,1,0,1,0,1,0
ZTF25aaovnkp,0,0,1,1,0,1,0,1,0,1,0
ZTF25aaovrhz,0,1,0,1,0,1,0,0,1,1,0
ZTF25aaovunr,0,0,1,1,0,1,0,1,0,1,0
ZTF25aaowtpy,0,0,1,1,0,1,0,1,0,1,0
ZTF25aaoxcuh,0,1,0,1,0,1,0,1,0,0,1
ZTF25aaoxgxs,0,1,0,1,0,1,0,0,1,1,0
ZTF25aaoxsal,0,1,0,1,0,1,0,0,1,1,0
ZTF25aaoxywg,0,1,0,1,0,1,0,0,1,1,0
ZTF25aaozfig,0,1,0,1,0,0,1,1,0,1,0
ZTF25aaozfiw,0,1,0,1,0,0,1,1,0,1,0
ZTF25aaozfud,0,1,0,0,1,1,0,1,0,1,0
ZTF25aaozmsg,0,0,1,1,0,1,0,1,0,1,0
ZTF25aaozoff,0,1,0,0,1,1,0,1,0,1,0
ZTF25aaozpht,0,1,0,0,1,1,0,1,0,1,0
ZTF25aaozpza,0,0,1,1,0,1,0,1,0,1,0
ZTF25aaozqak,0,1,0,0,1,1,0,1,0,1,0
ZTF25aaozqdc,0,1,0,0,1,1,0,1,0,1,0
ZTF25aaozqjf,0,1,0,0,1,1,0,1,0,1,0
ZTF25aaozrjh,0,1,0,0,1,1,0,1,0,1,0
ZTF25aaozuxs,0,1,0,0,1,1,0,1,0,1,0
ZTF25aapapor,0,1,0,1,0,1,0,0,1,1,0
ZTF25aapbwxf,0,1,0,0,1,1,0,1,0,1,0
ZTF25aapbxbv,1,0,0,0,0,0,0,0,0,0,0
ZTF25aapchjn,1,0,0,0,0,0,0,0,0,0,0
ZTF25aapcieo,0,0,1,1,0,1,0,1,0,1,0
ZTF25aapcseu,0,0,1,1,0,1,0,1,0,1,0
ZTF25aapdkvl,1,0,0,0,0,0,0,0,0,0,0
ZTF25aapdruw,0,1,0,0,1,1,0,1,0,1,0
ZTF25aapdslo,0,1,0,1,0,1,0,0,1,1,0
ZTF25aapechl,1,0,0,0,0,0,0,0,0,0,0
ZTF25aapedge,0,1,0,1,0,1,0,1,0,0,1
ZTF25aapeeqv,0,1,0,1,0,1,0,0,1,1,0
ZTF25aapenhl,0,1,0,1,0,1,0,0,1,1,0
ZTF25aapeqkt,0,1,0,1,0,0,1,1,0,1,0
ZTF25aapeqtq,0,0,1,1,0,1,0,1,0,1,0
ZTF25aapertu,0,1,0,1,0,0,1,1,0,1,0
ZTF25aapgxef,0,1,0,0,1,1,0,1,0,1,0
ZTF25aapgxeh,1,0,0,0,0,0,0,0,0,0,0
ZTF25aaphhdb,0,1,0,1,0,0,1,1,0,1,0
ZTF25aaphvbe,0,1,0,0,1,1,0,1,0,1,0
ZTF25aapixcj,0,1,0,1,0,1,0,1,0,0,1
ZTF25aapjaxg,0,1,0,1,0,1,0,0,1,1,0
ZTF25aapjbbw,0,1,0,0,1,1,0,1,0,1,0
ZTF25aapjgid,0,1,0,0,1,1,0,1,0,1,0
ZTF25aapjjtj,0,1,0,1,0,0,1,1,0,1,0
ZTF25aapjpsr,1,0,0,0,0,0,0,0,0,0,0
ZTF25aapjuxd,0,1,0,0,1,1,0,1,0,1,0
ZTF25aapjytx,0,1,0,1,0,1,0,0,1,1,0
ZTF25aapjzgt,0,1,0,1,0,1,0,1,0,0,1
ZTF25aapjzzw,0,1,0,1,0,0,1,1,0,1,0
ZTF25aapkbhn,1,0,0,0,0,0,0,0,0,0,0
ZTF25aapluug,0,1,0,1,0,0,1,1,0,1,0
ZTF25aaplvcg,0,1,0,0,1,1,0,1,0,1,0
ZTF25aapmbjt,0,1,0,1,0,1,0,1,0,0,1
ZTF25aapmjtj,0,1,0,1,0,1,0,1,0,0,1
ZTF25aapmkkx,0,1,0,0,1,1,0,1,0,1,0
ZTF25aapmlby,0,1,0,1,0,1,0,0,1,1,0
ZTF25aapmpzf,0,1,0,1,0,1,0,0,1,1,0
ZTF25aapnxqp,0,1,0,1,0,1,0,1,0,0,1
ZTF25aapokbj,0,1,0,1,0,1,0,1,0,0,1
ZTF25aaponzx,1,0,0,0,0,0,0,0,0,0,0
ZTF25aapplcv,0,0,1,1,0,1,0,1,0,1,0
ZTF25aappmbn,0,1,0,1,0,1,0,1,0,0,1
ZTF25aaprfzh,0,1,0,1,0,1,0,0,1,1,0
ZTF25aaprggu,0,0,1,1,0,1,0,1,0,1,0
ZTF25aaprgib,0,1,0,1,0,1,0,0,1,1,0
ZTF25aapruyr,0,0,1,1,0,1,0,1,0,1,0
ZTF25aapselk,0,1,0,1,0,1,0,1,0,0,1
ZTF25aapsezj,0,1,0,1,0,1,0,1,0,0,1
ZTF25aapsgfg,0,1,0,1,0,1,0,0,1,1,0
ZTF25aapsipz,0,1,0,1,0,1,0,0,1,1,0
ZTF25aapsisw,0,1,0,0,1,1,0,1,0,1,0
ZTF25aapsivz,0,1,0,1,0,1,0,0,1,1,0
ZTF25aapsiwe,0,1,0,1,0,0,1,1,0,1,0
ZTF25aapuvhg,0,1,0,0,1,1,0,1,0,1,0
ZTF25aapvkmi,0,1,0,1,0,1,0,0,1,1,0
ZTF25aapwhsf,1,0,0,0,0,0,0,0,0,0,0
ZTF25aapwprt,0,1,0,1,0,0,1,1,0,1,0
ZTF25aapwrnh,1,0,0,0,0,0,0,0,0,0,0
ZTF25aapwsub,0,0,1,1,0,1,0,1,0,1,0
ZTF25aapxick,0,1,0,0,1,1,0,1,0,1,0
ZTF25aapxmna,1,0,0,0,0,0,0,0,0,0,0
ZTF25aapxmts,0,1,0,1,0,1,0,1,0,0,1
ZTF25aapxqjv,0,1,0,1,0,0,1,1,0,1,0
ZTF25aapzjkn,1,0,0,0,0,0,0,0,0,0,0
ZTF25aaqautg,0,1,0,0,1,1,0,1,0,1,0
ZTF25aaqbeyb,1,0,0,0,0,0,0,0,0,0,0
ZTF25aaqbgzq,1,0,0,0,0,0,0,0,0,0,0
ZTF25aaqekml,0,1,0,0,1,1,0,1,0,1,0
ZTF25aaqermo,0,0,1,1,0,1,0,1,0,1,0
ZTF25aaqfhvh,0,0,1,1,0,1,0,1,0,1,0
ZTF25aaqfvek,1,0,0,0,0,0,0,0,0,0,0
ZTF25aaqgorp,0,0,1,1,0,1,0,1,0,1,0
ZTF25aaqgpvn,0,1,0,1,0,0,1,1,0,1,0
ZTF25aaqiijt,0,1,0,1,0,0,1,1,0,1,0
ZTF25aaqioij,0,1,0,0,1,1,0,1,0,1,0
ZTF25aaqiqdo,0,0,1,1,0,1,0,1,0,1,0
ZTF25aaqjyzl,1,0,0,0,0,0,0,0,0,0,0
ZTF25aaqkbuo,0,1,0,1,0,1,0,0,1,1,0
ZTF25aaqkcug,0,1,0,1,0,1,0,0,1,1,0
ZTF25aaqkgkg,0,1,0,1,0,0,1,1,0,1,0
ZTF25aaqkksq,0,1,0,1,0,1,0,0,1,1,0
ZTF25aaqklxq,0,1,0,1,0,1,0,1,0,0,1
ZTF25aaqknkx,0,1,0,1,0,0,1,1,0,1,0
ZTF25aaqksja,0,0,1,1,0,1,0,1,0,1,0
ZTF25aaqmqqc,0,1,0,0,1,1,0,1,0,1,0
ZTF25aaqnoud,1,0,0,0,0,0,0,0,0,0,0
ZTF25aaqnpav,0,1,0,0,1,1,0,1,0,1,0
ZTF25aaqnuug,0,0,1,1,0,1,0,1,0,1,0
ZTF25aaqnzgq,0,1,0,1,0,1,0,0,1,1,0
ZTF25aaqomig,0,0,1,1,0,1,0,1,0,1,0
ZTF25aaqonvl,0,1,0,1,0,1,0,0,1,1,0
ZTF25aaqosfn,1,0,0,0,0,0,0,0,0,0,0
ZTF25aaqoukg,1,0,0,0,0,0,0,0,0,0,0
ZTF25aaqoxvs,0,0,1,1,0,1,0,1,0,1,0
ZTF25aaqoyay,0,1,0,1,0,1,0,0,1,1,0
ZTF25aaqoyhd,0,1,0,1,0,1,0,0,1,1,0
ZTF25aaqpled,0,0,1,1,0,1,0,1,0,1,0
ZTF25aaqptcc,0,1,0,1,0,1,0,1,0,0,1
ZTF25aaqpuru,0,0,1,1,0,1,0,1,0,1,0
ZTF25aaqpvev,0,1,0,1,0,1,0,0,1,1,0
ZTF25aaqpvps,0,1,0,1,0,0,1,1,0,1,0
ZTF25aaqqahc,0,1,0,1,0,1,0,1,0,0,1
ZTF25aaqqfkv,0,0,1,1,0,1,0,1,0,1,0
ZTF25aaqqjol,0,1,0,1,0,0,1,1,0,1,0
ZTF25aaqqjqu,1,0,0,0,0,0,0,0,0,0,0
ZTF25aaqqjud,0,1,0,1,0,1,0,1,0,0,1
ZTF25aaqqljn,0,0,1,1,0,1,0,1,0,1,0
ZTF25aaqqyso,0,1,0,0,1,1,0,1,0,1,0
ZTF25aaqrbpt,1,0,0,0,0,0,0,0,0,0,0
ZTF25aaqrcbp,0,1,0,1,0,1,0,1,0,0,1
ZTF25aaqrcpd,1,0,0,0,0,0,0,0,0,0,0
ZTF25aaqvowo,0,1,0,1,0,1,0,0,1,1,0
ZTF25aaqwbzf,0,1,0,0,1,1,0,1,0,1,0
ZTF25aaqwcho,0,1,0,1,0,1,0,1,0,0,1
ZTF25aaqwecw,0,1,0,1,0,1,0,0,1,1,0
ZTF25aaqweoi,0,0,1,1,0,1,0,1,0,1,0
ZTF25aaqwsmx,1,0,0,0,0,0,0,0,0,0,0
ZTF25aaqwxjv,0,1,0,1,0,1,0,1,0,0,1
ZTF25aaqxcmp,0,1,0,1,0,0,1,1,0,1,0
ZTF25aaqxece,1,0,0,0,0,0,0,0,0,0,0
ZTF25aaqxeqi,0,0,1,1,0,1,0,1,0,1,0
ZTF25aaqxqbj,1,0,0,0,0,0,0,0,0,0,0
ZTF25aaqxqmt,0,1,0,1,0,1,0,1,0,0,1
ZTF25aaqybmk,0,1,0,0,1,1,0,1,0,1,0
ZTF25aaqydax,1,0,0,0,0,0,0,0,0,0,0
ZTF25aaqylih,1,0,0,0,0,0,0,0,0,0,0
ZTF25aaqynqy,0,0,1,1,0,1,0,1,0,1,0
ZTF25aaqyrme,0,1,0,1,0,1,0,1,0,0,1
ZTF25aaqyssy,0,1,0,1,0,1,0,1,0,0,1
ZTF25aaqytct,1,0,0,0,0,0,0,0,0,0,0
ZTF25aaqyzou,0,1,0,1,0,1,0,0,1,1,0
ZTF25aaqzcex,0,1,0,0,1,1,0,1,0,1,0
ZTF25aaqzdag,0,1,0,0,1,1,0,1,0,1,0
ZTF25aaqzfyu,0,1,0,1,0,0,1,1,0,1,0
ZTF25aaqzgqa,0,1,0,1,0,0,1,1,0,1,0
ZTF25aaqzipx,0,1,0,1,0,1,0,0,1,1,0
ZTF25aaqzjms,0,1,0,0,1,1,0,1,0,1,0
ZTF25aaqzkqm,0,1,0,1,0,0,1,1,0,1,0
ZTF25aaqzlhw,0,1,0,0,1,1,0,1,0,1,0
ZTF25aaqzsza,0,1,0,1,0,1,0,1,0,0,1
ZTF25aaqzvxo,0,1,0,1,0,0,1,1,0,1,0
ZTF25aaqzzyn,0,1,0,1,0,1,0,0,1,1,0
ZTF25aarahxh,0,0,1,1,0,1,0,1,0,1,0
ZTF25aaramyc,0,0,1,1,0,1,0,1,0,1,0
ZTF25aaranlp,0,1,0,0,1,1,0,1,0,1,0
ZTF25aarannr,1,0,0,0,0,0,0,0,0,0,0
ZTF25aaranuo,1,0,0,0,0,0,0,0,0,0,0
ZTF25aaraocz,0,0,1,1,0,1,0,1,0,1,0
ZTF25aaraooj,1,0,0,0,0,0,0,0,0,0,0
ZTF25aaraqze,1,0,0,0,0,0,0,0,0,0,0
ZTF25aaravwx,0,1,0,1,0,1,0,0,1,1,0
ZTF25aarbwlz,1,0,0,0,0,0,0,0,0,0,0
ZTF25aardbvh,0,0,1,1,0,1,0,1,0,1,0
ZTF25aardywl,1,0,0,0,0,0,0,0,0,0,0
ZTF25aardyyw,0,1,0,1,0,1,0,1,0,0,1
ZTF25aarelra,0,1,0,0,1,1,0,1,0,1,0
ZTF25aareoti,0,1,0,0,1,1,0,1,0,1,0
ZTF25aarevdf,0,1,0,1,0,0,1,1,0,1,0
ZTF25aargngr,0,1,0,1,0,1,0,1,0,0,1
ZTF25aargonq,0,1,0,1,0,1,0,0,1,1,0
ZTF25aargqeu,0,1,0,1,0,0,1,1,0,1,0
ZTF25aargqmw,0,1,0,0,1,1,0,1,0,1,0
ZTF25aarhgtc,0,0,1,1,0,1,0,1,0,1,0
ZTF25aariqew,0,1,0,1,0,1,0,1,0,0,1
ZTF25aariqit,0,0,1,1,0,1,0,1,0,1,0
ZTF25aarjmvl,0,1,0,1,0,0,1,1,0,1,0
ZTF25aarjnxa,1,0,0,0,0,0,0,0,0,0,0
ZTF25aarkian,1,0,0,0,0,0,0,0,0,0,0
ZTF25aarkjkp,0,1,0,1,0,0,1,1,0,1,0
ZTF25aarkkbf,0,1,0,1,0,1,0,0,1,1,0
ZTF25aarkkre,0,1,0,1,0,1,0,0,1,1,0
ZTF25aarkwvs,0,1,0,0,1,1,0,1,0,1,0
ZTF25aarkygj,0,1,0,0,1,1,0,1,0,1,0
ZTF25aarkzpo,0,1,0,1,0,1,0,1,0,0,1
ZTF25aarlcqy,1,0,0,0,0,0,0,0,0,0,0
ZTF25aarlghk,0,0,1,1,0,1,0,1,0,1,0
ZTF25aarljlq,0,1,0,1,0,0,1,1,0,1,0
ZTF25aarlrmi,1,0,0,0,0,0,0,0,0,0,0
ZTF25aarlxfq,0,1,0,1,0,1,0,1,0,0,1
ZTF25aarlxni,0,1,0,1,0,1,0,0,1,1,0
ZTF25aarmill,0,1,0,1,0,0,1,1,0,1,0
ZTF25aarmjkf,0,1,0,1,0,1,0,0,1,1,0
ZTF25aarmmko,1,0,0,0,0,0,0,0,0,0,0
ZTF25aarmybh,0,1,0,1,0,0,1,1,0,1,0
ZTF25aarneur,0,1,0,0,1,1,0,1,0,1,0
ZTF25aarnlah,0,1,0,1,0,1,0,0,1,1,0
ZTF25aarnynr,0,1,0,1,0,1,0,1,0,0,1
ZTF25aarnyuv,0,1,0,1,0,0,1,1,0,1,0
ZTF25aaroddt,0,1,0,0,1,1,0,1,0,1,0
ZTF25aarodyp,0,1,0,0,1,1,0,1,0,1,0
ZTF25aarohtc,1,0,0,0,0,0,0,0,0,0,0
ZTF25aarowfu,1,0,0,0,0,0,0,0,0,0,0
ZTF25aarqnhu,0,1,0,0,1,1,0,1,0,1,0
ZTF25aarqqtx,0,1,0,1,0,1,0,1,0,0,1
ZTF25aarrclr,0,1,0,1,0,0,1,1,0,1,0
ZTF25aarrdjx,0,1,0,1,0,1,0,1,0,0,1
ZTF25aarrdzg,0,1,0,0,1,1,0,1,0,1,0
ZTF25aarrimh,0,0,1,1,0,1,0,1,0,1,0
ZTF25aarroab,0,1,0,1,0,1,0,1,0,0,1
ZTF25aarsdqs,1,0,0,0,0,0,0,0,0,0,0
ZTF25aarudkx,1,0,0,0,0,0,0,0,0,0,0
ZTF25aaruqqa,0,1,0,1,0,1,0,1,0,0,1
ZTF25aarurkk,0,1,0,1,0,1,0,1,0,0,1
ZTF25aaruuln,0,1,0,1,0,1,0,1,0,0,1
ZTF25aarvedt,1,0,0,0,0,0,0,0,0,0,0
ZTF25aarvhih,0,1,0,1,0,1,0,1,0,0,1
ZTF25aarvnfb,0,0,1,1,0,1,0,1,0,1,0
ZTF25aarvnia,0,1,0,1,0,1,0,0,1,1,0
ZTF25aarvreh,0,1,0,1,0,1,0,1,0,0,1
ZTF25aarvtwz,0,1,0,1,0,1,0,1,0,0,1
ZTF25aarvvax,0,0,1,1,0,1,0,1,0,1,0
ZTF25aarvvgy,0,1,0,1,0,1,0,1,0,0,1
ZTF25aarvvhb,0,1,0,1,0,1,0,1,0,0,1
ZTF25aarwebm,0,1,0,1,0,1,0,0,1,1,0
ZTF25aarwgnm,1,0,0,0,0,0,0,0,0,0,0
ZTF25aarwgzg,1,0,0,0,0,0,0,0,0,0,0
ZTF25aarwknk,0,1,0,1,0,1,0,0,1,1,0
ZTF25aarwlrd,0,0,1,1,0,1,0,1,0,1,0
ZTF25aarwzkl,0,1,0,1,0,1,0,1,0,0,1
ZTF25aarwznw,0,1,0,1,0,1,0,1,0,0,1
ZTF25aarxavs,0,1,0,1,0,1,0,0,1,1,0
ZTF25aarxfad,0,1,0,1,0,1,0,0,1,1,0
ZTF25aarxkhn,0,1,0,1,0,0,1,1,0,1,0
ZTF25aarxlgs,0,1,0,1,0,1,0,1,0,0,1
ZTF25aarxova,0,1,0,1,0,0,1,1,0,1,0
ZTF25aarydqs,0,1,0,0,1,1,0,1,0,1,0
ZTF25aaryvkj,0,1,0,1,0,1,0,1,0,0,1
ZTF25aaryxkd,1,0,0,0,0,0,0,0,0,0,0
ZTF25aaryzrz,0,1,0,0,1,1,0,1,0,1,0
ZTF25aarzjam,0,1,0,1,0,1,0,1,0,0,1
ZTF25aarzwsp,0,1,0,1,0,1,0,1,0,0,1
ZTF25aarzwwd,0,1,0,0,1,1,0,1,0,1,0
ZTF25aarzxsa,0,1,0,1,0,1,0,1,0,0,1
ZTF25aarzyoj,0,1,0,0,1,1,0,1,0,1,0
ZTF25aasbfeb,1,0,0,0,0,0,0,0,0,0,0
ZTF25aasbffv,0,1,0,0,1,1,0,1,0,1,0
ZTF25aasbgcc,0,1,0,1,0,0,1,1,0,1,0
ZTF25aasbkbx,0,1,0,1,0,1,0,1,0,0,1
ZTF25aasbxbq,0,0,1,1,0,1,0,1,0,1,0
ZTF25aasckww,0,1,0,1,0,0,1,1,0,1,0
ZTF25aasirya,0,1,0,1,0,1,0,1,0,0,1
ZTF25aasiszn,1,0,0,0,0,0,0,0,0,0,0
ZTF25aasjeza,0,1,0,0,1,1,0,1,0,1,0
ZTF25aaskxiq,0,1,0,1,0,1,0,1,0,0,1
ZTF25aaslgmm,1,0,0,0,0,0,0,0,0,0,0
ZTF25aaslqzs,0,1,0,1,0,1,0,1,0,0,1
ZTF25aasnpnk,1,0,0,0,0,0,0,0,0,0,0
ZTF25aasoaqc,0,1,0,0,1,1,0,1,0,1,0
ZTF25aaspaue,0,1,0,1,0,1,0,1,0,0,1
ZTF25aaspgnz,0,1,0,1,0,0,1,1,0,1,0
ZTF25aastjbb,0,1,0,1,0,0,1,1,0,1,0
ZTF25aastkua,0,1,0,1,0,1,0,1,0,0,1
ZTF25aastmct,1,0,0,0,0,0,0,0,0,0,0
ZTF25aaswhpl,1,0,0,0,0,0,0,0,0,0,0
ZTF25aaswike,0,1,0,1,0,1,0,1,0,0,1
ZTF25aaswlbz,0,0,1,1,0,1,0,1,0,1,0
ZTF25aasxmsu,1,0,0,0,0,0,0,0,0,0,0
ZTF25aasxoyv,0,1,0,1,0,1,0,0,1,1,0
ZTF25aasxqim,0,1,0,1,0,1,0,1,0,0,1
ZTF25aasxqqh,0,1,0,1,0,1,0,1,0,0,1
ZTF25aasxqrn,0,1,0,0,1,1,0,1,0,1,0
ZTF25aasyixx,0,1,0,1,0,1,0,1,0,0,1
ZTF25aasyjln,0,1,0,1,0,1,0,1,0,0,1
ZTF25aasyoqt,0,1,0,1,0,0,1,1,0,1,0
ZTF25aaszzhj,1,0,0,0,0,0,0,0,0,0,0
ZTF25aataabq,1,0,0,0,0,0,0,0,0,0,0
ZTF25aatawks,0,0,1,1,0,1,0,1,0,1,0
ZTF25aatayhb,1,0,0,0,0,0,0,0,0,0,0
ZTF25aatayjj,1,0,0,0,0,0,0,0,0,0,0
ZTF25aatdmgd,0,0,1,1,0,1,0,1,0,1,0
ZTF25aatdpcr,0,1,0,1,0,0,1,1,0,1,0
ZTF25aatdvzt,0,1,0,1,0,1,0,1,0,0,1
ZTF25aatdyle,1,0,0,0,0,0,0,0,0,0,0
ZTF25aatgswc,1,0,0,0,0,0,0,0,0,0,0
ZTF25aatmife,0,0,1,1,0,1,0,1,0,1,0
ZTF25aatnbdo,0,1,0,0,1,1,0,1,0,1,0
ZTF25aatnxnh,0,1,0,1,0,1,0,0,1,1,0
ZTF25aatoubh,1,0,0,0,0,0,0,0,0,0,0
ZTF25aatpkdu,0,1,0,1,0,1,0,1,0,0,1
ZTF25aatpuis,0,1,0,0,1,1,0,1,0,1,0
ZTF25aatqacd,0,0,1,1,0,1,0,1,0,1,0
ZTF25aatrwfx,0,1,0,1,0,1,0,0,1,1,0
ZTF25aatrzyq,0,0,1,1,0,1,0,1,0,1,0
ZTF25aatupjy,0,1,0,0,1,1,0,1,0,1,0
ZTF25aatwrfh,0,1,0,0,1,1,0,1,0,1,0
ZTF25aatxmyo,0,1,0,0,1,1,0,1,0,1,0
ZTF25aatxngw,0,1,0,1,0,1,0,0,1,1,0
ZTF25aatxnkq,0,1,0,1,0,0,1,1,0,1,0
ZTF25aatxsfd,1,0,0,0,0,0,0,0,0,0,0
ZTF25aatxtaz,0,0,1,1,0,1,0,1,0,1,0
ZTF25aatzdod,0,1,0,1,0,1,0,1,0,0,1
ZTF25aatzejc,0,0,1,1,0,1,0,1,0,1,0
ZTF25aatznti,0,1,0,1,0,1,0,0,1,1,0
ZTF25aatzqar,0,0,1,1,0,1,0,1,0,1,0
ZTF25aauaafb,0,1,0,1,0,1,0,1,0,0,1
ZTF25aauacdq,0,0,1,1,0,1,0,1,0,1,0
ZTF25aauajbd,0,1,0,1,0,0,1,1,0,1,0
ZTF25aauamxj,0,1,0,1,0,1,0,1,0,0,1
ZTF25aauasux,0,1,0,1,0,1,0,0,1,1,0
ZTF25aaubkkm,0,1,0,1,0,1,0,1,0,0,1
ZTF25aaublde,0,1,0,0,1,1,0,1,0,1,0
ZTF25aaueewp,0,0,1,1,0,1,0,1,0,1,0
ZTF25aaueqow,0,0,1,1,0,1,0,1,0,1,0
ZTF25aauesqv,0,0,1,1,0,1,0,1,0,1,0
ZTF25aauevvd,0,0,1,1,0,1,0,1,0,1,0
ZTF25aaufeme,0,1,0,1,0,1,0,0,1,1,0
ZTF25aaufogi,0,1,0,1,0,1,0,0,1,1,0
ZTF25aaufoxd,0,1,0,1,0,0,1,1,0,1,0
ZTF25aaufoxf,0,1,0,1,0,0,1,1,0,1,0
ZTF25aaufqml,0,1,0,1,0,1,0,1,0,0,1
ZTF25aaufqsp,0,0,1,1,0,1,0,1,0,1,0
ZTF25aaufsdk,1,0,0,0,0,0,0,0,0,0,0
ZTF25aauhbec,0,1,0,1,0,1,0,0,1,1,0
ZTF25aaumybv,0,1,0,1,0,0,1,1,0,1,0
ZTF25aauqacl,0,1,0,1,0,1,0,1,0,0,1
ZTF25aauqafp,0,1,0,1,0,1,0,0,1,1,0
ZTF25aaurbqp,1,0,0,0,0,0,0,0,0,0,0
ZTF25aaurzyo,0,1,0,0,1,1,0,1,0,1,0
ZTF25aauselm,0,0,1,1,0,1,0,1,0,1,0
ZTF25aausgcv,0,1,0,1,0,1,0,0,1,1,0
ZTF25aauummv,1,0,0,0,0,0,0,0,0,0,0
ZTF25aauumqy,0,1,0,0,1,1,0,1,0,1,0
ZTF25aauunrr,0,1,0,1,0,1,0,0,1,1,0
ZTF25aauuxhk,0,0,1,1,0,1,0,1,0,1,0
ZTF25aauuzgo,0,0,1,1,0,1,0,1,0,1,0
ZTF25aauvbdc,0,1,0,1,0,1,0,1,0,0,1
ZTF25aauverq,0,1,0,1,0,1,0,1,0,0,1
ZTF25aauveuo,1,0,0,0,0,0,0,0,0,0,0
ZTF25aauvezr,0,1,0,1,0,1,0,1,0,0,1
ZTF25aauvinr,1,0,0,0,0,0,0,0,0,0,0
ZTF25aauvkzt,0,1,0,1,0,1,0,0,1,1,0
ZTF25aauvmym,1,0,0,0,0,0,0,0,0,0,0
ZTF25aauyaeh,0,0,1,1,0,1,0,1,0,1,0
ZTF25aauzrmg,0,1,0,1,0,0,1,1,0,1,0
ZTF25aauzryv,0,1,0,1,0,1,0,1,0,0,1
ZTF25aauztdt,0,0,1,1,0,1,0,1,0,1,0
ZTF25aauztzd,0,1,0,0,1,1,0,1,0,1,0
ZTF25aauzuws,0,1,0,1,0,1,0,1,0,0,1
ZTF25aavaasg,1,0,0,0,0,0,0,0,0,0,0
ZTF25aavcbqe,0,1,0,1,0,0,1,1,0,1,0
ZTF25aavcwnn,0,1,0,1,0,1,0,0,1,1,0
ZTF25aavddzo,0,1,0,1,0,1,0,0,1,1,0
ZTF25aaveoiu,0,1,0,1,0,1,0,1,0,0,1
ZTF25aavgeyh,0,1,0,1,0,0,1,1,0,1,0
ZTF25aavgfxa,0,1,0,1,0,0,1,1,0,1,0
ZTF25aavggmg,0,1,0,1,0,0,1,1,0,1,0
ZTF25aavggnk,0,1,0,1,0,0,1,1,0,1,0
ZTF25aavggqd,0,1,0,0,1,1,0,1,0,1,0
ZTF25aavgqho,1,0,0,0,0,0,0,0,0,0,0
ZTF25aavgqip,0,0,1,1,0,1,0,1,0,1,0
ZTF25aavgqqe,1,0,0,0,0,0,0,0,0,0,0
ZTF25aavgrko,0,1,0,1,0,1,0,1,0,0,1
ZTF25aavguaf,1,0,0,0,0,0,0,0,0,0,0
ZTF25aavguxu,0,1,0,0,1,1,0,1,0,1,0
ZTF25aavgvfb,0,1,0,1,0,1,0,1,0,0,1
ZTF25aavgvjq,0,1,0,0,1,1,0,1,0,1,0
ZTF25aavgvmc,0,1,0,1,0,0,1,1,0,1,0
ZTF25aavgvqe,0,1,0,1,0,1,0,0,1,1,0
ZTF25aavhgwe,0,1,0,1,0,0,1,1,0,1,0
ZTF25aavhhed,1,0,0,0,0,0,0,0,0,0,0
ZTF25aavhhvf,0,1,0,0,1,1,0,1,0,1,0
ZTF25aavhiis,1,0,0,0,0,0,0,0,0,0,0
ZTF25aavhowp,1,0,0,0,0,0,0,0,0,0,0
ZTF25aavhptj,0,1,0,1,0,0,1,1,0,1,0
ZTF25aavhshf,1,0,0,0,0,0,0,0,0,0,0
ZTF25aaviwcx,0,1,0,1,0,1,0,1,0,0,1
ZTF25aavjauj,0,1,0,1,0,1,0,1,0,0,1
ZTF25aavkrce,0,1,0,1,0,1,0,1,0,0,1
ZTF25aavkupx,0,1,0,1,0,0,1,1,0,1,0
ZTF25aavkxcp,0,0,1,1,0,1,0,1,0,1,0
ZTF25aavkyko,0,1,0,1,0,1,0,1,0,0,1
ZTF25aavnbyj,0,1,0,0,1,1,0,1,0,1,0
ZTF25aavneuv,0,1,0,1,0,1,0,1,0,0,1
ZTF25aavpcxa,0,1,0,1,0,1,0,0,1,1,0
ZTF25aavpgln,0,0,1,1,0,1,0,1,0,1,0
ZTF25aavprby,0,1,0,1,0,0,1,1,0,1,0
ZTF25aavprjw,0,1,0,1,0,1,0,1,0,0,1
